Card_ID,Account_ID,Card_Type,Issue_Date,Activation_Date,Card_Status,Card_Network,Expiry_Date,Replacement_Count,Block_Reason
CD000001,A0006282,Debit,2024-08-12 00:00:00,2024-08-16 00:00:00,Active,Mastercard,2029-08-12 00:00:00,0,
CD000002,A0005897,Debit,2026-06-05 00:00:00,2026-06-07 00:00:00,Active,Visa,2031-06-05 00:00:00,1,
CD000003,A0001818,Credit,2023-08-22 00:00:00,2023-08-27 00:00:00,Active,RuPay,2028-08-22 00:00:00,0,
CD000004,A0000968,Debit,2025-10-18 00:00:00,2025-10-22 00:00:00,Active,RuPay,2030-10-18 00:00:00,0,
CD000005,A0003592,Debit,2025-05-16 00:00:00,2025-05-21 00:00:00,Active,Mastercard,2030-05-16 00:00:00,0,
CD000006,A0002805,Debit,2022-06-08 00:00:00,2022-06-08 00:00:00,Active,RuPay,2027-06-08 00:00:00,0,
CD000007,A0005591,Debit,2024-06-02 00:00:00,2024-06-03 00:00:00,Active,RuPay,2029-06-02 00:00:00,1,
CD000008,A0001975,Credit,2023-08-10 00:00:00,2023-08-17 00:00:00,Active,RuPay,2028-08-10 00:00:00,1,
CD000009,A0002633,Credit,2022-08-14 00:00:00,2022-08-16 00:00:00,Active,Mastercard,2027-08-14 00:00:00,0,
CD000010,A0005408,Debit,2024-09-28 00:00:00,2024-10-05 00:00:00,Active,Mastercard,2029-09-28 00:00:00,0,
CD000011,A0003747,Debit,2025-03-30 00:00:00,2025-03-30 00:00:00,Blocked,RuPay,2030-03-30 00:00:00,0,Suspected Fraud
CD000012,A0002191,Debit,2024-01-15 00:00:00,2024-01-22 00:00:00,Active,Visa,2029-01-15 00:00:00,1,
CD000013,A0005203,Credit,2023-03-17 00:00:00,2023-03-24 00:00:00,Active,RuPay,2028-03-17 00:00:00,0,
CD000014,A0003346,Debit,2022-08-04 00:00:00,2022-08-05 00:00:00,Active,Mastercard,2027-08-04 00:00:00,2,
CD000015,A0006229,Credit,2025-02-22 00:00:00,2025-02-28 00:00:00,Active,RuPay,2030-02-22 00:00:00,0,
CD000016,A0000390,Debit,2023-07-12 00:00:00,2023-07-17 00:00:00,Active,Visa,2028-07-12 00:00:00,0,
CD000017,A0001750,Credit,2023-12-19 00:00:00,2023-12-22 00:00:00,Active,RuPay,2028-12-19 00:00:00,0,
CD000018,A0000520,Debit,2025-06-04 00:00:00,2025-06-05 00:00:00,Active,Visa,2030-06-04 00:00:00,0,
CD000019,A0006291,Credit,2024-06-25 00:00:00,2024-06-28 00:00:00,Expired,RuPay,2029-06-25 00:00:00,0,
CD000020,A0005497,Debit,2026-02-19 00:00:00,2026-02-26 00:00:00,Active,Mastercard,2031-02-19 00:00:00,0,
CD000021,A0000490,Debit,2025-04-24 00:00:00,2025-04-29 00:00:00,Active,Visa,2030-04-24 00:00:00,0,
CD000022,A0003254,Debit,2022-05-30 00:00:00,2022-06-01 00:00:00,Active,Visa,2027-05-30 00:00:00,0,
CD000023,A0002722,Debit,2024-11-22 00:00:00,2024-11-23 00:00:00,Active,RuPay,2029-11-22 00:00:00,1,
CD000024,A0002203,Credit,2023-07-27 00:00:00,2023-08-03 00:00:00,Active,Visa,2028-07-27 00:00:00,0,
CD000025,A0001579,Debit,2023-05-04 00:00:00,2023-05-10 00:00:00,Active,RuPay,2028-05-04 00:00:00,0,
CD000026,A0004408,Debit,2023-02-26 00:00:00,2023-02-28 00:00:00,Blocked,RuPay,2028-02-26 00:00:00,0,Suspected Fraud
CD000027,A0004560,Debit,2024-03-17 00:00:00,2024-03-22 00:00:00,Inactive,Mastercard,2029-03-17 00:00:00,0,
CD000028,A0003351,Debit,2022-01-19 00:00:00,2022-01-23 00:00:00,Active,Visa,2027-01-19 00:00:00,0,
CD000029,A0006248,Debit,2022-02-06 00:00:00,2022-02-06 00:00:00,Active,Visa,2027-02-06 00:00:00,0,
CD000030,A0003033,Debit,2024-08-22 00:00:00,2024-08-27 00:00:00,Active,Mastercard,2029-08-22 00:00:00,1,
CD000031,A0001558,Debit,2023-06-26 00:00:00,2023-06-30 00:00:00,Inactive,RuPay,2028-06-26 00:00:00,0,
CD000032,A0004826,Debit,2026-01-28 00:00:00,2026-01-29 00:00:00,Blocked,RuPay,2031-01-28 00:00:00,0,Lost
CD000033,A0004150,Debit,2023-12-19 00:00:00,2023-12-23 00:00:00,Active,Visa,2028-12-19 00:00:00,1,
CD000034,A0005766,Debit,2024-09-15 00:00:00,2024-09-21 00:00:00,Active,Mastercard,2029-09-15 00:00:00,0,
CD000035,A0004861,Debit,2022-11-10 00:00:00,2022-11-11 00:00:00,Expired,Mastercard,2027-11-10 00:00:00,0,
CD000036,A0002690,Debit,2023-02-25 00:00:00,2023-03-03 00:00:00,Active,RuPay,2028-02-25 00:00:00,0,
CD000037,A0005458,Debit,2025-11-08 00:00:00,2025-11-09 00:00:00,Expired,Mastercard,2030-11-08 00:00:00,1,
CD000038,A0001322,Debit,2024-05-17 00:00:00,2024-05-23 00:00:00,Active,RuPay,2029-05-17 00:00:00,0,
CD000039,A0001115,Debit,2025-01-22 00:00:00,2025-01-22 00:00:00,Active,Mastercard,2030-01-22 00:00:00,1,
CD000040,A0002724,Debit,2022-01-27 00:00:00,2022-01-27 00:00:00,Active,RuPay,2027-01-27 00:00:00,0,
CD000041,A0000919,Debit,2022-05-01 00:00:00,2022-05-04 00:00:00,Active,RuPay,2027-05-01 00:00:00,0,
CD000042,A0003168,Credit,2025-12-07 00:00:00,2025-12-12 00:00:00,Expired,RuPay,2030-12-07 00:00:00,0,
CD000043,A0003946,Debit,2024-07-20 00:00:00,2024-07-26 00:00:00,Inactive,Visa,2029-07-20 00:00:00,0,
CD000044,A0005531,Debit,2025-01-07 00:00:00,2025-01-08 00:00:00,Active,Visa,2030-01-07 00:00:00,0,
CD000045,A0005776,Debit,2026-03-06 00:00:00,2026-03-06 00:00:00,Expired,Visa,2031-03-06 00:00:00,0,
CD000046,A0003956,Debit,2022-11-23 00:00:00,2022-11-23 00:00:00,Expired,Visa,2027-11-23 00:00:00,1,
CD000047,A0002748,Debit,2025-03-23 00:00:00,2025-03-30 00:00:00,Active,Visa,2030-03-23 00:00:00,0,
CD000048,A0003236,Debit,2023-06-16 00:00:00,2023-06-16 00:00:00,Active,Visa,2028-06-16 00:00:00,0,
CD000049,A0005201,Credit,2024-10-05 00:00:00,2024-10-08 00:00:00,Active,Visa,2029-10-05 00:00:00,0,
CD000050,A0001668,Debit,2025-05-08 00:00:00,2025-05-14 00:00:00,Active,Visa,2030-05-08 00:00:00,0,
CD000051,A0003129,Debit,2025-12-09 00:00:00,2025-12-15 00:00:00,Active,Visa,2030-12-09 00:00:00,0,
CD000052,A0001231,Debit,2025-09-20 00:00:00,2025-09-26 00:00:00,Active,RuPay,2030-09-20 00:00:00,0,
CD000053,A0000543,Debit,2023-07-25 00:00:00,2023-07-30 00:00:00,Active,RuPay,2028-07-25 00:00:00,0,
CD000054,A0002298,Debit,2022-10-01 00:00:00,2022-10-01 00:00:00,Active,RuPay,2027-10-01 00:00:00,1,
CD000055,A0000387,Debit,2024-03-01 00:00:00,2024-03-08 00:00:00,Active,Visa,2029-03-01 00:00:00,1,
CD000056,A0001470,Debit,2022-03-14 00:00:00,2022-03-15 00:00:00,Active,Mastercard,2027-03-14 00:00:00,1,
CD000057,A0005774,Credit,2024-03-03 00:00:00,2024-03-09 00:00:00,Active,Visa,2029-03-03 00:00:00,0,
CD000058,A0005449,Debit,2023-03-22 00:00:00,2023-03-26 00:00:00,Inactive,RuPay,2028-03-22 00:00:00,0,
CD000059,A0000534,Debit,2025-07-18 00:00:00,2025-07-20 00:00:00,Active,Mastercard,2030-07-18 00:00:00,0,
CD000060,A0005847,Debit,2022-01-07 00:00:00,2022-01-13 00:00:00,Active,Mastercard,2027-01-07 00:00:00,0,
CD000061,A0005586,Debit,2024-05-01 00:00:00,2024-05-06 00:00:00,Active,Visa,2029-05-01 00:00:00,1,
CD000062,A0005337,Debit,2026-02-09 00:00:00,2026-02-11 00:00:00,Blocked,RuPay,2031-02-09 00:00:00,0,Suspected Fraud
CD000063,A0000879,Credit,2025-01-16 00:00:00,2025-01-19 00:00:00,Active,RuPay,2030-01-16 00:00:00,1,
CD000064,A0003868,Debit,2023-09-01 00:00:00,2023-09-01 00:00:00,Active,RuPay,2028-09-01 00:00:00,1,
CD000065,A0004643,Debit,2023-02-06 00:00:00,2023-02-09 00:00:00,Active,Mastercard,2028-02-06 00:00:00,1,
CD000066,A0003282,Debit,2025-08-09 00:00:00,2025-08-11 00:00:00,Blocked,RuPay,2030-08-09 00:00:00,1,Stolen
CD000067,A0000001,Credit,2023-03-16 00:00:00,2023-03-18 00:00:00,Active,Visa,2028-03-16 00:00:00,0,
CD000068,A0005403,Credit,2024-12-09 00:00:00,2024-12-11 00:00:00,Active,Mastercard,2029-12-09 00:00:00,0,
CD000069,A0005764,Credit,2024-09-09 00:00:00,2024-09-12 00:00:00,Active,Visa,2029-09-09 00:00:00,0,
CD000070,A0002152,Debit,2024-07-26 00:00:00,2024-08-02 00:00:00,Expired,Visa,2029-07-26 00:00:00,0,
CD000071,A0003769,Debit,2024-07-22 00:00:00,2024-07-29 00:00:00,Active,Mastercard,2029-07-22 00:00:00,0,
CD000072,A0003120,Debit,2023-01-03 00:00:00,2023-01-04 00:00:00,Active,Visa,2028-01-03 00:00:00,1,
CD000073,A0005640,Debit,2023-06-18 00:00:00,2023-06-24 00:00:00,Active,Visa,2028-06-18 00:00:00,0,
CD000074,A0000524,Debit,2023-01-22 00:00:00,2023-01-27 00:00:00,Active,RuPay,2028-01-22 00:00:00,0,
CD000075,A0006264,Debit,2025-06-26 00:00:00,2025-06-30 00:00:00,Blocked,Mastercard,2030-06-26 00:00:00,0,Lost
CD000076,A0002939,Debit,2024-04-30 00:00:00,2024-05-06 00:00:00,Active,Mastercard,2029-04-30 00:00:00,1,
CD000077,A0003379,Credit,2024-03-27 00:00:00,2024-03-31 00:00:00,Active,Visa,2029-03-27 00:00:00,0,
CD000078,A0001282,Debit,2025-06-12 00:00:00,2025-06-12 00:00:00,Active,Visa,2030-06-12 00:00:00,0,
CD000079,A0004931,Debit,2023-12-06 00:00:00,2023-12-09 00:00:00,Active,RuPay,2028-12-06 00:00:00,0,
CD000080,A0004901,Debit,2024-06-01 00:00:00,2024-06-03 00:00:00,Active,RuPay,2029-06-01 00:00:00,0,
CD000081,A0001135,Debit,2025-09-24 00:00:00,2025-09-29 00:00:00,Blocked,Visa,2030-09-24 00:00:00,0,Lost
CD000082,A0003425,Debit,2023-12-12 00:00:00,2023-12-14 00:00:00,Active,Mastercard,2028-12-12 00:00:00,0,
CD000083,A0002625,Credit,2022-06-04 00:00:00,2022-06-11 00:00:00,Inactive,RuPay,2027-06-04 00:00:00,1,
CD000084,A0003634,Debit,2022-02-01 00:00:00,2022-02-06 00:00:00,Inactive,Visa,2027-02-01 00:00:00,0,
CD000085,A0001291,Debit,2024-01-20 00:00:00,2024-01-25 00:00:00,Inactive,Visa,2029-01-20 00:00:00,2,
CD000086,A0004513,Debit,2024-03-21 00:00:00,2024-03-27 00:00:00,Active,Visa,2029-03-21 00:00:00,0,
CD000087,A0001640,Debit,2022-06-14 00:00:00,2022-06-14 00:00:00,Active,Mastercard,2027-06-14 00:00:00,2,
CD000088,A0006339,Debit,2022-12-15 00:00:00,2022-12-18 00:00:00,Active,Visa,2027-12-15 00:00:00,0,
CD000089,A0005552,Debit,2026-05-09 00:00:00,2026-05-16 00:00:00,Inactive,Mastercard,2031-05-09 00:00:00,0,
CD000090,A0003925,Debit,2024-03-27 00:00:00,2024-03-29 00:00:00,Blocked,Visa,2029-03-27 00:00:00,0,Customer Request
CD000091,A0006000,Debit,2025-07-07 00:00:00,2025-07-13 00:00:00,Active,RuPay,2030-07-07 00:00:00,1,
CD000092,A0001771,Debit,2023-02-26 00:00:00,2023-03-02 00:00:00,Active,Mastercard,2028-02-26 00:00:00,0,
CD000093,A0002470,Debit,2022-12-15 00:00:00,2022-12-16 00:00:00,Active,Visa,2027-12-15 00:00:00,0,
CD000094,A0001926,Credit,2023-07-28 00:00:00,2023-08-01 00:00:00,Active,Mastercard,2028-07-28 00:00:00,0,
CD000095,A0006185,Credit,2024-08-01 00:00:00,2024-08-07 00:00:00,Active,RuPay,2029-08-01 00:00:00,0,
CD000096,A0001700,Debit,2023-12-06 00:00:00,2023-12-12 00:00:00,Blocked,Visa,2028-12-06 00:00:00,0,Customer Request
CD000097,A0002700,Debit,2024-04-01 00:00:00,2024-04-08 00:00:00,Active,Visa,2029-04-01 00:00:00,0,
CD000098,A0003785,Debit,2025-09-16 00:00:00,2025-09-19 00:00:00,Active,Visa,2030-09-16 00:00:00,1,
CD000099,A0002774,Debit,2023-09-21 00:00:00,2023-09-23 00:00:00,Active,Mastercard,2028-09-21 00:00:00,1,
CD000100,A0003630,Debit,2023-11-12 00:00:00,2023-11-18 00:00:00,Blocked,Mastercard,2028-11-12 00:00:00,1,Suspected Fraud
CD000101,A0006376,Debit,2025-06-09 00:00:00,2025-06-15 00:00:00,Active,Mastercard,2030-06-09 00:00:00,0,
CD000102,A0005069,Credit,2025-01-15 00:00:00,2025-01-20 00:00:00,Active,RuPay,2030-01-15 00:00:00,0,
CD000103,A0005962,Debit,2025-01-04 00:00:00,2025-01-05 00:00:00,Active,RuPay,2030-01-04 00:00:00,0,
CD000104,A0003090,Debit,2023-09-26 00:00:00,2023-10-02 00:00:00,Active,Visa,2028-09-26 00:00:00,0,
CD000105,A0002244,Credit,2024-10-27 00:00:00,2024-11-03 00:00:00,Active,RuPay,2029-10-27 00:00:00,0,
CD000106,A0006394,Debit,2025-06-02 00:00:00,2025-06-05 00:00:00,Expired,Visa,2030-06-02 00:00:00,0,
CD000107,A0003433,Credit,2022-02-22 00:00:00,2022-02-22 00:00:00,Blocked,RuPay,2027-02-22 00:00:00,0,Suspected Fraud
CD000108,A0005266,Debit,2023-05-12 00:00:00,2023-05-19 00:00:00,Inactive,RuPay,2028-05-12 00:00:00,0,
CD000109,A0003970,Debit,2025-12-29 00:00:00,2025-12-31 00:00:00,Inactive,Mastercard,2030-12-29 00:00:00,0,
CD000110,A0003898,Debit,2026-05-23 00:00:00,2026-05-25 00:00:00,Expired,Mastercard,2031-05-23 00:00:00,1,
CD000111,A0005691,Credit,2026-05-05 00:00:00,2026-05-05 00:00:00,Active,Visa,2031-05-05 00:00:00,1,
CD000112,A0005386,Debit,2026-03-21 00:00:00,2026-03-26 00:00:00,Active,Mastercard,2031-03-21 00:00:00,0,
CD000113,A0000503,Debit,2022-09-19 00:00:00,2022-09-24 00:00:00,Active,Visa,2027-09-19 00:00:00,0,
CD000114,A0005033,Debit,2025-03-06 00:00:00,2025-03-08 00:00:00,Blocked,Mastercard,2030-03-06 00:00:00,0,Customer Request
CD000115,A0005339,Debit,2023-06-08 00:00:00,2023-06-08 00:00:00,Active,RuPay,2028-06-08 00:00:00,0,
CD000116,A0002416,Debit,2024-01-25 00:00:00,2024-01-27 00:00:00,Active,Visa,2029-01-25 00:00:00,0,
CD000117,A0002957,Debit,2022-11-19 00:00:00,2022-11-21 00:00:00,Active,Mastercard,2027-11-19 00:00:00,0,
CD000118,A0003085,Credit,2022-06-17 00:00:00,2022-06-22 00:00:00,Blocked,Visa,2027-06-17 00:00:00,0,Lost
CD000119,A0002994,Debit,2023-10-10 00:00:00,2023-10-17 00:00:00,Active,Mastercard,2028-10-10 00:00:00,1,
CD000120,A0000366,Debit,2023-01-21 00:00:00,2023-01-23 00:00:00,Active,Visa,2028-01-21 00:00:00,0,
CD000121,A0005932,Debit,2025-09-12 00:00:00,2025-09-17 00:00:00,Active,RuPay,2030-09-12 00:00:00,2,
CD000122,A0004288,Credit,2022-04-03 00:00:00,2022-04-07 00:00:00,Inactive,Mastercard,2027-04-03 00:00:00,3,
CD000123,A0001266,Debit,2025-06-14 00:00:00,2025-06-14 00:00:00,Inactive,Visa,2030-06-14 00:00:00,0,
CD000124,A0004279,Debit,2023-09-12 00:00:00,2023-09-12 00:00:00,Active,Mastercard,2028-09-12 00:00:00,0,
CD000125,A0000006,Debit,2024-12-20 00:00:00,2024-12-20 00:00:00,Active,Visa,2029-12-20 00:00:00,1,
CD000126,A0004960,Credit,2023-04-06 00:00:00,2023-04-06 00:00:00,Active,Mastercard,2028-04-06 00:00:00,0,
CD000127,A0005990,Debit,2025-01-20 00:00:00,2025-01-24 00:00:00,Active,Mastercard,2030-01-20 00:00:00,0,
CD000128,A0003619,Debit,2022-11-29 00:00:00,2022-12-02 00:00:00,Active,RuPay,2027-11-29 00:00:00,0,
CD000129,A0002796,Debit,2024-10-15 00:00:00,2024-10-20 00:00:00,Active,Visa,2029-10-15 00:00:00,1,
CD000130,A0006108,Credit,2024-02-15 00:00:00,2024-02-20 00:00:00,Blocked,Visa,2029-02-15 00:00:00,0,Lost
CD000131,A0003251,Debit,2022-03-10 00:00:00,2022-03-10 00:00:00,Active,RuPay,2027-03-10 00:00:00,0,
CD000132,A0001614,Debit,2025-02-10 00:00:00,2025-02-15 00:00:00,Active,Mastercard,2030-02-10 00:00:00,1,
CD000133,A0001463,Credit,2022-09-10 00:00:00,2022-09-15 00:00:00,Active,RuPay,2027-09-10 00:00:00,0,
CD000134,A0002433,Debit,2023-10-21 00:00:00,2023-10-24 00:00:00,Active,Mastercard,2028-10-21 00:00:00,0,
CD000135,A0005631,Debit,2024-06-22 00:00:00,2024-06-25 00:00:00,Active,RuPay,2029-06-22 00:00:00,0,
CD000136,A0004242,Debit,2023-04-25 00:00:00,2023-04-29 00:00:00,Active,RuPay,2028-04-25 00:00:00,0,
CD000137,A0005625,Debit,2024-04-20 00:00:00,2024-04-20 00:00:00,Blocked,RuPay,2029-04-20 00:00:00,1,Customer Request
CD000138,A0000773,Debit,2024-04-16 00:00:00,2024-04-21 00:00:00,Active,Mastercard,2029-04-16 00:00:00,0,
CD000139,A0000436,Debit,2024-11-04 00:00:00,2024-11-10 00:00:00,Active,Visa,2029-11-04 00:00:00,0,
CD000140,A0006005,Debit,2023-10-07 00:00:00,2023-10-10 00:00:00,Inactive,Mastercard,2028-10-07 00:00:00,0,
CD000141,A0003272,Debit,2025-07-22 00:00:00,2025-07-22 00:00:00,Active,Visa,2030-07-22 00:00:00,2,
CD000142,A0002589,Debit,2024-05-02 00:00:00,2024-05-05 00:00:00,Active,Mastercard,2029-05-02 00:00:00,0,
CD000143,A0002867,Debit,2023-04-07 00:00:00,2023-04-07 00:00:00,Active,Visa,2028-04-07 00:00:00,0,
CD000144,A0006233,Debit,2026-01-21 00:00:00,2026-01-24 00:00:00,Active,Visa,2031-01-21 00:00:00,1,
CD000145,A0001537,Debit,2026-06-16 00:00:00,2026-06-16 00:00:00,Active,RuPay,2031-06-16 00:00:00,0,
CD000146,A0002267,Debit,2022-01-24 00:00:00,2022-01-24 00:00:00,Active,RuPay,2027-01-24 00:00:00,0,
CD000147,A0002065,Debit,2022-03-30 00:00:00,2022-04-01 00:00:00,Active,Mastercard,2027-03-30 00:00:00,0,
CD000148,A0002974,Debit,2023-04-03 00:00:00,2023-04-04 00:00:00,Active,Visa,2028-04-03 00:00:00,0,
CD000149,A0006028,Credit,2025-06-12 00:00:00,2025-06-12 00:00:00,Active,Visa,2030-06-12 00:00:00,0,
CD000150,A0006191,Debit,2024-10-10 00:00:00,2024-10-14 00:00:00,Inactive,Visa,2029-10-10 00:00:00,0,
CD000151,A0002827,Debit,2022-02-28 00:00:00,2022-03-05 00:00:00,Inactive,Visa,2027-02-28 00:00:00,1,
CD000152,A0000040,Debit,2023-04-25 00:00:00,2023-05-01 00:00:00,Blocked,Mastercard,2028-04-25 00:00:00,1,Suspected Fraud
CD000153,A0005733,Debit,2025-04-07 00:00:00,2025-04-11 00:00:00,Active,Mastercard,2030-04-07 00:00:00,1,
CD000154,A0006340,Credit,2026-06-30 00:00:00,2026-06-30 00:00:00,Expired,Visa,2031-06-30 00:00:00,0,
CD000155,A0004899,Debit,2022-12-02 00:00:00,2022-12-03 00:00:00,Active,Mastercard,2027-12-02 00:00:00,0,
CD000156,A0003463,Debit,2023-09-23 00:00:00,2023-09-27 00:00:00,Expired,Mastercard,2028-09-23 00:00:00,0,
CD000157,A0001285,Debit,2022-02-16 00:00:00,2022-02-23 00:00:00,Active,Visa,2027-02-16 00:00:00,0,
CD000158,A0001922,Debit,2023-12-05 00:00:00,2023-12-09 00:00:00,Active,Mastercard,2028-12-05 00:00:00,0,
CD000159,A0005373,Debit,2023-07-06 00:00:00,2023-07-13 00:00:00,Active,RuPay,2028-07-06 00:00:00,2,
CD000160,A0005364,Debit,2023-10-01 00:00:00,2023-10-06 00:00:00,Active,Mastercard,2028-10-01 00:00:00,0,
CD000161,A0003096,Debit,2026-01-05 00:00:00,2026-01-05 00:00:00,Active,Visa,2031-01-05 00:00:00,0,
CD000162,A0004013,Debit,2022-02-22 00:00:00,2022-03-01 00:00:00,Inactive,Mastercard,2027-02-22 00:00:00,0,
CD000163,A0003843,Debit,2023-03-03 00:00:00,2023-03-04 00:00:00,Active,RuPay,2028-03-03 00:00:00,0,
CD000164,A0001790,Debit,2025-04-09 00:00:00,2025-04-09 00:00:00,Active,Visa,2030-04-09 00:00:00,0,
CD000165,A0003221,Credit,2025-11-02 00:00:00,2025-11-06 00:00:00,Active,Mastercard,2030-11-02 00:00:00,1,
CD000166,A0005168,Credit,2024-03-28 00:00:00,2024-03-31 00:00:00,Active,Visa,2029-03-28 00:00:00,0,
CD000167,A0000174,Debit,2022-09-16 00:00:00,2022-09-17 00:00:00,Active,Mastercard,2027-09-16 00:00:00,0,
CD000168,A0002581,Debit,2025-08-10 00:00:00,2025-08-12 00:00:00,Inactive,RuPay,2030-08-10 00:00:00,0,
CD000169,A0000844,Debit,2026-01-25 00:00:00,2026-01-27 00:00:00,Active,Mastercard,2031-01-25 00:00:00,2,
CD000170,A0005676,Debit,2025-03-11 00:00:00,2025-03-14 00:00:00,Active,Visa,2030-03-11 00:00:00,0,
CD000171,A0005396,Debit,2024-11-06 00:00:00,2024-11-12 00:00:00,Active,RuPay,2029-11-06 00:00:00,0,
CD000172,A0000796,Debit,2022-03-15 00:00:00,2022-03-22 00:00:00,Expired,Visa,2027-03-15 00:00:00,0,
CD000173,A0001106,Credit,2024-05-08 00:00:00,2024-05-15 00:00:00,Expired,RuPay,2029-05-08 00:00:00,0,
CD000174,A0005688,Debit,2025-01-01 00:00:00,2025-01-08 00:00:00,Blocked,Visa,2030-01-01 00:00:00,0,Lost
CD000175,A0003378,Debit,2023-02-22 00:00:00,2023-02-22 00:00:00,Expired,Visa,2028-02-22 00:00:00,3,
CD000176,A0003968,Debit,2025-10-16 00:00:00,2025-10-17 00:00:00,Active,RuPay,2030-10-16 00:00:00,0,
CD000177,A0000714,Debit,2025-03-06 00:00:00,2025-03-08 00:00:00,Active,RuPay,2030-03-06 00:00:00,1,
CD000178,A0002129,Debit,2026-04-04 00:00:00,2026-04-09 00:00:00,Active,Visa,2031-04-04 00:00:00,0,
CD000179,A0000916,Debit,2023-03-14 00:00:00,2023-03-18 00:00:00,Active,Visa,2028-03-14 00:00:00,0,
CD000180,A0006368,Debit,2022-05-24 00:00:00,2022-05-26 00:00:00,Expired,Visa,2027-05-24 00:00:00,0,
CD000181,A0000100,Debit,2022-02-01 00:00:00,2022-02-01 00:00:00,Blocked,Visa,2027-02-01 00:00:00,1,Lost
CD000182,A0004237,Debit,2024-11-02 00:00:00,2024-11-02 00:00:00,Active,Visa,2029-11-02 00:00:00,0,
CD000183,A0001128,Debit,2025-10-01 00:00:00,2025-10-08 00:00:00,Active,RuPay,2030-10-01 00:00:00,0,
CD000184,A0004768,Credit,2026-01-09 00:00:00,2026-01-15 00:00:00,Active,RuPay,2031-01-09 00:00:00,0,
CD000185,A0004439,Debit,2023-12-16 00:00:00,2023-12-23 00:00:00,Active,Mastercard,2028-12-16 00:00:00,0,
CD000186,A0002450,Debit,2022-06-04 00:00:00,2022-06-04 00:00:00,Active,Visa,2027-06-04 00:00:00,0,
CD000187,A0005882,Debit,2024-06-14 00:00:00,2024-06-18 00:00:00,Active,Mastercard,2029-06-14 00:00:00,0,
CD000188,A0003235,Debit,2024-09-12 00:00:00,2024-09-19 00:00:00,Blocked,Visa,2029-09-12 00:00:00,0,Customer Request
CD000189,A0000039,Debit,2023-07-29 00:00:00,2023-08-01 00:00:00,Active,Visa,2028-07-29 00:00:00,1,
CD000190,A0002036,Credit,2025-02-20 00:00:00,2025-02-24 00:00:00,Active,Visa,2030-02-20 00:00:00,0,
CD000191,A0003337,Debit,2024-03-21 00:00:00,2024-03-21 00:00:00,Active,Mastercard,2029-03-21 00:00:00,0,
CD000192,A0002580,Debit,2025-07-07 00:00:00,2025-07-12 00:00:00,Active,Mastercard,2030-07-07 00:00:00,0,
CD000193,A0002527,Debit,2026-05-21 00:00:00,2026-05-28 00:00:00,Active,RuPay,2031-05-21 00:00:00,0,
CD000194,A0003949,Debit,2025-02-20 00:00:00,2025-02-26 00:00:00,Active,Mastercard,2030-02-20 00:00:00,0,
CD000195,A0006033,Credit,2023-05-13 00:00:00,2023-05-14 00:00:00,Blocked,Visa,2028-05-13 00:00:00,0,Stolen
CD000196,A0004983,Debit,2023-01-30 00:00:00,2023-01-31 00:00:00,Inactive,Visa,2028-01-30 00:00:00,0,
CD000197,A0000566,Debit,2022-11-16 00:00:00,2022-11-22 00:00:00,Active,RuPay,2027-11-16 00:00:00,0,
CD000198,A0005212,Debit,2023-06-08 00:00:00,2023-06-15 00:00:00,Active,Mastercard,2028-06-08 00:00:00,0,
CD000199,A0000841,Debit,2022-03-31 00:00:00,2022-04-03 00:00:00,Active,Mastercard,2027-03-31 00:00:00,0,
CD000200,A0002253,Debit,2025-09-21 00:00:00,2025-09-28 00:00:00,Active,Mastercard,2030-09-21 00:00:00,0,
CD000201,A0001637,Credit,2025-09-19 00:00:00,2025-09-20 00:00:00,Active,Visa,2030-09-19 00:00:00,0,
CD000202,A0000824,Credit,2023-08-12 00:00:00,2023-08-14 00:00:00,Expired,Visa,2028-08-12 00:00:00,0,
CD000203,A0004721,Debit,2024-11-06 00:00:00,2024-11-10 00:00:00,Active,RuPay,2029-11-06 00:00:00,0,
CD000204,A0003118,Debit,2024-10-21 00:00:00,2024-10-23 00:00:00,Active,Visa,2029-10-21 00:00:00,0,
CD000205,A0000435,Debit,2022-10-14 00:00:00,2022-10-15 00:00:00,Active,RuPay,2027-10-14 00:00:00,0,
CD000206,A0004228,Debit,2022-07-28 00:00:00,2022-08-01 00:00:00,Active,Mastercard,2027-07-28 00:00:00,1,
CD000207,A0004416,Debit,2025-12-03 00:00:00,2025-12-05 00:00:00,Inactive,Visa,2030-12-03 00:00:00,0,
CD000208,A0005716,Debit,2023-11-19 00:00:00,2023-11-24 00:00:00,Active,Mastercard,2028-11-19 00:00:00,0,
CD000209,A0001880,Debit,2022-08-18 00:00:00,2022-08-24 00:00:00,Active,RuPay,2027-08-18 00:00:00,0,
CD000210,A0001822,Debit,2023-01-28 00:00:00,2023-01-28 00:00:00,Active,Visa,2028-01-28 00:00:00,0,
CD000211,A0000780,Debit,2025-12-12 00:00:00,2025-12-19 00:00:00,Active,Visa,2030-12-12 00:00:00,0,
CD000212,A0006261,Debit,2024-12-31 00:00:00,2025-01-06 00:00:00,Active,Mastercard,2029-12-31 00:00:00,0,
CD000213,A0002410,Debit,2025-03-24 00:00:00,2025-03-31 00:00:00,Active,RuPay,2030-03-24 00:00:00,0,
CD000214,A0004321,Debit,2024-11-17 00:00:00,2024-11-24 00:00:00,Blocked,Mastercard,2029-11-17 00:00:00,1,Stolen
CD000215,A0004974,Credit,2024-12-03 00:00:00,2024-12-05 00:00:00,Active,Visa,2029-12-03 00:00:00,0,
CD000216,A0004486,Debit,2026-05-16 00:00:00,2026-05-16 00:00:00,Active,Visa,2031-05-16 00:00:00,1,
CD000217,A0005702,Debit,2026-01-31 00:00:00,2026-01-31 00:00:00,Active,Visa,2031-01-31 00:00:00,0,
CD000218,A0006260,Debit,2022-09-06 00:00:00,2022-09-10 00:00:00,Active,RuPay,2027-09-06 00:00:00,0,
CD000219,A0002960,Debit,2023-12-27 00:00:00,2023-12-27 00:00:00,Active,RuPay,2028-12-27 00:00:00,0,
CD000220,A0000471,Debit,2026-03-17 00:00:00,2026-03-23 00:00:00,Active,Mastercard,2031-03-17 00:00:00,0,
CD000221,A0005090,Debit,2024-12-04 00:00:00,2024-12-11 00:00:00,Active,Visa,2029-12-04 00:00:00,0,
CD000222,A0003958,Debit,2022-05-01 00:00:00,2022-05-08 00:00:00,Active,Mastercard,2027-05-01 00:00:00,0,
CD000223,A0001150,Debit,2023-05-19 00:00:00,2023-05-23 00:00:00,Active,RuPay,2028-05-19 00:00:00,0,
CD000224,A0005933,Debit,2025-04-22 00:00:00,2025-04-23 00:00:00,Active,Mastercard,2030-04-22 00:00:00,0,
CD000225,A0003057,Debit,2024-10-26 00:00:00,2024-10-29 00:00:00,Blocked,Visa,2029-10-26 00:00:00,1,Stolen
CD000226,A0000511,Debit,2023-04-30 00:00:00,2023-05-01 00:00:00,Active,RuPay,2028-04-30 00:00:00,0,
CD000227,A0001743,Credit,2024-01-14 00:00:00,2024-01-16 00:00:00,Active,RuPay,2029-01-14 00:00:00,0,
CD000228,A0003620,Debit,2025-12-28 00:00:00,2025-12-31 00:00:00,Inactive,RuPay,2030-12-28 00:00:00,1,
CD000229,A0005297,Debit,2022-10-01 00:00:00,2022-10-01 00:00:00,Active,RuPay,2027-10-01 00:00:00,0,
CD000230,A0006380,Debit,2026-03-14 00:00:00,2026-03-16 00:00:00,Inactive,Mastercard,2031-03-14 00:00:00,0,
CD000231,A0001431,Debit,2025-07-10 00:00:00,2025-07-12 00:00:00,Active,RuPay,2030-07-10 00:00:00,1,
CD000232,A0004875,Debit,2022-05-01 00:00:00,2022-05-05 00:00:00,Active,RuPay,2027-05-01 00:00:00,0,
CD000233,A0005190,Credit,2025-06-16 00:00:00,2025-06-16 00:00:00,Active,Mastercard,2030-06-16 00:00:00,0,
CD000234,A0003792,Credit,2022-09-21 00:00:00,2022-09-23 00:00:00,Active,Visa,2027-09-21 00:00:00,0,
CD000235,A0000866,Debit,2022-09-21 00:00:00,2022-09-25 00:00:00,Blocked,RuPay,2027-09-21 00:00:00,0,Lost
CD000236,A0003675,Debit,2026-03-23 00:00:00,2026-03-29 00:00:00,Active,Mastercard,2031-03-23 00:00:00,0,
CD000237,A0002362,Debit,2022-09-22 00:00:00,2022-09-28 00:00:00,Active,Visa,2027-09-22 00:00:00,0,
CD000238,A0002275,Debit,2025-07-08 00:00:00,2025-07-15 00:00:00,Active,Mastercard,2030-07-08 00:00:00,0,
CD000239,A0004948,Debit,2024-03-10 00:00:00,2024-03-15 00:00:00,Active,Visa,2029-03-10 00:00:00,0,
CD000240,A0005180,Debit,2022-10-17 00:00:00,2022-10-19 00:00:00,Active,Visa,2027-10-17 00:00:00,0,
CD000241,A0004129,Debit,2026-01-14 00:00:00,2026-01-21 00:00:00,Active,RuPay,2031-01-14 00:00:00,0,
CD000242,A0002555,Debit,2023-02-28 00:00:00,2023-03-04 00:00:00,Active,Visa,2028-02-28 00:00:00,0,
CD000243,A0000631,Debit,2023-07-23 00:00:00,2023-07-26 00:00:00,Active,Visa,2028-07-23 00:00:00,0,
CD000244,A0000029,Debit,2022-07-16 00:00:00,2022-07-17 00:00:00,Active,Visa,2027-07-16 00:00:00,0,
CD000245,A0001304,Credit,2024-08-27 00:00:00,2024-08-28 00:00:00,Active,Mastercard,2029-08-27 00:00:00,0,
CD000246,A0002716,Debit,2022-04-10 00:00:00,2022-04-16 00:00:00,Active,Visa,2027-04-10 00:00:00,0,
CD000247,A0002537,Credit,2022-08-07 00:00:00,2022-08-11 00:00:00,Expired,RuPay,2027-08-07 00:00:00,0,
CD000248,A0003456,Debit,2026-01-09 00:00:00,2026-01-09 00:00:00,Active,Visa,2031-01-09 00:00:00,0,
CD000249,A0005785,Debit,2023-12-05 00:00:00,2023-12-10 00:00:00,Active,Visa,2028-12-05 00:00:00,0,
CD000250,A0004275,Credit,2024-08-13 00:00:00,2024-08-17 00:00:00,Active,Visa,2029-08-13 00:00:00,0,
CD000251,A0005660,Debit,2022-04-07 00:00:00,2022-04-10 00:00:00,Inactive,Visa,2027-04-07 00:00:00,0,
CD000252,A0003003,Debit,2024-04-12 00:00:00,2024-04-12 00:00:00,Active,Visa,2029-04-12 00:00:00,0,
CD000253,A0002408,Debit,2022-03-23 00:00:00,2022-03-26 00:00:00,Active,Visa,2027-03-23 00:00:00,0,
CD000254,A0000393,Debit,2023-09-26 00:00:00,2023-10-01 00:00:00,Active,Visa,2028-09-26 00:00:00,1,
CD000255,A0000052,Debit,2023-07-19 00:00:00,2023-07-25 00:00:00,Active,RuPay,2028-07-19 00:00:00,0,
CD000256,A0001454,Debit,2024-12-21 00:00:00,2024-12-26 00:00:00,Active,Visa,2029-12-21 00:00:00,0,
CD000257,A0001860,Debit,2022-02-23 00:00:00,2022-02-26 00:00:00,Active,RuPay,2027-02-23 00:00:00,1,
CD000258,A0005788,Debit,2025-03-15 00:00:00,2025-03-22 00:00:00,Active,Visa,2030-03-15 00:00:00,0,
CD000259,A0002675,Debit,2024-06-25 00:00:00,2024-07-02 00:00:00,Active,Mastercard,2029-06-25 00:00:00,0,
CD000260,A0005700,Debit,2024-02-19 00:00:00,2024-02-25 00:00:00,Active,RuPay,2029-02-19 00:00:00,1,
CD000261,A0004790,Debit,2025-04-07 00:00:00,2025-04-12 00:00:00,Active,Mastercard,2030-04-07 00:00:00,0,
CD000262,A0003532,Debit,2024-04-04 00:00:00,2024-04-10 00:00:00,Active,Mastercard,2029-04-04 00:00:00,0,
CD000263,A0002284,Debit,2024-05-11 00:00:00,2024-05-13 00:00:00,Active,Visa,2029-05-11 00:00:00,1,
CD000264,A0000014,Credit,2025-02-15 00:00:00,2025-02-22 00:00:00,Active,RuPay,2030-02-15 00:00:00,1,
CD000265,A0002237,Debit,2025-01-12 00:00:00,2025-01-16 00:00:00,Active,Visa,2030-01-12 00:00:00,0,
CD000266,A0006023,Debit,2025-06-26 00:00:00,2025-06-30 00:00:00,Active,RuPay,2030-06-26 00:00:00,0,
CD000267,A0000925,Credit,2022-10-03 00:00:00,2022-10-10 00:00:00,Active,Mastercard,2027-10-03 00:00:00,0,
CD000268,A0001176,Debit,2025-06-05 00:00:00,2025-06-12 00:00:00,Active,Mastercard,2030-06-05 00:00:00,0,
CD000269,A0000073,Debit,2024-07-31 00:00:00,2024-08-05 00:00:00,Active,Visa,2029-07-31 00:00:00,2,
CD000270,A0000010,Debit,2024-12-02 00:00:00,2024-12-05 00:00:00,Active,Visa,2029-12-02 00:00:00,1,
CD000271,A0000252,Debit,2023-11-07 00:00:00,2023-11-07 00:00:00,Active,Mastercard,2028-11-07 00:00:00,0,
CD000272,A0003572,Debit,2023-02-07 00:00:00,2023-02-14 00:00:00,Active,Mastercard,2028-02-07 00:00:00,0,
CD000273,A0002240,Debit,2023-11-26 00:00:00,2023-11-30 00:00:00,Active,RuPay,2028-11-26 00:00:00,0,
CD000274,A0000038,Debit,2022-05-11 00:00:00,2022-05-11 00:00:00,Active,Mastercard,2027-05-11 00:00:00,0,
CD000275,A0005177,Debit,2025-05-09 00:00:00,2025-05-16 00:00:00,Inactive,Visa,2030-05-09 00:00:00,0,
CD000276,A0003873,Debit,2022-04-12 00:00:00,2022-04-19 00:00:00,Active,Visa,2027-04-12 00:00:00,1,
CD000277,A0001381,Credit,2024-12-04 00:00:00,2024-12-07 00:00:00,Inactive,Visa,2029-12-04 00:00:00,1,
CD000278,A0002626,Credit,2024-05-07 00:00:00,2024-05-08 00:00:00,Active,Mastercard,2029-05-07 00:00:00,0,
CD000279,A0006388,Credit,2024-10-30 00:00:00,2024-11-05 00:00:00,Active,Visa,2029-10-30 00:00:00,0,
CD000280,A0004806,Credit,2026-06-09 00:00:00,2026-06-09 00:00:00,Blocked,Mastercard,2031-06-09 00:00:00,0,Stolen
CD000281,A0005891,Debit,2024-04-18 00:00:00,2024-04-24 00:00:00,Active,RuPay,2029-04-18 00:00:00,0,
CD000282,A0000942,Credit,2023-04-25 00:00:00,2023-04-27 00:00:00,Active,Visa,2028-04-25 00:00:00,0,
CD000283,A0005349,Debit,2022-09-22 00:00:00,2022-09-24 00:00:00,Active,RuPay,2027-09-22 00:00:00,1,
CD000284,A0004884,Debit,2024-10-01 00:00:00,2024-10-05 00:00:00,Blocked,Visa,2029-10-01 00:00:00,0,Lost
CD000285,A0002227,Debit,2022-05-29 00:00:00,2022-06-02 00:00:00,Active,RuPay,2027-05-29 00:00:00,0,
CD000286,A0004956,Credit,2026-01-30 00:00:00,2026-01-31 00:00:00,Active,Mastercard,2031-01-30 00:00:00,0,
CD000287,A0005023,Debit,2025-08-05 00:00:00,2025-08-12 00:00:00,Blocked,RuPay,2030-08-05 00:00:00,0,Lost
CD000288,A0001460,Debit,2023-04-17 00:00:00,2023-04-17 00:00:00,Active,Visa,2028-04-17 00:00:00,1,
CD000289,A0003305,Debit,2025-04-20 00:00:00,2025-04-25 00:00:00,Blocked,Mastercard,2030-04-20 00:00:00,2,Lost
CD000290,A0001239,Debit,2023-11-13 00:00:00,2023-11-17 00:00:00,Active,Mastercard,2028-11-13 00:00:00,1,
CD000291,A0003876,Debit,2024-09-05 00:00:00,2024-09-11 00:00:00,Active,Mastercard,2029-09-05 00:00:00,0,
CD000292,A0004690,Debit,2023-12-08 00:00:00,2023-12-08 00:00:00,Inactive,Mastercard,2028-12-08 00:00:00,0,
CD000293,A0004966,Debit,2023-11-22 00:00:00,2023-11-24 00:00:00,Blocked,RuPay,2028-11-22 00:00:00,0,Lost
CD000294,A0002372,Debit,2024-08-11 00:00:00,2024-08-16 00:00:00,Active,Mastercard,2029-08-11 00:00:00,0,
CD000295,A0001083,Debit,2024-09-27 00:00:00,2024-10-03 00:00:00,Active,RuPay,2029-09-27 00:00:00,1,
CD000296,A0006344,Debit,2022-10-29 00:00:00,2022-11-05 00:00:00,Active,Mastercard,2027-10-29 00:00:00,0,
CD000297,A0000658,Credit,2024-08-05 00:00:00,2024-08-06 00:00:00,Active,Visa,2029-08-05 00:00:00,0,
CD000298,A0005713,Debit,2022-08-29 00:00:00,2022-08-31 00:00:00,Active,Visa,2027-08-29 00:00:00,1,
CD000299,A0003004,Debit,2026-05-10 00:00:00,2026-05-16 00:00:00,Active,RuPay,2031-05-10 00:00:00,0,
CD000300,A0000409,Debit,2022-03-08 00:00:00,2022-03-15 00:00:00,Blocked,RuPay,2027-03-08 00:00:00,1,Customer Request
CD000301,A0003614,Debit,2026-04-06 00:00:00,2026-04-07 00:00:00,Active,Mastercard,2031-04-06 00:00:00,0,
CD000302,A0002200,Debit,2024-02-29 00:00:00,2024-03-03 00:00:00,Active,Visa,2029-02-28 00:00:00,0,
CD000303,A0000679,Debit,2026-04-20 00:00:00,2026-04-21 00:00:00,Inactive,RuPay,2031-04-20 00:00:00,0,
CD000304,A0001698,Credit,2024-02-03 00:00:00,2024-02-10 00:00:00,Active,Visa,2029-02-03 00:00:00,0,
CD000305,A0004249,Debit,2024-03-22 00:00:00,2024-03-29 00:00:00,Active,Visa,2029-03-22 00:00:00,0,
CD000306,A0002445,Credit,2026-05-12 00:00:00,2026-05-19 00:00:00,Active,Visa,2031-05-12 00:00:00,0,
CD000307,A0006004,Debit,2023-07-12 00:00:00,2023-07-15 00:00:00,Active,RuPay,2028-07-12 00:00:00,0,
CD000308,A0003005,Debit,2022-11-16 00:00:00,2022-11-20 00:00:00,Active,Visa,2027-11-16 00:00:00,0,
CD000309,A0004173,Credit,2026-01-03 00:00:00,2026-01-09 00:00:00,Active,Mastercard,2031-01-03 00:00:00,0,
CD000310,A0002831,Debit,2023-03-14 00:00:00,2023-03-15 00:00:00,Active,Visa,2028-03-14 00:00:00,0,
CD000311,A0000650,Debit,2024-11-24 00:00:00,2024-12-01 00:00:00,Active,RuPay,2029-11-24 00:00:00,0,
CD000312,A0001909,Debit,2022-09-26 00:00:00,2022-10-01 00:00:00,Active,Mastercard,2027-09-26 00:00:00,3,
CD000313,A0003296,Debit,2023-01-12 00:00:00,2023-01-18 00:00:00,Active,Mastercard,2028-01-12 00:00:00,0,
CD000314,A0006396,Debit,2022-10-21 00:00:00,2022-10-23 00:00:00,Active,RuPay,2027-10-21 00:00:00,0,
CD000315,A0004114,Debit,2023-11-21 00:00:00,2023-11-27 00:00:00,Active,Mastercard,2028-11-21 00:00:00,0,
CD000316,A0006183,Debit,2023-05-09 00:00:00,2023-05-11 00:00:00,Active,RuPay,2028-05-09 00:00:00,1,
CD000317,A0000792,Debit,2026-02-06 00:00:00,2026-02-07 00:00:00,Inactive,RuPay,2031-02-06 00:00:00,0,
CD000318,A0004428,Debit,2026-06-27 00:00:00,2026-07-02 00:00:00,Active,Visa,2031-06-27 00:00:00,0,
CD000319,A0006443,Debit,2023-04-10 00:00:00,2023-04-16 00:00:00,Active,RuPay,2028-04-10 00:00:00,1,
CD000320,A0002368,Credit,2022-06-06 00:00:00,2022-06-07 00:00:00,Inactive,Visa,2027-06-06 00:00:00,0,
CD000321,A0003257,Debit,2024-09-04 00:00:00,2024-09-10 00:00:00,Active,RuPay,2029-09-04 00:00:00,0,
CD000322,A0006482,Debit,2023-11-28 00:00:00,2023-11-30 00:00:00,Expired,Visa,2028-11-28 00:00:00,0,
CD000323,A0002006,Debit,2024-02-19 00:00:00,2024-02-25 00:00:00,Active,RuPay,2029-02-19 00:00:00,0,
CD000324,A0004879,Debit,2025-11-05 00:00:00,2025-11-06 00:00:00,Active,Visa,2030-11-05 00:00:00,0,
CD000325,A0000333,Debit,2024-09-16 00:00:00,2024-09-20 00:00:00,Active,Visa,2029-09-16 00:00:00,1,
CD000326,A0003576,Debit,2022-12-14 00:00:00,2022-12-15 00:00:00,Inactive,Visa,2027-12-14 00:00:00,0,
CD000327,A0002792,Credit,2026-01-15 00:00:00,2026-01-21 00:00:00,Blocked,Visa,2031-01-15 00:00:00,0,Stolen
CD000328,A0002285,Debit,2025-10-15 00:00:00,2025-10-15 00:00:00,Active,Visa,2030-10-15 00:00:00,0,
CD000329,A0004710,Credit,2024-12-07 00:00:00,2024-12-14 00:00:00,Inactive,RuPay,2029-12-07 00:00:00,0,
CD000330,A0004110,Debit,2025-10-29 00:00:00,2025-10-30 00:00:00,Inactive,Mastercard,2030-10-29 00:00:00,0,
CD000331,A0001060,Debit,2025-01-14 00:00:00,2025-01-20 00:00:00,Inactive,RuPay,2030-01-14 00:00:00,1,
CD000332,A0004508,Debit,2022-10-17 00:00:00,2022-10-21 00:00:00,Active,Visa,2027-10-17 00:00:00,0,
CD000333,A0005842,Debit,2024-09-01 00:00:00,2024-09-03 00:00:00,Active,Mastercard,2029-09-01 00:00:00,1,
CD000334,A0003978,Credit,2025-10-01 00:00:00,2025-10-04 00:00:00,Active,Visa,2030-10-01 00:00:00,0,
CD000335,A0005999,Debit,2026-02-14 00:00:00,2026-02-20 00:00:00,Active,RuPay,2031-02-14 00:00:00,0,
CD000336,A0004587,Credit,2022-08-22 00:00:00,2022-08-28 00:00:00,Blocked,Mastercard,2027-08-22 00:00:00,0,Lost
CD000337,A0002123,Debit,2025-09-15 00:00:00,2025-09-18 00:00:00,Active,Visa,2030-09-15 00:00:00,0,
CD000338,A0005121,Debit,2023-03-22 00:00:00,2023-03-28 00:00:00,Active,Visa,2028-03-22 00:00:00,0,
CD000339,A0001003,Debit,2024-08-04 00:00:00,2024-08-06 00:00:00,Expired,Visa,2029-08-04 00:00:00,0,
CD000340,A0003567,Debit,2024-12-26 00:00:00,2024-12-31 00:00:00,Active,Visa,2029-12-26 00:00:00,0,
CD000341,A0003748,Debit,2026-05-19 00:00:00,2026-05-22 00:00:00,Active,Mastercard,2031-05-19 00:00:00,2,
CD000342,A0001765,Debit,2024-07-11 00:00:00,2024-07-15 00:00:00,Active,RuPay,2029-07-11 00:00:00,0,
CD000343,A0005911,Debit,2022-01-05 00:00:00,2022-01-06 00:00:00,Expired,Visa,2027-01-05 00:00:00,1,
CD000344,A0004245,Credit,2023-12-14 00:00:00,2023-12-21 00:00:00,Active,Visa,2028-12-14 00:00:00,0,
CD000345,A0005467,Debit,2024-09-07 00:00:00,2024-09-13 00:00:00,Active,RuPay,2029-09-07 00:00:00,0,
CD000346,A0000377,Debit,2024-05-24 00:00:00,2024-05-24 00:00:00,Active,Visa,2029-05-24 00:00:00,0,
CD000347,A0002686,Debit,2026-06-09 00:00:00,2026-06-11 00:00:00,Active,RuPay,2031-06-09 00:00:00,0,
CD000348,A0004969,Debit,2023-11-10 00:00:00,2023-11-17 00:00:00,Active,Mastercard,2028-11-10 00:00:00,0,
CD000349,A0006138,Debit,2022-08-01 00:00:00,2022-08-06 00:00:00,Active,RuPay,2027-08-01 00:00:00,0,
CD000350,A0004670,Debit,2025-06-01 00:00:00,2025-06-01 00:00:00,Active,RuPay,2030-06-01 00:00:00,1,
CD000351,A0003081,Debit,2026-06-21 00:00:00,2026-06-24 00:00:00,Active,Visa,2031-06-21 00:00:00,0,
CD000352,A0005423,Debit,2024-12-27 00:00:00,2024-12-30 00:00:00,Active,Mastercard,2029-12-27 00:00:00,2,
CD000353,A0003358,Credit,2026-05-30 00:00:00,2026-06-04 00:00:00,Inactive,Mastercard,2031-05-30 00:00:00,0,
CD000354,A0001294,Debit,2025-08-30 00:00:00,2025-09-06 00:00:00,Active,Mastercard,2030-08-30 00:00:00,1,
CD000355,A0005678,Debit,2022-05-28 00:00:00,2022-06-04 00:00:00,Active,Visa,2027-05-28 00:00:00,0,
CD000356,A0003718,Debit,2026-06-21 00:00:00,2026-06-26 00:00:00,Active,RuPay,2031-06-21 00:00:00,0,
CD000357,A0000936,Credit,2026-05-30 00:00:00,2026-06-01 00:00:00,Active,Mastercard,2031-05-30 00:00:00,0,
CD000358,A0002768,Debit,2026-06-17 00:00:00,2026-06-23 00:00:00,Active,Visa,2031-06-17 00:00:00,1,
CD000359,A0002277,Debit,2022-05-23 00:00:00,2022-05-24 00:00:00,Blocked,Mastercard,2027-05-23 00:00:00,0,Suspected Fraud
CD000360,A0002811,Debit,2022-05-26 00:00:00,2022-05-26 00:00:00,Expired,RuPay,2027-05-26 00:00:00,0,
CD000361,A0004219,Debit,2023-07-23 00:00:00,2023-07-25 00:00:00,Active,Mastercard,2028-07-23 00:00:00,0,
CD000362,A0003775,Debit,2025-06-07 00:00:00,2025-06-13 00:00:00,Active,RuPay,2030-06-07 00:00:00,0,
CD000363,A0001635,Debit,2022-11-28 00:00:00,2022-11-28 00:00:00,Active,Mastercard,2027-11-28 00:00:00,1,
CD000364,A0002456,Debit,2023-05-27 00:00:00,2023-05-29 00:00:00,Active,Visa,2028-05-27 00:00:00,0,
CD000365,A0004593,Debit,2026-01-16 00:00:00,2026-01-20 00:00:00,Active,RuPay,2031-01-16 00:00:00,0,
CD000366,A0002964,Debit,2025-08-29 00:00:00,2025-09-05 00:00:00,Active,Visa,2030-08-29 00:00:00,1,
CD000367,A0002634,Credit,2023-04-16 00:00:00,2023-04-21 00:00:00,Active,Visa,2028-04-16 00:00:00,0,
CD000368,A0003408,Debit,2025-10-14 00:00:00,2025-10-21 00:00:00,Active,Mastercard,2030-10-14 00:00:00,0,
CD000369,A0000224,Debit,2023-02-03 00:00:00,2023-02-03 00:00:00,Active,RuPay,2028-02-03 00:00:00,0,
CD000370,A0001214,Credit,2024-02-23 00:00:00,2024-03-01 00:00:00,Blocked,Mastercard,2029-02-23 00:00:00,0,Lost
CD000371,A0004559,Debit,2025-08-07 00:00:00,2025-08-08 00:00:00,Expired,Visa,2030-08-07 00:00:00,0,
CD000372,A0001837,Debit,2026-04-28 00:00:00,2026-05-03 00:00:00,Inactive,RuPay,2031-04-28 00:00:00,0,
CD000373,A0003674,Credit,2024-07-05 00:00:00,2024-07-07 00:00:00,Expired,Visa,2029-07-05 00:00:00,0,
CD000374,A0001607,Credit,2026-04-12 00:00:00,2026-04-15 00:00:00,Blocked,Visa,2031-04-12 00:00:00,0,Lost
CD000375,A0003971,Debit,2026-04-06 00:00:00,2026-04-09 00:00:00,Expired,Visa,2031-04-06 00:00:00,0,
CD000376,A0005072,Debit,2024-02-02 00:00:00,2024-02-08 00:00:00,Inactive,Visa,2029-02-02 00:00:00,0,
CD000377,A0003022,Credit,2023-08-22 00:00:00,2023-08-22 00:00:00,Inactive,Visa,2028-08-22 00:00:00,1,
CD000378,A0005388,Debit,2023-10-26 00:00:00,2023-10-29 00:00:00,Active,RuPay,2028-10-26 00:00:00,0,
CD000379,A0002166,Credit,2022-01-06 00:00:00,2022-01-10 00:00:00,Active,RuPay,2027-01-06 00:00:00,0,
CD000380,A0001527,Credit,2023-03-05 00:00:00,2023-03-06 00:00:00,Inactive,RuPay,2028-03-05 00:00:00,2,
CD000381,A0001937,Debit,2023-01-29 00:00:00,2023-01-30 00:00:00,Active,Mastercard,2028-01-29 00:00:00,1,
CD000382,A0004661,Debit,2023-01-20 00:00:00,2023-01-26 00:00:00,Active,RuPay,2028-01-20 00:00:00,0,
CD000383,A0002727,Debit,2025-05-12 00:00:00,2025-05-12 00:00:00,Active,Visa,2030-05-12 00:00:00,0,
CD000384,A0003186,Debit,2023-07-30 00:00:00,2023-08-01 00:00:00,Active,Mastercard,2028-07-30 00:00:00,1,
CD000385,A0004703,Debit,2025-09-26 00:00:00,2025-10-03 00:00:00,Active,Visa,2030-09-26 00:00:00,1,
CD000386,A0002951,Debit,2025-08-01 00:00:00,2025-08-05 00:00:00,Expired,Mastercard,2030-08-01 00:00:00,0,
CD000387,A0001367,Debit,2022-06-16 00:00:00,2022-06-16 00:00:00,Active,Mastercard,2027-06-16 00:00:00,0,
CD000388,A0001701,Debit,2024-09-05 00:00:00,2024-09-11 00:00:00,Active,Visa,2029-09-05 00:00:00,1,
CD000389,A0002142,Debit,2025-03-13 00:00:00,2025-03-15 00:00:00,Inactive,Visa,2030-03-13 00:00:00,0,
CD000390,A0003890,Debit,2022-09-08 00:00:00,2022-09-08 00:00:00,Active,Visa,2027-09-08 00:00:00,2,
CD000391,A0003665,Debit,2025-10-17 00:00:00,2025-10-23 00:00:00,Inactive,RuPay,2030-10-17 00:00:00,0,
CD000392,A0004531,Debit,2026-02-15 00:00:00,2026-02-15 00:00:00,Active,Visa,2031-02-15 00:00:00,0,
CD000393,A0004343,Credit,2022-02-06 00:00:00,2022-02-11 00:00:00,Active,Mastercard,2027-02-06 00:00:00,0,
CD000394,A0000032,Debit,2024-04-12 00:00:00,2024-04-12 00:00:00,Inactive,Visa,2029-04-12 00:00:00,0,
CD000395,A0002204,Debit,2025-01-12 00:00:00,2025-01-15 00:00:00,Active,Visa,2030-01-12 00:00:00,0,
CD000396,A0001921,Debit,2023-12-04 00:00:00,2023-12-05 00:00:00,Active,Mastercard,2028-12-04 00:00:00,0,
CD000397,A0001724,Debit,2023-03-09 00:00:00,2023-03-16 00:00:00,Active,Mastercard,2028-03-09 00:00:00,0,
CD000398,A0005646,Debit,2023-07-15 00:00:00,2023-07-17 00:00:00,Active,RuPay,2028-07-15 00:00:00,1,
CD000399,A0003593,Credit,2024-11-26 00:00:00,2024-11-28 00:00:00,Active,Visa,2029-11-26 00:00:00,1,
CD000400,A0001596,Credit,2024-04-06 00:00:00,2024-04-13 00:00:00,Active,Mastercard,2029-04-06 00:00:00,0,
CD000401,A0005430,Credit,2022-11-25 00:00:00,2022-11-29 00:00:00,Active,Mastercard,2027-11-25 00:00:00,0,
CD000402,A0005662,Credit,2026-01-17 00:00:00,2026-01-21 00:00:00,Active,RuPay,2031-01-17 00:00:00,2,
CD000403,A0000927,Debit,2025-07-11 00:00:00,2025-07-11 00:00:00,Active,RuPay,2030-07-11 00:00:00,0,
CD000404,A0001018,Debit,2023-09-18 00:00:00,2023-09-18 00:00:00,Active,Mastercard,2028-09-18 00:00:00,1,
CD000405,A0000122,Credit,2022-03-04 00:00:00,2022-03-07 00:00:00,Active,Mastercard,2027-03-04 00:00:00,0,
CD000406,A0000753,Credit,2023-03-13 00:00:00,2023-03-20 00:00:00,Active,RuPay,2028-03-13 00:00:00,0,
CD000407,A0004097,Debit,2023-12-25 00:00:00,2023-12-25 00:00:00,Active,RuPay,2028-12-25 00:00:00,0,
CD000408,A0000475,Debit,2026-01-14 00:00:00,2026-01-18 00:00:00,Active,Visa,2031-01-14 00:00:00,0,
CD000409,A0003865,Credit,2023-05-09 00:00:00,2023-05-15 00:00:00,Inactive,RuPay,2028-05-09 00:00:00,1,
CD000410,A0002789,Debit,2022-09-19 00:00:00,2022-09-20 00:00:00,Active,Mastercard,2027-09-19 00:00:00,0,
CD000411,A0004357,Debit,2023-12-13 00:00:00,2023-12-14 00:00:00,Active,Visa,2028-12-13 00:00:00,0,
CD000412,A0005035,Debit,2024-04-26 00:00:00,2024-05-01 00:00:00,Active,RuPay,2029-04-26 00:00:00,0,
CD000413,A0004191,Debit,2025-06-12 00:00:00,2025-06-14 00:00:00,Active,Mastercard,2030-06-12 00:00:00,2,
CD000414,A0006208,Debit,2026-01-23 00:00:00,2026-01-23 00:00:00,Active,RuPay,2031-01-23 00:00:00,0,
CD000415,A0001659,Debit,2024-07-26 00:00:00,2024-08-02 00:00:00,Active,Mastercard,2029-07-26 00:00:00,0,
CD000416,A0005633,Debit,2024-02-21 00:00:00,2024-02-24 00:00:00,Active,Mastercard,2029-02-21 00:00:00,0,
CD000417,A0000900,Debit,2024-04-09 00:00:00,2024-04-09 00:00:00,Active,RuPay,2029-04-09 00:00:00,0,
CD000418,A0004183,Credit,2024-05-22 00:00:00,2024-05-22 00:00:00,Active,RuPay,2029-05-22 00:00:00,0,
CD000419,A0002118,Debit,2022-05-05 00:00:00,2022-05-12 00:00:00,Active,Visa,2027-05-05 00:00:00,0,
CD000420,A0003603,Credit,2022-12-06 00:00:00,2022-12-10 00:00:00,Expired,Visa,2027-12-06 00:00:00,0,
CD000421,A0004006,Debit,2022-05-31 00:00:00,2022-06-04 00:00:00,Active,RuPay,2027-05-31 00:00:00,0,
CD000422,A0004660,Credit,2026-03-29 00:00:00,2026-04-02 00:00:00,Active,RuPay,2031-03-29 00:00:00,0,
CD000423,A0005078,Debit,2024-12-28 00:00:00,2024-12-28 00:00:00,Active,Mastercard,2029-12-28 00:00:00,0,
CD000424,A0003265,Debit,2023-05-06 00:00:00,2023-05-12 00:00:00,Active,Visa,2028-05-06 00:00:00,0,
CD000425,A0000026,Debit,2025-03-18 00:00:00,2025-03-23 00:00:00,Active,Visa,2030-03-18 00:00:00,0,
CD000426,A0000727,Debit,2024-02-23 00:00:00,2024-02-25 00:00:00,Inactive,Visa,2029-02-23 00:00:00,0,
CD000427,A0003230,Credit,2023-04-07 00:00:00,2023-04-09 00:00:00,Active,Mastercard,2028-04-07 00:00:00,0,
CD000428,A0004882,Debit,2025-12-30 00:00:00,2026-01-04 00:00:00,Active,Visa,2030-12-30 00:00:00,2,
CD000429,A0002788,Debit,2023-01-25 00:00:00,2023-01-25 00:00:00,Active,Mastercard,2028-01-25 00:00:00,1,
CD000430,A0004007,Credit,2025-06-03 00:00:00,2025-06-08 00:00:00,Active,Mastercard,2030-06-03 00:00:00,0,
CD000431,A0006100,Debit,2023-08-13 00:00:00,2023-08-17 00:00:00,Inactive,Visa,2028-08-13 00:00:00,2,
CD000432,A0000290,Debit,2025-09-28 00:00:00,2025-10-01 00:00:00,Active,Visa,2030-09-28 00:00:00,0,
CD000433,A0003832,Debit,2025-02-24 00:00:00,2025-02-24 00:00:00,Active,Visa,2030-02-24 00:00:00,0,
CD000434,A0000204,Debit,2022-02-05 00:00:00,2022-02-05 00:00:00,Active,Visa,2027-02-05 00:00:00,0,
CD000435,A0001674,Credit,2022-09-22 00:00:00,2022-09-22 00:00:00,Blocked,RuPay,2027-09-22 00:00:00,0,Lost
CD000436,A0004187,Debit,2022-08-14 00:00:00,2022-08-16 00:00:00,Active,Visa,2027-08-14 00:00:00,1,
CD000437,A0004856,Credit,2023-01-15 00:00:00,2023-01-17 00:00:00,Active,RuPay,2028-01-15 00:00:00,0,
CD000438,A0000558,Debit,2022-11-17 00:00:00,2022-11-23 00:00:00,Active,Visa,2027-11-17 00:00:00,0,
CD000439,A0002020,Debit,2022-07-02 00:00:00,2022-07-04 00:00:00,Active,Mastercard,2027-07-02 00:00:00,0,
CD000440,A0000323,Debit,2022-04-20 00:00:00,2022-04-21 00:00:00,Active,Mastercard,2027-04-20 00:00:00,1,
CD000441,A0006315,Credit,2025-07-10 00:00:00,2025-07-16 00:00:00,Active,Mastercard,2030-07-10 00:00:00,0,
CD000442,A0000177,Debit,2024-11-12 00:00:00,2024-11-12 00:00:00,Active,Mastercard,2029-11-12 00:00:00,0,
CD000443,A0005034,Debit,2026-06-14 00:00:00,2026-06-16 00:00:00,Active,Mastercard,2031-06-14 00:00:00,3,
CD000444,A0001651,Debit,2025-07-03 00:00:00,2025-07-06 00:00:00,Active,Mastercard,2030-07-03 00:00:00,0,
CD000445,A0000504,Debit,2023-11-15 00:00:00,2023-11-19 00:00:00,Active,Visa,2028-11-15 00:00:00,0,
CD000446,A0005683,Debit,2022-06-02 00:00:00,2022-06-06 00:00:00,Active,RuPay,2027-06-02 00:00:00,0,
CD000447,A0000767,Debit,2025-03-04 00:00:00,2025-03-09 00:00:00,Active,Visa,2030-03-04 00:00:00,0,
CD000448,A0006280,Debit,2024-06-19 00:00:00,2024-06-20 00:00:00,Active,RuPay,2029-06-19 00:00:00,0,
CD000449,A0000887,Credit,2025-10-04 00:00:00,2025-10-06 00:00:00,Active,Visa,2030-10-04 00:00:00,0,
CD000450,A0002109,Debit,2022-08-15 00:00:00,2022-08-21 00:00:00,Active,Mastercard,2027-08-15 00:00:00,0,
CD000451,A0005758,Debit,2022-03-08 00:00:00,2022-03-15 00:00:00,Active,Visa,2027-03-08 00:00:00,0,
CD000452,A0005838,Debit,2022-10-10 00:00:00,2022-10-13 00:00:00,Active,RuPay,2027-10-10 00:00:00,0,
CD000453,A0002613,Debit,2024-06-17 00:00:00,2024-06-22 00:00:00,Active,Mastercard,2029-06-17 00:00:00,0,
CD000454,A0006258,Credit,2022-02-08 00:00:00,2022-02-08 00:00:00,Active,Visa,2027-02-08 00:00:00,0,
CD000455,A0002145,Debit,2022-10-15 00:00:00,2022-10-15 00:00:00,Active,RuPay,2027-10-15 00:00:00,0,
CD000456,A0001095,Debit,2023-08-05 00:00:00,2023-08-08 00:00:00,Active,RuPay,2028-08-05 00:00:00,0,
CD000457,A0005978,Debit,2024-06-10 00:00:00,2024-06-12 00:00:00,Inactive,RuPay,2029-06-10 00:00:00,0,
CD000458,A0005573,Credit,2023-12-06 00:00:00,2023-12-06 00:00:00,Active,Visa,2028-12-06 00:00:00,0,
CD000459,A0002958,Debit,2025-09-27 00:00:00,2025-09-30 00:00:00,Active,Visa,2030-09-27 00:00:00,0,
CD000460,A0000832,Credit,2022-05-05 00:00:00,2022-05-05 00:00:00,Active,RuPay,2027-05-05 00:00:00,0,
CD000461,A0004204,Debit,2022-05-30 00:00:00,2022-06-01 00:00:00,Active,RuPay,2027-05-30 00:00:00,0,
CD000462,A0004741,Debit,2024-04-19 00:00:00,2024-04-26 00:00:00,Expired,Visa,2029-04-19 00:00:00,0,
CD000463,A0002403,Debit,2024-02-28 00:00:00,2024-03-04 00:00:00,Active,Mastercard,2029-02-28 00:00:00,0,
CD000464,A0004496,Credit,2022-08-30 00:00:00,2022-09-05 00:00:00,Active,Mastercard,2027-08-30 00:00:00,0,
CD000465,A0003657,Debit,2025-10-21 00:00:00,2025-10-27 00:00:00,Active,RuPay,2030-10-21 00:00:00,1,
CD000466,A0006165,Debit,2022-10-09 00:00:00,2022-10-09 00:00:00,Active,Mastercard,2027-10-09 00:00:00,0,
CD000467,A0005511,Credit,2026-04-07 00:00:00,2026-04-12 00:00:00,Active,Visa,2031-04-07 00:00:00,0,
CD000468,A0005279,Debit,2022-02-03 00:00:00,2022-02-05 00:00:00,Active,RuPay,2027-02-03 00:00:00,0,
CD000469,A0001885,Debit,2023-03-03 00:00:00,2023-03-05 00:00:00,Active,RuPay,2028-03-03 00:00:00,0,
CD000470,A0006252,Debit,2022-03-26 00:00:00,2022-03-29 00:00:00,Active,Visa,2027-03-26 00:00:00,0,
CD000471,A0006112,Debit,2026-06-29 00:00:00,2026-07-05 00:00:00,Active,Visa,2031-06-29 00:00:00,1,
CD000472,A0005418,Debit,2022-02-01 00:00:00,2022-02-06 00:00:00,Active,RuPay,2027-02-01 00:00:00,0,
CD000473,A0003263,Debit,2024-11-02 00:00:00,2024-11-04 00:00:00,Active,RuPay,2029-11-02 00:00:00,0,
CD000474,A0004424,Debit,2025-02-10 00:00:00,2025-02-11 00:00:00,Active,Mastercard,2030-02-10 00:00:00,2,
CD000475,A0005615,Debit,2023-04-22 00:00:00,2023-04-22 00:00:00,Active,Mastercard,2028-04-22 00:00:00,0,
CD000476,A0002635,Debit,2025-09-08 00:00:00,2025-09-15 00:00:00,Active,Mastercard,2030-09-08 00:00:00,0,
CD000477,A0003950,Debit,2022-05-09 00:00:00,2022-05-09 00:00:00,Active,RuPay,2027-05-09 00:00:00,0,
CD000478,A0005224,Debit,2026-01-06 00:00:00,2026-01-08 00:00:00,Active,RuPay,2031-01-06 00:00:00,1,
CD000479,A0002113,Debit,2023-01-27 00:00:00,2023-01-29 00:00:00,Active,Mastercard,2028-01-27 00:00:00,0,
CD000480,A0005235,Debit,2023-01-10 00:00:00,2023-01-17 00:00:00,Active,RuPay,2028-01-10 00:00:00,0,
CD000481,A0001081,Debit,2025-06-24 00:00:00,2025-06-27 00:00:00,Active,Mastercard,2030-06-24 00:00:00,1,
CD000482,A0002147,Debit,2026-04-09 00:00:00,2026-04-13 00:00:00,Active,Visa,2031-04-09 00:00:00,0,
CD000483,A0001339,Credit,2025-11-19 00:00:00,2025-11-20 00:00:00,Active,Mastercard,2030-11-19 00:00:00,0,
CD000484,A0004000,Debit,2024-10-22 00:00:00,2024-10-27 00:00:00,Active,Visa,2029-10-22 00:00:00,0,
CD000485,A0001868,Debit,2025-03-20 00:00:00,2025-03-26 00:00:00,Blocked,RuPay,2030-03-20 00:00:00,0,Lost
CD000486,A0004083,Debit,2026-01-27 00:00:00,2026-02-03 00:00:00,Inactive,RuPay,2031-01-27 00:00:00,0,
CD000487,A0005287,Credit,2023-08-08 00:00:00,2023-08-09 00:00:00,Active,Mastercard,2028-08-08 00:00:00,0,
CD000488,A0000999,Debit,2023-06-03 00:00:00,2023-06-10 00:00:00,Expired,Mastercard,2028-06-03 00:00:00,0,
CD000489,A0001954,Debit,2026-01-20 00:00:00,2026-01-22 00:00:00,Blocked,RuPay,2031-01-20 00:00:00,0,Stolen
CD000490,A0001422,Debit,2023-02-07 00:00:00,2023-02-07 00:00:00,Active,Mastercard,2028-02-07 00:00:00,1,
CD000491,A0000283,Credit,2026-05-22 00:00:00,2026-05-23 00:00:00,Active,RuPay,2031-05-22 00:00:00,1,
CD000492,A0005350,Credit,2025-05-18 00:00:00,2025-05-19 00:00:00,Active,Mastercard,2030-05-18 00:00:00,0,
CD000493,A0000542,Debit,2023-11-30 00:00:00,2023-12-01 00:00:00,Active,RuPay,2028-11-30 00:00:00,0,
CD000494,A0003563,Debit,2023-09-25 00:00:00,2023-09-29 00:00:00,Active,Mastercard,2028-09-25 00:00:00,1,
CD000495,A0003997,Debit,2023-08-06 00:00:00,2023-08-11 00:00:00,Active,Visa,2028-08-06 00:00:00,1,
CD000496,A0001120,Debit,2026-04-05 00:00:00,2026-04-07 00:00:00,Active,Visa,2031-04-05 00:00:00,0,
CD000497,A0004453,Debit,2022-12-16 00:00:00,2022-12-16 00:00:00,Active,Mastercard,2027-12-16 00:00:00,0,
CD000498,A0000688,Debit,2022-06-29 00:00:00,2022-06-30 00:00:00,Active,Visa,2027-06-29 00:00:00,0,
CD000499,A0002471,Credit,2022-12-07 00:00:00,2022-12-07 00:00:00,Active,Mastercard,2027-12-07 00:00:00,0,
CD000500,A0004002,Debit,2024-08-10 00:00:00,2024-08-10 00:00:00,Active,Mastercard,2029-08-10 00:00:00,1,
CD000501,A0001400,Debit,2024-09-08 00:00:00,2024-09-11 00:00:00,Active,Visa,2029-09-08 00:00:00,1,
CD000502,A0002183,Debit,2024-10-23 00:00:00,2024-10-26 00:00:00,Active,RuPay,2029-10-23 00:00:00,0,
CD000503,A0005696,Credit,2022-07-30 00:00:00,2022-08-03 00:00:00,Active,Mastercard,2027-07-30 00:00:00,1,
CD000504,A0001449,Debit,2026-03-04 00:00:00,2026-03-07 00:00:00,Active,RuPay,2031-03-04 00:00:00,0,
CD000505,A0004230,Debit,2025-12-08 00:00:00,2025-12-08 00:00:00,Active,Visa,2030-12-08 00:00:00,0,
CD000506,A0002300,Debit,2022-12-03 00:00:00,2022-12-05 00:00:00,Active,RuPay,2027-12-03 00:00:00,0,
CD000507,A0005656,Credit,2022-11-03 00:00:00,2022-11-03 00:00:00,Active,RuPay,2027-11-03 00:00:00,0,
CD000508,A0003336,Debit,2023-03-22 00:00:00,2023-03-29 00:00:00,Active,Mastercard,2028-03-22 00:00:00,0,
CD000509,A0002494,Credit,2025-07-16 00:00:00,2025-07-19 00:00:00,Blocked,RuPay,2030-07-16 00:00:00,0,Suspected Fraud
CD000510,A0001723,Credit,2024-12-15 00:00:00,2024-12-18 00:00:00,Active,Visa,2029-12-15 00:00:00,0,
CD000511,A0002696,Credit,2023-05-21 00:00:00,2023-05-26 00:00:00,Active,RuPay,2028-05-21 00:00:00,0,
CD000512,A0003375,Credit,2022-02-24 00:00:00,2022-02-26 00:00:00,Expired,Mastercard,2027-02-24 00:00:00,0,
CD000513,A0006105,Debit,2022-09-16 00:00:00,2022-09-16 00:00:00,Active,Visa,2027-09-16 00:00:00,0,
CD000514,A0006365,Debit,2026-05-06 00:00:00,2026-05-07 00:00:00,Active,RuPay,2031-05-06 00:00:00,0,
CD000515,A0005862,Debit,2025-11-18 00:00:00,2025-11-20 00:00:00,Active,RuPay,2030-11-18 00:00:00,0,
CD000516,A0003877,Debit,2023-12-28 00:00:00,2024-01-01 00:00:00,Active,Visa,2028-12-28 00:00:00,0,
CD000517,A0002274,Debit,2022-06-29 00:00:00,2022-07-01 00:00:00,Active,Visa,2027-06-29 00:00:00,0,
CD000518,A0002645,Credit,2024-09-25 00:00:00,2024-09-28 00:00:00,Blocked,Visa,2029-09-25 00:00:00,1,Suspected Fraud
CD000519,A0004557,Debit,2024-10-07 00:00:00,2024-10-09 00:00:00,Active,Mastercard,2029-10-07 00:00:00,1,
CD000520,A0001857,Debit,2023-07-01 00:00:00,2023-07-04 00:00:00,Blocked,RuPay,2028-07-01 00:00:00,0,Lost
CD000521,A0005473,Debit,2023-10-28 00:00:00,2023-10-31 00:00:00,Inactive,Visa,2028-10-28 00:00:00,0,
CD000522,A0002252,Debit,2024-05-08 00:00:00,2024-05-13 00:00:00,Inactive,Mastercard,2029-05-08 00:00:00,0,
CD000523,A0001692,Debit,2025-06-15 00:00:00,2025-06-19 00:00:00,Active,Mastercard,2030-06-15 00:00:00,0,
CD000524,A0003715,Debit,2025-04-01 00:00:00,2025-04-07 00:00:00,Active,Visa,2030-04-01 00:00:00,0,
CD000525,A0004709,Credit,2026-06-07 00:00:00,2026-06-14 00:00:00,Active,Visa,2031-06-07 00:00:00,0,
CD000526,A0004893,Debit,2022-09-29 00:00:00,2022-10-01 00:00:00,Active,RuPay,2027-09-29 00:00:00,0,
CD000527,A0006375,Debit,2023-04-13 00:00:00,2023-04-18 00:00:00,Active,RuPay,2028-04-13 00:00:00,0,
CD000528,A0004782,Debit,2022-09-18 00:00:00,2022-09-22 00:00:00,Active,Visa,2027-09-18 00:00:00,0,
CD000529,A0003402,Credit,2024-02-03 00:00:00,2024-02-10 00:00:00,Active,Visa,2029-02-03 00:00:00,0,
CD000530,A0005213,Debit,2026-02-15 00:00:00,2026-02-18 00:00:00,Active,Visa,2031-02-15 00:00:00,0,
CD000531,A0002759,Debit,2024-11-10 00:00:00,2024-11-16 00:00:00,Active,Visa,2029-11-10 00:00:00,0,
CD000532,A0000939,Credit,2024-08-30 00:00:00,2024-08-30 00:00:00,Active,Mastercard,2029-08-30 00:00:00,0,
CD000533,A0001223,Debit,2025-09-22 00:00:00,2025-09-22 00:00:00,Active,Visa,2030-09-22 00:00:00,0,
CD000534,A0002632,Debit,2025-08-19 00:00:00,2025-08-25 00:00:00,Active,Visa,2030-08-19 00:00:00,2,
CD000535,A0002630,Debit,2024-02-04 00:00:00,2024-02-06 00:00:00,Inactive,Visa,2029-02-04 00:00:00,0,
CD000536,A0002214,Debit,2025-08-22 00:00:00,2025-08-25 00:00:00,Active,Visa,2030-08-22 00:00:00,0,
CD000537,A0002802,Debit,2026-02-24 00:00:00,2026-03-02 00:00:00,Active,RuPay,2031-02-24 00:00:00,2,
CD000538,A0004414,Debit,2022-10-12 00:00:00,2022-10-15 00:00:00,Active,RuPay,2027-10-12 00:00:00,0,
CD000539,A0006041,Debit,2023-01-02 00:00:00,2023-01-05 00:00:00,Active,Mastercard,2028-01-02 00:00:00,0,
CD000540,A0003992,Credit,2024-11-29 00:00:00,2024-11-29 00:00:00,Active,Visa,2029-11-29 00:00:00,0,
CD000541,A0004470,Debit,2024-08-20 00:00:00,2024-08-22 00:00:00,Active,Mastercard,2029-08-20 00:00:00,0,
CD000542,A0003794,Credit,2025-08-18 00:00:00,2025-08-21 00:00:00,Active,Visa,2030-08-18 00:00:00,0,
CD000543,A0005540,Debit,2023-01-01 00:00:00,2023-01-08 00:00:00,Active,Visa,2028-01-01 00:00:00,0,
CD000544,A0004890,Debit,2025-08-27 00:00:00,2025-08-28 00:00:00,Active,Visa,2030-08-27 00:00:00,0,
CD000545,A0001349,Debit,2024-05-16 00:00:00,2024-05-17 00:00:00,Active,Visa,2029-05-16 00:00:00,0,
CD000546,A0000746,Debit,2024-05-08 00:00:00,2024-05-14 00:00:00,Active,Visa,2029-05-08 00:00:00,0,
CD000547,A0005465,Debit,2022-08-25 00:00:00,2022-08-30 00:00:00,Active,RuPay,2027-08-25 00:00:00,0,
CD000548,A0003192,Debit,2024-09-05 00:00:00,2024-09-06 00:00:00,Active,Visa,2029-09-05 00:00:00,0,
CD000549,A0002916,Debit,2023-01-18 00:00:00,2023-01-19 00:00:00,Active,RuPay,2028-01-18 00:00:00,0,
CD000550,A0004800,Credit,2025-02-10 00:00:00,2025-02-12 00:00:00,Active,Mastercard,2030-02-10 00:00:00,0,
CD000551,A0001852,Debit,2023-04-19 00:00:00,2023-04-20 00:00:00,Active,Visa,2028-04-19 00:00:00,0,
CD000552,A0003823,Debit,2022-01-20 00:00:00,2022-01-22 00:00:00,Expired,Mastercard,2027-01-20 00:00:00,0,
CD000553,A0001287,Credit,2023-07-23 00:00:00,2023-07-23 00:00:00,Active,Visa,2028-07-23 00:00:00,0,
CD000554,A0001208,Debit,2023-07-18 00:00:00,2023-07-23 00:00:00,Active,Mastercard,2028-07-18 00:00:00,0,
CD000555,A0003663,Debit,2026-04-09 00:00:00,2026-04-11 00:00:00,Expired,RuPay,2031-04-09 00:00:00,0,
CD000556,A0002262,Credit,2023-08-01 00:00:00,2023-08-02 00:00:00,Active,Visa,2028-08-01 00:00:00,1,
CD000557,A0002879,Debit,2023-02-12 00:00:00,2023-02-16 00:00:00,Inactive,RuPay,2028-02-12 00:00:00,0,
CD000558,A0002153,Credit,2025-11-16 00:00:00,2025-11-23 00:00:00,Active,RuPay,2030-11-16 00:00:00,0,
CD000559,A0005873,Debit,2023-07-13 00:00:00,2023-07-20 00:00:00,Expired,Visa,2028-07-13 00:00:00,0,
CD000560,A0003436,Debit,2024-03-21 00:00:00,2024-03-21 00:00:00,Active,Visa,2029-03-21 00:00:00,0,
CD000561,A0002945,Debit,2024-10-30 00:00:00,2024-11-01 00:00:00,Active,Visa,2029-10-30 00:00:00,0,
CD000562,A0005113,Credit,2024-08-27 00:00:00,2024-09-03 00:00:00,Blocked,Mastercard,2029-08-27 00:00:00,1,Suspected Fraud
CD000563,A0002887,Debit,2025-05-27 00:00:00,2025-05-30 00:00:00,Blocked,RuPay,2030-05-27 00:00:00,1,Stolen
CD000564,A0003833,Debit,2023-11-03 00:00:00,2023-11-08 00:00:00,Active,Visa,2028-11-03 00:00:00,0,
CD000565,A0004393,Credit,2025-08-25 00:00:00,2025-08-29 00:00:00,Active,RuPay,2030-08-25 00:00:00,1,
CD000566,A0001932,Debit,2024-07-08 00:00:00,2024-07-15 00:00:00,Active,Visa,2029-07-08 00:00:00,0,
CD000567,A0003002,Debit,2025-09-08 00:00:00,2025-09-12 00:00:00,Active,RuPay,2030-09-08 00:00:00,0,
CD000568,A0000707,Debit,2022-09-12 00:00:00,2022-09-16 00:00:00,Active,Mastercard,2027-09-12 00:00:00,0,
CD000569,A0001409,Credit,2024-08-20 00:00:00,2024-08-20 00:00:00,Active,RuPay,2029-08-20 00:00:00,0,
CD000570,A0000861,Credit,2024-10-27 00:00:00,2024-11-02 00:00:00,Active,Visa,2029-10-27 00:00:00,2,
CD000571,A0001797,Debit,2025-01-29 00:00:00,2025-01-31 00:00:00,Active,Mastercard,2030-01-29 00:00:00,0,
CD000572,A0000035,Debit,2022-05-22 00:00:00,2022-05-23 00:00:00,Active,Mastercard,2027-05-22 00:00:00,0,
CD000573,A0003647,Credit,2024-07-11 00:00:00,2024-07-13 00:00:00,Active,Mastercard,2029-07-11 00:00:00,0,
CD000574,A0000154,Credit,2024-05-18 00:00:00,2024-05-22 00:00:00,Active,Mastercard,2029-05-18 00:00:00,0,
CD000575,A0002620,Debit,2023-01-27 00:00:00,2023-01-30 00:00:00,Active,Visa,2028-01-27 00:00:00,0,
CD000576,A0000845,Credit,2025-09-30 00:00:00,2025-09-30 00:00:00,Active,Mastercard,2030-09-30 00:00:00,1,
CD000577,A0004836,Debit,2025-06-28 00:00:00,2025-06-30 00:00:00,Active,RuPay,2030-06-28 00:00:00,0,
CD000578,A0001255,Credit,2022-07-07 00:00:00,2022-07-12 00:00:00,Inactive,RuPay,2027-07-07 00:00:00,0,
CD000579,A0004963,Credit,2023-05-05 00:00:00,2023-05-12 00:00:00,Blocked,Mastercard,2028-05-05 00:00:00,0,Stolen
CD000580,A0004867,Debit,2023-12-28 00:00:00,2023-12-28 00:00:00,Active,Visa,2028-12-28 00:00:00,1,
CD000581,A0003308,Debit,2025-10-01 00:00:00,2025-10-05 00:00:00,Active,Visa,2030-10-01 00:00:00,0,
CD000582,A0002159,Debit,2023-12-23 00:00:00,2023-12-24 00:00:00,Active,Mastercard,2028-12-23 00:00:00,1,
CD000583,A0002026,Debit,2025-03-25 00:00:00,2025-03-30 00:00:00,Active,RuPay,2030-03-25 00:00:00,1,
CD000584,A0003464,Debit,2022-11-06 00:00:00,2022-11-08 00:00:00,Active,RuPay,2027-11-06 00:00:00,0,
CD000585,A0001036,Debit,2024-10-22 00:00:00,2024-10-26 00:00:00,Inactive,Visa,2029-10-22 00:00:00,0,
CD000586,A0005496,Debit,2025-01-08 00:00:00,2025-01-13 00:00:00,Active,RuPay,2030-01-08 00:00:00,2,
CD000587,A0000547,Credit,2022-02-05 00:00:00,2022-02-07 00:00:00,Active,RuPay,2027-02-05 00:00:00,1,
CD000588,A0005422,Credit,2026-02-16 00:00:00,2026-02-18 00:00:00,Active,RuPay,2031-02-16 00:00:00,0,
CD000589,A0006081,Debit,2024-01-16 00:00:00,2024-01-17 00:00:00,Blocked,Visa,2029-01-16 00:00:00,0,Customer Request
CD000590,A0000681,Credit,2022-08-03 00:00:00,2022-08-09 00:00:00,Active,Visa,2027-08-03 00:00:00,0,
CD000591,A0000080,Debit,2024-10-30 00:00:00,2024-11-04 00:00:00,Active,Visa,2029-10-30 00:00:00,0,
CD000592,A0003641,Debit,2022-03-30 00:00:00,2022-03-30 00:00:00,Active,RuPay,2027-03-30 00:00:00,0,
CD000593,A0001821,Credit,2022-08-15 00:00:00,2022-08-16 00:00:00,Active,Visa,2027-08-15 00:00:00,3,
CD000594,A0000132,Debit,2022-01-27 00:00:00,2022-01-27 00:00:00,Active,RuPay,2027-01-27 00:00:00,0,
CD000595,A0001562,Credit,2024-09-16 00:00:00,2024-09-21 00:00:00,Active,Visa,2029-09-16 00:00:00,0,
CD000596,A0000496,Debit,2022-09-29 00:00:00,2022-10-03 00:00:00,Active,RuPay,2027-09-29 00:00:00,1,
CD000597,A0001125,Debit,2024-11-19 00:00:00,2024-11-25 00:00:00,Active,Mastercard,2029-11-19 00:00:00,0,
CD000598,A0001099,Debit,2025-04-11 00:00:00,2025-04-11 00:00:00,Active,Visa,2030-04-11 00:00:00,0,
CD000599,A0003955,Debit,2023-12-11 00:00:00,2023-12-11 00:00:00,Active,RuPay,2028-12-11 00:00:00,0,
CD000600,A0006139,Debit,2023-11-12 00:00:00,2023-11-18 00:00:00,Active,Mastercard,2028-11-12 00:00:00,1,
CD000601,A0005247,Debit,2024-08-19 00:00:00,2024-08-26 00:00:00,Active,Mastercard,2029-08-19 00:00:00,0,
CD000602,A0003720,Debit,2022-08-14 00:00:00,2022-08-14 00:00:00,Active,Visa,2027-08-14 00:00:00,0,
CD000603,A0004760,Debit,2025-12-04 00:00:00,2025-12-09 00:00:00,Active,RuPay,2030-12-04 00:00:00,1,
CD000604,A0000696,Debit,2023-02-25 00:00:00,2023-02-25 00:00:00,Active,RuPay,2028-02-25 00:00:00,0,
CD000605,A0006197,Debit,2024-08-20 00:00:00,2024-08-20 00:00:00,Active,Mastercard,2029-08-20 00:00:00,0,
CD000606,A0005308,Debit,2023-08-20 00:00:00,2023-08-27 00:00:00,Active,RuPay,2028-08-20 00:00:00,1,
CD000607,A0003710,Debit,2024-10-22 00:00:00,2024-10-25 00:00:00,Expired,Mastercard,2029-10-22 00:00:00,0,
CD000608,A0006440,Debit,2023-08-20 00:00:00,2023-08-22 00:00:00,Active,Mastercard,2028-08-20 00:00:00,0,
CD000609,A0005727,Credit,2022-06-24 00:00:00,2022-06-25 00:00:00,Active,Mastercard,2027-06-24 00:00:00,0,
CD000610,A0005263,Debit,2026-03-15 00:00:00,2026-03-19 00:00:00,Active,RuPay,2031-03-15 00:00:00,0,
CD000611,A0005298,Debit,2025-08-10 00:00:00,2025-08-16 00:00:00,Active,RuPay,2030-08-10 00:00:00,0,
CD000612,A0005010,Debit,2025-12-23 00:00:00,2025-12-26 00:00:00,Active,Visa,2030-12-23 00:00:00,0,
CD000613,A0001242,Debit,2025-09-09 00:00:00,2025-09-12 00:00:00,Active,Mastercard,2030-09-09 00:00:00,0,
CD000614,A0002983,Credit,2022-04-08 00:00:00,2022-04-10 00:00:00,Active,Visa,2027-04-08 00:00:00,0,
CD000615,A0003510,Debit,2023-08-30 00:00:00,2023-09-01 00:00:00,Active,Visa,2028-08-30 00:00:00,1,
CD000616,A0006244,Credit,2022-10-21 00:00:00,2022-10-26 00:00:00,Active,RuPay,2027-10-21 00:00:00,0,
CD000617,A0004775,Debit,2024-12-21 00:00:00,2024-12-25 00:00:00,Active,Visa,2029-12-21 00:00:00,1,
CD000618,A0006243,Debit,2023-02-27 00:00:00,2023-03-05 00:00:00,Active,RuPay,2028-02-27 00:00:00,0,
CD000619,A0006144,Debit,2025-01-12 00:00:00,2025-01-17 00:00:00,Blocked,Mastercard,2030-01-12 00:00:00,0,Lost
CD000620,A0003629,Credit,2024-11-12 00:00:00,2024-11-17 00:00:00,Active,Visa,2029-11-12 00:00:00,0,
CD000621,A0004664,Credit,2024-11-06 00:00:00,2024-11-08 00:00:00,Inactive,RuPay,2029-11-06 00:00:00,1,
CD000622,A0001372,Debit,2023-02-12 00:00:00,2023-02-16 00:00:00,Active,Mastercard,2028-02-12 00:00:00,0,
CD000623,A0001253,Debit,2023-05-04 00:00:00,2023-05-04 00:00:00,Active,Mastercard,2028-05-04 00:00:00,0,
CD000624,A0005037,Debit,2024-11-12 00:00:00,2024-11-19 00:00:00,Active,Visa,2029-11-12 00:00:00,0,
CD000625,A0001333,Debit,2022-10-20 00:00:00,2022-10-23 00:00:00,Active,Mastercard,2027-10-20 00:00:00,0,
CD000626,A0001301,Debit,2022-03-13 00:00:00,2022-03-13 00:00:00,Active,Mastercard,2027-03-13 00:00:00,0,
CD000627,A0001202,Debit,2025-06-19 00:00:00,2025-06-19 00:00:00,Blocked,Mastercard,2030-06-19 00:00:00,0,Stolen
CD000628,A0002753,Debit,2025-08-28 00:00:00,2025-08-31 00:00:00,Active,Visa,2030-08-28 00:00:00,0,
CD000629,A0004353,Debit,2022-10-04 00:00:00,2022-10-07 00:00:00,Active,RuPay,2027-10-04 00:00:00,0,
CD000630,A0002488,Debit,2023-09-24 00:00:00,2023-09-26 00:00:00,Blocked,Visa,2028-09-24 00:00:00,0,Suspected Fraud
CD000631,A0002500,Debit,2025-12-26 00:00:00,2026-01-02 00:00:00,Blocked,Visa,2030-12-26 00:00:00,0,Stolen
CD000632,A0000502,Debit,2022-03-19 00:00:00,2022-03-21 00:00:00,Active,RuPay,2027-03-19 00:00:00,0,
CD000633,A0005760,Credit,2025-08-27 00:00:00,2025-08-31 00:00:00,Inactive,Visa,2030-08-27 00:00:00,1,
CD000634,A0002772,Debit,2025-02-26 00:00:00,2025-02-28 00:00:00,Active,RuPay,2030-02-26 00:00:00,0,
CD000635,A0001464,Debit,2025-05-10 00:00:00,2025-05-10 00:00:00,Active,RuPay,2030-05-10 00:00:00,0,
CD000636,A0003130,Debit,2023-11-06 00:00:00,2023-11-10 00:00:00,Active,Mastercard,2028-11-06 00:00:00,0,
CD000637,A0006293,Credit,2023-05-05 00:00:00,2023-05-12 00:00:00,Active,RuPay,2028-05-05 00:00:00,1,
CD000638,A0003529,Debit,2023-05-27 00:00:00,2023-05-31 00:00:00,Active,RuPay,2028-05-27 00:00:00,0,
CD000639,A0002998,Debit,2025-09-15 00:00:00,2025-09-21 00:00:00,Active,Visa,2030-09-15 00:00:00,0,
CD000640,A0003512,Credit,2022-10-27 00:00:00,2022-10-28 00:00:00,Active,RuPay,2027-10-27 00:00:00,0,
CD000641,A0004081,Credit,2025-01-14 00:00:00,2025-01-15 00:00:00,Active,RuPay,2030-01-14 00:00:00,0,
CD000642,A0005017,Credit,2023-07-16 00:00:00,2023-07-20 00:00:00,Active,Visa,2028-07-16 00:00:00,0,
CD000643,A0000953,Debit,2026-05-02 00:00:00,2026-05-03 00:00:00,Active,Visa,2031-05-02 00:00:00,0,
CD000644,A0006392,Debit,2024-03-16 00:00:00,2024-03-23 00:00:00,Active,Visa,2029-03-16 00:00:00,0,
CD000645,A0001318,Credit,2026-01-25 00:00:00,2026-01-30 00:00:00,Active,Mastercard,2031-01-25 00:00:00,0,
CD000646,A0001218,Debit,2022-12-15 00:00:00,2022-12-22 00:00:00,Active,RuPay,2027-12-15 00:00:00,0,
CD000647,A0002910,Debit,2025-06-17 00:00:00,2025-06-17 00:00:00,Active,Mastercard,2030-06-17 00:00:00,1,
CD000648,A0001748,Debit,2022-11-15 00:00:00,2022-11-21 00:00:00,Active,Mastercard,2027-11-15 00:00:00,1,
CD000649,A0003185,Debit,2023-11-28 00:00:00,2023-12-03 00:00:00,Active,Mastercard,2028-11-28 00:00:00,0,
CD000650,A0005998,Debit,2023-03-18 00:00:00,2023-03-20 00:00:00,Inactive,Mastercard,2028-03-18 00:00:00,0,
CD000651,A0003852,Debit,2024-10-03 00:00:00,2024-10-03 00:00:00,Active,Visa,2029-10-03 00:00:00,0,
CD000652,A0004432,Credit,2023-08-08 00:00:00,2023-08-12 00:00:00,Active,RuPay,2028-08-08 00:00:00,0,
CD000653,A0000877,Debit,2024-11-11 00:00:00,2024-11-16 00:00:00,Active,RuPay,2029-11-11 00:00:00,0,
CD000654,A0001010,Debit,2023-04-14 00:00:00,2023-04-19 00:00:00,Active,Visa,2028-04-14 00:00:00,0,
CD000655,A0002350,Debit,2026-02-03 00:00:00,2026-02-06 00:00:00,Blocked,RuPay,2031-02-03 00:00:00,0,Stolen
CD000656,A0003577,Debit,2024-07-10 00:00:00,2024-07-11 00:00:00,Inactive,RuPay,2029-07-10 00:00:00,1,
CD000657,A0006395,Debit,2025-01-09 00:00:00,2025-01-12 00:00:00,Active,Mastercard,2030-01-09 00:00:00,0,
CD000658,A0005877,Debit,2025-06-23 00:00:00,2025-06-26 00:00:00,Blocked,RuPay,2030-06-23 00:00:00,0,Customer Request
CD000659,A0006456,Credit,2024-11-12 00:00:00,2024-11-17 00:00:00,Inactive,Mastercard,2029-11-12 00:00:00,0,
CD000660,A0006043,Credit,2026-03-22 00:00:00,2026-03-24 00:00:00,Expired,Visa,2031-03-22 00:00:00,0,
CD000661,A0004454,Debit,2025-11-06 00:00:00,2025-11-09 00:00:00,Active,RuPay,2030-11-06 00:00:00,0,
CD000662,A0002382,Debit,2024-10-28 00:00:00,2024-11-04 00:00:00,Active,RuPay,2029-10-28 00:00:00,1,
CD000663,A0005728,Debit,2023-01-04 00:00:00,2023-01-05 00:00:00,Active,Mastercard,2028-01-04 00:00:00,0,
CD000664,A0005525,Debit,2023-01-13 00:00:00,2023-01-18 00:00:00,Active,RuPay,2028-01-13 00:00:00,3,
CD000665,A0005116,Debit,2023-10-20 00:00:00,2023-10-23 00:00:00,Active,Visa,2028-10-20 00:00:00,0,
CD000666,A0003778,Debit,2022-02-07 00:00:00,2022-02-10 00:00:00,Expired,Mastercard,2027-02-07 00:00:00,0,
CD000667,A0000209,Debit,2025-02-03 00:00:00,2025-02-07 00:00:00,Blocked,RuPay,2030-02-03 00:00:00,1,Lost
CD000668,A0000695,Credit,2023-07-13 00:00:00,2023-07-20 00:00:00,Active,RuPay,2028-07-13 00:00:00,0,
CD000669,A0002585,Debit,2023-12-13 00:00:00,2023-12-17 00:00:00,Active,Visa,2028-12-13 00:00:00,0,
CD000670,A0004050,Debit,2024-10-10 00:00:00,2024-10-11 00:00:00,Active,Visa,2029-10-10 00:00:00,0,
CD000671,A0003226,Debit,2025-04-29 00:00:00,2025-04-30 00:00:00,Active,RuPay,2030-04-29 00:00:00,0,
CD000672,A0002870,Credit,2025-09-18 00:00:00,2025-09-24 00:00:00,Inactive,Mastercard,2030-09-18 00:00:00,0,
CD000673,A0002673,Debit,2024-07-30 00:00:00,2024-08-01 00:00:00,Inactive,Mastercard,2029-07-30 00:00:00,0,
CD000674,A0005438,Debit,2022-11-12 00:00:00,2022-11-17 00:00:00,Inactive,RuPay,2027-11-12 00:00:00,0,
CD000675,A0006061,Debit,2026-05-21 00:00:00,2026-05-27 00:00:00,Active,Visa,2031-05-21 00:00:00,1,
CD000676,A0001578,Credit,2026-04-26 00:00:00,2026-04-26 00:00:00,Active,Visa,2031-04-26 00:00:00,0,
CD000677,A0000873,Debit,2025-03-11 00:00:00,2025-03-16 00:00:00,Expired,Mastercard,2030-03-11 00:00:00,0,
CD000678,A0004476,Debit,2025-05-22 00:00:00,2025-05-22 00:00:00,Active,RuPay,2030-05-22 00:00:00,0,
CD000679,A0005491,Debit,2023-05-16 00:00:00,2023-05-23 00:00:00,Active,RuPay,2028-05-16 00:00:00,0,
CD000680,A0006084,Debit,2025-06-11 00:00:00,2025-06-17 00:00:00,Active,Visa,2030-06-11 00:00:00,1,
CD000681,A0003864,Debit,2023-12-12 00:00:00,2023-12-18 00:00:00,Active,RuPay,2028-12-12 00:00:00,0,
CD000682,A0005092,Debit,2022-05-28 00:00:00,2022-05-30 00:00:00,Active,Visa,2027-05-28 00:00:00,0,
CD000683,A0003055,Debit,2023-01-07 00:00:00,2023-01-12 00:00:00,Active,Mastercard,2028-01-07 00:00:00,1,
CD000684,A0003446,Debit,2024-11-30 00:00:00,2024-11-30 00:00:00,Active,Visa,2029-11-30 00:00:00,0,
CD000685,A0000134,Credit,2024-02-08 00:00:00,2024-02-10 00:00:00,Active,Mastercard,2029-02-08 00:00:00,0,
CD000686,A0003450,Credit,2023-08-01 00:00:00,2023-08-08 00:00:00,Active,RuPay,2028-08-01 00:00:00,0,
CD000687,A0001520,Debit,2025-12-21 00:00:00,2025-12-22 00:00:00,Active,RuPay,2030-12-21 00:00:00,0,
CD000688,A0002359,Debit,2022-10-22 00:00:00,2022-10-28 00:00:00,Active,Visa,2027-10-22 00:00:00,1,
CD000689,A0000027,Debit,2022-04-16 00:00:00,2022-04-23 00:00:00,Active,RuPay,2027-04-16 00:00:00,0,
CD000690,A0000582,Debit,2022-07-19 00:00:00,2022-07-19 00:00:00,Active,Mastercard,2027-07-19 00:00:00,0,
CD000691,A0003696,Debit,2024-01-06 00:00:00,2024-01-13 00:00:00,Active,Visa,2029-01-06 00:00:00,0,
CD000692,A0004654,Debit,2026-05-16 00:00:00,2026-05-22 00:00:00,Inactive,Mastercard,2031-05-16 00:00:00,0,
CD000693,A0004627,Debit,2023-01-20 00:00:00,2023-01-21 00:00:00,Active,RuPay,2028-01-20 00:00:00,0,
CD000694,A0001272,Debit,2024-07-26 00:00:00,2024-07-28 00:00:00,Active,Visa,2029-07-26 00:00:00,0,
CD000695,A0005390,Credit,2023-02-22 00:00:00,2023-02-26 00:00:00,Active,Visa,2028-02-22 00:00:00,1,
CD000696,A0000400,Debit,2022-10-12 00:00:00,2022-10-14 00:00:00,Inactive,Mastercard,2027-10-12 00:00:00,0,
CD000697,A0003036,Credit,2022-06-16 00:00:00,2022-06-16 00:00:00,Blocked,RuPay,2027-06-16 00:00:00,0,Customer Request
CD000698,A0005215,Debit,2025-03-29 00:00:00,2025-04-05 00:00:00,Active,Visa,2030-03-29 00:00:00,0,
CD000699,A0004655,Debit,2024-09-12 00:00:00,2024-09-18 00:00:00,Active,RuPay,2029-09-12 00:00:00,1,
CD000700,A0005547,Debit,2025-02-06 00:00:00,2025-02-09 00:00:00,Active,RuPay,2030-02-06 00:00:00,0,
CD000701,A0004813,Debit,2023-01-19 00:00:00,2023-01-25 00:00:00,Active,Visa,2028-01-19 00:00:00,0,
CD000702,A0002921,Credit,2023-06-16 00:00:00,2023-06-19 00:00:00,Active,RuPay,2028-06-16 00:00:00,0,
CD000703,A0005599,Credit,2022-10-25 00:00:00,2022-10-31 00:00:00,Active,Mastercard,2027-10-25 00:00:00,0,
CD000704,A0004433,Debit,2025-12-25 00:00:00,2025-12-25 00:00:00,Active,Mastercard,2030-12-25 00:00:00,1,
CD000705,A0002814,Debit,2026-03-28 00:00:00,2026-03-30 00:00:00,Active,Visa,2031-03-28 00:00:00,0,
CD000706,A0002828,Debit,2025-02-08 00:00:00,2025-02-12 00:00:00,Active,Visa,2030-02-08 00:00:00,0,
CD000707,A0004267,Debit,2026-05-23 00:00:00,2026-05-27 00:00:00,Active,Mastercard,2031-05-23 00:00:00,0,
CD000708,A0002468,Credit,2023-04-03 00:00:00,2023-04-06 00:00:00,Active,RuPay,2028-04-03 00:00:00,0,
CD000709,A0004008,Debit,2022-08-06 00:00:00,2022-08-07 00:00:00,Inactive,Visa,2027-08-06 00:00:00,0,
CD000710,A0002807,Debit,2023-03-20 00:00:00,2023-03-21 00:00:00,Active,Visa,2028-03-20 00:00:00,0,
CD000711,A0006323,Debit,2023-05-01 00:00:00,2023-05-03 00:00:00,Inactive,Visa,2028-05-01 00:00:00,0,
CD000712,A0005698,Debit,2023-01-02 00:00:00,2023-01-08 00:00:00,Active,Mastercard,2028-01-02 00:00:00,0,
CD000713,A0001244,Debit,2025-05-11 00:00:00,2025-05-11 00:00:00,Active,RuPay,2030-05-11 00:00:00,0,
CD000714,A0006107,Debit,2023-09-06 00:00:00,2023-09-11 00:00:00,Active,RuPay,2028-09-06 00:00:00,0,
CD000715,A0002549,Debit,2022-07-02 00:00:00,2022-07-04 00:00:00,Expired,Visa,2027-07-02 00:00:00,1,
CD000716,A0003498,Debit,2024-10-05 00:00:00,2024-10-05 00:00:00,Blocked,Mastercard,2029-10-05 00:00:00,0,Stolen
CD000717,A0005301,Debit,2023-12-18 00:00:00,2023-12-20 00:00:00,Active,Visa,2028-12-18 00:00:00,1,
CD000718,A0002172,Debit,2025-10-03 00:00:00,2025-10-03 00:00:00,Inactive,Visa,2030-10-03 00:00:00,1,
CD000719,A0000417,Credit,2022-06-05 00:00:00,2022-06-12 00:00:00,Active,RuPay,2027-06-05 00:00:00,0,
CD000720,A0001506,Debit,2024-01-20 00:00:00,2024-01-23 00:00:00,Active,Visa,2029-01-20 00:00:00,0,
CD000721,A0004271,Debit,2024-03-23 00:00:00,2024-03-24 00:00:00,Active,Visa,2029-03-23 00:00:00,1,
CD000722,A0005304,Debit,2022-03-04 00:00:00,2022-03-09 00:00:00,Blocked,RuPay,2027-03-04 00:00:00,0,Lost
CD000723,A0003545,Debit,2025-04-04 00:00:00,2025-04-08 00:00:00,Inactive,Mastercard,2030-04-04 00:00:00,0,
CD000724,A0005667,Debit,2025-04-30 00:00:00,2025-05-01 00:00:00,Blocked,Mastercard,2030-04-30 00:00:00,1,Customer Request
CD000725,A0002801,Debit,2023-08-25 00:00:00,2023-08-29 00:00:00,Active,Mastercard,2028-08-25 00:00:00,0,
CD000726,A0004693,Credit,2025-09-02 00:00:00,2025-09-09 00:00:00,Blocked,Visa,2030-09-02 00:00:00,0,Stolen
CD000727,A0005732,Credit,2023-09-03 00:00:00,2023-09-09 00:00:00,Active,Visa,2028-09-03 00:00:00,0,
CD000728,A0004240,Debit,2023-08-27 00:00:00,2023-08-27 00:00:00,Blocked,RuPay,2028-08-27 00:00:00,1,Customer Request
CD000729,A0005753,Credit,2024-01-26 00:00:00,2024-01-29 00:00:00,Active,Mastercard,2029-01-26 00:00:00,0,
CD000730,A0003822,Debit,2026-03-29 00:00:00,2026-04-01 00:00:00,Active,RuPay,2031-03-29 00:00:00,0,
CD000731,A0004652,Debit,2022-01-29 00:00:00,2022-02-05 00:00:00,Active,RuPay,2027-01-29 00:00:00,0,
CD000732,A0004213,Debit,2022-03-15 00:00:00,2022-03-17 00:00:00,Blocked,RuPay,2027-03-15 00:00:00,0,Stolen
CD000733,A0002617,Credit,2024-06-02 00:00:00,2024-06-02 00:00:00,Active,Mastercard,2029-06-02 00:00:00,1,
CD000734,A0001133,Debit,2025-07-03 00:00:00,2025-07-10 00:00:00,Active,Visa,2030-07-03 00:00:00,0,
CD000735,A0004497,Debit,2025-02-17 00:00:00,2025-02-21 00:00:00,Active,Visa,2030-02-17 00:00:00,0,
CD000736,A0000367,Credit,2025-05-27 00:00:00,2025-05-30 00:00:00,Active,Visa,2030-05-27 00:00:00,0,
CD000737,A0005029,Credit,2026-05-09 00:00:00,2026-05-12 00:00:00,Active,RuPay,2031-05-09 00:00:00,0,
CD000738,A0001715,Debit,2025-11-02 00:00:00,2025-11-03 00:00:00,Active,Mastercard,2030-11-02 00:00:00,0,
CD000739,A0004519,Debit,2025-09-15 00:00:00,2025-09-19 00:00:00,Active,RuPay,2030-09-15 00:00:00,1,
CD000740,A0005057,Credit,2025-10-21 00:00:00,2025-10-25 00:00:00,Inactive,Visa,2030-10-21 00:00:00,0,
CD000741,A0002512,Debit,2022-01-31 00:00:00,2022-02-06 00:00:00,Active,Mastercard,2027-01-31 00:00:00,0,
CD000742,A0001481,Credit,2023-04-03 00:00:00,2023-04-06 00:00:00,Active,Mastercard,2028-04-03 00:00:00,0,
CD000743,A0004024,Debit,2024-11-13 00:00:00,2024-11-14 00:00:00,Active,Visa,2029-11-13 00:00:00,1,
CD000744,A0006254,Debit,2022-04-24 00:00:00,2022-04-30 00:00:00,Active,Visa,2027-04-24 00:00:00,2,
CD000745,A0001217,Debit,2023-11-01 00:00:00,2023-11-06 00:00:00,Active,RuPay,2028-11-01 00:00:00,2,
CD000746,A0006097,Debit,2025-03-05 00:00:00,2025-03-06 00:00:00,Blocked,RuPay,2030-03-05 00:00:00,0,Suspected Fraud
CD000747,A0006444,Debit,2022-02-21 00:00:00,2022-02-28 00:00:00,Active,Mastercard,2027-02-21 00:00:00,2,
CD000748,A0004569,Credit,2023-06-18 00:00:00,2023-06-18 00:00:00,Blocked,RuPay,2028-06-18 00:00:00,0,Lost
CD000749,A0002383,Debit,2023-03-29 00:00:00,2023-04-01 00:00:00,Active,RuPay,2028-03-29 00:00:00,1,
CD000750,A0005964,Debit,2026-06-04 00:00:00,2026-06-06 00:00:00,Active,Visa,2031-06-04 00:00:00,0,
CD000751,A0002187,Credit,2022-07-11 00:00:00,2022-07-16 00:00:00,Active,Visa,2027-07-11 00:00:00,0,
CD000752,A0003391,Debit,2022-10-16 00:00:00,2022-10-21 00:00:00,Active,Visa,2027-10-16 00:00:00,0,
CD000753,A0003621,Debit,2023-10-23 00:00:00,2023-10-30 00:00:00,Blocked,RuPay,2028-10-23 00:00:00,0,Suspected Fraud
CD000754,A0001725,Debit,2022-07-01 00:00:00,2022-07-04 00:00:00,Blocked,RuPay,2027-07-01 00:00:00,1,Suspected Fraud
CD000755,A0002710,Debit,2025-01-11 00:00:00,2025-01-14 00:00:00,Active,Visa,2030-01-11 00:00:00,2,
CD000756,A0001144,Debit,2023-05-27 00:00:00,2023-05-31 00:00:00,Active,Mastercard,2028-05-27 00:00:00,1,
CD000757,A0004226,Debit,2024-10-20 00:00:00,2024-10-27 00:00:00,Active,Mastercard,2029-10-20 00:00:00,0,
CD000758,A0003418,Debit,2025-11-07 00:00:00,2025-11-08 00:00:00,Active,RuPay,2030-11-07 00:00:00,0,
CD000759,A0000737,Debit,2022-03-14 00:00:00,2022-03-17 00:00:00,Inactive,Mastercard,2027-03-14 00:00:00,1,
CD000760,A0001687,Debit,2025-02-18 00:00:00,2025-02-23 00:00:00,Active,RuPay,2030-02-18 00:00:00,0,
CD000761,A0002517,Debit,2025-01-14 00:00:00,2025-01-17 00:00:00,Active,RuPay,2030-01-14 00:00:00,0,
CD000762,A0003241,Debit,2024-10-15 00:00:00,2024-10-17 00:00:00,Active,Mastercard,2029-10-15 00:00:00,1,
CD000763,A0003564,Credit,2023-06-19 00:00:00,2023-06-19 00:00:00,Active,Mastercard,2028-06-19 00:00:00,0,
CD000764,A0003080,Debit,2024-02-22 00:00:00,2024-02-26 00:00:00,Active,Mastercard,2029-02-22 00:00:00,0,
CD000765,A0003692,Debit,2023-01-29 00:00:00,2023-02-03 00:00:00,Inactive,Visa,2028-01-29 00:00:00,0,
CD000766,A0002272,Debit,2023-03-29 00:00:00,2023-04-04 00:00:00,Blocked,Visa,2028-03-29 00:00:00,1,Lost
CD000767,A0001284,Credit,2024-06-12 00:00:00,2024-06-18 00:00:00,Active,RuPay,2029-06-12 00:00:00,0,
CD000768,A0000838,Debit,2022-01-27 00:00:00,2022-02-01 00:00:00,Active,Visa,2027-01-27 00:00:00,0,
CD000769,A0006266,Credit,2023-08-25 00:00:00,2023-08-27 00:00:00,Active,Visa,2028-08-25 00:00:00,0,
CD000770,A0003659,Credit,2023-06-04 00:00:00,2023-06-08 00:00:00,Active,Mastercard,2028-06-04 00:00:00,0,
CD000771,A0004512,Debit,2026-02-19 00:00:00,2026-02-26 00:00:00,Blocked,RuPay,2031-02-19 00:00:00,0,Suspected Fraud
CD000772,A0000240,Credit,2025-04-14 00:00:00,2025-04-18 00:00:00,Expired,Mastercard,2030-04-14 00:00:00,1,
CD000773,A0001676,Debit,2022-01-07 00:00:00,2022-01-09 00:00:00,Active,Mastercard,2027-01-07 00:00:00,0,
CD000774,A0006147,Credit,2024-06-22 00:00:00,2024-06-29 00:00:00,Active,Mastercard,2029-06-22 00:00:00,0,
CD000775,A0004262,Debit,2023-08-04 00:00:00,2023-08-04 00:00:00,Active,Visa,2028-08-04 00:00:00,0,
CD000776,A0000850,Debit,2022-06-26 00:00:00,2022-06-30 00:00:00,Active,Visa,2027-06-26 00:00:00,0,
CD000777,A0003501,Debit,2023-06-13 00:00:00,2023-06-15 00:00:00,Active,Visa,2028-06-13 00:00:00,0,
CD000778,A0005365,Debit,2022-02-25 00:00:00,2022-02-26 00:00:00,Inactive,RuPay,2027-02-25 00:00:00,0,
CD000779,A0000984,Debit,2022-10-09 00:00:00,2022-10-10 00:00:00,Blocked,RuPay,2027-10-09 00:00:00,0,Customer Request
CD000780,A0004530,Debit,2024-11-21 00:00:00,2024-11-21 00:00:00,Active,Mastercard,2029-11-21 00:00:00,0,
CD000781,A0005501,Debit,2022-11-03 00:00:00,2022-11-07 00:00:00,Active,Mastercard,2027-11-03 00:00:00,0,
CD000782,A0004055,Debit,2026-03-13 00:00:00,2026-03-18 00:00:00,Active,Mastercard,2031-03-13 00:00:00,0,
CD000783,A0000628,Debit,2026-02-06 00:00:00,2026-02-08 00:00:00,Active,Mastercard,2031-02-06 00:00:00,0,
CD000784,A0000768,Debit,2023-09-06 00:00:00,2023-09-09 00:00:00,Inactive,Visa,2028-09-06 00:00:00,1,
CD000785,A0003525,Debit,2022-11-23 00:00:00,2022-11-30 00:00:00,Active,Visa,2027-11-23 00:00:00,0,
CD000786,A0004584,Credit,2023-12-01 00:00:00,2023-12-07 00:00:00,Active,Visa,2028-12-01 00:00:00,0,
CD000787,A0003705,Debit,2022-12-12 00:00:00,2022-12-16 00:00:00,Inactive,Visa,2027-12-12 00:00:00,0,
CD000788,A0005454,Debit,2026-06-01 00:00:00,2026-06-07 00:00:00,Active,Visa,2031-06-01 00:00:00,0,
CD000789,A0002747,Debit,2025-04-09 00:00:00,2025-04-16 00:00:00,Active,Visa,2030-04-09 00:00:00,0,
CD000790,A0001185,Debit,2022-05-06 00:00:00,2022-05-09 00:00:00,Active,Visa,2027-05-06 00:00:00,1,
CD000791,A0001357,Credit,2026-01-27 00:00:00,2026-02-01 00:00:00,Active,Mastercard,2031-01-27 00:00:00,0,
CD000792,A0003918,Debit,2025-10-12 00:00:00,2025-10-19 00:00:00,Expired,Visa,2030-10-12 00:00:00,0,
CD000793,A0003153,Debit,2025-07-17 00:00:00,2025-07-19 00:00:00,Expired,RuPay,2030-07-17 00:00:00,2,
CD000794,A0005679,Debit,2024-09-27 00:00:00,2024-10-04 00:00:00,Active,RuPay,2029-09-27 00:00:00,0,
CD000795,A0004902,Credit,2022-10-21 00:00:00,2022-10-24 00:00:00,Blocked,Mastercard,2027-10-21 00:00:00,2,Stolen
CD000796,A0005927,Debit,2023-03-14 00:00:00,2023-03-21 00:00:00,Blocked,Mastercard,2028-03-14 00:00:00,0,Lost
CD000797,A0001677,Debit,2023-08-06 00:00:00,2023-08-10 00:00:00,Active,Mastercard,2028-08-06 00:00:00,1,
CD000798,A0006103,Debit,2022-04-23 00:00:00,2022-04-25 00:00:00,Active,RuPay,2027-04-23 00:00:00,0,
CD000799,A0002817,Credit,2025-09-26 00:00:00,2025-09-28 00:00:00,Active,Visa,2030-09-26 00:00:00,2,
CD000800,A0005273,Debit,2023-11-24 00:00:00,2023-11-25 00:00:00,Active,Visa,2028-11-24 00:00:00,0,
CD000801,A0001626,Debit,2025-03-09 00:00:00,2025-03-13 00:00:00,Active,RuPay,2030-03-09 00:00:00,1,
CD000802,A0004202,Debit,2024-10-23 00:00:00,2024-10-23 00:00:00,Blocked,Mastercard,2029-10-23 00:00:00,0,Customer Request
CD000803,A0000508,Credit,2025-02-17 00:00:00,2025-02-23 00:00:00,Expired,Mastercard,2030-02-17 00:00:00,1,
CD000804,A0002670,Debit,2026-05-08 00:00:00,2026-05-11 00:00:00,Expired,Mastercard,2031-05-08 00:00:00,1,
CD000805,A0004702,Debit,2025-09-23 00:00:00,2025-09-23 00:00:00,Active,Mastercard,2030-09-23 00:00:00,1,
CD000806,A0002257,Debit,2025-04-07 00:00:00,2025-04-12 00:00:00,Active,RuPay,2030-04-07 00:00:00,0,
CD000807,A0005101,Credit,2022-02-05 00:00:00,2022-02-08 00:00:00,Active,Visa,2027-02-05 00:00:00,0,
CD000808,A0002013,Debit,2026-06-26 00:00:00,2026-07-02 00:00:00,Active,Mastercard,2031-06-26 00:00:00,0,
CD000809,A0005214,Credit,2025-12-11 00:00:00,2025-12-16 00:00:00,Active,Visa,2030-12-11 00:00:00,0,
CD000810,A0000706,Credit,2023-02-11 00:00:00,2023-02-15 00:00:00,Inactive,Mastercard,2028-02-11 00:00:00,0,
CD000811,A0004115,Debit,2025-04-28 00:00:00,2025-05-03 00:00:00,Active,Visa,2030-04-28 00:00:00,1,
CD000812,A0004926,Debit,2022-12-17 00:00:00,2022-12-19 00:00:00,Active,Mastercard,2027-12-17 00:00:00,1,
CD000813,A0000798,Debit,2022-05-04 00:00:00,2022-05-05 00:00:00,Active,Mastercard,2027-05-04 00:00:00,0,
CD000814,A0006090,Debit,2026-04-06 00:00:00,2026-04-09 00:00:00,Inactive,Visa,2031-04-06 00:00:00,2,
CD000815,A0000197,Debit,2025-11-28 00:00:00,2025-12-02 00:00:00,Active,Mastercard,2030-11-28 00:00:00,0,
CD000816,A0005322,Debit,2022-06-02 00:00:00,2022-06-06 00:00:00,Active,Mastercard,2027-06-02 00:00:00,0,
CD000817,A0003492,Debit,2022-01-10 00:00:00,2022-01-17 00:00:00,Inactive,Mastercard,2027-01-10 00:00:00,0,
CD000818,A0002746,Debit,2023-10-14 00:00:00,2023-10-21 00:00:00,Active,Visa,2028-10-14 00:00:00,0,
CD000819,A0001073,Debit,2024-11-13 00:00:00,2024-11-15 00:00:00,Active,Mastercard,2029-11-13 00:00:00,0,
CD000820,A0000305,Debit,2023-04-02 00:00:00,2023-04-06 00:00:00,Blocked,Mastercard,2028-04-02 00:00:00,0,Stolen
CD000821,A0005852,Credit,2026-05-20 00:00:00,2026-05-26 00:00:00,Active,RuPay,2031-05-20 00:00:00,1,
CD000822,A0003245,Debit,2025-10-12 00:00:00,2025-10-15 00:00:00,Active,RuPay,2030-10-12 00:00:00,0,
CD000823,A0003066,Debit,2025-06-06 00:00:00,2025-06-09 00:00:00,Active,RuPay,2030-06-06 00:00:00,1,
CD000824,A0006225,Debit,2024-11-24 00:00:00,2024-11-29 00:00:00,Active,RuPay,2029-11-24 00:00:00,0,
CD000825,A0000188,Credit,2024-02-03 00:00:00,2024-02-10 00:00:00,Active,Visa,2029-02-03 00:00:00,0,
CD000826,A0000989,Credit,2023-04-25 00:00:00,2023-04-27 00:00:00,Active,Visa,2028-04-25 00:00:00,0,
CD000827,A0004515,Debit,2024-02-03 00:00:00,2024-02-08 00:00:00,Active,Mastercard,2029-02-03 00:00:00,0,
CD000828,A0006020,Debit,2023-12-07 00:00:00,2023-12-07 00:00:00,Active,Visa,2028-12-07 00:00:00,0,
CD000829,A0001487,Debit,2022-10-20 00:00:00,2022-10-22 00:00:00,Active,Mastercard,2027-10-20 00:00:00,0,
CD000830,A0002429,Debit,2022-07-20 00:00:00,2022-07-26 00:00:00,Active,Visa,2027-07-20 00:00:00,0,
CD000831,A0002335,Debit,2024-11-30 00:00:00,2024-12-01 00:00:00,Active,Visa,2029-11-30 00:00:00,0,
CD000832,A0001491,Credit,2022-07-19 00:00:00,2022-07-23 00:00:00,Active,RuPay,2027-07-19 00:00:00,0,
CD000833,A0001876,Debit,2026-03-16 00:00:00,2026-03-17 00:00:00,Active,Visa,2031-03-16 00:00:00,0,
CD000834,A0006158,Debit,2024-09-10 00:00:00,2024-09-10 00:00:00,Active,Visa,2029-09-10 00:00:00,0,
CD000835,A0001811,Credit,2023-07-17 00:00:00,2023-07-23 00:00:00,Inactive,Visa,2028-07-17 00:00:00,1,
CD000836,A0005146,Credit,2025-12-17 00:00:00,2025-12-20 00:00:00,Inactive,RuPay,2030-12-17 00:00:00,0,
CD000837,A0004747,Credit,2022-01-16 00:00:00,2022-01-18 00:00:00,Active,RuPay,2027-01-16 00:00:00,0,
CD000838,A0005074,Debit,2023-05-10 00:00:00,2023-05-10 00:00:00,Active,Visa,2028-05-10 00:00:00,0,
CD000839,A0002892,Credit,2024-11-03 00:00:00,2024-11-04 00:00:00,Active,Mastercard,2029-11-03 00:00:00,0,
CD000840,A0001288,Debit,2024-12-09 00:00:00,2024-12-10 00:00:00,Active,Visa,2029-12-09 00:00:00,1,
CD000841,A0001417,Credit,2025-11-01 00:00:00,2025-11-02 00:00:00,Active,Visa,2030-11-01 00:00:00,0,
CD000842,A0002101,Debit,2022-09-08 00:00:00,2022-09-08 00:00:00,Inactive,Mastercard,2027-09-08 00:00:00,0,
CD000843,A0000318,Debit,2024-09-03 00:00:00,2024-09-09 00:00:00,Active,Mastercard,2029-09-03 00:00:00,0,
CD000844,A0005937,Credit,2023-05-15 00:00:00,2023-05-16 00:00:00,Active,RuPay,2028-05-15 00:00:00,0,
CD000845,A0004339,Debit,2023-01-02 00:00:00,2023-01-09 00:00:00,Active,Mastercard,2028-01-02 00:00:00,0,
CD000846,A0002914,Debit,2025-07-26 00:00:00,2025-07-29 00:00:00,Blocked,Mastercard,2030-07-26 00:00:00,0,Suspected Fraud
CD000847,A0001744,Debit,2024-04-22 00:00:00,2024-04-29 00:00:00,Active,RuPay,2029-04-22 00:00:00,0,
CD000848,A0001649,Debit,2026-06-20 00:00:00,2026-06-20 00:00:00,Active,Visa,2031-06-20 00:00:00,1,
CD000849,A0006346,Debit,2023-02-07 00:00:00,2023-02-14 00:00:00,Inactive,RuPay,2028-02-07 00:00:00,0,
CD000850,A0006221,Debit,2022-07-03 00:00:00,2022-07-04 00:00:00,Active,Visa,2027-07-03 00:00:00,0,
CD000851,A0002487,Debit,2025-02-12 00:00:00,2025-02-14 00:00:00,Active,RuPay,2030-02-12 00:00:00,0,
CD000852,A0003028,Debit,2024-11-02 00:00:00,2024-11-08 00:00:00,Active,Visa,2029-11-02 00:00:00,0,
CD000853,A0006072,Debit,2023-07-04 00:00:00,2023-07-11 00:00:00,Active,Visa,2028-07-04 00:00:00,0,
CD000854,A0002860,Debit,2023-07-16 00:00:00,2023-07-23 00:00:00,Inactive,Mastercard,2028-07-16 00:00:00,0,
CD000855,A0005183,Credit,2022-10-21 00:00:00,2022-10-28 00:00:00,Active,Visa,2027-10-21 00:00:00,1,
CD000856,A0003276,Debit,2025-05-18 00:00:00,2025-05-23 00:00:00,Active,Mastercard,2030-05-18 00:00:00,0,
CD000857,A0001441,Debit,2025-08-28 00:00:00,2025-08-29 00:00:00,Blocked,Visa,2030-08-28 00:00:00,0,Customer Request
CD000858,A0000972,Debit,2023-08-04 00:00:00,2023-08-06 00:00:00,Inactive,RuPay,2028-08-04 00:00:00,0,
CD000859,A0002032,Debit,2024-05-02 00:00:00,2024-05-06 00:00:00,Active,Visa,2029-05-02 00:00:00,0,
CD000860,A0003841,Debit,2023-11-15 00:00:00,2023-11-21 00:00:00,Active,Visa,2028-11-15 00:00:00,0,
CD000861,A0003182,Credit,2022-08-25 00:00:00,2022-09-01 00:00:00,Active,RuPay,2027-08-25 00:00:00,0,
CD000862,A0003522,Credit,2022-03-27 00:00:00,2022-03-31 00:00:00,Active,RuPay,2027-03-27 00:00:00,0,
CD000863,A0000594,Debit,2026-04-24 00:00:00,2026-04-26 00:00:00,Active,Mastercard,2031-04-24 00:00:00,0,
CD000864,A0002959,Debit,2025-05-02 00:00:00,2025-05-08 00:00:00,Active,RuPay,2030-05-02 00:00:00,0,
CD000865,A0001593,Debit,2024-12-06 00:00:00,2024-12-12 00:00:00,Active,Mastercard,2029-12-06 00:00:00,1,
CD000866,A0000008,Debit,2026-04-01 00:00:00,2026-04-05 00:00:00,Active,Mastercard,2031-04-01 00:00:00,2,
CD000867,A0005117,Debit,2023-04-10 00:00:00,2023-04-13 00:00:00,Inactive,Visa,2028-04-10 00:00:00,1,
CD000868,A0001361,Debit,2023-07-27 00:00:00,2023-07-29 00:00:00,Active,RuPay,2028-07-27 00:00:00,0,
CD000869,A0002637,Credit,2022-06-07 00:00:00,2022-06-12 00:00:00,Active,RuPay,2027-06-07 00:00:00,0,
CD000870,A0005476,Debit,2026-03-09 00:00:00,2026-03-16 00:00:00,Inactive,RuPay,2031-03-09 00:00:00,0,
CD000871,A0005820,Debit,2023-08-02 00:00:00,2023-08-05 00:00:00,Active,Visa,2028-08-02 00:00:00,0,
CD000872,A0005480,Debit,2025-08-24 00:00:00,2025-08-25 00:00:00,Active,Visa,2030-08-24 00:00:00,0,
CD000873,A0000669,Debit,2023-06-04 00:00:00,2023-06-06 00:00:00,Active,Visa,2028-06-04 00:00:00,0,
CD000874,A0002199,Debit,2024-06-18 00:00:00,2024-06-22 00:00:00,Active,Visa,2029-06-18 00:00:00,0,
CD000875,A0005310,Debit,2023-08-23 00:00:00,2023-08-26 00:00:00,Active,RuPay,2028-08-23 00:00:00,0,
CD000876,A0006082,Credit,2025-05-01 00:00:00,2025-05-06 00:00:00,Active,Visa,2030-05-01 00:00:00,1,
CD000877,A0002851,Credit,2022-05-24 00:00:00,2022-05-31 00:00:00,Active,Visa,2027-05-24 00:00:00,0,
CD000878,A0000153,Credit,2023-09-12 00:00:00,2023-09-17 00:00:00,Active,Mastercard,2028-09-12 00:00:00,1,
CD000879,A0001281,Debit,2023-08-07 00:00:00,2023-08-14 00:00:00,Active,Mastercard,2028-08-07 00:00:00,1,
CD000880,A0002539,Debit,2026-01-13 00:00:00,2026-01-16 00:00:00,Active,Visa,2031-01-13 00:00:00,1,
CD000881,A0004480,Debit,2022-05-19 00:00:00,2022-05-25 00:00:00,Expired,Visa,2027-05-19 00:00:00,0,
CD000882,A0005561,Debit,2025-10-08 00:00:00,2025-10-10 00:00:00,Inactive,Mastercard,2030-10-08 00:00:00,1,
CD000883,A0000332,Debit,2024-01-21 00:00:00,2024-01-22 00:00:00,Active,RuPay,2029-01-21 00:00:00,0,
CD000884,A0004591,Debit,2023-01-10 00:00:00,2023-01-10 00:00:00,Expired,Mastercard,2028-01-10 00:00:00,0,
CD000885,A0004866,Debit,2023-11-02 00:00:00,2023-11-06 00:00:00,Active,Mastercard,2028-11-02 00:00:00,0,
CD000886,A0004609,Debit,2023-08-25 00:00:00,2023-08-28 00:00:00,Blocked,RuPay,2028-08-25 00:00:00,0,Stolen
CD000887,A0001118,Credit,2025-07-30 00:00:00,2025-08-02 00:00:00,Active,Visa,2030-07-30 00:00:00,2,
CD000888,A0006428,Debit,2024-12-04 00:00:00,2024-12-07 00:00:00,Expired,Visa,2029-12-04 00:00:00,0,
CD000889,A0005869,Credit,2023-02-21 00:00:00,2023-02-25 00:00:00,Active,Visa,2028-02-21 00:00:00,0,
CD000890,A0004992,Debit,2025-05-29 00:00:00,2025-06-01 00:00:00,Active,Visa,2030-05-29 00:00:00,0,
CD000891,A0000685,Credit,2022-06-19 00:00:00,2022-06-24 00:00:00,Active,RuPay,2027-06-19 00:00:00,1,
CD000892,A0003724,Credit,2023-09-25 00:00:00,2023-10-01 00:00:00,Inactive,RuPay,2028-09-25 00:00:00,1,
CD000893,A0003588,Debit,2025-05-10 00:00:00,2025-05-17 00:00:00,Active,Visa,2030-05-10 00:00:00,2,
CD000894,A0003791,Debit,2022-12-06 00:00:00,2022-12-09 00:00:00,Active,Mastercard,2027-12-06 00:00:00,0,
CD000895,A0004312,Debit,2025-04-02 00:00:00,2025-04-03 00:00:00,Blocked,Visa,2030-04-02 00:00:00,0,Lost
CD000896,A0001666,Debit,2024-03-15 00:00:00,2024-03-17 00:00:00,Active,Mastercard,2029-03-15 00:00:00,0,
CD000897,A0000342,Debit,2024-08-29 00:00:00,2024-08-31 00:00:00,Active,Visa,2029-08-29 00:00:00,0,
CD000898,A0003998,Credit,2024-01-01 00:00:00,2024-01-08 00:00:00,Active,Mastercard,2029-01-01 00:00:00,0,
CD000899,A0006325,Credit,2023-01-07 00:00:00,2023-01-14 00:00:00,Active,Visa,2028-01-07 00:00:00,0,
CD000900,A0000815,Credit,2023-11-24 00:00:00,2023-11-29 00:00:00,Active,RuPay,2028-11-24 00:00:00,0,
CD000901,A0004092,Credit,2026-03-04 00:00:00,2026-03-11 00:00:00,Active,Mastercard,2031-03-04 00:00:00,0,
CD000902,A0006230,Debit,2023-10-29 00:00:00,2023-10-31 00:00:00,Expired,RuPay,2028-10-29 00:00:00,0,
CD000903,A0000578,Credit,2022-11-12 00:00:00,2022-11-18 00:00:00,Active,Mastercard,2027-11-12 00:00:00,0,
CD000904,A0002656,Credit,2023-06-12 00:00:00,2023-06-16 00:00:00,Active,Visa,2028-06-12 00:00:00,0,
CD000905,A0000215,Debit,2023-07-02 00:00:00,2023-07-02 00:00:00,Active,Mastercard,2028-07-02 00:00:00,0,
CD000906,A0001033,Debit,2022-05-20 00:00:00,2022-05-27 00:00:00,Active,Visa,2027-05-20 00:00:00,0,
CD000907,A0000982,Debit,2024-05-31 00:00:00,2024-06-03 00:00:00,Active,Mastercard,2029-05-31 00:00:00,0,
CD000908,A0004881,Debit,2023-07-05 00:00:00,2023-07-10 00:00:00,Active,RuPay,2028-07-05 00:00:00,0,
CD000909,A0001550,Debit,2026-01-11 00:00:00,2026-01-13 00:00:00,Active,Visa,2031-01-11 00:00:00,2,
CD000910,A0000506,Debit,2022-05-08 00:00:00,2022-05-15 00:00:00,Active,Visa,2027-05-08 00:00:00,0,
CD000911,A0003719,Debit,2024-03-07 00:00:00,2024-03-14 00:00:00,Active,RuPay,2029-03-07 00:00:00,0,
CD000912,A0002168,Credit,2025-02-22 00:00:00,2025-02-25 00:00:00,Active,Mastercard,2030-02-22 00:00:00,0,
CD000913,A0001662,Debit,2023-10-14 00:00:00,2023-10-18 00:00:00,Expired,Mastercard,2028-10-14 00:00:00,0,
CD000914,A0001056,Credit,2022-11-09 00:00:00,2022-11-13 00:00:00,Active,Mastercard,2027-11-09 00:00:00,0,
CD000915,A0006073,Debit,2025-01-06 00:00:00,2025-01-13 00:00:00,Active,Mastercard,2030-01-06 00:00:00,0,
CD000916,A0004466,Debit,2024-07-06 00:00:00,2024-07-13 00:00:00,Active,Visa,2029-07-06 00:00:00,0,
CD000917,A0004037,Debit,2023-12-06 00:00:00,2023-12-10 00:00:00,Active,Mastercard,2028-12-06 00:00:00,1,
CD000918,A0000607,Debit,2022-07-11 00:00:00,2022-07-13 00:00:00,Expired,Visa,2027-07-11 00:00:00,1,
CD000919,A0003652,Debit,2026-01-21 00:00:00,2026-01-28 00:00:00,Active,RuPay,2031-01-21 00:00:00,0,
CD000920,A0006360,Credit,2024-09-07 00:00:00,2024-09-10 00:00:00,Active,Visa,2029-09-07 00:00:00,1,
CD000921,A0001331,Debit,2024-06-05 00:00:00,2024-06-06 00:00:00,Active,RuPay,2029-06-05 00:00:00,0,
CD000922,A0002847,Debit,2025-12-01 00:00:00,2025-12-02 00:00:00,Active,Mastercard,2030-12-01 00:00:00,0,
CD000923,A0001311,Debit,2026-05-21 00:00:00,2026-05-22 00:00:00,Inactive,Visa,2031-05-21 00:00:00,0,
CD000924,A0003550,Credit,2023-10-17 00:00:00,2023-10-20 00:00:00,Expired,Visa,2028-10-17 00:00:00,0,
CD000925,A0002427,Debit,2025-06-11 00:00:00,2025-06-16 00:00:00,Active,Mastercard,2030-06-11 00:00:00,0,
CD000926,A0001130,Debit,2024-09-23 00:00:00,2024-09-29 00:00:00,Active,RuPay,2029-09-23 00:00:00,2,
CD000927,A0002563,Debit,2025-07-22 00:00:00,2025-07-25 00:00:00,Active,Mastercard,2030-07-22 00:00:00,0,
CD000928,A0003212,Credit,2022-04-10 00:00:00,2022-04-14 00:00:00,Active,RuPay,2027-04-10 00:00:00,0,
CD000929,A0004774,Debit,2024-12-27 00:00:00,2024-12-27 00:00:00,Active,Visa,2029-12-27 00:00:00,0,
CD000930,A0005909,Debit,2026-05-12 00:00:00,2026-05-16 00:00:00,Active,Visa,2031-05-12 00:00:00,1,
CD000931,A0006091,Debit,2022-12-29 00:00:00,2023-01-01 00:00:00,Active,Visa,2027-12-29 00:00:00,2,
CD000932,A0002014,Debit,2026-03-21 00:00:00,2026-03-27 00:00:00,Blocked,Mastercard,2031-03-21 00:00:00,0,Lost
CD000933,A0002251,Debit,2026-01-31 00:00:00,2026-02-03 00:00:00,Blocked,Visa,2031-01-31 00:00:00,0,Lost
CD000934,A0001705,Debit,2022-10-23 00:00:00,2022-10-30 00:00:00,Blocked,Visa,2027-10-23 00:00:00,1,Lost
CD000935,A0005779,Credit,2023-01-06 00:00:00,2023-01-11 00:00:00,Expired,Mastercard,2028-01-06 00:00:00,0,
CD000936,A0006234,Debit,2022-10-23 00:00:00,2022-10-25 00:00:00,Active,Visa,2027-10-23 00:00:00,0,
CD000937,A0005066,Debit,2022-03-19 00:00:00,2022-03-20 00:00:00,Active,Mastercard,2027-03-19 00:00:00,0,
CD000938,A0000784,Debit,2024-04-21 00:00:00,2024-04-25 00:00:00,Blocked,Visa,2029-04-21 00:00:00,0,Lost
CD000939,A0000940,Debit,2026-02-23 00:00:00,2026-03-01 00:00:00,Active,Visa,2031-02-23 00:00:00,1,
CD000940,A0000654,Credit,2025-03-16 00:00:00,2025-03-18 00:00:00,Active,Visa,2030-03-16 00:00:00,0,
CD000941,A0006237,Debit,2023-09-29 00:00:00,2023-09-29 00:00:00,Inactive,Visa,2028-09-29 00:00:00,0,
CD000942,A0000662,Debit,2023-11-15 00:00:00,2023-11-21 00:00:00,Active,Mastercard,2028-11-15 00:00:00,1,
CD000943,A0004925,Debit,2024-12-26 00:00:00,2024-12-29 00:00:00,Active,RuPay,2029-12-26 00:00:00,0,
CD000944,A0001535,Debit,2025-01-20 00:00:00,2025-01-24 00:00:00,Active,Mastercard,2030-01-20 00:00:00,0,
CD000945,A0002361,Debit,2022-11-05 00:00:00,2022-11-11 00:00:00,Inactive,RuPay,2027-11-05 00:00:00,0,
CD000946,A0003557,Debit,2023-09-09 00:00:00,2023-09-10 00:00:00,Active,RuPay,2028-09-09 00:00:00,0,
CD000947,A0002766,Credit,2024-01-01 00:00:00,2024-01-03 00:00:00,Active,Visa,2029-01-01 00:00:00,0,
CD000948,A0000676,Credit,2022-03-02 00:00:00,2022-03-04 00:00:00,Active,Mastercard,2027-03-02 00:00:00,1,
CD000949,A0003733,Debit,2024-10-14 00:00:00,2024-10-19 00:00:00,Inactive,Mastercard,2029-10-14 00:00:00,0,
CD000950,A0001138,Debit,2023-10-20 00:00:00,2023-10-25 00:00:00,Expired,RuPay,2028-10-20 00:00:00,0,
CD000951,A0002676,Debit,2024-08-25 00:00:00,2024-08-25 00:00:00,Active,RuPay,2029-08-25 00:00:00,0,
CD000952,A0004412,Debit,2022-10-05 00:00:00,2022-10-09 00:00:00,Active,Mastercard,2027-10-05 00:00:00,0,
CD000953,A0004504,Credit,2025-08-08 00:00:00,2025-08-14 00:00:00,Active,RuPay,2030-08-08 00:00:00,0,
CD000954,A0005765,Debit,2023-09-05 00:00:00,2023-09-07 00:00:00,Active,Visa,2028-09-05 00:00:00,0,
CD000955,A0004096,Debit,2025-09-09 00:00:00,2025-09-10 00:00:00,Inactive,RuPay,2030-09-09 00:00:00,1,
CD000956,A0002699,Debit,2022-09-06 00:00:00,2022-09-10 00:00:00,Active,Mastercard,2027-09-06 00:00:00,1,
CD000957,A0002855,Debit,2022-12-25 00:00:00,2022-12-25 00:00:00,Active,Visa,2027-12-25 00:00:00,0,
CD000958,A0000096,Debit,2024-04-07 00:00:00,2024-04-08 00:00:00,Active,Visa,2029-04-07 00:00:00,0,
CD000959,A0005020,Debit,2024-03-20 00:00:00,2024-03-24 00:00:00,Active,RuPay,2029-03-20 00:00:00,0,
CD000960,A0005664,Debit,2022-08-27 00:00:00,2022-09-01 00:00:00,Blocked,RuPay,2027-08-27 00:00:00,0,Lost
CD000961,A0002073,Debit,2022-05-20 00:00:00,2022-05-27 00:00:00,Blocked,RuPay,2027-05-20 00:00:00,3,Suspected Fraud
CD000962,A0002623,Debit,2026-03-24 00:00:00,2026-03-24 00:00:00,Active,Visa,2031-03-24 00:00:00,0,
CD000963,A0002377,Debit,2024-02-17 00:00:00,2024-02-22 00:00:00,Active,Visa,2029-02-17 00:00:00,0,
CD000964,A0005539,Credit,2025-03-01 00:00:00,2025-03-03 00:00:00,Active,RuPay,2030-03-01 00:00:00,0,
CD000965,A0000316,Debit,2025-05-17 00:00:00,2025-05-18 00:00:00,Active,Visa,2030-05-17 00:00:00,0,
CD000966,A0001452,Debit,2022-06-02 00:00:00,2022-06-09 00:00:00,Active,RuPay,2027-06-02 00:00:00,0,
CD000967,A0003767,Debit,2024-12-29 00:00:00,2024-12-29 00:00:00,Active,Mastercard,2029-12-29 00:00:00,0,
CD000968,A0002370,Credit,2024-04-12 00:00:00,2024-04-14 00:00:00,Active,RuPay,2029-04-12 00:00:00,0,
CD000969,A0002331,Debit,2023-06-26 00:00:00,2023-06-28 00:00:00,Active,RuPay,2028-06-26 00:00:00,0,
CD000970,A0001053,Debit,2022-02-11 00:00:00,2022-02-13 00:00:00,Inactive,Mastercard,2027-02-11 00:00:00,0,
CD000971,A0002462,Debit,2023-04-22 00:00:00,2023-04-29 00:00:00,Active,Visa,2028-04-22 00:00:00,0,
CD000972,A0003537,Debit,2023-06-16 00:00:00,2023-06-21 00:00:00,Active,RuPay,2028-06-16 00:00:00,0,
CD000973,A0003006,Debit,2025-01-23 00:00:00,2025-01-24 00:00:00,Inactive,Visa,2030-01-23 00:00:00,0,
CD000974,A0000410,Debit,2025-05-13 00:00:00,2025-05-19 00:00:00,Active,Mastercard,2030-05-13 00:00:00,0,
CD000975,A0004679,Debit,2023-06-22 00:00:00,2023-06-26 00:00:00,Active,RuPay,2028-06-22 00:00:00,1,
CD000976,A0006454,Debit,2022-11-22 00:00:00,2022-11-26 00:00:00,Active,RuPay,2027-11-22 00:00:00,0,
CD000977,A0000382,Debit,2023-11-05 00:00:00,2023-11-07 00:00:00,Blocked,Visa,2028-11-05 00:00:00,1,Lost
CD000978,A0003113,Debit,2023-06-19 00:00:00,2023-06-22 00:00:00,Expired,Visa,2028-06-19 00:00:00,0,
CD000979,A0005459,Debit,2025-11-11 00:00:00,2025-11-13 00:00:00,Active,RuPay,2030-11-11 00:00:00,0,
CD000980,A0004516,Debit,2024-02-28 00:00:00,2024-03-06 00:00:00,Inactive,Mastercard,2029-02-28 00:00:00,1,
CD000981,A0005338,Debit,2022-04-28 00:00:00,2022-05-02 00:00:00,Active,Visa,2027-04-28 00:00:00,0,
CD000982,A0004698,Debit,2025-08-03 00:00:00,2025-08-09 00:00:00,Active,Visa,2030-08-03 00:00:00,0,
CD000983,A0001348,Debit,2025-05-09 00:00:00,2025-05-16 00:00:00,Blocked,Mastercard,2030-05-09 00:00:00,0,Suspected Fraud
CD000984,A0001423,Credit,2023-09-04 00:00:00,2023-09-11 00:00:00,Active,Mastercard,2028-09-04 00:00:00,2,
CD000985,A0006153,Debit,2024-04-29 00:00:00,2024-04-30 00:00:00,Active,Mastercard,2029-04-29 00:00:00,0,
CD000986,A0002871,Debit,2025-09-29 00:00:00,2025-10-04 00:00:00,Active,Visa,2030-09-29 00:00:00,0,
CD000987,A0001116,Debit,2024-02-16 00:00:00,2024-02-17 00:00:00,Active,Mastercard,2029-02-16 00:00:00,0,
CD000988,A0004776,Debit,2024-08-23 00:00:00,2024-08-29 00:00:00,Blocked,RuPay,2029-08-23 00:00:00,1,Suspected Fraud
CD000989,A0004209,Debit,2026-03-08 00:00:00,2026-03-13 00:00:00,Blocked,RuPay,2031-03-08 00:00:00,1,Suspected Fraud
CD000990,A0000106,Debit,2023-12-22 00:00:00,2023-12-29 00:00:00,Active,Mastercard,2028-12-22 00:00:00,0,
CD000991,A0004070,Debit,2022-09-23 00:00:00,2022-09-25 00:00:00,Active,Visa,2027-09-23 00:00:00,0,
CD000992,A0001594,Debit,2025-02-10 00:00:00,2025-02-14 00:00:00,Inactive,RuPay,2030-02-10 00:00:00,0,
CD000993,A0005518,Debit,2023-01-15 00:00:00,2023-01-15 00:00:00,Expired,Visa,2028-01-15 00:00:00,1,
CD000994,A0005860,Credit,2026-01-01 00:00:00,2026-01-04 00:00:00,Active,Visa,2031-01-01 00:00:00,0,
CD000995,A0005532,Debit,2025-10-13 00:00:00,2025-10-19 00:00:00,Inactive,RuPay,2030-10-13 00:00:00,0,
CD000996,A0000302,Debit,2023-07-08 00:00:00,2023-07-15 00:00:00,Active,Mastercard,2028-07-08 00:00:00,1,
CD000997,A0005206,Debit,2023-03-01 00:00:00,2023-03-04 00:00:00,Active,Visa,2028-03-01 00:00:00,0,
CD000998,A0000977,Debit,2023-08-22 00:00:00,2023-08-24 00:00:00,Active,RuPay,2028-08-22 00:00:00,0,
CD000999,A0004298,Debit,2023-04-23 00:00:00,2023-04-29 00:00:00,Active,Mastercard,2028-04-23 00:00:00,1,
CD001000,A0002824,Debit,2023-09-22 00:00:00,2023-09-29 00:00:00,Active,Visa,2028-09-22 00:00:00,2,
CD001001,A0000228,Debit,2026-03-21 00:00:00,2026-03-25 00:00:00,Active,RuPay,2031-03-21 00:00:00,0,
CD001002,A0001985,Credit,2022-02-25 00:00:00,2022-02-27 00:00:00,Expired,Visa,2027-02-25 00:00:00,0,
CD001003,A0005500,Debit,2024-06-04 00:00:00,2024-06-05 00:00:00,Active,Visa,2029-06-04 00:00:00,0,
CD001004,A0002629,Debit,2025-03-08 00:00:00,2025-03-08 00:00:00,Blocked,Mastercard,2030-03-08 00:00:00,0,Stolen
CD001005,A0001816,Debit,2026-01-21 00:00:00,2026-01-23 00:00:00,Active,RuPay,2031-01-21 00:00:00,0,
CD001006,A0003054,Credit,2025-03-31 00:00:00,2025-04-04 00:00:00,Active,Mastercard,2030-03-31 00:00:00,0,
CD001007,A0003745,Debit,2024-03-16 00:00:00,2024-03-16 00:00:00,Active,Mastercard,2029-03-16 00:00:00,0,
CD001008,A0003507,Debit,2025-12-05 00:00:00,2025-12-05 00:00:00,Inactive,Visa,2030-12-05 00:00:00,0,
CD001009,A0004107,Debit,2022-06-09 00:00:00,2022-06-16 00:00:00,Active,Visa,2027-06-09 00:00:00,0,
CD001010,A0001864,Debit,2024-02-17 00:00:00,2024-02-23 00:00:00,Active,Mastercard,2029-02-17 00:00:00,1,
CD001011,A0001148,Debit,2022-03-16 00:00:00,2022-03-16 00:00:00,Active,Visa,2027-03-16 00:00:00,0,
CD001012,A0000674,Debit,2024-10-23 00:00:00,2024-10-30 00:00:00,Active,RuPay,2029-10-23 00:00:00,0,
CD001013,A0000063,Debit,2023-11-15 00:00:00,2023-11-20 00:00:00,Active,Visa,2028-11-15 00:00:00,0,
CD001014,A0000456,Credit,2023-07-31 00:00:00,2023-08-02 00:00:00,Active,Visa,2028-07-31 00:00:00,1,
CD001015,A0001810,Debit,2023-05-16 00:00:00,2023-05-19 00:00:00,Active,RuPay,2028-05-16 00:00:00,0,
CD001016,A0005857,Credit,2022-10-03 00:00:00,2022-10-08 00:00:00,Active,Visa,2027-10-03 00:00:00,0,
CD001017,A0006306,Credit,2023-08-23 00:00:00,2023-08-25 00:00:00,Active,Visa,2028-08-23 00:00:00,0,
CD001018,A0000633,Debit,2023-04-12 00:00:00,2023-04-14 00:00:00,Active,Visa,2028-04-12 00:00:00,0,
CD001019,A0004532,Credit,2025-05-11 00:00:00,2025-05-18 00:00:00,Active,Visa,2030-05-11 00:00:00,3,
CD001020,A0003424,Credit,2026-01-28 00:00:00,2026-02-04 00:00:00,Active,Mastercard,2031-01-28 00:00:00,1,
CD001021,A0003872,Debit,2023-12-07 00:00:00,2023-12-12 00:00:00,Expired,Visa,2028-12-07 00:00:00,0,
CD001022,A0001974,Debit,2022-06-30 00:00:00,2022-07-01 00:00:00,Blocked,RuPay,2027-06-30 00:00:00,0,Stolen
CD001023,A0003986,Debit,2024-11-12 00:00:00,2024-11-19 00:00:00,Active,Mastercard,2029-11-12 00:00:00,0,
CD001024,A0000432,Debit,2022-06-22 00:00:00,2022-06-26 00:00:00,Active,Visa,2027-06-22 00:00:00,0,
CD001025,A0001419,Credit,2025-10-26 00:00:00,2025-11-01 00:00:00,Active,RuPay,2030-10-26 00:00:00,1,
CD001026,A0001861,Debit,2022-04-12 00:00:00,2022-04-14 00:00:00,Inactive,RuPay,2027-04-12 00:00:00,0,
CD001027,A0003062,Debit,2022-06-03 00:00:00,2022-06-09 00:00:00,Blocked,Visa,2027-06-03 00:00:00,0,Stolen
CD001028,A0002603,Debit,2025-11-11 00:00:00,2025-11-11 00:00:00,Active,Visa,2030-11-11 00:00:00,0,
CD001029,A0005636,Debit,2023-10-23 00:00:00,2023-10-25 00:00:00,Active,RuPay,2028-10-23 00:00:00,0,
CD001030,A0001865,Debit,2025-12-25 00:00:00,2025-12-31 00:00:00,Active,RuPay,2030-12-25 00:00:00,0,
CD001031,A0003610,Debit,2024-09-18 00:00:00,2024-09-21 00:00:00,Active,Visa,2029-09-18 00:00:00,1,
CD001032,A0005767,Debit,2022-11-19 00:00:00,2022-11-24 00:00:00,Active,Mastercard,2027-11-19 00:00:00,0,
CD001033,A0005061,Debit,2022-01-10 00:00:00,2022-01-13 00:00:00,Active,Mastercard,2027-01-10 00:00:00,1,
CD001034,A0000128,Debit,2025-12-02 00:00:00,2025-12-05 00:00:00,Active,RuPay,2030-12-02 00:00:00,0,
CD001035,A0002890,Debit,2023-08-15 00:00:00,2023-08-21 00:00:00,Active,Mastercard,2028-08-15 00:00:00,0,
CD001036,A0002584,Debit,2023-05-05 00:00:00,2023-05-12 00:00:00,Active,RuPay,2028-05-05 00:00:00,0,
CD001037,A0003801,Debit,2023-11-21 00:00:00,2023-11-21 00:00:00,Active,RuPay,2028-11-21 00:00:00,0,
CD001038,A0004450,Debit,2022-07-29 00:00:00,2022-08-05 00:00:00,Active,Visa,2027-07-29 00:00:00,0,
CD001039,A0006102,Debit,2024-01-20 00:00:00,2024-01-20 00:00:00,Active,Mastercard,2029-01-20 00:00:00,0,
CD001040,A0003907,Credit,2025-10-10 00:00:00,2025-10-12 00:00:00,Active,Visa,2030-10-10 00:00:00,0,
CD001041,A0002328,Debit,2023-06-05 00:00:00,2023-06-07 00:00:00,Active,Visa,2028-06-05 00:00:00,1,
CD001042,A0000853,Debit,2023-12-11 00:00:00,2023-12-18 00:00:00,Active,Visa,2028-12-11 00:00:00,1,
CD001043,A0003215,Debit,2024-11-30 00:00:00,2024-12-04 00:00:00,Active,Mastercard,2029-11-30 00:00:00,0,
CD001044,A0004863,Debit,2024-02-18 00:00:00,2024-02-21 00:00:00,Active,Mastercard,2029-02-18 00:00:00,0,
CD001045,A0001722,Debit,2025-06-02 00:00:00,2025-06-02 00:00:00,Active,Visa,2030-06-02 00:00:00,0,
CD001046,A0006397,Debit,2024-12-03 00:00:00,2024-12-07 00:00:00,Active,Mastercard,2029-12-03 00:00:00,0,
CD001047,A0000748,Credit,2026-03-15 00:00:00,2026-03-19 00:00:00,Active,Visa,2031-03-15 00:00:00,0,
CD001048,A0001908,Debit,2023-06-29 00:00:00,2023-07-04 00:00:00,Active,Mastercard,2028-06-29 00:00:00,0,
CD001049,A0001415,Credit,2025-05-05 00:00:00,2025-05-07 00:00:00,Active,Visa,2030-05-05 00:00:00,1,
CD001050,A0002971,Debit,2025-09-26 00:00:00,2025-09-28 00:00:00,Inactive,Mastercard,2030-09-26 00:00:00,0,
CD001051,A0003759,Debit,2023-12-09 00:00:00,2023-12-12 00:00:00,Active,Mastercard,2028-12-09 00:00:00,0,
CD001052,A0004160,Debit,2023-11-01 00:00:00,2023-11-01 00:00:00,Active,RuPay,2028-11-01 00:00:00,0,
CD001053,A0000758,Credit,2022-06-29 00:00:00,2022-06-29 00:00:00,Active,Mastercard,2027-06-29 00:00:00,0,
CD001054,A0000800,Credit,2025-07-08 00:00:00,2025-07-13 00:00:00,Active,Mastercard,2030-07-08 00:00:00,0,
CD001055,A0002649,Credit,2026-06-20 00:00:00,2026-06-23 00:00:00,Active,RuPay,2031-06-20 00:00:00,0,
CD001056,A0000960,Credit,2023-10-08 00:00:00,2023-10-11 00:00:00,Active,Mastercard,2028-10-08 00:00:00,0,
CD001057,A0002467,Debit,2022-06-07 00:00:00,2022-06-09 00:00:00,Inactive,Visa,2027-06-07 00:00:00,2,
CD001058,A0006088,Debit,2023-05-30 00:00:00,2023-06-03 00:00:00,Active,Mastercard,2028-05-30 00:00:00,0,
CD001059,A0005321,Credit,2024-05-03 00:00:00,2024-05-04 00:00:00,Expired,Mastercard,2029-05-03 00:00:00,0,
CD001060,A0003645,Debit,2022-06-28 00:00:00,2022-07-04 00:00:00,Active,Mastercard,2027-06-28 00:00:00,0,
CD001061,A0004561,Credit,2025-06-08 00:00:00,2025-06-10 00:00:00,Active,Mastercard,2030-06-08 00:00:00,0,
CD001062,A0005582,Credit,2023-06-11 00:00:00,2023-06-13 00:00:00,Active,Visa,2028-06-11 00:00:00,0,
CD001063,A0003091,Credit,2022-12-29 00:00:00,2022-12-29 00:00:00,Active,Mastercard,2027-12-29 00:00:00,0,
CD001064,A0005564,Debit,2026-01-13 00:00:00,2026-01-19 00:00:00,Active,Visa,2031-01-13 00:00:00,1,
CD001065,A0006442,Credit,2024-08-22 00:00:00,2024-08-24 00:00:00,Active,RuPay,2029-08-22 00:00:00,0,
CD001066,A0002059,Debit,2024-11-10 00:00:00,2024-11-15 00:00:00,Active,Visa,2029-11-10 00:00:00,1,
CD001067,A0004705,Debit,2025-03-04 00:00:00,2025-03-05 00:00:00,Active,Mastercard,2030-03-04 00:00:00,2,
CD001068,A0003363,Credit,2023-06-28 00:00:00,2023-07-02 00:00:00,Active,Visa,2028-06-28 00:00:00,1,
CD001069,A0000408,Credit,2025-05-04 00:00:00,2025-05-06 00:00:00,Active,Visa,2030-05-04 00:00:00,0,
CD001070,A0004542,Debit,2023-10-23 00:00:00,2023-10-26 00:00:00,Inactive,Visa,2028-10-23 00:00:00,0,
CD001071,A0001859,Debit,2025-12-10 00:00:00,2025-12-14 00:00:00,Active,Visa,2030-12-10 00:00:00,0,
CD001072,A0006276,Debit,2026-04-21 00:00:00,2026-04-28 00:00:00,Blocked,Mastercard,2031-04-21 00:00:00,0,Customer Request
CD001073,A0002985,Debit,2022-08-26 00:00:00,2022-08-27 00:00:00,Active,Mastercard,2027-08-26 00:00:00,0,
CD001074,A0001107,Credit,2023-04-20 00:00:00,2023-04-23 00:00:00,Active,RuPay,2028-04-20 00:00:00,0,
CD001075,A0001751,Debit,2023-09-11 00:00:00,2023-09-11 00:00:00,Blocked,RuPay,2028-09-11 00:00:00,2,Lost
CD001076,A0005831,Debit,2024-10-17 00:00:00,2024-10-21 00:00:00,Active,RuPay,2029-10-17 00:00:00,1,
CD001077,A0002010,Credit,2025-07-05 00:00:00,2025-07-09 00:00:00,Active,Visa,2030-07-05 00:00:00,0,
CD001078,A0002595,Debit,2023-09-27 00:00:00,2023-09-30 00:00:00,Active,Mastercard,2028-09-27 00:00:00,0,
CD001079,A0004034,Debit,2023-06-07 00:00:00,2023-06-08 00:00:00,Active,Mastercard,2028-06-07 00:00:00,0,
CD001080,A0001087,Debit,2025-07-20 00:00:00,2025-07-27 00:00:00,Active,Visa,2030-07-20 00:00:00,0,
CD001081,A0005739,Credit,2022-09-08 00:00:00,2022-09-10 00:00:00,Blocked,Mastercard,2027-09-08 00:00:00,1,Stolen
CD001082,A0001504,Debit,2022-12-05 00:00:00,2022-12-09 00:00:00,Active,Visa,2027-12-05 00:00:00,0,
CD001083,A0000158,Credit,2023-08-17 00:00:00,2023-08-23 00:00:00,Active,Visa,2028-08-17 00:00:00,0,
CD001084,A0000345,Credit,2024-08-14 00:00:00,2024-08-17 00:00:00,Active,Mastercard,2029-08-14 00:00:00,1,
CD001085,A0004562,Debit,2022-09-24 00:00:00,2022-10-01 00:00:00,Active,RuPay,2027-09-24 00:00:00,1,
CD001086,A0005358,Debit,2024-12-27 00:00:00,2024-12-31 00:00:00,Active,Mastercard,2029-12-27 00:00:00,0,
CD001087,A0003502,Credit,2022-01-04 00:00:00,2022-01-08 00:00:00,Active,Visa,2027-01-04 00:00:00,0,
CD001088,A0005484,Credit,2022-07-13 00:00:00,2022-07-19 00:00:00,Active,Mastercard,2027-07-13 00:00:00,0,
CD001089,A0003957,Debit,2024-12-08 00:00:00,2024-12-12 00:00:00,Active,Visa,2029-12-08 00:00:00,0,
CD001090,A0003144,Credit,2023-10-01 00:00:00,2023-10-04 00:00:00,Expired,RuPay,2028-10-01 00:00:00,0,
CD001091,A0005428,Debit,2024-02-06 00:00:00,2024-02-06 00:00:00,Active,Visa,2029-02-06 00:00:00,0,
CD001092,A0005164,Debit,2025-02-13 00:00:00,2025-02-17 00:00:00,Inactive,Visa,2030-02-13 00:00:00,0,
CD001093,A0002662,Credit,2025-09-16 00:00:00,2025-09-22 00:00:00,Active,Visa,2030-09-16 00:00:00,0,
CD001094,A0001605,Debit,2025-08-09 00:00:00,2025-08-11 00:00:00,Blocked,Mastercard,2030-08-09 00:00:00,0,Suspected Fraud
CD001095,A0005150,Debit,2025-06-17 00:00:00,2025-06-24 00:00:00,Active,RuPay,2030-06-17 00:00:00,0,
CD001096,A0004109,Debit,2024-11-11 00:00:00,2024-11-16 00:00:00,Active,Mastercard,2029-11-11 00:00:00,0,
CD001097,A0005596,Debit,2025-08-22 00:00:00,2025-08-23 00:00:00,Active,Visa,2030-08-22 00:00:00,0,
CD001098,A0002497,Credit,2023-07-05 00:00:00,2023-07-05 00:00:00,Active,Visa,2028-07-05 00:00:00,0,
CD001099,A0005360,Debit,2025-05-20 00:00:00,2025-05-20 00:00:00,Active,Mastercard,2030-05-20 00:00:00,0,
CD001100,A0002616,Credit,2026-01-12 00:00:00,2026-01-13 00:00:00,Active,Visa,2031-01-12 00:00:00,0,
CD001101,A0002339,Debit,2024-02-08 00:00:00,2024-02-12 00:00:00,Active,Visa,2029-02-08 00:00:00,1,
CD001102,A0000635,Debit,2023-12-29 00:00:00,2024-01-01 00:00:00,Active,Visa,2028-12-29 00:00:00,0,
CD001103,A0003234,Debit,2025-09-23 00:00:00,2025-09-24 00:00:00,Active,RuPay,2030-09-23 00:00:00,0,
CD001104,A0002491,Debit,2025-01-18 00:00:00,2025-01-24 00:00:00,Active,Visa,2030-01-18 00:00:00,0,
CD001105,A0003317,Debit,2022-06-27 00:00:00,2022-06-27 00:00:00,Active,Visa,2027-06-27 00:00:00,0,
CD001106,A0001137,Credit,2025-12-09 00:00:00,2025-12-15 00:00:00,Active,RuPay,2030-12-09 00:00:00,1,
CD001107,A0001669,Credit,2024-02-01 00:00:00,2024-02-08 00:00:00,Active,Visa,2029-02-01 00:00:00,0,
CD001108,A0000724,Credit,2023-11-03 00:00:00,2023-11-08 00:00:00,Blocked,Visa,2028-11-03 00:00:00,0,Lost
CD001109,A0000227,Debit,2022-11-19 00:00:00,2022-11-26 00:00:00,Active,Visa,2027-11-19 00:00:00,1,
CD001110,A0005725,Debit,2023-01-07 00:00:00,2023-01-12 00:00:00,Active,Visa,2028-01-07 00:00:00,0,
CD001111,A0005306,Debit,2024-11-15 00:00:00,2024-11-22 00:00:00,Blocked,RuPay,2029-11-15 00:00:00,1,Stolen
CD001112,A0003031,Credit,2022-12-04 00:00:00,2022-12-05 00:00:00,Active,Visa,2027-12-04 00:00:00,1,
CD001113,A0000433,Credit,2025-02-13 00:00:00,2025-02-17 00:00:00,Active,Visa,2030-02-13 00:00:00,3,
CD001114,A0001532,Credit,2025-11-17 00:00:00,2025-11-22 00:00:00,Active,Visa,2030-11-17 00:00:00,0,
CD001115,A0004184,Debit,2023-02-19 00:00:00,2023-02-20 00:00:00,Active,Visa,2028-02-19 00:00:00,1,
CD001116,A0003839,Debit,2025-12-21 00:00:00,2025-12-23 00:00:00,Active,RuPay,2030-12-21 00:00:00,0,
CD001117,A0002848,Credit,2025-06-11 00:00:00,2025-06-14 00:00:00,Active,Mastercard,2030-06-11 00:00:00,0,
CD001118,A0001142,Credit,2025-10-30 00:00:00,2025-11-06 00:00:00,Active,Visa,2030-10-30 00:00:00,0,
CD001119,A0002056,Credit,2025-04-27 00:00:00,2025-04-28 00:00:00,Active,Visa,2030-04-27 00:00:00,1,
CD001120,A0003845,Debit,2022-04-23 00:00:00,2022-04-28 00:00:00,Active,Visa,2027-04-23 00:00:00,0,
CD001121,A0000992,Credit,2025-04-13 00:00:00,2025-04-20 00:00:00,Active,RuPay,2030-04-13 00:00:00,0,
CD001122,A0000998,Debit,2022-02-05 00:00:00,2022-02-05 00:00:00,Active,Mastercard,2027-02-05 00:00:00,0,
CD001123,A0003928,Credit,2022-05-16 00:00:00,2022-05-17 00:00:00,Inactive,Mastercard,2027-05-16 00:00:00,1,
CD001124,A0001511,Credit,2024-08-06 00:00:00,2024-08-06 00:00:00,Active,Visa,2029-08-06 00:00:00,1,
CD001125,A0002197,Debit,2022-11-06 00:00:00,2022-11-13 00:00:00,Active,Visa,2027-11-06 00:00:00,3,
CD001126,A0003176,Debit,2023-07-15 00:00:00,2023-07-16 00:00:00,Active,Mastercard,2028-07-15 00:00:00,1,
CD001127,A0001450,Debit,2023-03-05 00:00:00,2023-03-10 00:00:00,Active,Visa,2028-03-05 00:00:00,0,
CD001128,A0003070,Debit,2022-03-14 00:00:00,2022-03-17 00:00:00,Active,RuPay,2027-03-14 00:00:00,0,
CD001129,A0001129,Credit,2022-10-13 00:00:00,2022-10-17 00:00:00,Expired,RuPay,2027-10-13 00:00:00,0,
CD001130,A0005165,Debit,2022-01-11 00:00:00,2022-01-13 00:00:00,Active,Visa,2027-01-11 00:00:00,0,
CD001131,A0004029,Debit,2026-03-26 00:00:00,2026-03-30 00:00:00,Active,Mastercard,2031-03-26 00:00:00,0,
CD001132,A0000788,Debit,2023-04-23 00:00:00,2023-04-26 00:00:00,Blocked,Mastercard,2028-04-23 00:00:00,1,Lost
CD001133,A0006353,Debit,2024-05-28 00:00:00,2024-06-02 00:00:00,Inactive,RuPay,2029-05-28 00:00:00,0,
CD001134,A0002538,Credit,2025-07-18 00:00:00,2025-07-22 00:00:00,Active,RuPay,2030-07-18 00:00:00,0,
CD001135,A0001146,Debit,2023-01-30 00:00:00,2023-02-01 00:00:00,Active,RuPay,2028-01-30 00:00:00,0,
CD001136,A0000094,Credit,2022-06-25 00:00:00,2022-07-02 00:00:00,Active,Visa,2027-06-25 00:00:00,0,
CD001137,A0005345,Debit,2022-07-19 00:00:00,2022-07-20 00:00:00,Active,Mastercard,2027-07-19 00:00:00,0,
CD001138,A0000295,Debit,2022-04-14 00:00:00,2022-04-18 00:00:00,Active,RuPay,2027-04-14 00:00:00,0,
CD001139,A0001001,Debit,2022-08-08 00:00:00,2022-08-09 00:00:00,Active,RuPay,2027-08-08 00:00:00,0,
CD001140,A0003726,Debit,2024-03-25 00:00:00,2024-03-27 00:00:00,Active,Visa,2029-03-25 00:00:00,0,
CD001141,A0001842,Debit,2023-10-16 00:00:00,2023-10-17 00:00:00,Active,Visa,2028-10-16 00:00:00,1,
CD001142,A0003569,Credit,2024-07-14 00:00:00,2024-07-21 00:00:00,Active,Mastercard,2029-07-14 00:00:00,0,
CD001143,A0005833,Debit,2022-05-20 00:00:00,2022-05-23 00:00:00,Inactive,RuPay,2027-05-20 00:00:00,0,
CD001144,A0004581,Debit,2023-11-25 00:00:00,2023-11-30 00:00:00,Active,Mastercard,2028-11-25 00:00:00,0,
CD001145,A0005145,Debit,2022-02-09 00:00:00,2022-02-16 00:00:00,Inactive,RuPay,2027-02-09 00:00:00,1,
CD001146,A0003320,Credit,2025-02-26 00:00:00,2025-03-05 00:00:00,Blocked,Visa,2030-02-26 00:00:00,0,Stolen
CD001147,A0004311,Credit,2022-07-02 00:00:00,2022-07-05 00:00:00,Active,Mastercard,2027-07-02 00:00:00,0,
CD001148,A0006176,Debit,2022-12-27 00:00:00,2022-12-30 00:00:00,Active,Mastercard,2027-12-27 00:00:00,1,
CD001149,A0006137,Debit,2025-07-20 00:00:00,2025-07-24 00:00:00,Active,Mastercard,2030-07-20 00:00:00,0,
CD001150,A0003293,Credit,2023-02-06 00:00:00,2023-02-11 00:00:00,Active,Visa,2028-02-06 00:00:00,0,
CD001151,A0003894,Debit,2022-07-11 00:00:00,2022-07-12 00:00:00,Active,Visa,2027-07-11 00:00:00,0,
CD001152,A0004799,Debit,2025-12-11 00:00:00,2025-12-13 00:00:00,Blocked,Visa,2030-12-11 00:00:00,0,Suspected Fraud
CD001153,A0004256,Debit,2022-02-12 00:00:00,2022-02-14 00:00:00,Active,RuPay,2027-02-12 00:00:00,0,
CD001154,A0004422,Debit,2026-03-21 00:00:00,2026-03-21 00:00:00,Active,RuPay,2031-03-21 00:00:00,0,
CD001155,A0004995,Debit,2022-06-06 00:00:00,2022-06-11 00:00:00,Active,Visa,2027-06-06 00:00:00,0,
CD001156,A0001259,Debit,2024-10-15 00:00:00,2024-10-16 00:00:00,Active,Visa,2029-10-15 00:00:00,0,
CD001157,A0003773,Debit,2024-04-27 00:00:00,2024-05-02 00:00:00,Active,Visa,2029-04-27 00:00:00,0,
CD001158,A0004734,Debit,2022-11-11 00:00:00,2022-11-14 00:00:00,Active,RuPay,2027-11-11 00:00:00,0,
CD001159,A0004281,Debit,2026-01-20 00:00:00,2026-01-25 00:00:00,Active,Mastercard,2031-01-20 00:00:00,0,
CD001160,A0005717,Debit,2023-08-20 00:00:00,2023-08-27 00:00:00,Active,RuPay,2028-08-20 00:00:00,0,
CD001161,A0006053,Debit,2023-05-22 00:00:00,2023-05-29 00:00:00,Active,Visa,2028-05-22 00:00:00,0,
CD001162,A0004940,Credit,2022-05-20 00:00:00,2022-05-23 00:00:00,Inactive,Visa,2027-05-20 00:00:00,0,
CD001163,A0005680,Debit,2022-11-30 00:00:00,2022-12-05 00:00:00,Active,Visa,2027-11-30 00:00:00,1,
CD001164,A0003475,Debit,2025-08-03 00:00:00,2025-08-07 00:00:00,Active,Mastercard,2030-08-03 00:00:00,0,
CD001165,A0003361,Debit,2023-01-18 00:00:00,2023-01-21 00:00:00,Active,Visa,2028-01-18 00:00:00,0,
CD001166,A0005734,Debit,2022-01-29 00:00:00,2022-01-31 00:00:00,Active,Visa,2027-01-29 00:00:00,0,
CD001167,A0000637,Debit,2023-12-06 00:00:00,2023-12-10 00:00:00,Active,Mastercard,2028-12-06 00:00:00,2,
CD001168,A0005122,Debit,2025-04-07 00:00:00,2025-04-10 00:00:00,Active,Visa,2030-04-07 00:00:00,0,
CD001169,A0004469,Credit,2022-01-30 00:00:00,2022-02-05 00:00:00,Active,Mastercard,2027-01-30 00:00:00,1,
CD001170,A0005278,Debit,2025-06-28 00:00:00,2025-07-01 00:00:00,Active,RuPay,2030-06-28 00:00:00,0,
CD001171,A0000175,Credit,2024-04-20 00:00:00,2024-04-26 00:00:00,Active,Visa,2029-04-20 00:00:00,1,
CD001172,A0003008,Debit,2022-01-17 00:00:00,2022-01-17 00:00:00,Inactive,Mastercard,2027-01-17 00:00:00,0,
CD001173,A0004695,Debit,2025-04-16 00:00:00,2025-04-20 00:00:00,Active,Visa,2030-04-16 00:00:00,0,
CD001174,A0005159,Debit,2026-02-23 00:00:00,2026-02-25 00:00:00,Active,RuPay,2031-02-23 00:00:00,0,
CD001175,A0005281,Debit,2026-01-14 00:00:00,2026-01-15 00:00:00,Active,Mastercard,2031-01-14 00:00:00,0,
CD001176,A0006449,Credit,2023-02-11 00:00:00,2023-02-11 00:00:00,Active,Visa,2028-02-11 00:00:00,0,
CD001177,A0005981,Debit,2024-10-18 00:00:00,2024-10-19 00:00:00,Inactive,Mastercard,2029-10-18 00:00:00,2,
CD001178,A0005474,Debit,2023-12-15 00:00:00,2023-12-20 00:00:00,Active,Mastercard,2028-12-15 00:00:00,1,
CD001179,A0004583,Debit,2022-01-02 00:00:00,2022-01-03 00:00:00,Active,Visa,2027-01-02 00:00:00,2,
CD001180,A0002533,Debit,2023-09-12 00:00:00,2023-09-18 00:00:00,Active,RuPay,2028-09-12 00:00:00,0,
CD001181,A0000114,Debit,2024-09-25 00:00:00,2024-09-27 00:00:00,Active,RuPay,2029-09-25 00:00:00,0,
CD001182,A0004011,Debit,2026-06-18 00:00:00,2026-06-23 00:00:00,Active,RuPay,2031-06-18 00:00:00,0,
CD001183,A0005111,Debit,2023-11-01 00:00:00,2023-11-07 00:00:00,Active,Visa,2028-11-01 00:00:00,0,
CD001184,A0003318,Debit,2025-10-15 00:00:00,2025-10-17 00:00:00,Active,RuPay,2030-10-15 00:00:00,1,
CD001185,A0003295,Debit,2022-04-29 00:00:00,2022-05-05 00:00:00,Active,Visa,2027-04-29 00:00:00,2,
CD001186,A0002434,Debit,2026-06-05 00:00:00,2026-06-11 00:00:00,Active,Mastercard,2031-06-05 00:00:00,0,
CD001187,A0005657,Debit,2023-12-21 00:00:00,2023-12-27 00:00:00,Active,RuPay,2028-12-21 00:00:00,0,
CD001188,A0003357,Debit,2023-01-12 00:00:00,2023-01-18 00:00:00,Active,Visa,2028-01-12 00:00:00,0,
CD001189,A0005353,Debit,2023-01-13 00:00:00,2023-01-13 00:00:00,Active,RuPay,2028-01-13 00:00:00,1,
CD001190,A0002769,Debit,2024-10-31 00:00:00,2024-10-31 00:00:00,Blocked,Visa,2029-10-31 00:00:00,0,Stolen
CD001191,A0002663,Credit,2026-04-12 00:00:00,2026-04-17 00:00:00,Active,RuPay,2031-04-12 00:00:00,0,
CD001192,A0003053,Debit,2025-09-05 00:00:00,2025-09-10 00:00:00,Active,Visa,2030-09-05 00:00:00,0,
CD001193,A0006354,Debit,2025-04-28 00:00:00,2025-05-04 00:00:00,Active,Mastercard,2030-04-28 00:00:00,0,
CD001194,A0001439,Debit,2024-06-20 00:00:00,2024-06-20 00:00:00,Active,Mastercard,2029-06-20 00:00:00,0,
CD001195,A0002247,Debit,2023-08-16 00:00:00,2023-08-22 00:00:00,Active,Mastercard,2028-08-16 00:00:00,0,
CD001196,A0000361,Credit,2023-08-28 00:00:00,2023-09-01 00:00:00,Active,Mastercard,2028-08-28 00:00:00,0,
CD001197,A0001015,Debit,2022-11-11 00:00:00,2022-11-15 00:00:00,Blocked,Visa,2027-11-11 00:00:00,3,Suspected Fraud
CD001198,A0000536,Debit,2024-07-01 00:00:00,2024-07-04 00:00:00,Active,RuPay,2029-07-01 00:00:00,0,
CD001199,A0000151,Debit,2025-10-20 00:00:00,2025-10-20 00:00:00,Active,RuPay,2030-10-20 00:00:00,0,
CD001200,A0003888,Debit,2024-12-15 00:00:00,2024-12-16 00:00:00,Active,Mastercard,2029-12-15 00:00:00,0,
CD001201,A0001227,Credit,2023-07-29 00:00:00,2023-07-31 00:00:00,Active,Mastercard,2028-07-29 00:00:00,0,
CD001202,A0000489,Debit,2025-11-19 00:00:00,2025-11-26 00:00:00,Active,Mastercard,2030-11-19 00:00:00,0,
CD001203,A0003035,Debit,2025-06-09 00:00:00,2025-06-14 00:00:00,Active,RuPay,2030-06-09 00:00:00,0,
CD001204,A0006278,Credit,2025-04-07 00:00:00,2025-04-13 00:00:00,Active,Visa,2030-04-07 00:00:00,1,
CD001205,A0000781,Debit,2024-12-30 00:00:00,2025-01-05 00:00:00,Inactive,RuPay,2029-12-30 00:00:00,0,
CD001206,A0003709,Debit,2024-03-08 00:00:00,2024-03-12 00:00:00,Active,RuPay,2029-03-08 00:00:00,0,
CD001207,A0004301,Credit,2024-05-30 00:00:00,2024-05-31 00:00:00,Active,Mastercard,2029-05-30 00:00:00,0,
CD001208,A0002737,Debit,2023-08-17 00:00:00,2023-08-22 00:00:00,Active,RuPay,2028-08-17 00:00:00,1,
CD001209,A0002428,Debit,2024-09-29 00:00:00,2024-10-03 00:00:00,Active,Visa,2029-09-29 00:00:00,0,
CD001210,A0000525,Credit,2026-04-06 00:00:00,2026-04-07 00:00:00,Active,Visa,2031-04-06 00:00:00,0,
CD001211,A0001583,Credit,2022-02-01 00:00:00,2022-02-07 00:00:00,Active,Mastercard,2027-02-01 00:00:00,0,
CD001212,A0001767,Debit,2023-03-08 00:00:00,2023-03-14 00:00:00,Active,Mastercard,2028-03-08 00:00:00,0,
CD001213,A0001968,Credit,2025-11-25 00:00:00,2025-11-25 00:00:00,Active,RuPay,2030-11-25 00:00:00,1,
CD001214,A0001820,Credit,2023-10-14 00:00:00,2023-10-18 00:00:00,Inactive,RuPay,2028-10-14 00:00:00,1,
CD001215,A0000776,Debit,2026-06-30 00:00:00,2026-06-30 00:00:00,Active,Mastercard,2031-06-30 00:00:00,0,
CD001216,A0003947,Debit,2022-07-10 00:00:00,2022-07-15 00:00:00,Expired,Mastercard,2027-07-10 00:00:00,0,
CD001217,A0001034,Credit,2025-07-05 00:00:00,2025-07-05 00:00:00,Active,Mastercard,2030-07-05 00:00:00,0,
CD001218,A0004401,Debit,2025-11-17 00:00:00,2025-11-21 00:00:00,Active,RuPay,2030-11-17 00:00:00,0,
CD001219,A0005609,Debit,2024-08-05 00:00:00,2024-08-10 00:00:00,Active,RuPay,2029-08-05 00:00:00,0,
CD001220,A0001793,Debit,2023-06-04 00:00:00,2023-06-07 00:00:00,Active,RuPay,2028-06-04 00:00:00,0,
CD001221,A0004694,Debit,2023-09-16 00:00:00,2023-09-22 00:00:00,Active,Visa,2028-09-16 00:00:00,0,
CD001222,A0005559,Debit,2022-01-18 00:00:00,2022-01-18 00:00:00,Expired,Mastercard,2027-01-18 00:00:00,0,
CD001223,A0000729,Debit,2023-09-07 00:00:00,2023-09-14 00:00:00,Active,Mastercard,2028-09-07 00:00:00,0,
CD001224,A0006250,Credit,2026-03-05 00:00:00,2026-03-12 00:00:00,Active,Visa,2031-03-05 00:00:00,0,
CD001225,A0004207,Debit,2023-12-24 00:00:00,2023-12-28 00:00:00,Active,Mastercard,2028-12-24 00:00:00,0,
CD001226,A0003249,Debit,2024-05-01 00:00:00,2024-05-05 00:00:00,Active,RuPay,2029-05-01 00:00:00,0,
CD001227,A0002820,Debit,2024-10-07 00:00:00,2024-10-07 00:00:00,Active,Visa,2029-10-07 00:00:00,0,
CD001228,A0003458,Credit,2024-03-11 00:00:00,2024-03-18 00:00:00,Active,RuPay,2029-03-11 00:00:00,1,
CD001229,A0001610,Debit,2023-12-12 00:00:00,2023-12-14 00:00:00,Active,Visa,2028-12-12 00:00:00,2,
CD001230,A0002923,Debit,2023-06-16 00:00:00,2023-06-22 00:00:00,Active,Visa,2028-06-16 00:00:00,1,
CD001231,A0005135,Credit,2023-05-18 00:00:00,2023-05-22 00:00:00,Active,Mastercard,2028-05-18 00:00:00,0,
CD001232,A0006285,Debit,2022-11-11 00:00:00,2022-11-11 00:00:00,Active,Visa,2027-11-11 00:00:00,0,
CD001233,A0005162,Debit,2026-05-10 00:00:00,2026-05-17 00:00:00,Active,Mastercard,2031-05-10 00:00:00,0,
CD001234,A0004631,Credit,2025-04-21 00:00:00,2025-04-23 00:00:00,Active,Visa,2030-04-21 00:00:00,1,
CD001235,A0001856,Credit,2024-01-09 00:00:00,2024-01-15 00:00:00,Active,Mastercard,2029-01-09 00:00:00,1,
CD001236,A0005672,Debit,2024-09-23 00:00:00,2024-09-23 00:00:00,Blocked,Visa,2029-09-23 00:00:00,0,Lost
CD001237,A0004766,Debit,2025-02-15 00:00:00,2025-02-21 00:00:00,Inactive,Visa,2030-02-15 00:00:00,0,
CD001238,A0000782,Debit,2022-01-08 00:00:00,2022-01-15 00:00:00,Active,Mastercard,2027-01-08 00:00:00,0,
CD001239,A0000261,Debit,2025-11-13 00:00:00,2025-11-13 00:00:00,Active,Visa,2030-11-13 00:00:00,0,
CD001240,A0001395,Credit,2022-06-04 00:00:00,2022-06-10 00:00:00,Blocked,RuPay,2027-06-04 00:00:00,0,Suspected Fraud
CD001241,A0003729,Debit,2022-03-23 00:00:00,2022-03-25 00:00:00,Active,RuPay,2027-03-23 00:00:00,1,
CD001242,A0005050,Debit,2026-04-05 00:00:00,2026-04-12 00:00:00,Active,Mastercard,2031-04-05 00:00:00,1,
CD001243,A0004987,Debit,2022-05-21 00:00:00,2022-05-22 00:00:00,Active,RuPay,2027-05-21 00:00:00,1,
CD001244,A0005707,Debit,2023-07-14 00:00:00,2023-07-20 00:00:00,Active,RuPay,2028-07-14 00:00:00,0,
CD001245,A0004146,Debit,2024-01-06 00:00:00,2024-01-13 00:00:00,Active,Visa,2029-01-06 00:00:00,2,
CD001246,A0003454,Debit,2024-03-08 00:00:00,2024-03-09 00:00:00,Active,RuPay,2029-03-08 00:00:00,0,
CD001247,A0003326,Debit,2024-06-02 00:00:00,2024-06-09 00:00:00,Active,Mastercard,2029-06-02 00:00:00,0,
CD001248,A0000683,Credit,2025-11-20 00:00:00,2025-11-21 00:00:00,Active,Visa,2030-11-20 00:00:00,0,
CD001249,A0005439,Debit,2023-05-24 00:00:00,2023-05-30 00:00:00,Active,Visa,2028-05-24 00:00:00,0,
CD001250,A0000293,Credit,2022-07-25 00:00:00,2022-07-25 00:00:00,Active,Mastercard,2027-07-25 00:00:00,0,
CD001251,A0004309,Debit,2022-05-25 00:00:00,2022-06-01 00:00:00,Active,Mastercard,2027-05-25 00:00:00,0,
CD001252,A0000405,Debit,2025-10-21 00:00:00,2025-10-25 00:00:00,Active,Visa,2030-10-21 00:00:00,0,
CD001253,A0002758,Debit,2024-10-08 00:00:00,2024-10-10 00:00:00,Active,Mastercard,2029-10-08 00:00:00,0,
CD001254,A0001323,Debit,2024-07-30 00:00:00,2024-08-06 00:00:00,Active,Visa,2029-07-30 00:00:00,0,
CD001255,A0000140,Debit,2026-01-01 00:00:00,2026-01-01 00:00:00,Active,Visa,2031-01-01 00:00:00,0,
CD001256,A0005218,Debit,2023-09-03 00:00:00,2023-09-04 00:00:00,Active,Visa,2028-09-03 00:00:00,0,
CD001257,A0004668,Credit,2023-08-24 00:00:00,2023-08-30 00:00:00,Active,RuPay,2028-08-24 00:00:00,0,
CD001258,A0000268,Debit,2024-03-08 00:00:00,2024-03-11 00:00:00,Active,RuPay,2029-03-08 00:00:00,0,
CD001259,A0001013,Debit,2026-05-01 00:00:00,2026-05-04 00:00:00,Active,Mastercard,2031-05-01 00:00:00,0,
CD001260,A0004351,Debit,2025-05-14 00:00:00,2025-05-21 00:00:00,Expired,Mastercard,2030-05-14 00:00:00,0,
CD001261,A0006129,Debit,2022-08-11 00:00:00,2022-08-16 00:00:00,Active,Mastercard,2027-08-11 00:00:00,0,
CD001262,A0000755,Debit,2022-05-04 00:00:00,2022-05-09 00:00:00,Active,Mastercard,2027-05-04 00:00:00,0,
CD001263,A0002898,Debit,2023-07-08 00:00:00,2023-07-12 00:00:00,Active,Visa,2028-07-08 00:00:00,0,
CD001264,A0004220,Debit,2025-11-08 00:00:00,2025-11-09 00:00:00,Active,RuPay,2030-11-08 00:00:00,1,
CD001265,A0000618,Credit,2025-09-21 00:00:00,2025-09-23 00:00:00,Active,Mastercard,2030-09-21 00:00:00,0,
CD001266,A0000011,Debit,2026-02-17 00:00:00,2026-02-21 00:00:00,Active,Visa,2031-02-17 00:00:00,0,
CD001267,A0004743,Debit,2023-10-02 00:00:00,2023-10-07 00:00:00,Active,RuPay,2028-10-02 00:00:00,1,
CD001268,A0003965,Debit,2023-01-26 00:00:00,2023-01-29 00:00:00,Active,Mastercard,2028-01-26 00:00:00,0,
CD001269,A0004379,Debit,2025-12-01 00:00:00,2025-12-06 00:00:00,Active,Visa,2030-12-01 00:00:00,0,
CD001270,A0006220,Debit,2022-02-05 00:00:00,2022-02-12 00:00:00,Active,Visa,2027-02-05 00:00:00,0,
CD001271,A0002055,Debit,2025-05-08 00:00:00,2025-05-10 00:00:00,Expired,RuPay,2030-05-08 00:00:00,0,
CD001272,A0004804,Debit,2023-07-13 00:00:00,2023-07-17 00:00:00,Active,RuPay,2028-07-13 00:00:00,0,
CD001273,A0005242,Debit,2026-01-03 00:00:00,2026-01-09 00:00:00,Active,RuPay,2031-01-03 00:00:00,0,
CD001274,A0002557,Debit,2026-06-02 00:00:00,2026-06-08 00:00:00,Inactive,Visa,2031-06-02 00:00:00,0,
CD001275,A0001600,Debit,2022-01-14 00:00:00,2022-01-19 00:00:00,Expired,Visa,2027-01-14 00:00:00,0,
CD001276,A0000003,Debit,2022-10-09 00:00:00,2022-10-13 00:00:00,Blocked,Mastercard,2027-10-09 00:00:00,0,Stolen
CD001277,A0000453,Debit,2025-08-10 00:00:00,2025-08-17 00:00:00,Active,RuPay,2030-08-10 00:00:00,0,
CD001278,A0000248,Credit,2024-01-16 00:00:00,2024-01-18 00:00:00,Blocked,RuPay,2029-01-16 00:00:00,2,Stolen
CD001279,A0005255,Debit,2024-04-11 00:00:00,2024-04-15 00:00:00,Active,Mastercard,2029-04-11 00:00:00,0,
CD001280,A0006295,Debit,2024-10-20 00:00:00,2024-10-21 00:00:00,Active,RuPay,2029-10-20 00:00:00,0,
CD001281,A0004223,Debit,2025-08-16 00:00:00,2025-08-20 00:00:00,Active,Visa,2030-08-16 00:00:00,1,
CD001282,A0002875,Debit,2024-12-17 00:00:00,2024-12-19 00:00:00,Active,Mastercard,2029-12-17 00:00:00,0,
CD001283,A0003374,Debit,2025-12-30 00:00:00,2026-01-04 00:00:00,Blocked,RuPay,2030-12-30 00:00:00,0,Customer Request
CD001284,A0001946,Debit,2026-01-22 00:00:00,2026-01-24 00:00:00,Active,Visa,2031-01-22 00:00:00,0,
CD001285,A0001782,Credit,2023-09-21 00:00:00,2023-09-21 00:00:00,Inactive,Mastercard,2028-09-21 00:00:00,1,
CD001286,A0001613,Credit,2026-06-15 00:00:00,2026-06-16 00:00:00,Active,RuPay,2031-06-15 00:00:00,0,
CD001287,A0003509,Credit,2023-05-08 00:00:00,2023-05-14 00:00:00,Active,Visa,2028-05-08 00:00:00,0,
CD001288,A0005366,Debit,2022-11-19 00:00:00,2022-11-24 00:00:00,Active,Mastercard,2027-11-19 00:00:00,0,
CD001289,A0005434,Debit,2024-09-04 00:00:00,2024-09-04 00:00:00,Active,RuPay,2029-09-04 00:00:00,0,
CD001290,A0000885,Debit,2023-09-23 00:00:00,2023-09-27 00:00:00,Expired,RuPay,2028-09-23 00:00:00,2,
CD001291,A0005874,Debit,2022-04-14 00:00:00,2022-04-21 00:00:00,Active,Mastercard,2027-04-14 00:00:00,2,
CD001292,A0000659,Debit,2025-04-05 00:00:00,2025-04-10 00:00:00,Active,RuPay,2030-04-05 00:00:00,0,
CD001293,A0005796,Debit,2022-06-19 00:00:00,2022-06-21 00:00:00,Active,Mastercard,2027-06-19 00:00:00,0,
CD001294,A0004268,Debit,2022-06-07 00:00:00,2022-06-13 00:00:00,Active,Mastercard,2027-06-07 00:00:00,1,
CD001295,A0001283,Debit,2022-09-06 00:00:00,2022-09-13 00:00:00,Active,Visa,2027-09-06 00:00:00,1,
CD001296,A0004815,Credit,2022-12-18 00:00:00,2022-12-20 00:00:00,Expired,RuPay,2027-12-18 00:00:00,0,
CD001297,A0000033,Debit,2022-09-15 00:00:00,2022-09-21 00:00:00,Active,Visa,2027-09-15 00:00:00,0,
CD001298,A0000793,Debit,2024-08-30 00:00:00,2024-09-03 00:00:00,Active,Mastercard,2029-08-30 00:00:00,0,
CD001299,A0001897,Credit,2023-04-21 00:00:00,2023-04-28 00:00:00,Active,RuPay,2028-04-21 00:00:00,0,
CD001300,A0005463,Debit,2024-09-03 00:00:00,2024-09-09 00:00:00,Active,RuPay,2029-09-03 00:00:00,0,
CD001301,A0002894,Debit,2022-07-22 00:00:00,2022-07-28 00:00:00,Active,Mastercard,2027-07-22 00:00:00,0,
CD001302,A0004269,Debit,2024-11-06 00:00:00,2024-11-06 00:00:00,Expired,RuPay,2029-11-06 00:00:00,0,
CD001303,A0005715,Credit,2022-04-26 00:00:00,2022-05-01 00:00:00,Active,Visa,2027-04-26 00:00:00,1,
CD001304,A0001517,Debit,2025-07-20 00:00:00,2025-07-23 00:00:00,Active,RuPay,2030-07-20 00:00:00,0,
CD001305,A0004021,Credit,2026-03-08 00:00:00,2026-03-11 00:00:00,Active,RuPay,2031-03-08 00:00:00,0,
CD001306,A0001167,Credit,2022-11-13 00:00:00,2022-11-15 00:00:00,Active,Visa,2027-11-13 00:00:00,0,
CD001307,A0005067,Debit,2022-11-12 00:00:00,2022-11-15 00:00:00,Active,Visa,2027-11-12 00:00:00,0,
CD001308,A0005987,Credit,2024-11-14 00:00:00,2024-11-21 00:00:00,Active,RuPay,2029-11-14 00:00:00,2,
CD001309,A0003146,Credit,2025-01-11 00:00:00,2025-01-17 00:00:00,Blocked,RuPay,2030-01-11 00:00:00,0,Suspected Fraud
CD001310,A0005839,Credit,2025-09-12 00:00:00,2025-09-18 00:00:00,Active,RuPay,2030-09-12 00:00:00,0,
CD001311,A0005738,Debit,2022-07-30 00:00:00,2022-08-06 00:00:00,Active,Mastercard,2027-07-30 00:00:00,0,
CD001312,A0000880,Debit,2026-01-28 00:00:00,2026-01-28 00:00:00,Active,Visa,2031-01-28 00:00:00,0,
CD001313,A0006066,Credit,2024-02-12 00:00:00,2024-02-19 00:00:00,Active,RuPay,2029-02-12 00:00:00,0,
CD001314,A0006125,Debit,2024-05-03 00:00:00,2024-05-09 00:00:00,Active,RuPay,2029-05-03 00:00:00,1,
CD001315,A0003686,Debit,2022-05-25 00:00:00,2022-06-01 00:00:00,Active,RuPay,2027-05-25 00:00:00,0,
CD001316,A0000563,Debit,2024-09-19 00:00:00,2024-09-22 00:00:00,Active,RuPay,2029-09-19 00:00:00,0,
CD001317,A0005188,Debit,2024-09-21 00:00:00,2024-09-28 00:00:00,Active,Visa,2029-09-21 00:00:00,1,
CD001318,A0004274,Credit,2023-12-23 00:00:00,2023-12-28 00:00:00,Active,Mastercard,2028-12-23 00:00:00,0,
CD001319,A0005747,Debit,2025-01-05 00:00:00,2025-01-08 00:00:00,Active,Visa,2030-01-05 00:00:00,0,
CD001320,A0000085,Credit,2024-06-22 00:00:00,2024-06-28 00:00:00,Inactive,RuPay,2029-06-22 00:00:00,0,
CD001321,A0003568,Debit,2022-05-18 00:00:00,2022-05-21 00:00:00,Active,RuPay,2027-05-18 00:00:00,0,
CD001322,A0003643,Credit,2023-02-16 00:00:00,2023-02-17 00:00:00,Active,Mastercard,2028-02-16 00:00:00,1,
CD001323,A0002681,Debit,2025-02-19 00:00:00,2025-02-24 00:00:00,Active,Visa,2030-02-19 00:00:00,0,
CD001324,A0002677,Credit,2024-02-07 00:00:00,2024-02-14 00:00:00,Blocked,Mastercard,2029-02-07 00:00:00,1,Suspected Fraud
CD001325,A0006010,Debit,2025-11-04 00:00:00,2025-11-11 00:00:00,Expired,RuPay,2030-11-04 00:00:00,0,
CD001326,A0004991,Debit,2022-02-26 00:00:00,2022-02-26 00:00:00,Inactive,Mastercard,2027-02-26 00:00:00,0,
CD001327,A0005824,Debit,2022-06-27 00:00:00,2022-06-27 00:00:00,Inactive,RuPay,2027-06-27 00:00:00,0,
CD001328,A0003902,Debit,2025-06-10 00:00:00,2025-06-14 00:00:00,Blocked,Visa,2030-06-10 00:00:00,0,Customer Request
CD001329,A0005822,Debit,2026-04-04 00:00:00,2026-04-04 00:00:00,Active,Mastercard,2031-04-04 00:00:00,0,
CD001330,A0001556,Debit,2022-07-25 00:00:00,2022-07-27 00:00:00,Active,RuPay,2027-07-25 00:00:00,0,
CD001331,A0003093,Credit,2026-06-21 00:00:00,2026-06-21 00:00:00,Active,RuPay,2031-06-21 00:00:00,0,
CD001332,A0005166,Debit,2025-03-05 00:00:00,2025-03-10 00:00:00,Active,Mastercard,2030-03-05 00:00:00,1,
CD001333,A0006240,Debit,2023-08-01 00:00:00,2023-08-02 00:00:00,Active,Mastercard,2028-08-01 00:00:00,0,
CD001334,A0004177,Credit,2022-11-11 00:00:00,2022-11-17 00:00:00,Active,RuPay,2027-11-11 00:00:00,2,
CD001335,A0005618,Debit,2024-03-10 00:00:00,2024-03-13 00:00:00,Active,Visa,2029-03-10 00:00:00,2,
CD001336,A0000764,Debit,2022-02-10 00:00:00,2022-02-15 00:00:00,Active,Visa,2027-02-10 00:00:00,1,
CD001337,A0002177,Debit,2026-03-03 00:00:00,2026-03-08 00:00:00,Active,Mastercard,2031-03-03 00:00:00,0,
CD001338,A0002845,Debit,2025-07-27 00:00:00,2025-07-29 00:00:00,Active,RuPay,2030-07-27 00:00:00,0,
CD001339,A0001443,Debit,2025-12-22 00:00:00,2025-12-28 00:00:00,Active,Mastercard,2030-12-22 00:00:00,0,
CD001340,A0004027,Debit,2022-07-25 00:00:00,2022-07-28 00:00:00,Active,Visa,2027-07-25 00:00:00,0,
CD001341,A0003110,Debit,2025-06-01 00:00:00,2025-06-03 00:00:00,Active,Mastercard,2030-06-01 00:00:00,2,
CD001342,A0005351,Debit,2025-11-09 00:00:00,2025-11-15 00:00:00,Active,Visa,2030-11-09 00:00:00,0,
CD001343,A0004934,Debit,2024-03-11 00:00:00,2024-03-18 00:00:00,Expired,Mastercard,2029-03-11 00:00:00,0,
CD001344,A0001492,Debit,2022-06-04 00:00:00,2022-06-09 00:00:00,Active,Visa,2027-06-04 00:00:00,0,
CD001345,A0000325,Debit,2022-03-08 00:00:00,2022-03-09 00:00:00,Active,Visa,2027-03-08 00:00:00,0,
CD001346,A0002674,Credit,2026-01-17 00:00:00,2026-01-19 00:00:00,Active,Mastercard,2031-01-17 00:00:00,0,
CD001347,A0001418,Debit,2023-06-06 00:00:00,2023-06-08 00:00:00,Active,Visa,2028-06-06 00:00:00,0,
CD001348,A0004672,Debit,2026-03-28 00:00:00,2026-03-29 00:00:00,Active,Visa,2031-03-28 00:00:00,3,
CD001349,A0003214,Debit,2026-06-13 00:00:00,2026-06-19 00:00:00,Active,Visa,2031-06-13 00:00:00,0,
CD001350,A0000677,Debit,2024-01-31 00:00:00,2024-02-02 00:00:00,Active,RuPay,2029-01-31 00:00:00,0,
CD001351,A0005505,Debit,2025-05-01 00:00:00,2025-05-05 00:00:00,Active,Visa,2030-05-01 00:00:00,0,
CD001352,A0005849,Credit,2025-09-11 00:00:00,2025-09-15 00:00:00,Active,Visa,2030-09-11 00:00:00,0,
CD001353,A0005944,Credit,2026-06-06 00:00:00,2026-06-08 00:00:00,Active,Mastercard,2031-06-06 00:00:00,0,
CD001354,A0000313,Debit,2023-03-06 00:00:00,2023-03-07 00:00:00,Active,Visa,2028-03-06 00:00:00,0,
CD001355,A0002548,Debit,2026-03-21 00:00:00,2026-03-28 00:00:00,Active,RuPay,2031-03-21 00:00:00,1,
CD001356,A0001410,Debit,2022-02-26 00:00:00,2022-03-01 00:00:00,Active,Mastercard,2027-02-26 00:00:00,0,
CD001357,A0004479,Debit,2025-11-29 00:00:00,2025-12-04 00:00:00,Active,Visa,2030-11-29 00:00:00,1,
CD001358,A0001534,Debit,2023-04-09 00:00:00,2023-04-14 00:00:00,Active,RuPay,2028-04-09 00:00:00,0,
CD001359,A0000527,Debit,2023-01-08 00:00:00,2023-01-12 00:00:00,Active,Visa,2028-01-08 00:00:00,0,
CD001360,A0001256,Debit,2025-02-25 00:00:00,2025-03-01 00:00:00,Active,Visa,2030-02-25 00:00:00,1,
CD001361,A0000545,Debit,2022-04-02 00:00:00,2022-04-09 00:00:00,Active,Mastercard,2027-04-02 00:00:00,0,
CD001362,A0003727,Debit,2024-11-22 00:00:00,2024-11-26 00:00:00,Active,RuPay,2029-11-22 00:00:00,0,
CD001363,A0000664,Debit,2025-07-22 00:00:00,2025-07-27 00:00:00,Inactive,Mastercard,2030-07-22 00:00:00,0,
CD001364,A0000918,Credit,2026-03-02 00:00:00,2026-03-04 00:00:00,Active,RuPay,2031-03-02 00:00:00,2,
CD001365,A0006497,Credit,2025-01-17 00:00:00,2025-01-20 00:00:00,Active,Visa,2030-01-17 00:00:00,0,
CD001366,A0004722,Debit,2023-01-31 00:00:00,2023-02-06 00:00:00,Active,Mastercard,2028-01-31 00:00:00,0,
CD001367,A0005979,Debit,2025-03-25 00:00:00,2025-03-31 00:00:00,Active,Mastercard,2030-03-25 00:00:00,0,
CD001368,A0005030,Credit,2023-10-03 00:00:00,2023-10-03 00:00:00,Inactive,Mastercard,2028-10-03 00:00:00,0,
CD001369,A0000200,Debit,2024-07-17 00:00:00,2024-07-17 00:00:00,Active,Mastercard,2029-07-17 00:00:00,0,
CD001370,A0002925,Debit,2026-06-29 00:00:00,2026-07-02 00:00:00,Active,RuPay,2031-06-29 00:00:00,0,
CD001371,A0005028,Debit,2024-11-10 00:00:00,2024-11-10 00:00:00,Blocked,Mastercard,2029-11-10 00:00:00,0,Lost
CD001372,A0002608,Debit,2025-05-04 00:00:00,2025-05-04 00:00:00,Active,Mastercard,2030-05-04 00:00:00,0,
CD001373,A0003960,Debit,2025-08-31 00:00:00,2025-09-04 00:00:00,Inactive,Visa,2030-08-31 00:00:00,0,
CD001374,A0002466,Debit,2023-01-03 00:00:00,2023-01-07 00:00:00,Active,RuPay,2028-01-03 00:00:00,1,
CD001375,A0004276,Debit,2022-07-14 00:00:00,2022-07-17 00:00:00,Active,Visa,2027-07-14 00:00:00,1,
CD001376,A0003189,Credit,2025-09-12 00:00:00,2025-09-13 00:00:00,Active,RuPay,2030-09-12 00:00:00,1,
CD001377,A0000789,Credit,2025-02-18 00:00:00,2025-02-20 00:00:00,Active,Mastercard,2030-02-18 00:00:00,0,
CD001378,A0005549,Debit,2022-12-02 00:00:00,2022-12-03 00:00:00,Inactive,Visa,2027-12-02 00:00:00,1,
CD001379,A0005318,Debit,2024-07-02 00:00:00,2024-07-09 00:00:00,Active,Visa,2029-07-02 00:00:00,0,
CD001380,A0005782,Debit,2023-05-18 00:00:00,2023-05-18 00:00:00,Active,Visa,2028-05-18 00:00:00,0,
CD001381,A0005383,Debit,2022-11-25 00:00:00,2022-12-02 00:00:00,Blocked,Mastercard,2027-11-25 00:00:00,0,Stolen
CD001382,A0003909,Credit,2022-09-11 00:00:00,2022-09-14 00:00:00,Active,Visa,2027-09-11 00:00:00,0,
CD001383,A0005628,Debit,2025-10-10 00:00:00,2025-10-15 00:00:00,Active,RuPay,2030-10-10 00:00:00,0,
CD001384,A0001447,Debit,2024-10-15 00:00:00,2024-10-16 00:00:00,Active,Visa,2029-10-15 00:00:00,0,
CD001385,A0002242,Credit,2023-09-05 00:00:00,2023-09-05 00:00:00,Active,Visa,2028-09-05 00:00:00,0,
CD001386,A0000770,Credit,2023-06-26 00:00:00,2023-06-28 00:00:00,Blocked,Visa,2028-06-26 00:00:00,0,Suspected Fraud
CD001387,A0004994,Credit,2024-12-25 00:00:00,2024-12-28 00:00:00,Blocked,RuPay,2029-12-25 00:00:00,1,Lost
CD001388,A0002641,Debit,2025-05-11 00:00:00,2025-05-16 00:00:00,Active,Visa,2030-05-11 00:00:00,0,
CD001389,A0004367,Credit,2025-06-20 00:00:00,2025-06-27 00:00:00,Inactive,Visa,2030-06-20 00:00:00,0,
CD001390,A0004748,Debit,2024-08-22 00:00:00,2024-08-29 00:00:00,Expired,Visa,2029-08-22 00:00:00,0,
CD001391,A0006474,Debit,2022-05-12 00:00:00,2022-05-16 00:00:00,Active,RuPay,2027-05-12 00:00:00,1,
CD001392,A0004549,Debit,2023-07-25 00:00:00,2023-07-29 00:00:00,Active,Mastercard,2028-07-25 00:00:00,0,
CD001393,A0002806,Debit,2023-01-28 00:00:00,2023-02-04 00:00:00,Active,Mastercard,2028-01-28 00:00:00,0,
CD001394,A0001098,Debit,2025-08-14 00:00:00,2025-08-17 00:00:00,Active,Mastercard,2030-08-14 00:00:00,0,
CD001395,A0000912,Debit,2024-10-11 00:00:00,2024-10-17 00:00:00,Expired,RuPay,2029-10-11 00:00:00,0,
CD001396,A0004869,Debit,2024-05-07 00:00:00,2024-05-14 00:00:00,Active,Visa,2029-05-07 00:00:00,1,
CD001397,A0006104,Debit,2026-03-20 00:00:00,2026-03-27 00:00:00,Inactive,Visa,2031-03-20 00:00:00,1,
CD001398,A0002316,Debit,2026-04-09 00:00:00,2026-04-16 00:00:00,Active,Visa,2031-04-09 00:00:00,1,
CD001399,A0001764,Debit,2022-12-31 00:00:00,2023-01-02 00:00:00,Active,Mastercard,2027-12-31 00:00:00,0,
CD001400,A0003165,Debit,2022-04-02 00:00:00,2022-04-08 00:00:00,Inactive,Visa,2027-04-02 00:00:00,0,
CD001401,A0004614,Debit,2026-06-09 00:00:00,2026-06-12 00:00:00,Active,RuPay,2031-06-09 00:00:00,0,
CD001402,A0004421,Debit,2023-06-05 00:00:00,2023-06-11 00:00:00,Active,RuPay,2028-06-05 00:00:00,0,
CD001403,A0001151,Debit,2023-01-25 00:00:00,2023-01-26 00:00:00,Active,Visa,2028-01-25 00:00:00,0,
CD001404,A0003967,Debit,2022-02-10 00:00:00,2022-02-11 00:00:00,Active,Visa,2027-02-10 00:00:00,0,
CD001405,A0000431,Debit,2024-08-01 00:00:00,2024-08-04 00:00:00,Active,RuPay,2029-08-01 00:00:00,0,
CD001406,A0004139,Debit,2025-05-04 00:00:00,2025-05-07 00:00:00,Inactive,Mastercard,2030-05-04 00:00:00,0,
CD001407,A0002258,Debit,2024-01-12 00:00:00,2024-01-16 00:00:00,Active,Mastercard,2029-01-12 00:00:00,0,
CD001408,A0006347,Debit,2026-06-01 00:00:00,2026-06-01 00:00:00,Active,RuPay,2031-06-01 00:00:00,1,
CD001409,A0002281,Debit,2025-06-25 00:00:00,2025-07-01 00:00:00,Active,Visa,2030-06-25 00:00:00,0,
CD001410,A0000898,Debit,2026-05-21 00:00:00,2026-05-21 00:00:00,Active,RuPay,2031-05-21 00:00:00,0,
CD001411,A0006109,Debit,2023-03-01 00:00:00,2023-03-03 00:00:00,Active,RuPay,2028-03-01 00:00:00,2,
CD001412,A0005044,Debit,2022-10-30 00:00:00,2022-11-05 00:00:00,Inactive,Visa,2027-10-30 00:00:00,0,
CD001413,A0002040,Debit,2025-05-27 00:00:00,2025-06-02 00:00:00,Blocked,RuPay,2030-05-27 00:00:00,0,Customer Request
CD001414,A0005348,Debit,2022-06-09 00:00:00,2022-06-11 00:00:00,Active,Visa,2027-06-09 00:00:00,0,
CD001415,A0004628,Debit,2026-01-28 00:00:00,2026-02-01 00:00:00,Active,RuPay,2031-01-28 00:00:00,0,
CD001416,A0004446,Debit,2022-10-30 00:00:00,2022-11-04 00:00:00,Active,Mastercard,2027-10-30 00:00:00,0,
CD001417,A0000249,Debit,2022-09-05 00:00:00,2022-09-08 00:00:00,Active,Mastercard,2027-09-05 00:00:00,0,
CD001418,A0005397,Debit,2022-08-27 00:00:00,2022-08-31 00:00:00,Active,Visa,2027-08-27 00:00:00,0,
CD001419,A0004630,Debit,2024-04-04 00:00:00,2024-04-04 00:00:00,Active,RuPay,2029-04-04 00:00:00,0,
CD001420,A0003447,Debit,2023-05-04 00:00:00,2023-05-06 00:00:00,Active,Visa,2028-05-04 00:00:00,0,
CD001421,A0005256,Debit,2022-11-03 00:00:00,2022-11-04 00:00:00,Active,RuPay,2027-11-03 00:00:00,0,
CD001422,A0004231,Credit,2026-03-14 00:00:00,2026-03-20 00:00:00,Active,Mastercard,2031-03-14 00:00:00,0,
CD001423,A0006132,Debit,2024-05-28 00:00:00,2024-05-29 00:00:00,Active,Visa,2029-05-28 00:00:00,1,
CD001424,A0004903,Debit,2022-03-26 00:00:00,2022-03-27 00:00:00,Active,Mastercard,2027-03-26 00:00:00,1,
CD001425,A0001209,Debit,2022-02-07 00:00:00,2022-02-11 00:00:00,Inactive,Mastercard,2027-02-07 00:00:00,0,
CD001426,A0004451,Credit,2024-03-04 00:00:00,2024-03-04 00:00:00,Active,Visa,2029-03-04 00:00:00,3,
CD001427,A0000909,Debit,2023-02-09 00:00:00,2023-02-14 00:00:00,Active,Visa,2028-02-09 00:00:00,0,
CD001428,A0003542,Debit,2022-11-27 00:00:00,2022-11-30 00:00:00,Active,Mastercard,2027-11-27 00:00:00,0,
CD001429,A0004818,Debit,2023-06-02 00:00:00,2023-06-07 00:00:00,Active,Mastercard,2028-06-02 00:00:00,0,
CD001430,A0001493,Debit,2026-03-12 00:00:00,2026-03-18 00:00:00,Active,Visa,2031-03-12 00:00:00,0,
CD001431,A0004686,Debit,2026-03-26 00:00:00,2026-03-31 00:00:00,Active,RuPay,2031-03-26 00:00:00,2,
CD001432,A0001660,Debit,2023-06-09 00:00:00,2023-06-10 00:00:00,Inactive,RuPay,2028-06-09 00:00:00,0,
CD001433,A0002904,Debit,2025-10-24 00:00:00,2025-10-27 00:00:00,Active,Visa,2030-10-24 00:00:00,1,
CD001434,A0001188,Debit,2025-01-07 00:00:00,2025-01-07 00:00:00,Blocked,RuPay,2030-01-07 00:00:00,1,Stolen
CD001435,A0004830,Debit,2023-07-13 00:00:00,2023-07-15 00:00:00,Active,Mastercard,2028-07-13 00:00:00,0,
CD001436,A0005658,Debit,2022-11-10 00:00:00,2022-11-16 00:00:00,Active,Visa,2027-11-10 00:00:00,0,
CD001437,A0004194,Debit,2022-07-01 00:00:00,2022-07-03 00:00:00,Inactive,Mastercard,2027-07-01 00:00:00,1,
CD001438,A0000002,Debit,2022-12-08 00:00:00,2022-12-08 00:00:00,Active,RuPay,2027-12-08 00:00:00,0,
CD001439,A0003439,Debit,2023-06-07 00:00:00,2023-06-14 00:00:00,Expired,Visa,2028-06-07 00:00:00,2,
CD001440,A0005563,Credit,2023-11-26 00:00:00,2023-11-26 00:00:00,Active,RuPay,2028-11-26 00:00:00,0,
CD001441,A0001436,Credit,2022-05-31 00:00:00,2022-05-31 00:00:00,Active,RuPay,2027-05-31 00:00:00,1,
CD001442,A0005309,Debit,2026-02-12 00:00:00,2026-02-13 00:00:00,Active,Visa,2031-02-12 00:00:00,0,
CD001443,A0003108,Debit,2024-01-07 00:00:00,2024-01-11 00:00:00,Active,Visa,2029-01-07 00:00:00,0,
CD001444,A0003780,Debit,2022-08-13 00:00:00,2022-08-17 00:00:00,Active,Visa,2027-08-13 00:00:00,0,
CD001445,A0002306,Debit,2024-03-12 00:00:00,2024-03-15 00:00:00,Blocked,RuPay,2029-03-12 00:00:00,0,Suspected Fraud
CD001446,A0000095,Debit,2024-07-16 00:00:00,2024-07-21 00:00:00,Active,Visa,2029-07-16 00:00:00,0,
CD001447,A0005142,Credit,2025-02-27 00:00:00,2025-03-05 00:00:00,Active,Mastercard,2030-02-27 00:00:00,0,
CD001448,A0002148,Debit,2025-12-10 00:00:00,2025-12-15 00:00:00,Inactive,Mastercard,2030-12-10 00:00:00,0,
CD001449,A0004259,Debit,2025-08-13 00:00:00,2025-08-15 00:00:00,Blocked,Visa,2030-08-13 00:00:00,0,Stolen
CD001450,A0005983,Debit,2025-07-28 00:00:00,2025-07-28 00:00:00,Active,Mastercard,2030-07-28 00:00:00,0,
CD001451,A0005641,Credit,2024-04-06 00:00:00,2024-04-12 00:00:00,Blocked,Visa,2029-04-06 00:00:00,0,Customer Request
CD001452,A0003356,Credit,2022-04-06 00:00:00,2022-04-09 00:00:00,Active,Visa,2027-04-06 00:00:00,0,
CD001453,A0004707,Debit,2025-06-28 00:00:00,2025-07-02 00:00:00,Active,Mastercard,2030-06-28 00:00:00,0,
CD001454,A0000179,Credit,2022-10-29 00:00:00,2022-10-31 00:00:00,Active,Mastercard,2027-10-29 00:00:00,2,
CD001455,A0003776,Debit,2026-03-22 00:00:00,2026-03-28 00:00:00,Active,Mastercard,2031-03-22 00:00:00,0,
CD001456,A0000093,Debit,2023-06-28 00:00:00,2023-07-01 00:00:00,Blocked,Visa,2028-06-28 00:00:00,1,Stolen
CD001457,A0000184,Debit,2023-02-11 00:00:00,2023-02-13 00:00:00,Active,RuPay,2028-02-11 00:00:00,0,
CD001458,A0002264,Debit,2025-06-15 00:00:00,2025-06-19 00:00:00,Active,Mastercard,2030-06-15 00:00:00,0,
CD001459,A0003027,Debit,2024-05-07 00:00:00,2024-05-12 00:00:00,Active,Visa,2029-05-07 00:00:00,0,
CD001460,A0004608,Credit,2026-05-06 00:00:00,2026-05-13 00:00:00,Active,Visa,2031-05-06 00:00:00,2,
CD001461,A0000816,Debit,2022-01-26 00:00:00,2022-01-27 00:00:00,Active,Mastercard,2027-01-26 00:00:00,0,
CD001462,A0004950,Debit,2025-01-08 00:00:00,2025-01-09 00:00:00,Active,Mastercard,2030-01-08 00:00:00,0,
CD001463,A0006358,Debit,2026-03-15 00:00:00,2026-03-17 00:00:00,Active,Mastercard,2031-03-15 00:00:00,0,
CD001464,A0005659,Credit,2025-09-25 00:00:00,2025-09-30 00:00:00,Active,RuPay,2030-09-25 00:00:00,0,
CD001465,A0004084,Credit,2024-08-28 00:00:00,2024-08-31 00:00:00,Active,Visa,2029-08-28 00:00:00,0,
CD001466,A0004032,Credit,2026-06-23 00:00:00,2026-06-30 00:00:00,Inactive,Mastercard,2031-06-23 00:00:00,0,
CD001467,A0001364,Credit,2022-12-12 00:00:00,2022-12-14 00:00:00,Active,RuPay,2027-12-12 00:00:00,2,
CD001468,A0003231,Debit,2023-06-17 00:00:00,2023-06-22 00:00:00,Active,Mastercard,2028-06-17 00:00:00,2,
CD001469,A0004666,Debit,2025-06-02 00:00:00,2025-06-07 00:00:00,Active,Mastercard,2030-06-02 00:00:00,2,
CD001470,A0006420,Debit,2026-04-18 00:00:00,2026-04-23 00:00:00,Inactive,Mastercard,2031-04-18 00:00:00,0,
CD001471,A0006281,Debit,2023-05-26 00:00:00,2023-05-29 00:00:00,Inactive,Visa,2028-05-26 00:00:00,2,
CD001472,A0000285,Debit,2024-01-18 00:00:00,2024-01-23 00:00:00,Blocked,RuPay,2029-01-18 00:00:00,1,Suspected Fraud
CD001473,A0005637,Credit,2025-10-18 00:00:00,2025-10-20 00:00:00,Blocked,Mastercard,2030-10-18 00:00:00,0,Customer Request
CD001474,A0002357,Debit,2022-01-30 00:00:00,2022-02-01 00:00:00,Active,Visa,2027-01-30 00:00:00,3,
CD001475,A0005754,Credit,2024-06-02 00:00:00,2024-06-03 00:00:00,Active,RuPay,2029-06-02 00:00:00,0,
CD001476,A0003850,Debit,2022-01-13 00:00:00,2022-01-20 00:00:00,Active,Visa,2027-01-13 00:00:00,0,
CD001477,A0003147,Debit,2022-01-19 00:00:00,2022-01-21 00:00:00,Active,Visa,2027-01-19 00:00:00,0,
CD001478,A0005021,Debit,2025-04-12 00:00:00,2025-04-13 00:00:00,Active,Mastercard,2030-04-12 00:00:00,0,
CD001479,A0002415,Debit,2025-08-23 00:00:00,2025-08-26 00:00:00,Active,Mastercard,2030-08-23 00:00:00,0,
CD001480,A0003559,Debit,2026-01-27 00:00:00,2026-01-30 00:00:00,Active,Visa,2031-01-27 00:00:00,0,
CD001481,A0006162,Debit,2025-11-27 00:00:00,2025-12-04 00:00:00,Active,Visa,2030-11-27 00:00:00,0,
CD001482,A0005594,Debit,2024-01-15 00:00:00,2024-01-18 00:00:00,Active,Visa,2029-01-15 00:00:00,0,
CD001483,A0003604,Debit,2026-02-24 00:00:00,2026-03-03 00:00:00,Active,RuPay,2031-02-24 00:00:00,1,
CD001484,A0001462,Debit,2022-01-29 00:00:00,2022-01-30 00:00:00,Active,Visa,2027-01-29 00:00:00,0,
CD001485,A0000075,Debit,2025-04-12 00:00:00,2025-04-14 00:00:00,Active,Mastercard,2030-04-12 00:00:00,0,
CD001486,A0001728,Debit,2022-09-11 00:00:00,2022-09-14 00:00:00,Active,Visa,2027-09-11 00:00:00,1,
CD001487,A0002310,Debit,2025-05-20 00:00:00,2025-05-25 00:00:00,Blocked,Visa,2030-05-20 00:00:00,0,Lost
CD001488,A0006203,Debit,2023-12-04 00:00:00,2023-12-10 00:00:00,Active,Mastercard,2028-12-04 00:00:00,0,
CD001489,A0001500,Debit,2023-10-14 00:00:00,2023-10-19 00:00:00,Active,Mastercard,2028-10-14 00:00:00,1,
CD001490,A0006036,Debit,2023-08-28 00:00:00,2023-09-02 00:00:00,Active,RuPay,2028-08-28 00:00:00,0,
CD001491,A0005560,Debit,2024-09-17 00:00:00,2024-09-22 00:00:00,Active,Visa,2029-09-17 00:00:00,0,
CD001492,A0003808,Debit,2025-09-30 00:00:00,2025-10-04 00:00:00,Active,Visa,2030-09-30 00:00:00,1,
CD001493,A0006268,Debit,2025-08-05 00:00:00,2025-08-09 00:00:00,Active,Mastercard,2030-08-05 00:00:00,0,
CD001494,A0002973,Debit,2023-02-02 00:00:00,2023-02-02 00:00:00,Active,RuPay,2028-02-02 00:00:00,0,
CD001495,A0001896,Debit,2023-11-13 00:00:00,2023-11-15 00:00:00,Active,Visa,2028-11-13 00:00:00,1,
CD001496,A0000754,Debit,2025-02-01 00:00:00,2025-02-03 00:00:00,Active,Visa,2030-02-01 00:00:00,0,
CD001497,A0000612,Credit,2024-07-04 00:00:00,2024-07-05 00:00:00,Active,Visa,2029-07-04 00:00:00,1,
CD001498,A0005705,Credit,2022-02-01 00:00:00,2022-02-04 00:00:00,Active,Visa,2027-02-01 00:00:00,0,
CD001499,A0001883,Debit,2024-03-08 00:00:00,2024-03-11 00:00:00,Active,Mastercard,2029-03-08 00:00:00,0,
CD001500,A0002754,Credit,2026-01-13 00:00:00,2026-01-14 00:00:00,Blocked,Mastercard,2031-01-13 00:00:00,0,Lost
CD001501,A0003460,Debit,2024-11-15 00:00:00,2024-11-18 00:00:00,Active,Visa,2029-11-15 00:00:00,2,
CD001502,A0005970,Debit,2023-09-01 00:00:00,2023-09-03 00:00:00,Expired,Visa,2028-09-01 00:00:00,0,
CD001503,A0005968,Debit,2025-06-22 00:00:00,2025-06-22 00:00:00,Active,Mastercard,2030-06-22 00:00:00,0,
CD001504,A0001302,Debit,2025-03-03 00:00:00,2025-03-07 00:00:00,Active,Visa,2030-03-03 00:00:00,0,
CD001505,A0002740,Debit,2024-06-22 00:00:00,2024-06-25 00:00:00,Active,Mastercard,2029-06-22 00:00:00,0,
CD001506,A0000794,Debit,2025-10-07 00:00:00,2025-10-13 00:00:00,Active,RuPay,2030-10-07 00:00:00,0,
CD001507,A0000314,Debit,2023-07-17 00:00:00,2023-07-17 00:00:00,Active,Mastercard,2028-07-17 00:00:00,0,
CD001508,A0005593,Credit,2022-03-23 00:00:00,2022-03-26 00:00:00,Active,Visa,2027-03-23 00:00:00,0,
CD001509,A0001037,Debit,2023-01-21 00:00:00,2023-01-23 00:00:00,Active,Visa,2028-01-21 00:00:00,0,
CD001510,A0002857,Debit,2026-05-06 00:00:00,2026-05-12 00:00:00,Active,RuPay,2031-05-06 00:00:00,0,
CD001511,A0003444,Debit,2022-09-05 00:00:00,2022-09-12 00:00:00,Active,Mastercard,2027-09-05 00:00:00,0,
CD001512,A0004575,Credit,2023-09-15 00:00:00,2023-09-21 00:00:00,Active,RuPay,2028-09-15 00:00:00,0,
CD001513,A0005394,Debit,2023-08-30 00:00:00,2023-09-03 00:00:00,Inactive,Visa,2028-08-30 00:00:00,1,
CD001514,A0001999,Debit,2025-02-24 00:00:00,2025-03-03 00:00:00,Active,Visa,2030-02-24 00:00:00,0,
CD001515,A0006227,Credit,2022-12-17 00:00:00,2022-12-23 00:00:00,Active,Mastercard,2027-12-17 00:00:00,0,
CD001516,A0002329,Credit,2023-10-02 00:00:00,2023-10-02 00:00:00,Active,Mastercard,2028-10-02 00:00:00,0,
CD001517,A0004754,Debit,2024-05-25 00:00:00,2024-06-01 00:00:00,Active,Visa,2029-05-25 00:00:00,0,
CD001518,A0003340,Debit,2024-07-12 00:00:00,2024-07-12 00:00:00,Inactive,Mastercard,2029-07-12 00:00:00,1,
CD001519,A0004253,Credit,2026-05-13 00:00:00,2026-05-19 00:00:00,Blocked,Visa,2031-05-13 00:00:00,1,Suspected Fraud
CD001520,A0000329,Debit,2025-09-13 00:00:00,2025-09-20 00:00:00,Expired,Visa,2030-09-13 00:00:00,0,
CD001521,A0005699,Credit,2022-01-19 00:00:00,2022-01-21 00:00:00,Active,Visa,2027-01-19 00:00:00,0,
CD001522,A0004843,Credit,2024-08-18 00:00:00,2024-08-25 00:00:00,Active,Mastercard,2029-08-18 00:00:00,0,
CD001523,A0000126,Debit,2025-10-02 00:00:00,2025-10-03 00:00:00,Active,Visa,2030-10-02 00:00:00,0,
CD001524,A0000199,Debit,2026-02-23 00:00:00,2026-02-25 00:00:00,Blocked,Visa,2031-02-23 00:00:00,0,Lost
CD001525,A0001733,Credit,2023-08-08 00:00:00,2023-08-15 00:00:00,Active,Mastercard,2028-08-08 00:00:00,0,
CD001526,A0000460,Debit,2025-03-16 00:00:00,2025-03-18 00:00:00,Active,Mastercard,2030-03-16 00:00:00,0,
CD001527,A0001812,Debit,2025-07-22 00:00:00,2025-07-23 00:00:00,Active,Visa,2030-07-22 00:00:00,0,
CD001528,A0006025,Credit,2023-05-12 00:00:00,2023-05-17 00:00:00,Active,Visa,2028-05-12 00:00:00,0,
CD001529,A0001747,Debit,2023-05-11 00:00:00,2023-05-18 00:00:00,Active,Visa,2028-05-11 00:00:00,0,
CD001530,A0006006,Credit,2026-03-10 00:00:00,2026-03-15 00:00:00,Active,Visa,2031-03-10 00:00:00,0,
CD001531,A0005799,Debit,2023-04-26 00:00:00,2023-05-02 00:00:00,Active,Visa,2028-04-26 00:00:00,0,
CD001532,A0004951,Credit,2022-06-19 00:00:00,2022-06-19 00:00:00,Active,Mastercard,2027-06-19 00:00:00,0,
CD001533,A0001205,Debit,2025-01-02 00:00:00,2025-01-04 00:00:00,Active,Visa,2030-01-02 00:00:00,0,
CD001534,A0004959,Debit,2022-11-11 00:00:00,2022-11-18 00:00:00,Active,RuPay,2027-11-11 00:00:00,0,
CD001535,A0004860,Credit,2023-09-13 00:00:00,2023-09-20 00:00:00,Active,RuPay,2028-09-13 00:00:00,0,
CD001536,A0003426,Debit,2022-05-29 00:00:00,2022-05-30 00:00:00,Inactive,Visa,2027-05-29 00:00:00,2,
CD001537,A0005951,Debit,2022-03-28 00:00:00,2022-03-29 00:00:00,Inactive,Visa,2027-03-28 00:00:00,0,
CD001538,A0001390,Credit,2025-11-28 00:00:00,2025-12-03 00:00:00,Active,Visa,2030-11-28 00:00:00,0,
CD001539,A0001931,Debit,2022-12-19 00:00:00,2022-12-22 00:00:00,Expired,Visa,2027-12-19 00:00:00,0,
CD001540,A0005176,Debit,2025-09-10 00:00:00,2025-09-13 00:00:00,Active,Visa,2030-09-10 00:00:00,0,
CD001541,A0000709,Debit,2024-12-21 00:00:00,2024-12-21 00:00:00,Active,Mastercard,2029-12-21 00:00:00,0,
CD001542,A0003471,Debit,2024-06-16 00:00:00,2024-06-18 00:00:00,Active,Visa,2029-06-16 00:00:00,1,
CD001543,A0001912,Debit,2022-05-19 00:00:00,2022-05-22 00:00:00,Blocked,Mastercard,2027-05-19 00:00:00,1,Lost
CD001544,A0005085,Credit,2022-02-21 00:00:00,2022-02-27 00:00:00,Active,Mastercard,2027-02-21 00:00:00,1,
CD001545,A0003774,Debit,2022-06-21 00:00:00,2022-06-22 00:00:00,Inactive,Visa,2027-06-21 00:00:00,0,
CD001546,A0004757,Debit,2024-03-01 00:00:00,2024-03-01 00:00:00,Active,Visa,2029-03-01 00:00:00,0,
CD001547,A0004796,Debit,2022-11-06 00:00:00,2022-11-10 00:00:00,Active,RuPay,2027-11-06 00:00:00,2,
CD001548,A0002095,Credit,2022-09-09 00:00:00,2022-09-13 00:00:00,Active,RuPay,2027-09-09 00:00:00,0,
CD001549,A0001808,Debit,2022-06-11 00:00:00,2022-06-18 00:00:00,Active,Mastercard,2027-06-11 00:00:00,0,
CD001550,A0003142,Debit,2024-05-13 00:00:00,2024-05-14 00:00:00,Active,Visa,2029-05-13 00:00:00,0,
CD001551,A0006216,Debit,2025-11-01 00:00:00,2025-11-08 00:00:00,Active,RuPay,2030-11-01 00:00:00,0,
CD001552,A0005649,Credit,2022-03-07 00:00:00,2022-03-09 00:00:00,Blocked,Mastercard,2027-03-07 00:00:00,2,Lost
CD001553,A0005371,Debit,2023-05-25 00:00:00,2023-05-27 00:00:00,Blocked,Visa,2028-05-25 00:00:00,0,Customer Request
CD001554,A0003470,Debit,2024-12-15 00:00:00,2024-12-16 00:00:00,Active,Mastercard,2029-12-15 00:00:00,0,
CD001555,A0003660,Credit,2023-05-17 00:00:00,2023-05-18 00:00:00,Active,Visa,2028-05-17 00:00:00,0,
CD001556,A0005590,Credit,2024-09-15 00:00:00,2024-09-16 00:00:00,Active,Visa,2029-09-15 00:00:00,0,
CD001557,A0000720,Debit,2022-01-05 00:00:00,2022-01-12 00:00:00,Active,Mastercard,2027-01-05 00:00:00,0,
CD001558,A0001634,Debit,2025-03-27 00:00:00,2025-04-01 00:00:00,Blocked,Visa,2030-03-27 00:00:00,0,Lost
CD001559,A0004898,Credit,2023-05-13 00:00:00,2023-05-16 00:00:00,Active,Visa,2028-05-13 00:00:00,0,
CD001560,A0004844,Debit,2025-08-25 00:00:00,2025-09-01 00:00:00,Active,Visa,2030-08-25 00:00:00,0,
CD001561,A0003177,Debit,2024-10-13 00:00:00,2024-10-20 00:00:00,Active,RuPay,2029-10-13 00:00:00,0,
CD001562,A0006210,Debit,2022-03-03 00:00:00,2022-03-07 00:00:00,Active,RuPay,2027-03-03 00:00:00,0,
CD001563,A0002990,Credit,2026-01-08 00:00:00,2026-01-14 00:00:00,Active,Mastercard,2031-01-08 00:00:00,0,
CD001564,A0000260,Debit,2026-02-07 00:00:00,2026-02-12 00:00:00,Active,Visa,2031-02-07 00:00:00,0,
CD001565,A0001953,Debit,2026-06-02 00:00:00,2026-06-04 00:00:00,Active,RuPay,2031-06-02 00:00:00,0,
CD001566,A0000378,Debit,2025-01-01 00:00:00,2025-01-05 00:00:00,Active,Mastercard,2030-01-01 00:00:00,1,
CD001567,A0000855,Debit,2022-10-19 00:00:00,2022-10-25 00:00:00,Active,Mastercard,2027-10-19 00:00:00,1,
CD001568,A0003800,Debit,2024-02-12 00:00:00,2024-02-18 00:00:00,Active,Mastercard,2029-02-12 00:00:00,1,
CD001569,A0000120,Debit,2025-02-20 00:00:00,2025-02-27 00:00:00,Active,Mastercard,2030-02-20 00:00:00,0,
CD001570,A0005495,Debit,2022-04-14 00:00:00,2022-04-19 00:00:00,Expired,Visa,2027-04-14 00:00:00,0,
CD001571,A0003040,Debit,2024-01-29 00:00:00,2024-01-29 00:00:00,Active,Visa,2029-01-29 00:00:00,1,
CD001572,A0005846,Debit,2022-05-15 00:00:00,2022-05-20 00:00:00,Inactive,RuPay,2027-05-15 00:00:00,0,
CD001573,A0001215,Debit,2023-05-30 00:00:00,2023-06-02 00:00:00,Active,Visa,2028-05-30 00:00:00,1,
CD001574,A0000736,Credit,2025-11-17 00:00:00,2025-11-21 00:00:00,Expired,Mastercard,2030-11-17 00:00:00,0,
CD001575,A0005786,Debit,2022-10-17 00:00:00,2022-10-21 00:00:00,Inactive,Visa,2027-10-17 00:00:00,1,
CD001576,A0004004,Debit,2024-01-26 00:00:00,2024-01-30 00:00:00,Inactive,Visa,2029-01-26 00:00:00,0,
CD001577,A0006218,Debit,2022-10-28 00:00:00,2022-10-30 00:00:00,Active,Visa,2027-10-28 00:00:00,0,
CD001578,A0004181,Debit,2023-01-14 00:00:00,2023-01-17 00:00:00,Active,Mastercard,2028-01-14 00:00:00,0,
CD001579,A0002443,Credit,2023-09-11 00:00:00,2023-09-18 00:00:00,Active,RuPay,2028-09-11 00:00:00,0,
CD001580,A0006468,Credit,2023-04-02 00:00:00,2023-04-04 00:00:00,Expired,Mastercard,2028-04-02 00:00:00,1,
CD001581,A0002136,Debit,2025-12-04 00:00:00,2025-12-09 00:00:00,Active,RuPay,2030-12-04 00:00:00,1,
CD001582,A0000422,Debit,2023-11-19 00:00:00,2023-11-26 00:00:00,Active,Visa,2028-11-19 00:00:00,1,
CD001583,A0002731,Debit,2023-06-18 00:00:00,2023-06-23 00:00:00,Expired,RuPay,2028-06-18 00:00:00,1,
CD001584,A0004060,Credit,2026-05-02 00:00:00,2026-05-03 00:00:00,Active,RuPay,2031-05-02 00:00:00,0,
CD001585,A0005240,Debit,2022-07-31 00:00:00,2022-08-01 00:00:00,Active,Visa,2027-07-31 00:00:00,2,
CD001586,A0002559,Debit,2026-03-14 00:00:00,2026-03-17 00:00:00,Active,Visa,2031-03-14 00:00:00,2,
CD001587,A0003681,Debit,2024-08-25 00:00:00,2024-08-26 00:00:00,Active,Mastercard,2029-08-25 00:00:00,0,
CD001588,A0006356,Debit,2023-12-26 00:00:00,2023-12-30 00:00:00,Active,RuPay,2028-12-26 00:00:00,0,
CD001589,A0000233,Debit,2025-04-11 00:00:00,2025-04-11 00:00:00,Active,Visa,2030-04-11 00:00:00,0,
CD001590,A0005685,Debit,2022-02-13 00:00:00,2022-02-14 00:00:00,Active,Visa,2027-02-13 00:00:00,0,
CD001591,A0004736,Debit,2025-11-19 00:00:00,2025-11-20 00:00:00,Active,RuPay,2030-11-19 00:00:00,0,
CD001592,A0002574,Debit,2023-02-22 00:00:00,2023-02-24 00:00:00,Expired,RuPay,2028-02-22 00:00:00,0,
CD001593,A0003764,Debit,2024-08-02 00:00:00,2024-08-06 00:00:00,Active,RuPay,2029-08-02 00:00:00,0,
CD001594,A0003171,Credit,2025-08-26 00:00:00,2025-08-31 00:00:00,Expired,RuPay,2030-08-26 00:00:00,1,
CD001595,A0001796,Debit,2023-12-13 00:00:00,2023-12-17 00:00:00,Expired,Mastercard,2028-12-13 00:00:00,0,
CD001596,A0000518,Debit,2022-01-11 00:00:00,2022-01-11 00:00:00,Blocked,Mastercard,2027-01-11 00:00:00,0,Lost
CD001597,A0003082,Credit,2025-09-29 00:00:00,2025-10-06 00:00:00,Inactive,RuPay,2030-09-29 00:00:00,0,
CD001598,A0002950,Debit,2024-12-20 00:00:00,2024-12-25 00:00:00,Expired,Visa,2029-12-20 00:00:00,1,
CD001599,A0006426,Debit,2025-06-04 00:00:00,2025-06-06 00:00:00,Inactive,Mastercard,2030-06-04 00:00:00,0,
CD001600,A0006357,Debit,2024-05-31 00:00:00,2024-06-06 00:00:00,Active,RuPay,2029-05-31 00:00:00,0,
CD001601,A0001568,Debit,2025-12-30 00:00:00,2026-01-06 00:00:00,Active,Mastercard,2030-12-30 00:00:00,0,
CD001602,A0002279,Credit,2024-12-13 00:00:00,2024-12-15 00:00:00,Active,RuPay,2029-12-13 00:00:00,1,
CD001603,A0005565,Debit,2022-10-24 00:00:00,2022-10-29 00:00:00,Blocked,RuPay,2027-10-24 00:00:00,1,Lost
CD001604,A0005302,Debit,2022-05-10 00:00:00,2022-05-17 00:00:00,Active,RuPay,2027-05-10 00:00:00,0,
CD001605,A0003655,Credit,2025-07-08 00:00:00,2025-07-13 00:00:00,Active,Mastercard,2030-07-08 00:00:00,1,
CD001606,A0000897,Debit,2026-04-12 00:00:00,2026-04-16 00:00:00,Active,Visa,2031-04-12 00:00:00,0,
CD001607,A0001544,Debit,2024-07-10 00:00:00,2024-07-12 00:00:00,Active,Visa,2029-07-10 00:00:00,0,
CD001608,A0001079,Debit,2024-08-10 00:00:00,2024-08-10 00:00:00,Active,Visa,2029-08-10 00:00:00,0,
CD001609,A0005900,Debit,2026-04-18 00:00:00,2026-04-18 00:00:00,Active,Mastercard,2031-04-18 00:00:00,0,
CD001610,A0003953,Credit,2025-05-05 00:00:00,2025-05-10 00:00:00,Inactive,Visa,2030-05-05 00:00:00,0,
CD001611,A0002582,Debit,2022-09-06 00:00:00,2022-09-09 00:00:00,Active,Visa,2027-09-06 00:00:00,0,
CD001612,A0001336,Debit,2026-04-15 00:00:00,2026-04-22 00:00:00,Active,Visa,2031-04-15 00:00:00,0,
CD001613,A0004222,Debit,2025-05-11 00:00:00,2025-05-13 00:00:00,Active,Mastercard,2030-05-11 00:00:00,2,
CD001614,A0004210,Debit,2024-09-27 00:00:00,2024-09-29 00:00:00,Active,RuPay,2029-09-27 00:00:00,0,
CD001615,A0000528,Debit,2026-03-23 00:00:00,2026-03-24 00:00:00,Active,Visa,2031-03-23 00:00:00,1,
CD001616,A0003561,Debit,2024-04-21 00:00:00,2024-04-28 00:00:00,Active,Mastercard,2029-04-21 00:00:00,0,
CD001617,A0003159,Debit,2025-10-05 00:00:00,2025-10-11 00:00:00,Active,Mastercard,2030-10-05 00:00:00,0,
CD001618,A0004749,Credit,2025-02-18 00:00:00,2025-02-23 00:00:00,Active,Mastercard,2030-02-18 00:00:00,0,
CD001619,A0002718,Debit,2022-05-12 00:00:00,2022-05-16 00:00:00,Inactive,RuPay,2027-05-12 00:00:00,0,
CD001620,A0000946,Debit,2022-01-24 00:00:00,2022-01-30 00:00:00,Active,Mastercard,2027-01-24 00:00:00,0,
CD001621,A0000192,Debit,2026-03-08 00:00:00,2026-03-13 00:00:00,Active,Mastercard,2031-03-08 00:00:00,1,
CD001622,A0005647,Debit,2025-03-17 00:00:00,2025-03-24 00:00:00,Blocked,Visa,2030-03-17 00:00:00,0,Customer Request
CD001623,A0000945,Debit,2024-10-24 00:00:00,2024-10-28 00:00:00,Active,Mastercard,2029-10-24 00:00:00,0,
CD001624,A0001068,Debit,2022-04-19 00:00:00,2022-04-22 00:00:00,Active,RuPay,2027-04-19 00:00:00,0,
CD001625,A0006198,Debit,2024-09-26 00:00:00,2024-10-01 00:00:00,Active,Visa,2029-09-26 00:00:00,0,
CD001626,A0004234,Debit,2026-02-22 00:00:00,2026-02-23 00:00:00,Active,Mastercard,2031-02-22 00:00:00,1,
CD001627,A0006029,Debit,2024-10-30 00:00:00,2024-11-02 00:00:00,Active,Visa,2029-10-30 00:00:00,0,
CD001628,A0003030,Debit,2022-05-09 00:00:00,2022-05-16 00:00:00,Active,RuPay,2027-05-09 00:00:00,0,
CD001629,A0005241,Debit,2022-03-23 00:00:00,2022-03-28 00:00:00,Active,Visa,2027-03-23 00:00:00,0,
CD001630,A0003688,Credit,2024-07-29 00:00:00,2024-07-29 00:00:00,Inactive,Mastercard,2029-07-29 00:00:00,0,
CD001631,A0000113,Debit,2024-06-26 00:00:00,2024-07-01 00:00:00,Active,RuPay,2029-06-26 00:00:00,1,
CD001632,A0002591,Debit,2022-01-15 00:00:00,2022-01-15 00:00:00,Active,Mastercard,2027-01-15 00:00:00,0,
CD001633,A0004320,Debit,2024-04-03 00:00:00,2024-04-03 00:00:00,Expired,RuPay,2029-04-03 00:00:00,0,
CD001634,A0000157,Debit,2026-03-01 00:00:00,2026-03-01 00:00:00,Blocked,Visa,2031-03-01 00:00:00,0,Suspected Fraud
CD001635,A0005915,Debit,2025-11-21 00:00:00,2025-11-23 00:00:00,Active,RuPay,2030-11-21 00:00:00,0,
CD001636,A0004840,Debit,2024-03-08 00:00:00,2024-03-11 00:00:00,Active,RuPay,2029-03-08 00:00:00,0,
CD001637,A0003412,Debit,2022-12-06 00:00:00,2022-12-13 00:00:00,Active,Visa,2027-12-06 00:00:00,0,
CD001638,A0006048,Debit,2024-10-17 00:00:00,2024-10-21 00:00:00,Active,Visa,2029-10-17 00:00:00,0,
CD001639,A0004135,Credit,2023-04-07 00:00:00,2023-04-13 00:00:00,Active,Mastercard,2028-04-07 00:00:00,0,
CD001640,A0003897,Debit,2024-08-14 00:00:00,2024-08-16 00:00:00,Active,Visa,2029-08-14 00:00:00,1,
CD001641,A0002320,Debit,2022-06-02 00:00:00,2022-06-08 00:00:00,Active,RuPay,2027-06-02 00:00:00,0,
CD001642,A0000236,Debit,2022-06-24 00:00:00,2022-07-01 00:00:00,Active,Mastercard,2027-06-24 00:00:00,0,
CD001643,A0003045,Debit,2025-12-07 00:00:00,2025-12-12 00:00:00,Active,Mastercard,2030-12-07 00:00:00,1,
CD001644,A0002967,Credit,2022-12-08 00:00:00,2022-12-13 00:00:00,Active,Mastercard,2027-12-08 00:00:00,0,
CD001645,A0003505,Credit,2025-12-27 00:00:00,2026-01-03 00:00:00,Inactive,Visa,2030-12-27 00:00:00,0,
CD001646,A0000024,Debit,2022-04-03 00:00:00,2022-04-05 00:00:00,Expired,Mastercard,2027-04-03 00:00:00,0,
CD001647,A0002640,Debit,2023-05-05 00:00:00,2023-05-09 00:00:00,Active,Mastercard,2028-05-05 00:00:00,1,
CD001648,A0000371,Credit,2025-10-04 00:00:00,2025-10-06 00:00:00,Active,Mastercard,2030-10-04 00:00:00,0,
CD001649,A0003825,Debit,2022-09-29 00:00:00,2022-10-06 00:00:00,Active,Visa,2027-09-29 00:00:00,0,
CD001650,A0005082,Debit,2023-07-13 00:00:00,2023-07-13 00:00:00,Active,Mastercard,2028-07-13 00:00:00,0,
CD001651,A0001474,Debit,2026-03-18 00:00:00,2026-03-21 00:00:00,Active,Visa,2031-03-18 00:00:00,0,
CD001652,A0002004,Debit,2026-03-14 00:00:00,2026-03-16 00:00:00,Active,Visa,2031-03-14 00:00:00,0,
CD001653,A0004349,Debit,2023-10-05 00:00:00,2023-10-07 00:00:00,Active,Visa,2028-10-05 00:00:00,0,
CD001654,A0003279,Debit,2022-07-10 00:00:00,2022-07-11 00:00:00,Active,Mastercard,2027-07-10 00:00:00,0,
CD001655,A0000064,Debit,2025-07-13 00:00:00,2025-07-19 00:00:00,Active,Mastercard,2030-07-13 00:00:00,1,
CD001656,A0005926,Debit,2026-02-16 00:00:00,2026-02-23 00:00:00,Blocked,RuPay,2031-02-16 00:00:00,1,Suspected Fraud
CD001657,A0004475,Debit,2024-12-25 00:00:00,2024-12-26 00:00:00,Active,RuPay,2029-12-25 00:00:00,0,
CD001658,A0002231,Credit,2025-06-13 00:00:00,2025-06-19 00:00:00,Active,RuPay,2030-06-13 00:00:00,0,
CD001659,A0000459,Debit,2024-01-02 00:00:00,2024-01-06 00:00:00,Active,Visa,2029-01-02 00:00:00,0,
CD001660,A0000296,Debit,2025-01-22 00:00:00,2025-01-23 00:00:00,Active,Visa,2030-01-22 00:00:00,0,
CD001661,A0005533,Debit,2022-03-26 00:00:00,2022-03-31 00:00:00,Active,Mastercard,2027-03-26 00:00:00,3,
CD001662,A0002780,Debit,2025-11-02 00:00:00,2025-11-09 00:00:00,Expired,Visa,2030-11-02 00:00:00,0,
CD001663,A0006024,Debit,2026-06-25 00:00:00,2026-07-01 00:00:00,Active,Mastercard,2031-06-25 00:00:00,1,
CD001664,A0005482,Debit,2023-01-01 00:00:00,2023-01-02 00:00:00,Active,RuPay,2028-01-01 00:00:00,2,
CD001665,A0004988,Debit,2025-04-06 00:00:00,2025-04-10 00:00:00,Inactive,RuPay,2030-04-06 00:00:00,0,
CD001666,A0005379,Debit,2022-11-22 00:00:00,2022-11-28 00:00:00,Active,Visa,2027-11-22 00:00:00,0,
CD001667,A0000066,Debit,2023-06-30 00:00:00,2023-07-05 00:00:00,Active,RuPay,2028-06-30 00:00:00,0,
CD001668,A0005332,Debit,2023-08-10 00:00:00,2023-08-14 00:00:00,Active,RuPay,2028-08-10 00:00:00,0,
CD001669,A0001789,Credit,2025-06-16 00:00:00,2025-06-22 00:00:00,Active,Visa,2030-06-16 00:00:00,0,
CD001670,A0005464,Debit,2023-09-08 00:00:00,2023-09-13 00:00:00,Inactive,RuPay,2028-09-08 00:00:00,0,
CD001671,A0006151,Debit,2025-10-08 00:00:00,2025-10-08 00:00:00,Blocked,RuPay,2030-10-08 00:00:00,0,Suspected Fraud
CD001672,A0002839,Debit,2022-06-09 00:00:00,2022-06-15 00:00:00,Active,RuPay,2027-06-09 00:00:00,0,
CD001673,A0002028,Debit,2024-02-22 00:00:00,2024-02-29 00:00:00,Active,Visa,2029-02-22 00:00:00,0,
CD001674,A0003197,Debit,2022-09-27 00:00:00,2022-10-04 00:00:00,Active,Mastercard,2027-09-27 00:00:00,0,
CD001675,A0004619,Debit,2025-12-02 00:00:00,2025-12-08 00:00:00,Active,Mastercard,2030-12-02 00:00:00,0,
CD001676,A0003649,Debit,2022-08-08 00:00:00,2022-08-12 00:00:00,Active,Mastercard,2027-08-08 00:00:00,1,
CD001677,A0006341,Credit,2025-07-21 00:00:00,2025-07-28 00:00:00,Inactive,Visa,2030-07-21 00:00:00,0,
CD001678,A0000099,Debit,2025-02-16 00:00:00,2025-02-21 00:00:00,Active,RuPay,2030-02-16 00:00:00,0,
CD001679,A0004127,Debit,2022-05-28 00:00:00,2022-05-29 00:00:00,Expired,Visa,2027-05-28 00:00:00,0,
CD001680,A0002688,Debit,2026-03-04 00:00:00,2026-03-06 00:00:00,Active,Visa,2031-03-04 00:00:00,0,
CD001681,A0004344,Credit,2025-05-20 00:00:00,2025-05-26 00:00:00,Active,Visa,2030-05-20 00:00:00,1,
CD001682,A0001300,Debit,2025-06-09 00:00:00,2025-06-12 00:00:00,Active,RuPay,2030-06-09 00:00:00,0,
CD001683,A0001016,Debit,2024-08-13 00:00:00,2024-08-13 00:00:00,Expired,Visa,2029-08-13 00:00:00,0,
CD001684,A0004429,Debit,2024-10-25 00:00:00,2024-10-31 00:00:00,Active,RuPay,2029-10-25 00:00:00,0,
CD001685,A0005236,Debit,2025-08-21 00:00:00,2025-08-27 00:00:00,Active,Visa,2030-08-21 00:00:00,1,
CD001686,A0003683,Debit,2024-07-26 00:00:00,2024-08-02 00:00:00,Active,Mastercard,2029-07-26 00:00:00,0,
CD001687,A0000801,Debit,2024-08-25 00:00:00,2024-08-27 00:00:00,Inactive,RuPay,2029-08-25 00:00:00,0,
CD001688,A0001261,Debit,2024-01-26 00:00:00,2024-02-02 00:00:00,Active,Mastercard,2029-01-26 00:00:00,1,
CD001689,A0004415,Debit,2022-04-18 00:00:00,2022-04-25 00:00:00,Active,Visa,2027-04-18 00:00:00,0,
CD001690,A0002680,Debit,2026-03-21 00:00:00,2026-03-23 00:00:00,Active,RuPay,2031-03-21 00:00:00,0,
CD001691,A0000256,Debit,2024-01-13 00:00:00,2024-01-16 00:00:00,Active,Visa,2029-01-13 00:00:00,0,
CD001692,A0001092,Debit,2023-04-29 00:00:00,2023-05-06 00:00:00,Blocked,Visa,2028-04-29 00:00:00,0,Suspected Fraud
CD001693,A0001271,Credit,2023-05-14 00:00:00,2023-05-17 00:00:00,Active,Mastercard,2028-05-14 00:00:00,0,
CD001694,A0001916,Debit,2025-07-15 00:00:00,2025-07-21 00:00:00,Active,Visa,2030-07-15 00:00:00,1,
CD001695,A0005068,Debit,2025-06-02 00:00:00,2025-06-06 00:00:00,Inactive,Visa,2030-06-02 00:00:00,0,
CD001696,A0005604,Credit,2024-12-06 00:00:00,2024-12-07 00:00:00,Active,RuPay,2029-12-06 00:00:00,0,
CD001697,A0000648,Debit,2022-05-27 00:00:00,2022-05-28 00:00:00,Active,Visa,2027-05-27 00:00:00,0,
CD001698,A0006359,Debit,2022-12-28 00:00:00,2023-01-01 00:00:00,Active,RuPay,2027-12-28 00:00:00,0,
CD001699,A0003218,Debit,2026-04-17 00:00:00,2026-04-21 00:00:00,Active,RuPay,2031-04-17 00:00:00,0,
CD001700,A0003921,Debit,2023-08-25 00:00:00,2023-08-31 00:00:00,Active,Mastercard,2028-08-25 00:00:00,1,
CD001701,A0000795,Debit,2022-11-26 00:00:00,2022-12-02 00:00:00,Active,Mastercard,2027-11-26 00:00:00,0,
CD001702,A0003137,Debit,2024-04-03 00:00:00,2024-04-08 00:00:00,Active,Visa,2029-04-03 00:00:00,0,
CD001703,A0003401,Debit,2024-09-10 00:00:00,2024-09-17 00:00:00,Active,Visa,2029-09-10 00:00:00,0,
CD001704,A0006069,Debit,2026-04-16 00:00:00,2026-04-22 00:00:00,Inactive,Visa,2031-04-16 00:00:00,0,
CD001705,A0001720,Debit,2025-05-07 00:00:00,2025-05-08 00:00:00,Active,Visa,2030-05-07 00:00:00,2,
CD001706,A0004043,Debit,2024-12-24 00:00:00,2024-12-29 00:00:00,Active,Mastercard,2029-12-24 00:00:00,0,
CD001707,A0000284,Debit,2023-08-17 00:00:00,2023-08-18 00:00:00,Inactive,Visa,2028-08-17 00:00:00,1,
CD001708,A0003945,Credit,2025-08-24 00:00:00,2025-08-29 00:00:00,Active,Visa,2030-08-24 00:00:00,0,
CD001709,A0000411,Debit,2022-01-20 00:00:00,2022-01-26 00:00:00,Active,Mastercard,2027-01-20 00:00:00,0,
CD001710,A0001727,Debit,2023-11-13 00:00:00,2023-11-14 00:00:00,Active,Visa,2028-11-13 00:00:00,0,
CD001711,A0004640,Debit,2025-07-23 00:00:00,2025-07-28 00:00:00,Active,RuPay,2030-07-23 00:00:00,0,
CD001712,A0006391,Debit,2023-03-29 00:00:00,2023-04-01 00:00:00,Active,RuPay,2028-03-29 00:00:00,1,
CD001713,A0006488,Debit,2025-09-16 00:00:00,2025-09-20 00:00:00,Blocked,RuPay,2030-09-16 00:00:00,0,Lost
CD001714,A0000419,Debit,2025-04-21 00:00:00,2025-04-23 00:00:00,Active,Mastercard,2030-04-21 00:00:00,0,
CD001715,A0000320,Debit,2023-10-01 00:00:00,2023-10-05 00:00:00,Blocked,Mastercard,2028-10-01 00:00:00,0,Lost
CD001716,A0000319,Debit,2026-03-09 00:00:00,2026-03-11 00:00:00,Inactive,Visa,2031-03-09 00:00:00,0,
CD001717,A0000185,Debit,2025-10-10 00:00:00,2025-10-14 00:00:00,Active,Visa,2030-10-10 00:00:00,1,
CD001718,A0000703,Debit,2023-06-20 00:00:00,2023-06-22 00:00:00,Inactive,Mastercard,2028-06-20 00:00:00,0,
CD001719,A0002866,Credit,2022-05-07 00:00:00,2022-05-10 00:00:00,Active,Visa,2027-05-07 00:00:00,0,
CD001720,A0000881,Debit,2022-09-21 00:00:00,2022-09-21 00:00:00,Active,Mastercard,2027-09-21 00:00:00,0,
CD001721,A0005148,Credit,2026-01-01 00:00:00,2026-01-04 00:00:00,Active,Mastercard,2031-01-01 00:00:00,0,
CD001722,A0002476,Debit,2025-11-21 00:00:00,2025-11-24 00:00:00,Blocked,Visa,2030-11-21 00:00:00,0,Suspected Fraud
CD001723,A0000327,Debit,2026-01-29 00:00:00,2026-02-02 00:00:00,Active,Mastercard,2031-01-29 00:00:00,0,
CD001724,A0006485,Debit,2025-03-27 00:00:00,2025-03-28 00:00:00,Blocked,Visa,2030-03-27 00:00:00,0,Lost
CD001725,A0005002,Credit,2024-12-29 00:00:00,2024-12-30 00:00:00,Active,Visa,2029-12-29 00:00:00,0,
CD001726,A0003642,Credit,2026-06-04 00:00:00,2026-06-06 00:00:00,Active,RuPay,2031-06-04 00:00:00,0,
CD001727,A0001458,Debit,2025-10-13 00:00:00,2025-10-20 00:00:00,Active,Mastercard,2030-10-13 00:00:00,0,
CD001728,A0002250,Debit,2024-08-25 00:00:00,2024-08-25 00:00:00,Active,Mastercard,2029-08-25 00:00:00,0,
CD001729,A0002225,Debit,2025-07-21 00:00:00,2025-07-25 00:00:00,Expired,Visa,2030-07-21 00:00:00,0,
CD001730,A0000112,Debit,2023-12-19 00:00:00,2023-12-26 00:00:00,Active,Mastercard,2028-12-19 00:00:00,0,
CD001731,A0006161,Debit,2022-07-16 00:00:00,2022-07-20 00:00:00,Active,Visa,2027-07-16 00:00:00,0,
CD001732,A0005006,Debit,2025-08-12 00:00:00,2025-08-15 00:00:00,Expired,Mastercard,2030-08-12 00:00:00,0,
CD001733,A0004189,Debit,2023-08-24 00:00:00,2023-08-31 00:00:00,Active,Visa,2028-08-24 00:00:00,0,
CD001734,A0005622,Debit,2025-12-23 00:00:00,2025-12-30 00:00:00,Blocked,Mastercard,2030-12-23 00:00:00,2,Suspected Fraud
CD001735,A0002271,Debit,2023-07-14 00:00:00,2023-07-20 00:00:00,Active,RuPay,2028-07-14 00:00:00,0,
CD001736,A0004148,Credit,2024-06-26 00:00:00,2024-06-28 00:00:00,Active,Mastercard,2029-06-26 00:00:00,0,
CD001737,A0004942,Credit,2026-04-15 00:00:00,2026-04-22 00:00:00,Active,RuPay,2031-04-15 00:00:00,0,
CD001738,A0000882,Debit,2025-01-10 00:00:00,2025-01-17 00:00:00,Active,Mastercard,2030-01-10 00:00:00,0,
CD001739,A0000022,Credit,2023-06-12 00:00:00,2023-06-17 00:00:00,Active,Visa,2028-06-12 00:00:00,2,
CD001740,A0003617,Debit,2025-08-25 00:00:00,2025-08-25 00:00:00,Active,Visa,2030-08-25 00:00:00,3,
CD001741,A0005868,Credit,2025-06-24 00:00:00,2025-06-25 00:00:00,Active,Visa,2030-06-24 00:00:00,0,
CD001742,A0002841,Debit,2022-04-22 00:00:00,2022-04-23 00:00:00,Active,Visa,2027-04-22 00:00:00,0,
CD001743,A0002411,Debit,2023-06-05 00:00:00,2023-06-06 00:00:00,Active,Visa,2028-06-05 00:00:00,0,
CD001744,A0003862,Debit,2026-02-08 00:00:00,2026-02-10 00:00:00,Active,RuPay,2031-02-08 00:00:00,0,
CD001745,A0002439,Credit,2022-07-13 00:00:00,2022-07-16 00:00:00,Active,Mastercard,2027-07-13 00:00:00,0,
CD001746,A0003513,Debit,2022-01-27 00:00:00,2022-02-02 00:00:00,Active,Mastercard,2027-01-27 00:00:00,1,
CD001747,A0001553,Debit,2025-07-29 00:00:00,2025-08-04 00:00:00,Blocked,Visa,2030-07-29 00:00:00,0,Stolen
CD001748,A0005569,Credit,2025-01-08 00:00:00,2025-01-09 00:00:00,Inactive,RuPay,2030-01-08 00:00:00,0,
CD001749,A0003462,Debit,2024-12-23 00:00:00,2024-12-25 00:00:00,Active,Mastercard,2029-12-23 00:00:00,0,
CD001750,A0005961,Debit,2022-09-22 00:00:00,2022-09-29 00:00:00,Active,Mastercard,2027-09-22 00:00:00,0,
CD001751,A0004932,Debit,2025-04-26 00:00:00,2025-04-28 00:00:00,Active,RuPay,2030-04-26 00:00:00,0,
CD001752,A0006239,Debit,2023-12-02 00:00:00,2023-12-02 00:00:00,Active,Visa,2028-12-02 00:00:00,0,
CD001753,A0003964,Debit,2022-12-27 00:00:00,2022-12-28 00:00:00,Active,Visa,2027-12-27 00:00:00,0,
CD001754,A0003043,Debit,2022-08-23 00:00:00,2022-08-26 00:00:00,Inactive,RuPay,2027-08-23 00:00:00,0,
CD001755,A0001220,Debit,2024-08-11 00:00:00,2024-08-16 00:00:00,Inactive,RuPay,2029-08-11 00:00:00,1,
CD001756,A0001326,Debit,2026-03-28 00:00:00,2026-03-30 00:00:00,Inactive,Mastercard,2031-03-28 00:00:00,0,
CD001757,A0000987,Debit,2022-05-31 00:00:00,2022-06-03 00:00:00,Inactive,Visa,2027-05-31 00:00:00,0,
CD001758,A0001582,Credit,2025-10-15 00:00:00,2025-10-17 00:00:00,Active,RuPay,2030-10-15 00:00:00,0,
CD001759,A0004124,Credit,2022-05-03 00:00:00,2022-05-04 00:00:00,Inactive,RuPay,2027-05-03 00:00:00,0,
CD001760,A0002043,Debit,2026-03-31 00:00:00,2026-04-02 00:00:00,Inactive,Visa,2031-03-31 00:00:00,0,
CD001761,A0006065,Debit,2024-01-19 00:00:00,2024-01-20 00:00:00,Active,Visa,2029-01-19 00:00:00,0,
CD001762,A0004604,Debit,2023-02-02 00:00:00,2023-02-08 00:00:00,Active,Mastercard,2028-02-02 00:00:00,0,
CD001763,A0004175,Credit,2023-02-03 00:00:00,2023-02-08 00:00:00,Active,Visa,2028-02-03 00:00:00,0,
CD001764,A0002705,Debit,2025-11-23 00:00:00,2025-11-23 00:00:00,Active,Mastercard,2030-11-23 00:00:00,0,
CD001765,A0001920,Debit,2024-02-26 00:00:00,2024-02-29 00:00:00,Active,Mastercard,2029-02-26 00:00:00,0,
CD001766,A0003203,Debit,2023-05-27 00:00:00,2023-05-30 00:00:00,Inactive,RuPay,2028-05-27 00:00:00,0,
CD001767,A0006052,Debit,2022-02-11 00:00:00,2022-02-13 00:00:00,Active,Mastercard,2027-02-11 00:00:00,0,
CD001768,A0004125,Debit,2022-07-31 00:00:00,2022-08-06 00:00:00,Inactive,Visa,2027-07-31 00:00:00,0,
CD001769,A0005410,Debit,2024-10-13 00:00:00,2024-10-15 00:00:00,Active,Visa,2029-10-13 00:00:00,0,
CD001770,A0003632,Debit,2022-08-07 00:00:00,2022-08-08 00:00:00,Active,Visa,2027-08-07 00:00:00,0,
CD001771,A0002912,Debit,2023-12-08 00:00:00,2023-12-08 00:00:00,Active,Visa,2028-12-08 00:00:00,0,
CD001772,A0004474,Credit,2023-05-25 00:00:00,2023-05-27 00:00:00,Active,Mastercard,2028-05-25 00:00:00,0,
CD001773,A0002261,Debit,2024-10-23 00:00:00,2024-10-23 00:00:00,Active,Mastercard,2029-10-23 00:00:00,0,
CD001774,A0001976,Debit,2026-06-28 00:00:00,2026-06-28 00:00:00,Active,Mastercard,2031-06-28 00:00:00,0,
CD001775,A0002143,Debit,2024-08-27 00:00:00,2024-08-31 00:00:00,Active,Visa,2029-08-27 00:00:00,1,
CD001776,A0001618,Debit,2022-08-14 00:00:00,2022-08-20 00:00:00,Active,Mastercard,2027-08-14 00:00:00,0,
CD001777,A0004651,Credit,2024-09-28 00:00:00,2024-09-30 00:00:00,Active,Visa,2029-09-28 00:00:00,0,
CD001778,A0004841,Credit,2025-12-26 00:00:00,2026-01-02 00:00:00,Blocked,Mastercard,2030-12-26 00:00:00,0,Customer Request
CD001779,A0002733,Debit,2026-04-27 00:00:00,2026-05-01 00:00:00,Active,Mastercard,2031-04-27 00:00:00,0,
CD001780,A0001886,Debit,2023-03-07 00:00:00,2023-03-08 00:00:00,Active,Mastercard,2028-03-07 00:00:00,0,
CD001781,A0004297,Debit,2024-12-03 00:00:00,2024-12-03 00:00:00,Active,Visa,2029-12-03 00:00:00,0,
CD001782,A0006249,Credit,2024-01-04 00:00:00,2024-01-11 00:00:00,Expired,Mastercard,2029-01-04 00:00:00,0,
CD001783,A0000369,Debit,2022-05-26 00:00:00,2022-05-30 00:00:00,Active,Visa,2027-05-26 00:00:00,2,
CD001784,A0003560,Debit,2024-09-12 00:00:00,2024-09-14 00:00:00,Inactive,RuPay,2029-09-12 00:00:00,0,
CD001785,A0000854,Debit,2025-12-29 00:00:00,2025-12-29 00:00:00,Expired,Mastercard,2030-12-29 00:00:00,1,
CD001786,A0003966,Debit,2025-08-28 00:00:00,2025-08-30 00:00:00,Active,RuPay,2030-08-28 00:00:00,0,
CD001787,A0006012,Debit,2024-03-25 00:00:00,2024-04-01 00:00:00,Active,RuPay,2029-03-25 00:00:00,0,
CD001788,A0005081,Debit,2024-04-25 00:00:00,2024-04-25 00:00:00,Active,Visa,2029-04-25 00:00:00,0,
CD001789,A0001997,Debit,2023-06-19 00:00:00,2023-06-20 00:00:00,Active,RuPay,2028-06-19 00:00:00,1,
CD001790,A0001533,Debit,2022-08-03 00:00:00,2022-08-04 00:00:00,Active,Mastercard,2027-08-03 00:00:00,0,
CD001791,A0003438,Debit,2022-11-20 00:00:00,2022-11-25 00:00:00,Active,Visa,2027-11-20 00:00:00,1,
CD001792,A0002194,Credit,2022-03-29 00:00:00,2022-03-29 00:00:00,Active,Mastercard,2027-03-29 00:00:00,0,
CD001793,A0002775,Credit,2025-08-09 00:00:00,2025-08-16 00:00:00,Active,Visa,2030-08-09 00:00:00,0,
CD001794,A0005592,Debit,2024-11-23 00:00:00,2024-11-24 00:00:00,Active,Mastercard,2029-11-23 00:00:00,0,
CD001795,A0005542,Credit,2025-11-30 00:00:00,2025-12-02 00:00:00,Active,RuPay,2030-11-30 00:00:00,0,
CD001796,A0006224,Debit,2026-03-17 00:00:00,2026-03-21 00:00:00,Blocked,RuPay,2031-03-17 00:00:00,0,Customer Request
CD001797,A0003261,Debit,2023-09-22 00:00:00,2023-09-26 00:00:00,Active,Visa,2028-09-22 00:00:00,0,
CD001798,A0000376,Debit,2026-04-30 00:00:00,2026-04-30 00:00:00,Active,Visa,2031-04-30 00:00:00,0,
CD001799,A0004254,Debit,2024-11-25 00:00:00,2024-11-29 00:00:00,Inactive,Visa,2029-11-25 00:00:00,0,
CD001800,A0003381,Credit,2024-02-02 00:00:00,2024-02-08 00:00:00,Active,RuPay,2029-02-02 00:00:00,1,
CD001801,A0006406,Debit,2025-07-28 00:00:00,2025-07-29 00:00:00,Active,RuPay,2030-07-28 00:00:00,0,
CD001802,A0006196,Debit,2022-01-20 00:00:00,2022-01-21 00:00:00,Blocked,RuPay,2027-01-20 00:00:00,1,Stolen
CD001803,A0001513,Debit,2024-01-27 00:00:00,2024-02-01 00:00:00,Active,Visa,2029-01-27 00:00:00,0,
CD001804,A0006367,Debit,2023-07-23 00:00:00,2023-07-29 00:00:00,Active,RuPay,2028-07-23 00:00:00,2,
CD001805,A0002280,Debit,2024-02-06 00:00:00,2024-02-09 00:00:00,Expired,Visa,2029-02-06 00:00:00,1,
CD001806,A0000978,Debit,2022-09-15 00:00:00,2022-09-18 00:00:00,Active,Mastercard,2027-09-15 00:00:00,0,
CD001807,A0004656,Credit,2023-01-15 00:00:00,2023-01-19 00:00:00,Active,Visa,2028-01-15 00:00:00,0,
CD001808,A0001817,Debit,2023-06-13 00:00:00,2023-06-17 00:00:00,Active,RuPay,2028-06-13 00:00:00,0,
CD001809,A0005960,Debit,2022-09-08 00:00:00,2022-09-09 00:00:00,Expired,RuPay,2027-09-08 00:00:00,1,
CD001810,A0001315,Debit,2025-11-09 00:00:00,2025-11-12 00:00:00,Active,Visa,2030-11-09 00:00:00,0,
CD001811,A0005551,Debit,2022-02-02 00:00:00,2022-02-08 00:00:00,Active,Visa,2027-02-02 00:00:00,1,
CD001812,A0005197,Debit,2025-09-09 00:00:00,2025-09-15 00:00:00,Active,Visa,2030-09-09 00:00:00,0,
CD001813,A0004819,Credit,2023-04-21 00:00:00,2023-04-25 00:00:00,Active,Visa,2028-04-21 00:00:00,0,
CD001814,A0003466,Credit,2023-04-02 00:00:00,2023-04-05 00:00:00,Active,RuPay,2028-04-02 00:00:00,0,
CD001815,A0003796,Debit,2026-03-30 00:00:00,2026-04-01 00:00:00,Active,RuPay,2031-03-30 00:00:00,0,
CD001816,A0003680,Debit,2022-11-21 00:00:00,2022-11-24 00:00:00,Active,Mastercard,2027-11-21 00:00:00,0,
CD001817,A0000205,Credit,2023-04-15 00:00:00,2023-04-16 00:00:00,Active,Visa,2028-04-15 00:00:00,0,
CD001818,A0004716,Debit,2023-12-16 00:00:00,2023-12-16 00:00:00,Active,Mastercard,2028-12-16 00:00:00,0,
CD001819,A0003274,Debit,2025-08-14 00:00:00,2025-08-18 00:00:00,Active,Mastercard,2030-08-14 00:00:00,0,
CD001820,A0005382,Debit,2023-07-20 00:00:00,2023-07-24 00:00:00,Active,Mastercard,2028-07-20 00:00:00,0,
CD001821,A0004877,Debit,2022-12-11 00:00:00,2022-12-14 00:00:00,Active,RuPay,2027-12-11 00:00:00,2,
CD001822,A0003940,Debit,2025-06-22 00:00:00,2025-06-29 00:00:00,Active,Mastercard,2030-06-22 00:00:00,0,
CD001823,A0004044,Debit,2024-07-31 00:00:00,2024-08-05 00:00:00,Active,RuPay,2029-07-31 00:00:00,0,
CD001824,A0000337,Debit,2022-09-29 00:00:00,2022-10-06 00:00:00,Active,RuPay,2027-09-29 00:00:00,0,
CD001825,A0003779,Debit,2024-06-18 00:00:00,2024-06-24 00:00:00,Active,RuPay,2029-06-18 00:00:00,0,
CD001826,A0002484,Debit,2023-06-01 00:00:00,2023-06-06 00:00:00,Active,RuPay,2028-06-01 00:00:00,0,
CD001827,A0006422,Debit,2023-03-12 00:00:00,2023-03-19 00:00:00,Active,Visa,2028-03-12 00:00:00,0,
CD001828,A0000207,Credit,2023-03-28 00:00:00,2023-04-04 00:00:00,Active,Mastercard,2028-03-28 00:00:00,0,
CD001829,A0003857,Debit,2025-11-16 00:00:00,2025-11-16 00:00:00,Active,Mastercard,2030-11-16 00:00:00,3,
CD001830,A0005571,Credit,2023-01-30 00:00:00,2023-02-01 00:00:00,Active,RuPay,2028-01-30 00:00:00,0,
CD001831,A0004091,Debit,2024-04-05 00:00:00,2024-04-09 00:00:00,Active,Mastercard,2029-04-05 00:00:00,0,
CD001832,A0004771,Debit,2022-08-25 00:00:00,2022-08-28 00:00:00,Inactive,Visa,2027-08-25 00:00:00,0,
CD001833,A0005252,Credit,2022-11-29 00:00:00,2022-12-03 00:00:00,Active,Mastercard,2027-11-29 00:00:00,1,
CD001834,A0002897,Debit,2022-07-20 00:00:00,2022-07-20 00:00:00,Expired,RuPay,2027-07-20 00:00:00,2,
CD001835,A0003566,Debit,2022-07-18 00:00:00,2022-07-19 00:00:00,Active,Visa,2027-07-18 00:00:00,0,
CD001836,A0006251,Debit,2022-12-25 00:00:00,2022-12-29 00:00:00,Active,Mastercard,2027-12-25 00:00:00,0,
CD001837,A0001212,Debit,2022-12-12 00:00:00,2022-12-18 00:00:00,Blocked,Visa,2027-12-12 00:00:00,0,Suspected Fraud
CD001838,A0003943,Debit,2024-03-12 00:00:00,2024-03-19 00:00:00,Active,Visa,2029-03-12 00:00:00,0,
CD001839,A0003385,Debit,2025-09-05 00:00:00,2025-09-05 00:00:00,Active,Visa,2030-09-05 00:00:00,1,
CD001840,A0001165,Debit,2026-02-21 00:00:00,2026-02-27 00:00:00,Active,Visa,2031-02-21 00:00:00,0,
CD001841,A0004509,Credit,2025-01-13 00:00:00,2025-01-20 00:00:00,Active,RuPay,2030-01-13 00:00:00,0,
CD001842,A0004767,Credit,2025-01-10 00:00:00,2025-01-14 00:00:00,Active,Mastercard,2030-01-10 00:00:00,1,
CD001843,A0003313,Debit,2023-04-19 00:00:00,2023-04-22 00:00:00,Inactive,Mastercard,2028-04-19 00:00:00,0,
CD001844,A0003435,Debit,2024-04-17 00:00:00,2024-04-24 00:00:00,Active,Mastercard,2029-04-17 00:00:00,1,
CD001845,A0002526,Debit,2023-01-26 00:00:00,2023-01-28 00:00:00,Active,Mastercard,2028-01-26 00:00:00,1,
CD001846,A0004295,Credit,2024-07-21 00:00:00,2024-07-26 00:00:00,Active,Visa,2029-07-21 00:00:00,0,
CD001847,A0001552,Debit,2023-10-09 00:00:00,2023-10-09 00:00:00,Expired,RuPay,2028-10-09 00:00:00,0,
CD001848,A0000365,Debit,2022-01-19 00:00:00,2022-01-21 00:00:00,Active,Mastercard,2027-01-19 00:00:00,0,
CD001849,A0003807,Debit,2026-05-11 00:00:00,2026-05-16 00:00:00,Active,Mastercard,2031-05-11 00:00:00,0,
CD001850,A0001479,Credit,2025-02-04 00:00:00,2025-02-05 00:00:00,Blocked,Visa,2030-02-04 00:00:00,0,Stolen
CD001851,A0001358,Credit,2022-09-23 00:00:00,2022-09-26 00:00:00,Active,RuPay,2027-09-23 00:00:00,0,
CD001852,A0006477,Debit,2025-04-22 00:00:00,2025-04-26 00:00:00,Active,RuPay,2030-04-22 00:00:00,0,
CD001853,A0002169,Debit,2022-09-03 00:00:00,2022-09-05 00:00:00,Active,Mastercard,2027-09-03 00:00:00,0,
CD001854,A0002002,Debit,2025-10-28 00:00:00,2025-10-31 00:00:00,Blocked,RuPay,2030-10-28 00:00:00,0,Stolen
CD001855,A0002906,Credit,2025-06-26 00:00:00,2025-06-28 00:00:00,Active,RuPay,2030-06-26 00:00:00,0,
CD001856,A0002840,Credit,2022-11-05 00:00:00,2022-11-09 00:00:00,Blocked,Visa,2027-11-05 00:00:00,0,Suspected Fraud
CD001857,A0002219,Credit,2025-03-27 00:00:00,2025-03-31 00:00:00,Active,Mastercard,2030-03-27 00:00:00,0,
CD001858,A0004023,Debit,2023-10-21 00:00:00,2023-10-24 00:00:00,Active,RuPay,2028-10-21 00:00:00,1,
CD001859,A0003594,Debit,2023-05-07 00:00:00,2023-05-12 00:00:00,Active,Visa,2028-05-07 00:00:00,0,
CD001860,A0005723,Debit,2025-11-03 00:00:00,2025-11-03 00:00:00,Active,RuPay,2030-11-03 00:00:00,0,
CD001861,A0004835,Debit,2023-11-19 00:00:00,2023-11-25 00:00:00,Active,Mastercard,2028-11-19 00:00:00,0,
CD001862,A0002687,Debit,2022-04-04 00:00:00,2022-04-07 00:00:00,Active,RuPay,2027-04-04 00:00:00,0,
CD001863,A0006049,Debit,2024-01-16 00:00:00,2024-01-21 00:00:00,Active,RuPay,2029-01-16 00:00:00,0,
CD001864,A0001924,Debit,2026-05-04 00:00:00,2026-05-05 00:00:00,Active,Visa,2031-05-04 00:00:00,2,
CD001865,A0003086,Debit,2026-03-14 00:00:00,2026-03-19 00:00:00,Active,Mastercard,2031-03-14 00:00:00,0,
CD001866,A0004930,Debit,2025-05-15 00:00:00,2025-05-18 00:00:00,Active,Mastercard,2030-05-15 00:00:00,0,
CD001867,A0004371,Debit,2024-08-03 00:00:00,2024-08-08 00:00:00,Blocked,Mastercard,2029-08-03 00:00:00,1,Customer Request
CD001868,A0002376,Debit,2024-06-28 00:00:00,2024-07-01 00:00:00,Inactive,Mastercard,2029-06-28 00:00:00,1,
CD001869,A0004079,Debit,2022-04-07 00:00:00,2022-04-07 00:00:00,Active,Visa,2027-04-07 00:00:00,0,
CD001870,A0000568,Debit,2023-09-17 00:00:00,2023-09-23 00:00:00,Active,RuPay,2028-09-17 00:00:00,1,
CD001871,A0000434,Debit,2022-08-19 00:00:00,2022-08-20 00:00:00,Active,RuPay,2027-08-19 00:00:00,0,
CD001872,A0002745,Debit,2025-06-16 00:00:00,2025-06-22 00:00:00,Active,Visa,2030-06-16 00:00:00,0,
CD001873,A0003328,Credit,2023-03-11 00:00:00,2023-03-15 00:00:00,Active,Mastercard,2028-03-11 00:00:00,0,
CD001874,A0000572,Credit,2026-03-31 00:00:00,2026-04-02 00:00:00,Active,RuPay,2031-03-31 00:00:00,1,
CD001875,A0002265,Credit,2026-01-11 00:00:00,2026-01-18 00:00:00,Active,RuPay,2031-01-11 00:00:00,0,
CD001876,A0006071,Debit,2024-08-29 00:00:00,2024-09-04 00:00:00,Active,RuPay,2029-08-29 00:00:00,0,
CD001877,A0000362,Credit,2025-06-14 00:00:00,2025-06-14 00:00:00,Active,Visa,2030-06-14 00:00:00,2,
CD001878,A0002120,Debit,2025-02-18 00:00:00,2025-02-22 00:00:00,Active,Visa,2030-02-18 00:00:00,0,
CD001879,A0001250,Debit,2024-02-15 00:00:00,2024-02-16 00:00:00,Active,RuPay,2029-02-15 00:00:00,1,
CD001880,A0000990,Debit,2024-02-05 00:00:00,2024-02-06 00:00:00,Active,Mastercard,2029-02-05 00:00:00,0,
CD001881,A0006275,Debit,2024-02-21 00:00:00,2024-02-25 00:00:00,Active,Visa,2029-02-21 00:00:00,0,
CD001882,A0001917,Debit,2022-02-02 00:00:00,2022-02-09 00:00:00,Active,Mastercard,2027-02-02 00:00:00,0,
CD001883,A0001006,Debit,2024-02-29 00:00:00,2024-03-02 00:00:00,Active,RuPay,2029-02-28 00:00:00,0,
CD001884,A0005575,Credit,2025-01-15 00:00:00,2025-01-19 00:00:00,Active,Visa,2030-01-15 00:00:00,1,
CD001885,A0004117,Credit,2022-10-01 00:00:00,2022-10-03 00:00:00,Active,RuPay,2027-10-01 00:00:00,0,
CD001886,A0003196,Debit,2022-06-07 00:00:00,2022-06-14 00:00:00,Active,Mastercard,2027-06-07 00:00:00,0,
CD001887,A0005466,Debit,2022-09-19 00:00:00,2022-09-24 00:00:00,Active,Visa,2027-09-19 00:00:00,0,
CD001888,A0005377,Debit,2025-12-11 00:00:00,2025-12-17 00:00:00,Active,Mastercard,2030-12-11 00:00:00,0,
CD001889,A0004391,Credit,2023-12-01 00:00:00,2023-12-07 00:00:00,Active,Mastercard,2028-12-01 00:00:00,0,
CD001890,A0001100,Debit,2024-06-24 00:00:00,2024-07-01 00:00:00,Active,Visa,2029-06-24 00:00:00,1,
CD001891,A0003255,Debit,2022-09-14 00:00:00,2022-09-18 00:00:00,Active,Visa,2027-09-14 00:00:00,1,
CD001892,A0005229,Debit,2022-02-07 00:00:00,2022-02-11 00:00:00,Active,RuPay,2027-02-07 00:00:00,0,
CD001893,A0001017,Debit,2023-09-13 00:00:00,2023-09-17 00:00:00,Active,RuPay,2028-09-13 00:00:00,0,
CD001894,A0004745,Debit,2023-10-03 00:00:00,2023-10-09 00:00:00,Active,Mastercard,2028-10-03 00:00:00,2,
CD001895,A0004613,Debit,2026-01-07 00:00:00,2026-01-10 00:00:00,Inactive,Visa,2031-01-07 00:00:00,1,
CD001896,A0002207,Debit,2025-11-05 00:00:00,2025-11-06 00:00:00,Active,Visa,2030-11-05 00:00:00,1,
CD001897,A0003133,Debit,2026-06-28 00:00:00,2026-07-04 00:00:00,Active,Mastercard,2031-06-28 00:00:00,0,
CD001898,A0004759,Debit,2025-05-18 00:00:00,2025-05-23 00:00:00,Active,Mastercard,2030-05-18 00:00:00,0,
CD001899,A0005063,Debit,2025-10-24 00:00:00,2025-10-27 00:00:00,Inactive,Mastercard,2030-10-24 00:00:00,0,
CD001900,A0002976,Debit,2022-05-20 00:00:00,2022-05-23 00:00:00,Active,Visa,2027-05-20 00:00:00,0,
CD001901,A0000613,Credit,2025-08-22 00:00:00,2025-08-29 00:00:00,Active,Visa,2030-08-22 00:00:00,0,
CD001902,A0002541,Debit,2025-01-22 00:00:00,2025-01-29 00:00:00,Expired,Mastercard,2030-01-22 00:00:00,0,
CD001903,A0001571,Debit,2024-10-05 00:00:00,2024-10-10 00:00:00,Active,Mastercard,2029-10-05 00:00:00,0,
CD001904,A0000787,Debit,2023-05-22 00:00:00,2023-05-29 00:00:00,Active,Visa,2028-05-22 00:00:00,0,
CD001905,A0004069,Debit,2022-03-05 00:00:00,2022-03-12 00:00:00,Expired,Visa,2027-03-05 00:00:00,0,
CD001906,A0001925,Debit,2024-02-07 00:00:00,2024-02-12 00:00:00,Active,RuPay,2029-02-07 00:00:00,0,
CD001907,A0003539,Credit,2024-10-16 00:00:00,2024-10-23 00:00:00,Active,Visa,2029-10-16 00:00:00,0,
CD001908,A0000975,Credit,2023-03-08 00:00:00,2023-03-09 00:00:00,Active,RuPay,2028-03-08 00:00:00,1,
CD001909,A0000012,Debit,2023-01-31 00:00:00,2023-02-01 00:00:00,Active,Mastercard,2028-01-31 00:00:00,0,
CD001910,A0000843,Debit,2025-06-26 00:00:00,2025-06-27 00:00:00,Active,Visa,2030-06-26 00:00:00,1,
CD001911,A0000317,Debit,2022-02-09 00:00:00,2022-02-13 00:00:00,Active,Visa,2027-02-09 00:00:00,0,
CD001912,A0001699,Debit,2023-11-27 00:00:00,2023-11-30 00:00:00,Active,Visa,2028-11-27 00:00:00,2,
CD001913,A0003384,Debit,2023-12-03 00:00:00,2023-12-10 00:00:00,Active,Visa,2028-12-03 00:00:00,0,
CD001914,A0005898,Debit,2023-06-16 00:00:00,2023-06-16 00:00:00,Active,Visa,2028-06-16 00:00:00,1,
CD001915,A0005803,Debit,2023-02-04 00:00:00,2023-02-07 00:00:00,Blocked,Mastercard,2028-02-04 00:00:00,0,Customer Request
CD001916,A0002627,Debit,2022-05-03 00:00:00,2022-05-08 00:00:00,Active,RuPay,2027-05-03 00:00:00,0,
CD001917,A0004014,Credit,2022-01-05 00:00:00,2022-01-05 00:00:00,Active,Visa,2027-01-05 00:00:00,0,
CD001918,A0005836,Debit,2022-11-19 00:00:00,2022-11-22 00:00:00,Active,Visa,2027-11-19 00:00:00,0,
CD001919,A0004833,Debit,2026-05-14 00:00:00,2026-05-19 00:00:00,Active,RuPay,2031-05-14 00:00:00,1,
CD001920,A0004647,Debit,2023-11-10 00:00:00,2023-11-16 00:00:00,Active,Mastercard,2028-11-10 00:00:00,0,
CD001921,A0003689,Debit,2022-09-17 00:00:00,2022-09-21 00:00:00,Active,RuPay,2027-09-17 00:00:00,1,
CD001922,A0005905,Debit,2025-10-04 00:00:00,2025-10-06 00:00:00,Active,Visa,2030-10-04 00:00:00,0,
CD001923,A0000515,Debit,2023-05-05 00:00:00,2023-05-09 00:00:00,Active,RuPay,2028-05-05 00:00:00,0,
CD001924,A0002139,Debit,2022-04-15 00:00:00,2022-04-19 00:00:00,Blocked,Visa,2027-04-15 00:00:00,0,Lost
CD001925,A0005704,Debit,2023-10-26 00:00:00,2023-10-31 00:00:00,Expired,Mastercard,2028-10-26 00:00:00,0,
CD001926,A0003623,Debit,2023-10-21 00:00:00,2023-10-27 00:00:00,Active,RuPay,2028-10-21 00:00:00,0,
CD001927,A0000191,Debit,2024-11-01 00:00:00,2024-11-06 00:00:00,Active,RuPay,2029-11-01 00:00:00,2,
CD001928,A0005993,Debit,2023-04-24 00:00:00,2023-04-26 00:00:00,Active,RuPay,2028-04-24 00:00:00,0,
CD001929,A0005988,Credit,2025-04-15 00:00:00,2025-04-16 00:00:00,Inactive,Visa,2030-04-15 00:00:00,0,
CD001930,A0001324,Debit,2023-02-20 00:00:00,2023-02-27 00:00:00,Active,Mastercard,2028-02-20 00:00:00,0,
CD001931,A0003238,Credit,2022-08-15 00:00:00,2022-08-18 00:00:00,Active,Mastercard,2027-08-15 00:00:00,0,
CD001932,A0002764,Credit,2026-03-15 00:00:00,2026-03-19 00:00:00,Active,Visa,2031-03-15 00:00:00,0,
CD001933,A0000104,Credit,2025-04-19 00:00:00,2025-04-23 00:00:00,Active,Mastercard,2030-04-19 00:00:00,0,
CD001934,A0001379,Debit,2024-06-27 00:00:00,2024-07-04 00:00:00,Blocked,RuPay,2029-06-27 00:00:00,0,Lost
CD001935,A0005031,Debit,2022-02-20 00:00:00,2022-02-21 00:00:00,Blocked,Mastercard,2027-02-20 00:00:00,0,Lost
CD001936,A0000341,Credit,2024-01-02 00:00:00,2024-01-03 00:00:00,Active,Mastercard,2029-01-02 00:00:00,0,
CD001937,A0004198,Debit,2023-04-05 00:00:00,2023-04-12 00:00:00,Expired,Mastercard,2028-04-05 00:00:00,0,
CD001938,A0000907,Debit,2024-02-06 00:00:00,2024-02-06 00:00:00,Active,Mastercard,2029-02-06 00:00:00,0,
CD001939,A0003247,Debit,2025-02-20 00:00:00,2025-02-20 00:00:00,Inactive,Visa,2030-02-20 00:00:00,0,
CD001940,A0003540,Debit,2024-07-21 00:00:00,2024-07-24 00:00:00,Inactive,Mastercard,2029-07-21 00:00:00,1,
CD001941,A0006134,Credit,2026-03-03 00:00:00,2026-03-03 00:00:00,Blocked,Visa,2031-03-03 00:00:00,0,Stolen
CD001942,A0001425,Credit,2023-05-05 00:00:00,2023-05-07 00:00:00,Active,Visa,2028-05-05 00:00:00,0,
CD001943,A0002742,Debit,2025-04-13 00:00:00,2025-04-17 00:00:00,Active,Mastercard,2030-04-13 00:00:00,0,
CD001944,A0004821,Credit,2023-01-22 00:00:00,2023-01-28 00:00:00,Active,Mastercard,2028-01-22 00:00:00,0,
CD001945,A0003432,Debit,2023-06-05 00:00:00,2023-06-09 00:00:00,Active,Visa,2028-06-05 00:00:00,0,
CD001946,A0000878,Debit,2024-08-05 00:00:00,2024-08-08 00:00:00,Active,Visa,2029-08-05 00:00:00,1,
CD001947,A0002402,Debit,2022-09-25 00:00:00,2022-09-25 00:00:00,Active,Visa,2027-09-25 00:00:00,0,
CD001948,A0002946,Debit,2022-04-20 00:00:00,2022-04-23 00:00:00,Blocked,Mastercard,2027-04-20 00:00:00,0,Suspected Fraud
CD001949,A0005288,Debit,2023-04-21 00:00:00,2023-04-25 00:00:00,Active,RuPay,2028-04-21 00:00:00,0,
CD001950,A0000647,Debit,2023-04-26 00:00:00,2023-04-28 00:00:00,Active,RuPay,2028-04-26 00:00:00,0,
CD001951,A0004778,Debit,2025-07-07 00:00:00,2025-07-08 00:00:00,Active,RuPay,2030-07-07 00:00:00,0,
CD001952,A0000079,Debit,2024-04-17 00:00:00,2024-04-21 00:00:00,Inactive,Mastercard,2029-04-17 00:00:00,0,
CD001953,A0004362,Debit,2023-09-18 00:00:00,2023-09-20 00:00:00,Active,Visa,2028-09-18 00:00:00,0,
CD001954,A0005513,Debit,2024-12-02 00:00:00,2024-12-02 00:00:00,Active,RuPay,2029-12-02 00:00:00,0,
CD001955,A0005182,Debit,2025-02-21 00:00:00,2025-02-21 00:00:00,Active,Visa,2030-02-21 00:00:00,0,
CD001956,A0001398,Debit,2023-08-08 00:00:00,2023-08-13 00:00:00,Blocked,RuPay,2028-08-08 00:00:00,0,Stolen
CD001957,A0002881,Debit,2023-11-20 00:00:00,2023-11-21 00:00:00,Active,Visa,2028-11-20 00:00:00,0,
CD001958,A0002659,Debit,2022-10-20 00:00:00,2022-10-22 00:00:00,Active,Visa,2027-10-20 00:00:00,0,
CD001959,A0002804,Debit,2024-10-14 00:00:00,2024-10-16 00:00:00,Active,RuPay,2029-10-14 00:00:00,1,
CD001960,A0004500,Debit,2022-07-13 00:00:00,2022-07-18 00:00:00,Active,Mastercard,2027-07-13 00:00:00,0,
CD001961,A0000805,Debit,2024-12-03 00:00:00,2024-12-09 00:00:00,Active,Visa,2029-12-03 00:00:00,1,
CD001962,A0001766,Debit,2026-02-20 00:00:00,2026-02-21 00:00:00,Active,Visa,2031-02-20 00:00:00,0,
CD001963,A0001889,Debit,2025-03-01 00:00:00,2025-03-02 00:00:00,Active,Mastercard,2030-03-01 00:00:00,0,
CD001964,A0004265,Debit,2022-05-21 00:00:00,2022-05-21 00:00:00,Active,Visa,2027-05-21 00:00:00,1,
CD001965,A0002583,Debit,2024-01-04 00:00:00,2024-01-10 00:00:00,Active,Mastercard,2029-01-04 00:00:00,1,
CD001966,A0001655,Debit,2023-03-12 00:00:00,2023-03-16 00:00:00,Active,Mastercard,2028-03-12 00:00:00,0,
CD001967,A0005294,Debit,2025-01-27 00:00:00,2025-01-27 00:00:00,Active,RuPay,2030-01-27 00:00:00,0,
CD001968,A0001494,Credit,2025-12-11 00:00:00,2025-12-18 00:00:00,Active,Visa,2030-12-11 00:00:00,0,
CD001969,A0001012,Debit,2023-06-21 00:00:00,2023-06-25 00:00:00,Active,Visa,2028-06-21 00:00:00,0,
CD001970,A0001414,Credit,2022-12-27 00:00:00,2022-12-28 00:00:00,Active,Visa,2027-12-27 00:00:00,1,
CD001971,A0002546,Credit,2022-03-02 00:00:00,2022-03-03 00:00:00,Active,Visa,2027-03-02 00:00:00,1,
CD001972,A0001996,Credit,2022-06-13 00:00:00,2022-06-14 00:00:00,Active,Visa,2027-06-13 00:00:00,0,
CD001973,A0006096,Debit,2026-06-13 00:00:00,2026-06-17 00:00:00,Active,RuPay,2031-06-13 00:00:00,2,
CD001974,A0000565,Debit,2023-11-23 00:00:00,2023-11-28 00:00:00,Active,Visa,2028-11-23 00:00:00,1,
CD001975,A0001636,Debit,2025-01-10 00:00:00,2025-01-17 00:00:00,Active,Mastercard,2030-01-10 00:00:00,1,
CD001976,A0000449,Credit,2023-04-30 00:00:00,2023-05-06 00:00:00,Active,Visa,2028-04-30 00:00:00,0,
CD001977,A0005623,Debit,2025-09-17 00:00:00,2025-09-22 00:00:00,Active,Mastercard,2030-09-17 00:00:00,0,
CD001978,A0000883,Credit,2024-11-28 00:00:00,2024-11-28 00:00:00,Active,Mastercard,2029-11-28 00:00:00,0,
CD001979,A0002213,Debit,2024-07-24 00:00:00,2024-07-27 00:00:00,Active,RuPay,2029-07-24 00:00:00,0,
CD001980,A0001293,Debit,2022-09-01 00:00:00,2022-09-01 00:00:00,Active,Mastercard,2027-09-01 00:00:00,0,
CD001981,A0004165,Debit,2022-03-25 00:00:00,2022-03-31 00:00:00,Active,Visa,2027-03-25 00:00:00,0,
CD001982,A0001187,Debit,2024-01-14 00:00:00,2024-01-20 00:00:00,Active,Mastercard,2029-01-14 00:00:00,0,
CD001983,A0001794,Debit,2026-06-21 00:00:00,2026-06-28 00:00:00,Active,Mastercard,2031-06-21 00:00:00,0,
CD001984,A0004571,Debit,2024-08-05 00:00:00,2024-08-05 00:00:00,Active,RuPay,2029-08-05 00:00:00,1,
CD001985,A0005889,Debit,2025-10-26 00:00:00,2025-10-29 00:00:00,Active,Visa,2030-10-26 00:00:00,1,
CD001986,A0002195,Debit,2022-01-15 00:00:00,2022-01-20 00:00:00,Active,Visa,2027-01-15 00:00:00,0,
CD001987,A0002561,Credit,2022-10-03 00:00:00,2022-10-04 00:00:00,Inactive,Visa,2027-10-03 00:00:00,1,
CD001988,A0004620,Credit,2022-10-09 00:00:00,2022-10-10 00:00:00,Active,RuPay,2027-10-09 00:00:00,1,
CD001989,A0004061,Credit,2025-03-12 00:00:00,2025-03-18 00:00:00,Active,Visa,2030-03-12 00:00:00,0,
CD001990,A0005527,Debit,2025-12-03 00:00:00,2025-12-03 00:00:00,Active,Visa,2030-12-03 00:00:00,0,
CD001991,A0004706,Debit,2022-07-25 00:00:00,2022-07-30 00:00:00,Blocked,Visa,2027-07-25 00:00:00,0,Lost
CD001992,A0000250,Debit,2024-11-13 00:00:00,2024-11-19 00:00:00,Active,Mastercard,2029-11-13 00:00:00,1,
CD001993,A0004442,Credit,2024-07-16 00:00:00,2024-07-16 00:00:00,Inactive,Mastercard,2029-07-16 00:00:00,0,
CD001994,A0004556,Debit,2023-02-12 00:00:00,2023-02-19 00:00:00,Expired,Visa,2028-02-12 00:00:00,0,
CD001995,A0005098,Debit,2024-03-25 00:00:00,2024-03-30 00:00:00,Active,Visa,2029-03-25 00:00:00,0,
CD001996,A0000693,Debit,2024-04-07 00:00:00,2024-04-07 00:00:00,Active,RuPay,2029-04-07 00:00:00,1,
CD001997,A0000836,Credit,2022-08-12 00:00:00,2022-08-18 00:00:00,Active,Visa,2027-08-12 00:00:00,1,
CD001998,A0003242,Debit,2022-09-18 00:00:00,2022-09-21 00:00:00,Expired,Mastercard,2027-09-18 00:00:00,0,
CD001999,A0001585,Debit,2025-03-13 00:00:00,2025-03-16 00:00:00,Active,Mastercard,2030-03-13 00:00:00,0,
CD002000,A0002406,Credit,2022-05-08 00:00:00,2022-05-14 00:00:00,Active,Mastercard,2027-05-08 00:00:00,0,
CD002001,A0006146,Debit,2024-09-09 00:00:00,2024-09-11 00:00:00,Active,Mastercard,2029-09-09 00:00:00,0,
CD002002,A0005943,Credit,2024-11-15 00:00:00,2024-11-20 00:00:00,Active,Visa,2029-11-15 00:00:00,0,
CD002003,A0003798,Debit,2025-02-22 00:00:00,2025-02-25 00:00:00,Blocked,Visa,2030-02-22 00:00:00,2,Customer Request
CD002004,A0000804,Debit,2025-08-08 00:00:00,2025-08-13 00:00:00,Active,Mastercard,2030-08-08 00:00:00,0,
CD002005,A0006119,Debit,2023-06-28 00:00:00,2023-07-03 00:00:00,Blocked,RuPay,2028-06-28 00:00:00,0,Customer Request
CD002006,A0003314,Debit,2024-08-10 00:00:00,2024-08-15 00:00:00,Active,RuPay,2029-08-10 00:00:00,0,
CD002007,A0002621,Debit,2024-06-20 00:00:00,2024-06-25 00:00:00,Inactive,RuPay,2029-06-20 00:00:00,1,
CD002008,A0004822,Debit,2023-05-26 00:00:00,2023-06-02 00:00:00,Inactive,RuPay,2028-05-26 00:00:00,0,
CD002009,A0002317,Debit,2024-04-08 00:00:00,2024-04-15 00:00:00,Inactive,Mastercard,2029-04-08 00:00:00,0,
CD002010,A0004733,Debit,2022-12-05 00:00:00,2022-12-06 00:00:00,Blocked,RuPay,2027-12-05 00:00:00,0,Suspected Fraud
CD002011,A0002545,Debit,2022-10-27 00:00:00,2022-10-27 00:00:00,Active,Visa,2027-10-27 00:00:00,0,
CD002012,A0004989,Debit,2025-09-09 00:00:00,2025-09-16 00:00:00,Blocked,Mastercard,2030-09-09 00:00:00,0,Customer Request
CD002013,A0002567,Credit,2023-02-22 00:00:00,2023-03-01 00:00:00,Active,Visa,2028-02-22 00:00:00,0,
CD002014,A0000222,Debit,2025-05-06 00:00:00,2025-05-12 00:00:00,Active,RuPay,2030-05-06 00:00:00,0,
CD002015,A0003755,Credit,2022-06-16 00:00:00,2022-06-17 00:00:00,Inactive,RuPay,2027-06-16 00:00:00,0,
CD002016,A0000835,Debit,2022-03-07 00:00:00,2022-03-09 00:00:00,Active,Visa,2027-03-07 00:00:00,0,
CD002017,A0001026,Credit,2025-06-22 00:00:00,2025-06-25 00:00:00,Active,Mastercard,2030-06-22 00:00:00,1,
CD002018,A0006452,Credit,2024-05-10 00:00:00,2024-05-14 00:00:00,Active,RuPay,2029-05-10 00:00:00,0,
CD002019,A0000062,Debit,2025-10-18 00:00:00,2025-10-25 00:00:00,Active,RuPay,2030-10-18 00:00:00,1,
CD002020,A0006492,Debit,2024-02-08 00:00:00,2024-02-09 00:00:00,Active,Mastercard,2029-02-08 00:00:00,0,
CD002021,A0001377,Debit,2022-02-11 00:00:00,2022-02-18 00:00:00,Active,Visa,2027-02-11 00:00:00,1,
CD002022,A0003573,Debit,2022-09-02 00:00:00,2022-09-06 00:00:00,Blocked,Mastercard,2027-09-02 00:00:00,0,Stolen
CD002023,A0004801,Debit,2023-10-08 00:00:00,2023-10-13 00:00:00,Blocked,Mastercard,2028-10-08 00:00:00,0,Lost
CD002024,A0005275,Debit,2022-09-22 00:00:00,2022-09-29 00:00:00,Active,Mastercard,2027-09-22 00:00:00,0,
CD002025,A0005483,Debit,2025-05-05 00:00:00,2025-05-09 00:00:00,Active,Visa,2030-05-05 00:00:00,2,
CD002026,A0005843,Debit,2025-09-17 00:00:00,2025-09-17 00:00:00,Active,Visa,2030-09-17 00:00:00,0,
CD002027,A0001671,Credit,2023-04-12 00:00:00,2023-04-19 00:00:00,Active,Visa,2028-04-12 00:00:00,0,
CD002028,A0004313,Debit,2022-07-17 00:00:00,2022-07-20 00:00:00,Blocked,RuPay,2027-07-17 00:00:00,0,Suspected Fraud
CD002029,A0002381,Debit,2023-03-03 00:00:00,2023-03-09 00:00:00,Blocked,Visa,2028-03-03 00:00:00,0,Suspected Fraud
CD002030,A0001225,Debit,2025-02-20 00:00:00,2025-02-26 00:00:00,Active,Visa,2030-02-20 00:00:00,0,
CD002031,A0001501,Debit,2025-09-05 00:00:00,2025-09-09 00:00:00,Blocked,Mastercard,2030-09-05 00:00:00,0,Stolen
CD002032,A0004499,Debit,2024-04-18 00:00:00,2024-04-21 00:00:00,Inactive,RuPay,2029-04-18 00:00:00,0,
CD002033,A0002205,Debit,2025-02-11 00:00:00,2025-02-14 00:00:00,Active,Mastercard,2030-02-11 00:00:00,0,
CD002034,A0000202,Debit,2024-12-20 00:00:00,2024-12-21 00:00:00,Blocked,RuPay,2029-12-20 00:00:00,2,Suspected Fraud
CD002035,A0006327,Debit,2025-06-14 00:00:00,2025-06-17 00:00:00,Active,Mastercard,2030-06-14 00:00:00,0,
CD002036,A0002426,Debit,2023-09-16 00:00:00,2023-09-22 00:00:00,Active,Mastercard,2028-09-16 00:00:00,0,
CD002037,A0000917,Credit,2025-04-08 00:00:00,2025-04-14 00:00:00,Active,Visa,2030-04-08 00:00:00,1,
CD002038,A0003193,Credit,2022-07-08 00:00:00,2022-07-09 00:00:00,Active,RuPay,2027-07-08 00:00:00,0,
CD002039,A0006013,Credit,2024-07-15 00:00:00,2024-07-15 00:00:00,Active,Mastercard,2029-07-15 00:00:00,0,
CD002040,A0005952,Debit,2025-11-03 00:00:00,2025-11-05 00:00:00,Active,RuPay,2030-11-03 00:00:00,0,
CD002041,A0002643,Debit,2023-06-22 00:00:00,2023-06-25 00:00:00,Active,Mastercard,2028-06-22 00:00:00,1,
CD002042,A0004392,Debit,2024-08-16 00:00:00,2024-08-20 00:00:00,Inactive,Mastercard,2029-08-16 00:00:00,0,
CD002043,A0002554,Debit,2023-06-17 00:00:00,2023-06-19 00:00:00,Active,RuPay,2028-06-17 00:00:00,0,
CD002044,A0002502,Credit,2024-01-04 00:00:00,2024-01-07 00:00:00,Active,RuPay,2029-01-04 00:00:00,0,
CD002045,A0001155,Credit,2023-03-21 00:00:00,2023-03-27 00:00:00,Active,RuPay,2028-03-21 00:00:00,0,
CD002046,A0000929,Debit,2025-09-08 00:00:00,2025-09-10 00:00:00,Expired,Visa,2030-09-08 00:00:00,0,
CD002047,A0005768,Debit,2023-07-23 00:00:00,2023-07-27 00:00:00,Blocked,Mastercard,2028-07-23 00:00:00,0,Suspected Fraud
CD002048,A0004263,Debit,2023-04-23 00:00:00,2023-04-24 00:00:00,Active,RuPay,2028-04-23 00:00:00,3,
CD002049,A0004190,Debit,2023-09-14 00:00:00,2023-09-17 00:00:00,Expired,Visa,2028-09-14 00:00:00,0,
CD002050,A0002624,Debit,2023-05-06 00:00:00,2023-05-08 00:00:00,Active,Visa,2028-05-06 00:00:00,0,
CD002051,A0002256,Debit,2024-04-30 00:00:00,2024-04-30 00:00:00,Active,Mastercard,2029-04-30 00:00:00,0,
CD002052,A0001906,Debit,2022-07-17 00:00:00,2022-07-24 00:00:00,Active,RuPay,2027-07-17 00:00:00,0,
CD002053,A0001988,Debit,2022-08-05 00:00:00,2022-08-08 00:00:00,Active,Mastercard,2027-08-05 00:00:00,0,
CD002054,A0003052,Debit,2022-10-21 00:00:00,2022-10-28 00:00:00,Inactive,Visa,2027-10-21 00:00:00,0,
CD002055,A0001609,Debit,2026-02-10 00:00:00,2026-02-14 00:00:00,Active,Mastercard,2031-02-10 00:00:00,0,
CD002056,A0000380,Debit,2026-02-01 00:00:00,2026-02-04 00:00:00,Active,Visa,2031-02-01 00:00:00,0,
CD002057,A0004714,Debit,2025-08-19 00:00:00,2025-08-19 00:00:00,Active,Visa,2030-08-19 00:00:00,0,
CD002058,A0001119,Debit,2024-02-12 00:00:00,2024-02-15 00:00:00,Expired,RuPay,2029-02-12 00:00:00,1,
CD002059,A0006265,Credit,2022-09-06 00:00:00,2022-09-10 00:00:00,Active,Visa,2027-09-06 00:00:00,0,
CD002060,A0005775,Credit,2024-09-05 00:00:00,2024-09-07 00:00:00,Active,Mastercard,2029-09-05 00:00:00,1,
CD002061,A0001736,Debit,2025-04-05 00:00:00,2025-04-12 00:00:00,Active,Visa,2030-04-05 00:00:00,0,
CD002062,A0001963,Debit,2022-03-05 00:00:00,2022-03-12 00:00:00,Active,RuPay,2027-03-05 00:00:00,0,
CD002063,A0000910,Debit,2024-07-13 00:00:00,2024-07-13 00:00:00,Active,RuPay,2029-07-13 00:00:00,0,
CD002064,A0000930,Debit,2022-05-11 00:00:00,2022-05-16 00:00:00,Active,RuPay,2027-05-11 00:00:00,2,
CD002065,A0002366,Debit,2025-01-13 00:00:00,2025-01-14 00:00:00,Inactive,Visa,2030-01-13 00:00:00,0,
CD002066,A0005781,Debit,2025-05-25 00:00:00,2025-05-27 00:00:00,Active,RuPay,2030-05-25 00:00:00,0,
CD002067,A0003625,Debit,2022-02-25 00:00:00,2022-02-25 00:00:00,Active,RuPay,2027-02-25 00:00:00,0,
CD002068,A0002803,Debit,2022-12-13 00:00:00,2022-12-14 00:00:00,Active,Visa,2027-12-13 00:00:00,0,
CD002069,A0001025,Debit,2023-07-25 00:00:00,2023-07-27 00:00:00,Active,RuPay,2028-07-25 00:00:00,1,
CD002070,A0004138,Debit,2022-04-05 00:00:00,2022-04-10 00:00:00,Active,Mastercard,2027-04-05 00:00:00,0,
CD002071,A0004564,Debit,2025-02-27 00:00:00,2025-03-06 00:00:00,Inactive,Visa,2030-02-27 00:00:00,1,
CD002072,A0001664,Debit,2023-10-08 00:00:00,2023-10-13 00:00:00,Active,Mastercard,2028-10-08 00:00:00,1,
CD002073,A0000455,Credit,2022-03-12 00:00:00,2022-03-19 00:00:00,Active,Mastercard,2027-03-12 00:00:00,0,
CD002074,A0004797,Credit,2023-10-24 00:00:00,2023-10-31 00:00:00,Active,RuPay,2028-10-24 00:00:00,0,
CD002075,A0004606,Debit,2025-02-25 00:00:00,2025-02-26 00:00:00,Active,RuPay,2030-02-25 00:00:00,0,
CD002076,A0000705,Debit,2024-07-05 00:00:00,2024-07-10 00:00:00,Active,Mastercard,2029-07-05 00:00:00,0,
CD002077,A0002458,Debit,2024-02-22 00:00:00,2024-02-23 00:00:00,Active,Visa,2029-02-22 00:00:00,0,
CD002078,A0000360,Debit,2024-05-17 00:00:00,2024-05-20 00:00:00,Blocked,Mastercard,2029-05-17 00:00:00,0,Lost
CD002079,A0005947,Debit,2025-09-04 00:00:00,2025-09-08 00:00:00,Blocked,Visa,2030-09-04 00:00:00,0,Stolen
CD002080,A0003702,Debit,2026-06-24 00:00:00,2026-06-28 00:00:00,Active,Mastercard,2031-06-24 00:00:00,0,
CD002081,A0000446,Debit,2022-04-27 00:00:00,2022-05-03 00:00:00,Active,RuPay,2027-04-27 00:00:00,1,
CD002082,A0005718,Debit,2024-11-11 00:00:00,2024-11-15 00:00:00,Active,Mastercard,2029-11-11 00:00:00,0,
CD002083,A0002915,Debit,2024-02-29 00:00:00,2024-03-02 00:00:00,Active,Mastercard,2029-02-28 00:00:00,0,
CD002084,A0003208,Credit,2024-04-24 00:00:00,2024-04-25 00:00:00,Active,Visa,2029-04-24 00:00:00,0,
CD002085,A0005312,Debit,2026-01-16 00:00:00,2026-01-17 00:00:00,Active,Visa,2031-01-16 00:00:00,0,
CD002086,A0000265,Credit,2025-06-23 00:00:00,2025-06-26 00:00:00,Inactive,Visa,2030-06-23 00:00:00,0,
CD002087,A0003723,Debit,2025-07-23 00:00:00,2025-07-26 00:00:00,Active,RuPay,2030-07-23 00:00:00,0,
CD002088,A0000125,Credit,2022-11-20 00:00:00,2022-11-21 00:00:00,Active,RuPay,2027-11-20 00:00:00,0,
CD002089,A0005147,Credit,2023-05-25 00:00:00,2023-05-28 00:00:00,Active,Mastercard,2028-05-25 00:00:00,1,
CD002090,A0003260,Debit,2023-10-03 00:00:00,2023-10-10 00:00:00,Active,Mastercard,2028-10-03 00:00:00,2,
CD002091,A0004947,Debit,2024-11-11 00:00:00,2024-11-13 00:00:00,Active,RuPay,2029-11-11 00:00:00,0,
CD002092,A0002940,Debit,2024-06-13 00:00:00,2024-06-13 00:00:00,Active,Mastercard,2029-06-13 00:00:00,1,
CD002093,A0001563,Credit,2025-11-27 00:00:00,2025-11-30 00:00:00,Active,Visa,2030-11-27 00:00:00,0,
CD002094,A0003102,Credit,2025-09-09 00:00:00,2025-09-12 00:00:00,Active,Visa,2030-09-09 00:00:00,0,
CD002095,A0005032,Debit,2026-04-28 00:00:00,2026-04-28 00:00:00,Active,Visa,2031-04-28 00:00:00,0,
CD002096,A0001873,Debit,2024-11-15 00:00:00,2024-11-20 00:00:00,Active,Visa,2029-11-15 00:00:00,0,
CD002097,A0002903,Credit,2025-03-17 00:00:00,2025-03-23 00:00:00,Blocked,Mastercard,2030-03-17 00:00:00,0,Stolen
CD002098,A0001384,Debit,2024-12-07 00:00:00,2024-12-09 00:00:00,Blocked,Visa,2029-12-07 00:00:00,0,Customer Request
CD002099,A0004373,Debit,2025-06-03 00:00:00,2025-06-07 00:00:00,Active,Mastercard,2030-06-03 00:00:00,0,
CD002100,A0000245,Debit,2022-03-13 00:00:00,2022-03-14 00:00:00,Blocked,RuPay,2027-03-13 00:00:00,1,Customer Request
CD002101,A0003516,Debit,2024-04-26 00:00:00,2024-04-30 00:00:00,Active,RuPay,2029-04-26 00:00:00,0,
CD002102,A0000665,Debit,2024-05-31 00:00:00,2024-06-02 00:00:00,Active,Visa,2029-05-31 00:00:00,0,
CD002103,A0006379,Debit,2024-03-04 00:00:00,2024-03-08 00:00:00,Active,Mastercard,2029-03-04 00:00:00,1,
CD002104,A0004915,Debit,2025-03-10 00:00:00,2025-03-14 00:00:00,Blocked,Visa,2030-03-10 00:00:00,0,Lost
CD002105,A0004484,Debit,2026-04-01 00:00:00,2026-04-08 00:00:00,Expired,Mastercard,2031-04-01 00:00:00,0,
CD002106,A0001065,Debit,2025-01-16 00:00:00,2025-01-16 00:00:00,Active,Visa,2030-01-16 00:00:00,1,
CD002107,A0000103,Debit,2022-12-08 00:00:00,2022-12-12 00:00:00,Active,RuPay,2027-12-08 00:00:00,0,
CD002108,A0001366,Credit,2025-08-02 00:00:00,2025-08-08 00:00:00,Inactive,Visa,2030-08-02 00:00:00,0,
CD002109,A0002752,Debit,2022-01-20 00:00:00,2022-01-22 00:00:00,Active,RuPay,2027-01-20 00:00:00,0,
CD002110,A0004641,Credit,2024-05-25 00:00:00,2024-05-25 00:00:00,Blocked,Visa,2029-05-25 00:00:00,0,Suspected Fraud
CD002111,A0002682,Credit,2025-05-29 00:00:00,2025-06-04 00:00:00,Expired,RuPay,2030-05-29 00:00:00,0,
CD002112,A0000911,Debit,2023-07-13 00:00:00,2023-07-17 00:00:00,Active,Visa,2028-07-13 00:00:00,0,
CD002113,A0001958,Debit,2023-10-27 00:00:00,2023-10-27 00:00:00,Inactive,RuPay,2028-10-27 00:00:00,1,
CD002114,A0001240,Debit,2023-02-06 00:00:00,2023-02-08 00:00:00,Blocked,Mastercard,2028-02-06 00:00:00,0,Stolen
CD002115,A0005864,Credit,2025-02-02 00:00:00,2025-02-02 00:00:00,Active,Mastercard,2030-02-02 00:00:00,0,
CD002116,A0002086,Debit,2023-05-25 00:00:00,2023-05-25 00:00:00,Active,Mastercard,2028-05-25 00:00:00,0,
CD002117,A0000904,Debit,2022-04-17 00:00:00,2022-04-18 00:00:00,Active,RuPay,2027-04-17 00:00:00,0,
CD002118,A0002051,Credit,2022-04-16 00:00:00,2022-04-16 00:00:00,Active,Mastercard,2027-04-16 00:00:00,0,
CD002119,A0006219,Debit,2024-01-17 00:00:00,2024-01-17 00:00:00,Active,RuPay,2029-01-17 00:00:00,0,
CD002120,A0004828,Credit,2023-03-17 00:00:00,2023-03-19 00:00:00,Active,Mastercard,2028-03-17 00:00:00,3,
CD002121,A0004296,Debit,2022-02-04 00:00:00,2022-02-09 00:00:00,Active,Mastercard,2027-02-04 00:00:00,0,
CD002122,A0003161,Debit,2024-07-30 00:00:00,2024-08-05 00:00:00,Blocked,Mastercard,2029-07-30 00:00:00,0,Stolen
CD002123,A0005792,Debit,2026-04-24 00:00:00,2026-04-24 00:00:00,Blocked,RuPay,2031-04-24 00:00:00,0,Stolen
CD002124,A0004622,Debit,2022-06-01 00:00:00,2022-06-04 00:00:00,Active,Mastercard,2027-06-01 00:00:00,0,
CD002125,A0006202,Credit,2022-12-09 00:00:00,2022-12-14 00:00:00,Active,RuPay,2027-12-09 00:00:00,0,
CD002126,A0003585,Debit,2023-07-18 00:00:00,2023-07-20 00:00:00,Active,RuPay,2028-07-18 00:00:00,0,
CD002127,A0002390,Debit,2025-10-31 00:00:00,2025-11-06 00:00:00,Inactive,Visa,2030-10-31 00:00:00,0,
CD002128,A0004964,Credit,2023-10-05 00:00:00,2023-10-10 00:00:00,Active,RuPay,2028-10-05 00:00:00,0,
CD002129,A0006127,Debit,2022-09-11 00:00:00,2022-09-12 00:00:00,Active,RuPay,2027-09-11 00:00:00,0,
CD002130,A0000217,Credit,2024-10-27 00:00:00,2024-10-27 00:00:00,Active,Mastercard,2029-10-27 00:00:00,0,
CD002131,A0005285,Debit,2025-09-05 00:00:00,2025-09-10 00:00:00,Active,RuPay,2030-09-05 00:00:00,2,
CD002132,A0000194,Debit,2024-09-23 00:00:00,2024-09-26 00:00:00,Active,Mastercard,2029-09-23 00:00:00,0,
CD002133,A0002234,Debit,2023-06-25 00:00:00,2023-07-01 00:00:00,Active,Mastercard,2028-06-25 00:00:00,0,
CD002134,A0002001,Debit,2023-10-18 00:00:00,2023-10-22 00:00:00,Active,RuPay,2028-10-18 00:00:00,0,
CD002135,A0002440,Debit,2022-10-18 00:00:00,2022-10-20 00:00:00,Active,Visa,2027-10-18 00:00:00,0,
CD002136,A0002739,Credit,2024-02-12 00:00:00,2024-02-14 00:00:00,Active,Mastercard,2029-02-12 00:00:00,0,
CD002137,A0001198,Debit,2022-02-11 00:00:00,2022-02-12 00:00:00,Active,Mastercard,2027-02-11 00:00:00,0,
CD002138,A0001434,Debit,2025-08-17 00:00:00,2025-08-17 00:00:00,Active,Mastercard,2030-08-17 00:00:00,0,
CD002139,A0005975,Debit,2025-03-02 00:00:00,2025-03-07 00:00:00,Active,RuPay,2030-03-02 00:00:00,0,
CD002140,A0000529,Debit,2025-08-10 00:00:00,2025-08-13 00:00:00,Active,RuPay,2030-08-10 00:00:00,1,
CD002141,A0004167,Debit,2022-10-13 00:00:00,2022-10-14 00:00:00,Active,Mastercard,2027-10-13 00:00:00,0,
CD002142,A0004122,Debit,2023-02-25 00:00:00,2023-02-27 00:00:00,Active,Mastercard,2028-02-25 00:00:00,0,
CD002143,A0005577,Debit,2025-12-03 00:00:00,2025-12-05 00:00:00,Active,Mastercard,2030-12-03 00:00:00,1,
CD002144,A0005946,Debit,2025-08-26 00:00:00,2025-09-02 00:00:00,Active,Mastercard,2030-08-26 00:00:00,0,
CD002145,A0006272,Debit,2022-06-17 00:00:00,2022-06-18 00:00:00,Active,RuPay,2027-06-17 00:00:00,0,
CD002146,A0002401,Credit,2025-09-24 00:00:00,2025-09-25 00:00:00,Active,Visa,2030-09-24 00:00:00,0,
CD002147,A0000691,Debit,2023-12-14 00:00:00,2023-12-18 00:00:00,Blocked,RuPay,2028-12-14 00:00:00,0,Suspected Fraud
CD002148,A0000170,Debit,2025-01-09 00:00:00,2025-01-14 00:00:00,Active,Visa,2030-01-09 00:00:00,0,
CD002149,A0005996,Debit,2025-05-28 00:00:00,2025-06-02 00:00:00,Active,RuPay,2030-05-28 00:00:00,1,
CD002150,A0000923,Debit,2022-06-11 00:00:00,2022-06-12 00:00:00,Active,Mastercard,2027-06-11 00:00:00,0,
CD002151,A0004677,Debit,2023-06-04 00:00:00,2023-06-08 00:00:00,Active,Visa,2028-06-04 00:00:00,0,
CD002152,A0002170,Debit,2022-05-13 00:00:00,2022-05-20 00:00:00,Active,RuPay,2027-05-13 00:00:00,0,
CD002153,A0001841,Debit,2022-05-10 00:00:00,2022-05-14 00:00:00,Active,RuPay,2027-05-10 00:00:00,0,
CD002154,A0003024,Debit,2025-01-27 00:00:00,2025-02-02 00:00:00,Inactive,RuPay,2030-01-27 00:00:00,0,
CD002155,A0005456,Credit,2024-08-31 00:00:00,2024-09-06 00:00:00,Active,RuPay,2029-08-31 00:00:00,0,
CD002156,A0002245,Debit,2023-06-04 00:00:00,2023-06-08 00:00:00,Blocked,Mastercard,2028-06-04 00:00:00,0,Lost
CD002157,A0000438,Debit,2022-12-24 00:00:00,2022-12-29 00:00:00,Active,RuPay,2027-12-24 00:00:00,1,
CD002158,A0002474,Debit,2024-07-15 00:00:00,2024-07-17 00:00:00,Active,Visa,2029-07-15 00:00:00,0,
CD002159,A0000931,Debit,2022-09-04 00:00:00,2022-09-04 00:00:00,Active,Mastercard,2027-09-04 00:00:00,0,
CD002160,A0002391,Debit,2023-03-08 00:00:00,2023-03-12 00:00:00,Active,Visa,2028-03-08 00:00:00,0,
CD002161,A0002520,Credit,2023-04-25 00:00:00,2023-04-30 00:00:00,Blocked,Mastercard,2028-04-25 00:00:00,0,Customer Request
CD002162,A0002864,Debit,2023-09-23 00:00:00,2023-09-24 00:00:00,Active,RuPay,2028-09-23 00:00:00,0,
CD002163,A0000247,Debit,2022-01-10 00:00:00,2022-01-16 00:00:00,Active,Mastercard,2027-01-10 00:00:00,0,
CD002164,A0001496,Credit,2025-06-29 00:00:00,2025-07-06 00:00:00,Active,Mastercard,2030-06-29 00:00:00,0,
CD002165,A0003199,Debit,2025-06-12 00:00:00,2025-06-12 00:00:00,Active,RuPay,2030-06-12 00:00:00,0,
CD002166,A0005468,Debit,2026-05-27 00:00:00,2026-06-02 00:00:00,Active,RuPay,2031-05-27 00:00:00,0,
CD002167,A0003547,Credit,2022-08-12 00:00:00,2022-08-15 00:00:00,Active,Visa,2027-08-12 00:00:00,0,
CD002168,A0002124,Debit,2026-01-22 00:00:00,2026-01-28 00:00:00,Expired,RuPay,2031-01-22 00:00:00,0,
CD002169,A0003608,Debit,2022-09-06 00:00:00,2022-09-06 00:00:00,Active,Visa,2027-09-06 00:00:00,0,
CD002170,A0004779,Debit,2023-03-08 00:00:00,2023-03-10 00:00:00,Active,Visa,2028-03-08 00:00:00,0,
CD002171,A0003077,Debit,2024-06-29 00:00:00,2024-07-06 00:00:00,Active,Visa,2029-06-29 00:00:00,1,
CD002172,A0004791,Debit,2024-11-11 00:00:00,2024-11-13 00:00:00,Active,RuPay,2029-11-11 00:00:00,0,
CD002173,A0002091,Debit,2022-04-07 00:00:00,2022-04-08 00:00:00,Active,RuPay,2027-04-07 00:00:00,0,
CD002174,A0000743,Credit,2023-07-06 00:00:00,2023-07-12 00:00:00,Inactive,RuPay,2028-07-06 00:00:00,0,
CD002175,A0002388,Debit,2023-06-19 00:00:00,2023-06-26 00:00:00,Active,Mastercard,2028-06-19 00:00:00,0,
CD002176,A0001902,Debit,2025-12-16 00:00:00,2025-12-21 00:00:00,Active,RuPay,2030-12-16 00:00:00,1,
CD002177,A0006169,Credit,2025-06-06 00:00:00,2025-06-13 00:00:00,Active,RuPay,2030-06-06 00:00:00,0,
CD002178,A0002333,Credit,2023-11-18 00:00:00,2023-11-22 00:00:00,Active,Visa,2028-11-18 00:00:00,0,
CD002179,A0005695,Debit,2022-09-10 00:00:00,2022-09-13 00:00:00,Active,Mastercard,2027-09-10 00:00:00,0,
CD002180,A0003687,Debit,2024-01-27 00:00:00,2024-02-01 00:00:00,Active,Visa,2029-01-27 00:00:00,0,
CD002181,A0000621,Debit,2023-08-10 00:00:00,2023-08-13 00:00:00,Active,RuPay,2028-08-10 00:00:00,0,
CD002182,A0004820,Credit,2025-09-14 00:00:00,2025-09-17 00:00:00,Active,Visa,2030-09-14 00:00:00,1,
CD002183,A0004119,Debit,2024-12-19 00:00:00,2024-12-23 00:00:00,Active,RuPay,2029-12-19 00:00:00,0,
CD002184,A0005270,Credit,2025-04-29 00:00:00,2025-05-01 00:00:00,Active,Mastercard,2030-04-29 00:00:00,1,
CD002185,A0001644,Debit,2026-04-29 00:00:00,2026-05-04 00:00:00,Active,Visa,2031-04-29 00:00:00,1,
CD002186,A0004601,Debit,2024-03-27 00:00:00,2024-03-30 00:00:00,Active,RuPay,2029-03-27 00:00:00,1,
CD002187,A0001396,Credit,2026-06-18 00:00:00,2026-06-23 00:00:00,Active,Mastercard,2031-06-18 00:00:00,3,
CD002188,A0003124,Debit,2024-02-08 00:00:00,2024-02-10 00:00:00,Inactive,Visa,2029-02-08 00:00:00,0,
CD002189,A0004923,Debit,2024-08-09 00:00:00,2024-08-13 00:00:00,Active,RuPay,2029-08-09 00:00:00,1,
CD002190,A0002836,Credit,2022-02-22 00:00:00,2022-02-28 00:00:00,Active,RuPay,2027-02-22 00:00:00,1,
CD002191,A0002449,Debit,2025-10-07 00:00:00,2025-10-11 00:00:00,Inactive,Visa,2030-10-07 00:00:00,0,
CD002192,A0003461,Debit,2022-02-28 00:00:00,2022-03-01 00:00:00,Inactive,Visa,2027-02-28 00:00:00,0,
CD002193,A0001986,Debit,2025-08-02 00:00:00,2025-08-09 00:00:00,Expired,RuPay,2030-08-02 00:00:00,0,
CD002194,A0000614,Debit,2026-03-31 00:00:00,2026-04-04 00:00:00,Active,Mastercard,2031-03-31 00:00:00,0,
CD002195,A0001835,Debit,2023-01-20 00:00:00,2023-01-24 00:00:00,Active,Mastercard,2028-01-20 00:00:00,0,
CD002196,A0000216,Credit,2024-03-10 00:00:00,2024-03-12 00:00:00,Active,Visa,2029-03-10 00:00:00,0,
CD002197,A0005143,Debit,2025-01-08 00:00:00,2025-01-14 00:00:00,Active,RuPay,2030-01-08 00:00:00,0,
CD002198,A0004413,Credit,2023-10-23 00:00:00,2023-10-28 00:00:00,Active,Mastercard,2028-10-23 00:00:00,0,
CD002199,A0005681,Credit,2025-10-22 00:00:00,2025-10-26 00:00:00,Active,Visa,2030-10-22 00:00:00,0,
CD002200,A0000148,Debit,2022-10-26 00:00:00,2022-11-01 00:00:00,Active,Mastercard,2027-10-26 00:00:00,0,
CD002201,A0001973,Debit,2024-09-28 00:00:00,2024-10-04 00:00:00,Active,Visa,2029-09-28 00:00:00,1,
CD002202,A0001638,Debit,2025-08-05 00:00:00,2025-08-12 00:00:00,Active,Mastercard,2030-08-05 00:00:00,0,
CD002203,A0001457,Credit,2026-02-23 00:00:00,2026-02-24 00:00:00,Active,Visa,2031-02-23 00:00:00,0,
CD002204,A0000538,Debit,2022-11-01 00:00:00,2022-11-07 00:00:00,Active,RuPay,2027-11-01 00:00:00,1,
CD002205,A0001238,Debit,2024-11-12 00:00:00,2024-11-18 00:00:00,Active,Mastercard,2029-11-12 00:00:00,1,
CD002206,A0004345,Debit,2023-08-02 00:00:00,2023-08-05 00:00:00,Blocked,Visa,2028-08-02 00:00:00,0,Lost
CD002207,A0004885,Debit,2025-02-27 00:00:00,2025-03-06 00:00:00,Active,Visa,2030-02-27 00:00:00,0,
CD002208,A0005232,Debit,2025-01-19 00:00:00,2025-01-20 00:00:00,Active,Mastercard,2030-01-19 00:00:00,1,
CD002209,A0000343,Credit,2023-07-09 00:00:00,2023-07-13 00:00:00,Active,Visa,2028-07-09 00:00:00,0,
CD002210,A0005802,Debit,2023-07-31 00:00:00,2023-07-31 00:00:00,Active,Visa,2028-07-31 00:00:00,0,
CD002211,A0002224,Debit,2024-08-20 00:00:00,2024-08-25 00:00:00,Active,Visa,2029-08-20 00:00:00,0,
CD002212,A0002249,Debit,2025-05-30 00:00:00,2025-06-05 00:00:00,Blocked,Mastercard,2030-05-30 00:00:00,0,Suspected Fraud
CD002213,A0003650,Debit,2025-02-14 00:00:00,2025-02-17 00:00:00,Active,RuPay,2030-02-14 00:00:00,0,
CD002214,A0000556,Debit,2025-08-03 00:00:00,2025-08-05 00:00:00,Inactive,RuPay,2030-08-03 00:00:00,0,
CD002215,A0000595,Debit,2022-09-03 00:00:00,2022-09-10 00:00:00,Active,Visa,2027-09-03 00:00:00,3,
CD002216,A0001960,Credit,2022-10-26 00:00:00,2022-10-27 00:00:00,Expired,Visa,2027-10-26 00:00:00,0,
CD002217,A0004390,Credit,2025-06-10 00:00:00,2025-06-15 00:00:00,Active,RuPay,2030-06-10 00:00:00,0,
CD002218,A0005827,Debit,2022-12-28 00:00:00,2023-01-01 00:00:00,Active,RuPay,2027-12-28 00:00:00,0,
CD002219,A0001784,Credit,2022-05-02 00:00:00,2022-05-09 00:00:00,Active,Visa,2027-05-02 00:00:00,0,
CD002220,A0001874,Debit,2024-07-02 00:00:00,2024-07-05 00:00:00,Active,Mastercard,2029-07-02 00:00:00,0,
CD002221,A0002132,Debit,2023-12-30 00:00:00,2024-01-02 00:00:00,Active,RuPay,2028-12-30 00:00:00,0,
CD002222,A0006099,Credit,2022-08-16 00:00:00,2022-08-22 00:00:00,Blocked,Mastercard,2027-08-16 00:00:00,0,Stolen
CD002223,A0004996,Credit,2023-02-09 00:00:00,2023-02-11 00:00:00,Active,RuPay,2028-02-09 00:00:00,0,
CD002224,A0006277,Debit,2023-05-21 00:00:00,2023-05-22 00:00:00,Active,RuPay,2028-05-21 00:00:00,0,
CD002225,A0002163,Credit,2025-09-02 00:00:00,2025-09-04 00:00:00,Active,Mastercard,2030-09-02 00:00:00,0,
CD002226,A0004676,Debit,2022-11-16 00:00:00,2022-11-21 00:00:00,Active,Visa,2027-11-16 00:00:00,0,
CD002227,A0001182,Debit,2022-01-08 00:00:00,2022-01-11 00:00:00,Active,Mastercard,2027-01-08 00:00:00,0,
CD002228,A0006121,Debit,2022-07-04 00:00:00,2022-07-05 00:00:00,Active,Visa,2027-07-04 00:00:00,2,
CD002229,A0006195,Debit,2024-09-18 00:00:00,2024-09-18 00:00:00,Inactive,Visa,2029-09-18 00:00:00,0,
CD002230,A0005185,Debit,2022-11-05 00:00:00,2022-11-08 00:00:00,Active,RuPay,2027-11-05 00:00:00,0,
CD002231,A0001478,Debit,2023-03-15 00:00:00,2023-03-18 00:00:00,Blocked,Visa,2028-03-15 00:00:00,0,Lost
CD002232,A0004605,Credit,2022-09-06 00:00:00,2022-09-12 00:00:00,Active,RuPay,2027-09-06 00:00:00,0,
CD002233,A0004048,Debit,2023-03-25 00:00:00,2023-03-30 00:00:00,Blocked,Mastercard,2028-03-25 00:00:00,0,Lost
CD002234,A0002862,Debit,2026-01-15 00:00:00,2026-01-20 00:00:00,Active,Mastercard,2031-01-15 00:00:00,0,
CD002235,A0005558,Credit,2023-01-06 00:00:00,2023-01-08 00:00:00,Expired,RuPay,2028-01-06 00:00:00,1,
CD002236,A0006175,Debit,2024-05-06 00:00:00,2024-05-07 00:00:00,Active,Visa,2029-05-06 00:00:00,0,
CD002237,A0000110,Debit,2024-10-31 00:00:00,2024-11-01 00:00:00,Active,Visa,2029-10-31 00:00:00,1,
CD002238,A0000287,Debit,2022-07-06 00:00:00,2022-07-06 00:00:00,Active,RuPay,2027-07-06 00:00:00,0,
CD002239,A0003981,Debit,2023-09-09 00:00:00,2023-09-10 00:00:00,Blocked,RuPay,2028-09-09 00:00:00,2,Customer Request
CD002240,A0003095,Credit,2024-01-05 00:00:00,2024-01-08 00:00:00,Active,Mastercard,2029-01-05 00:00:00,0,
CD002241,A0003018,Credit,2023-09-20 00:00:00,2023-09-21 00:00:00,Active,Mastercard,2028-09-20 00:00:00,0,
CD002242,A0004546,Debit,2022-04-25 00:00:00,2022-04-29 00:00:00,Active,Visa,2027-04-25 00:00:00,0,
CD002243,A0000991,Debit,2025-05-18 00:00:00,2025-05-24 00:00:00,Active,RuPay,2030-05-18 00:00:00,0,
CD002244,A0001180,Debit,2024-12-19 00:00:00,2024-12-20 00:00:00,Active,Visa,2029-12-19 00:00:00,0,
CD002245,A0002895,Debit,2024-12-10 00:00:00,2024-12-12 00:00:00,Active,Visa,2029-12-10 00:00:00,0,
CD002246,A0002409,Debit,2025-04-17 00:00:00,2025-04-22 00:00:00,Active,Visa,2030-04-17 00:00:00,1,
CD002247,A0000889,Debit,2025-01-27 00:00:00,2025-02-01 00:00:00,Active,RuPay,2030-01-27 00:00:00,0,
CD002248,A0002577,Debit,2024-03-27 00:00:00,2024-03-27 00:00:00,Active,Visa,2029-03-27 00:00:00,0,
CD002249,A0004149,Debit,2025-01-25 00:00:00,2025-01-27 00:00:00,Active,RuPay,2030-01-25 00:00:00,2,
CD002250,A0000948,Debit,2025-10-10 00:00:00,2025-10-14 00:00:00,Active,Visa,2030-10-10 00:00:00,0,
CD002251,A0001207,Debit,2026-01-19 00:00:00,2026-01-22 00:00:00,Active,Mastercard,2031-01-19 00:00:00,1,
CD002252,A0006136,Debit,2022-03-03 00:00:00,2022-03-10 00:00:00,Active,Mastercard,2027-03-03 00:00:00,0,
CD002253,A0000465,Debit,2024-03-30 00:00:00,2024-03-31 00:00:00,Active,Mastercard,2029-03-30 00:00:00,0,
CD002254,A0003818,Credit,2023-05-04 00:00:00,2023-05-04 00:00:00,Active,Visa,2028-05-04 00:00:00,0,
CD002255,A0000995,Debit,2024-11-14 00:00:00,2024-11-15 00:00:00,Active,RuPay,2029-11-14 00:00:00,0,
CD002256,A0005690,Credit,2022-01-12 00:00:00,2022-01-18 00:00:00,Active,Visa,2027-01-12 00:00:00,0,
CD002257,A0002447,Debit,2024-05-26 00:00:00,2024-05-26 00:00:00,Active,Visa,2029-05-26 00:00:00,0,
CD002258,A0005989,Credit,2025-05-05 00:00:00,2025-05-12 00:00:00,Active,Mastercard,2030-05-05 00:00:00,0,
CD002259,A0000469,Debit,2024-06-18 00:00:00,2024-06-20 00:00:00,Active,Visa,2029-06-18 00:00:00,1,
CD002260,A0002420,Credit,2024-07-28 00:00:00,2024-07-29 00:00:00,Active,Mastercard,2029-07-28 00:00:00,0,
CD002261,A0005928,Debit,2023-05-16 00:00:00,2023-05-21 00:00:00,Active,Visa,2028-05-16 00:00:00,0,
CD002262,A0002128,Debit,2022-10-26 00:00:00,2022-11-01 00:00:00,Active,Mastercard,2027-10-26 00:00:00,0,
CD002263,A0004576,Debit,2025-09-12 00:00:00,2025-09-15 00:00:00,Active,Mastercard,2030-09-12 00:00:00,1,
CD002264,A0004285,Credit,2025-09-09 00:00:00,2025-09-09 00:00:00,Active,Visa,2030-09-09 00:00:00,2,
CD002265,A0001057,Debit,2022-08-05 00:00:00,2022-08-05 00:00:00,Active,Visa,2027-08-05 00:00:00,0,
CD002266,A0000630,Debit,2024-01-14 00:00:00,2024-01-21 00:00:00,Active,Mastercard,2029-01-14 00:00:00,1,
CD002267,A0001847,Credit,2025-03-30 00:00:00,2025-04-01 00:00:00,Active,Mastercard,2030-03-30 00:00:00,0,
CD002268,A0000590,Credit,2023-07-06 00:00:00,2023-07-06 00:00:00,Active,RuPay,2028-07-06 00:00:00,1,
CD002269,A0001731,Debit,2023-07-03 00:00:00,2023-07-07 00:00:00,Active,Mastercard,2028-07-03 00:00:00,0,
CD002270,A0002380,Debit,2024-06-05 00:00:00,2024-06-11 00:00:00,Active,RuPay,2029-06-05 00:00:00,1,
CD002271,A0002779,Debit,2022-07-07 00:00:00,2022-07-08 00:00:00,Active,Mastercard,2027-07-07 00:00:00,0,
CD002272,A0000980,Debit,2022-08-20 00:00:00,2022-08-22 00:00:00,Inactive,Mastercard,2027-08-20 00:00:00,0,
CD002273,A0004206,Credit,2023-03-31 00:00:00,2023-04-06 00:00:00,Active,Visa,2028-03-31 00:00:00,0,
CD002274,A0002944,Debit,2022-05-02 00:00:00,2022-05-07 00:00:00,Active,Visa,2027-05-02 00:00:00,0,
CD002275,A0000741,Debit,2024-11-22 00:00:00,2024-11-24 00:00:00,Blocked,RuPay,2029-11-22 00:00:00,0,Suspected Fraud
CD002276,A0001826,Debit,2024-05-03 00:00:00,2024-05-08 00:00:00,Expired,Mastercard,2029-05-03 00:00:00,0,
CD002277,A0002404,Debit,2022-02-21 00:00:00,2022-02-26 00:00:00,Active,RuPay,2027-02-21 00:00:00,0,
CD002278,A0006412,Debit,2024-06-24 00:00:00,2024-06-29 00:00:00,Active,Mastercard,2029-06-24 00:00:00,0,
CD002279,A0001774,Debit,2026-04-13 00:00:00,2026-04-13 00:00:00,Expired,Visa,2031-04-13 00:00:00,0,
CD002280,A0006461,Credit,2025-01-10 00:00:00,2025-01-10 00:00:00,Active,Mastercard,2030-01-10 00:00:00,0,
CD002281,A0005508,Debit,2022-06-09 00:00:00,2022-06-14 00:00:00,Active,Mastercard,2027-06-09 00:00:00,0,
CD002282,A0006274,Debit,2026-06-23 00:00:00,2026-06-28 00:00:00,Active,Mastercard,2031-06-23 00:00:00,1,
CD002283,A0004621,Credit,2022-03-09 00:00:00,2022-03-09 00:00:00,Active,Mastercard,2027-03-09 00:00:00,0,
CD002284,A0004257,Credit,2025-09-27 00:00:00,2025-09-29 00:00:00,Active,Visa,2030-09-27 00:00:00,0,
CD002285,A0003922,Debit,2024-11-27 00:00:00,2024-12-02 00:00:00,Active,Mastercard,2029-11-27 00:00:00,0,
CD002286,A0001280,Debit,2022-04-10 00:00:00,2022-04-15 00:00:00,Active,Mastercard,2027-04-10 00:00:00,0,
CD002287,A0003874,Credit,2024-06-30 00:00:00,2024-07-01 00:00:00,Active,Visa,2029-06-30 00:00:00,0,
CD002288,A0003601,Debit,2023-12-26 00:00:00,2023-12-28 00:00:00,Blocked,Mastercard,2028-12-26 00:00:00,0,Stolen
CD002289,A0005834,Debit,2023-09-16 00:00:00,2023-09-16 00:00:00,Active,Visa,2028-09-16 00:00:00,0,
CD002290,A0002723,Debit,2024-08-29 00:00:00,2024-08-31 00:00:00,Active,RuPay,2029-08-29 00:00:00,0,
CD002291,A0004812,Debit,2024-05-08 00:00:00,2024-05-08 00:00:00,Expired,Visa,2029-05-08 00:00:00,0,
CD002292,A0005546,Debit,2022-09-02 00:00:00,2022-09-07 00:00:00,Active,RuPay,2027-09-02 00:00:00,0,
CD002293,A0005984,Credit,2024-05-14 00:00:00,2024-05-19 00:00:00,Active,Mastercard,2029-05-14 00:00:00,0,
CD002294,A0004929,Credit,2024-12-07 00:00:00,2024-12-07 00:00:00,Active,RuPay,2029-12-07 00:00:00,0,
CD002295,A0003268,Debit,2026-04-03 00:00:00,2026-04-03 00:00:00,Active,Mastercard,2031-04-03 00:00:00,0,
CD002296,A0000232,Credit,2024-10-18 00:00:00,2024-10-23 00:00:00,Active,Mastercard,2029-10-18 00:00:00,0,
CD002297,A0001536,Debit,2026-01-18 00:00:00,2026-01-24 00:00:00,Active,RuPay,2031-01-18 00:00:00,0,
CD002298,A0003065,Debit,2024-08-19 00:00:00,2024-08-20 00:00:00,Active,Mastercard,2029-08-19 00:00:00,1,
CD002299,A0005974,Debit,2024-08-27 00:00:00,2024-08-27 00:00:00,Active,Mastercard,2029-08-27 00:00:00,0,
CD002300,A0005746,Debit,2024-05-31 00:00:00,2024-06-07 00:00:00,Active,Mastercard,2029-05-31 00:00:00,1,
CD002301,A0001788,Credit,2022-10-06 00:00:00,2022-10-11 00:00:00,Active,Visa,2027-10-06 00:00:00,1,
CD002302,A0000522,Debit,2023-04-23 00:00:00,2023-04-29 00:00:00,Active,RuPay,2028-04-23 00:00:00,0,
CD002303,A0000364,Debit,2024-07-12 00:00:00,2024-07-17 00:00:00,Active,RuPay,2029-07-12 00:00:00,1,
CD002304,A0000117,Debit,2022-03-10 00:00:00,2022-03-11 00:00:00,Active,Visa,2027-03-10 00:00:00,0,
CD002305,A0006101,Credit,2025-02-02 00:00:00,2025-02-04 00:00:00,Active,Visa,2030-02-02 00:00:00,1,
CD002306,A0005103,Credit,2023-10-19 00:00:00,2023-10-26 00:00:00,Active,Visa,2028-10-19 00:00:00,2,
CD002307,A0005719,Debit,2025-10-11 00:00:00,2025-10-16 00:00:00,Active,Visa,2030-10-11 00:00:00,0,
CD002308,A0002140,Debit,2026-06-04 00:00:00,2026-06-09 00:00:00,Active,RuPay,2031-06-04 00:00:00,0,
CD002309,A0001149,Debit,2025-07-03 00:00:00,2025-07-06 00:00:00,Inactive,Mastercard,2030-07-03 00:00:00,0,
CD002310,A0000769,Debit,2025-07-01 00:00:00,2025-07-01 00:00:00,Active,RuPay,2030-07-01 00:00:00,0,
CD002311,A0005013,Debit,2022-09-17 00:00:00,2022-09-22 00:00:00,Active,Mastercard,2027-09-17 00:00:00,0,
CD002312,A0006075,Debit,2023-08-03 00:00:00,2023-08-05 00:00:00,Active,Visa,2028-08-03 00:00:00,0,
CD002313,A0002509,Debit,2022-06-09 00:00:00,2022-06-10 00:00:00,Blocked,Visa,2027-06-09 00:00:00,1,Suspected Fraud
CD002314,A0000391,Credit,2024-03-22 00:00:00,2024-03-24 00:00:00,Active,Visa,2029-03-22 00:00:00,0,
CD002315,A0004145,Debit,2022-06-19 00:00:00,2022-06-19 00:00:00,Blocked,Mastercard,2027-06-19 00:00:00,0,Lost
CD002316,A0000220,Debit,2024-08-10 00:00:00,2024-08-10 00:00:00,Active,RuPay,2029-08-10 00:00:00,1,
CD002317,A0003768,Debit,2026-02-16 00:00:00,2026-02-23 00:00:00,Active,Visa,2031-02-16 00:00:00,0,
CD002318,A0003856,Debit,2025-05-30 00:00:00,2025-06-05 00:00:00,Active,Mastercard,2030-05-30 00:00:00,0,
CD002319,A0004785,Debit,2025-11-26 00:00:00,2025-11-26 00:00:00,Active,RuPay,2030-11-26 00:00:00,0,
CD002320,A0002246,Debit,2026-06-09 00:00:00,2026-06-10 00:00:00,Active,Visa,2031-06-09 00:00:00,0,
CD002321,A0001738,Debit,2023-11-21 00:00:00,2023-11-24 00:00:00,Inactive,Visa,2028-11-21 00:00:00,0,
CD002322,A0003139,Debit,2024-09-11 00:00:00,2024-09-11 00:00:00,Active,Mastercard,2029-09-11 00:00:00,0,
CD002323,A0002326,Debit,2022-07-31 00:00:00,2022-08-04 00:00:00,Active,Mastercard,2027-07-31 00:00:00,0,
CD002324,A0000466,Credit,2024-08-08 00:00:00,2024-08-14 00:00:00,Active,Visa,2029-08-08 00:00:00,3,
CD002325,A0002319,Debit,2026-06-08 00:00:00,2026-06-12 00:00:00,Active,RuPay,2031-06-08 00:00:00,0,
CD002326,A0002762,Debit,2024-10-23 00:00:00,2024-10-26 00:00:00,Active,Mastercard,2029-10-23 00:00:00,0,
CD002327,A0004038,Debit,2024-12-21 00:00:00,2024-12-21 00:00:00,Active,Mastercard,2029-12-21 00:00:00,1,
CD002328,A0000307,Debit,2023-01-26 00:00:00,2023-01-28 00:00:00,Active,RuPay,2028-01-26 00:00:00,0,
CD002329,A0002074,Debit,2025-08-11 00:00:00,2025-08-17 00:00:00,Blocked,Mastercard,2030-08-11 00:00:00,1,Stolen
CD002330,A0005091,Debit,2025-11-26 00:00:00,2025-12-01 00:00:00,Blocked,Visa,2030-11-26 00:00:00,0,Lost
CD002331,A0000823,Debit,2024-03-06 00:00:00,2024-03-07 00:00:00,Active,Visa,2029-03-06 00:00:00,0,
CD002332,A0003411,Debit,2023-03-24 00:00:00,2023-03-26 00:00:00,Active,Mastercard,2028-03-24 00:00:00,2,
CD002333,A0000168,Debit,2025-01-09 00:00:00,2025-01-16 00:00:00,Expired,Mastercard,2030-01-09 00:00:00,0,
CD002334,A0004300,Debit,2024-11-30 00:00:00,2024-12-06 00:00:00,Expired,RuPay,2029-11-30 00:00:00,0,
CD002335,A0004375,Debit,2023-11-24 00:00:00,2023-11-26 00:00:00,Expired,Mastercard,2028-11-24 00:00:00,1,
CD002336,A0005413,Debit,2025-03-17 00:00:00,2025-03-21 00:00:00,Blocked,Visa,2030-03-17 00:00:00,0,Stolen
CD002337,A0005795,Debit,2023-12-02 00:00:00,2023-12-03 00:00:00,Active,Mastercard,2028-12-02 00:00:00,0,
CD002338,A0003637,Credit,2025-06-14 00:00:00,2025-06-17 00:00:00,Active,RuPay,2030-06-14 00:00:00,0,
CD002339,A0000988,Debit,2023-04-22 00:00:00,2023-04-29 00:00:00,Active,Visa,2028-04-22 00:00:00,1,
CD002340,A0002730,Debit,2026-01-20 00:00:00,2026-01-23 00:00:00,Active,RuPay,2031-01-20 00:00:00,1,
CD002341,A0005913,Credit,2024-10-02 00:00:00,2024-10-08 00:00:00,Active,Mastercard,2029-10-02 00:00:00,0,
CD002342,A0002979,Debit,2023-07-06 00:00:00,2023-07-13 00:00:00,Active,RuPay,2028-07-06 00:00:00,0,
CD002343,A0000915,Debit,2023-07-11 00:00:00,2023-07-13 00:00:00,Blocked,Visa,2028-07-11 00:00:00,0,Stolen
CD002344,A0002398,Debit,2026-05-24 00:00:00,2026-05-31 00:00:00,Active,Mastercard,2031-05-24 00:00:00,0,
CD002345,A0006206,Debit,2024-06-12 00:00:00,2024-06-19 00:00:00,Active,RuPay,2029-06-12 00:00:00,0,
CD002346,A0003275,Credit,2023-09-03 00:00:00,2023-09-06 00:00:00,Active,Visa,2028-09-03 00:00:00,0,
CD002347,A0004078,Credit,2024-02-26 00:00:00,2024-03-02 00:00:00,Active,Mastercard,2029-02-26 00:00:00,0,
CD002348,A0004744,Credit,2023-12-09 00:00:00,2023-12-09 00:00:00,Blocked,Visa,2028-12-09 00:00:00,0,Suspected Fraud
CD002349,A0002307,Debit,2022-04-23 00:00:00,2022-04-24 00:00:00,Active,Visa,2027-04-23 00:00:00,0,
CD002350,A0002993,Debit,2024-02-18 00:00:00,2024-02-20 00:00:00,Expired,Mastercard,2029-02-18 00:00:00,0,
CD002351,A0004644,Credit,2022-02-18 00:00:00,2022-02-23 00:00:00,Active,RuPay,2027-02-18 00:00:00,0,
CD002352,A0000822,Debit,2022-08-03 00:00:00,2022-08-03 00:00:00,Active,Visa,2027-08-03 00:00:00,0,
CD002353,A0005516,Debit,2023-01-19 00:00:00,2023-01-21 00:00:00,Active,RuPay,2028-01-19 00:00:00,0,
CD002354,A0004625,Debit,2026-06-11 00:00:00,2026-06-12 00:00:00,Inactive,Visa,2031-06-11 00:00:00,0,
CD002355,A0003489,Debit,2024-11-23 00:00:00,2024-11-27 00:00:00,Active,Visa,2029-11-23 00:00:00,0,
CD002356,A0005863,Debit,2026-01-11 00:00:00,2026-01-17 00:00:00,Active,RuPay,2031-01-11 00:00:00,0,
CD002357,A0005042,Debit,2026-05-07 00:00:00,2026-05-07 00:00:00,Active,Mastercard,2031-05-07 00:00:00,0,
CD002358,A0002770,Credit,2022-04-16 00:00:00,2022-04-21 00:00:00,Active,RuPay,2027-04-16 00:00:00,2,
CD002359,A0001475,Debit,2022-07-28 00:00:00,2022-08-02 00:00:00,Blocked,Visa,2027-07-28 00:00:00,0,Lost
CD002360,A0000600,Credit,2024-01-24 00:00:00,2024-01-29 00:00:00,Inactive,Visa,2029-01-24 00:00:00,0,
CD002361,A0005359,Credit,2022-11-03 00:00:00,2022-11-08 00:00:00,Active,Mastercard,2027-11-03 00:00:00,0,
CD002362,A0004907,Credit,2024-11-28 00:00:00,2024-12-03 00:00:00,Active,Visa,2029-11-28 00:00:00,0,
CD002363,A0001055,Debit,2026-01-10 00:00:00,2026-01-13 00:00:00,Active,RuPay,2031-01-10 00:00:00,0,
CD002364,A0001783,Debit,2023-11-14 00:00:00,2023-11-16 00:00:00,Active,RuPay,2028-11-14 00:00:00,0,
CD002365,A0001510,Debit,2024-02-19 00:00:00,2024-02-19 00:00:00,Active,Mastercard,2029-02-19 00:00:00,0,
CD002366,A0004501,Debit,2023-02-13 00:00:00,2023-02-18 00:00:00,Active,Visa,2028-02-13 00:00:00,0,
CD002367,A0000842,Credit,2023-09-26 00:00:00,2023-10-02 00:00:00,Active,RuPay,2028-09-26 00:00:00,2,
CD002368,A0004781,Credit,2023-04-04 00:00:00,2023-04-11 00:00:00,Active,Mastercard,2028-04-04 00:00:00,1,
CD002369,A0001435,Debit,2024-06-29 00:00:00,2024-07-04 00:00:00,Active,Visa,2029-06-29 00:00:00,1,
CD002370,A0005940,Debit,2025-06-28 00:00:00,2025-07-05 00:00:00,Active,RuPay,2030-06-28 00:00:00,0,
CD002371,A0004302,Credit,2024-06-17 00:00:00,2024-06-23 00:00:00,Active,Visa,2029-06-17 00:00:00,0,
CD002372,A0002691,Debit,2026-06-01 00:00:00,2026-06-08 00:00:00,Active,Mastercard,2031-06-01 00:00:00,0,
CD002373,A0002918,Debit,2025-09-19 00:00:00,2025-09-23 00:00:00,Active,Visa,2030-09-19 00:00:00,0,
CD002374,A0004015,Debit,2022-06-26 00:00:00,2022-07-03 00:00:00,Active,Visa,2027-06-26 00:00:00,0,
CD002375,A0004244,Debit,2025-01-23 00:00:00,2025-01-29 00:00:00,Inactive,RuPay,2030-01-23 00:00:00,0,
CD002376,A0004808,Debit,2023-11-13 00:00:00,2023-11-17 00:00:00,Active,Visa,2028-11-13 00:00:00,0,
CD002377,A0005095,Debit,2024-02-18 00:00:00,2024-02-24 00:00:00,Blocked,RuPay,2029-02-18 00:00:00,0,Customer Request
CD002378,A0005311,Debit,2023-04-07 00:00:00,2023-04-09 00:00:00,Inactive,Mastercard,2028-04-07 00:00:00,0,
CD002379,A0003859,Credit,2025-02-24 00:00:00,2025-03-03 00:00:00,Expired,RuPay,2030-02-24 00:00:00,0,
CD002380,A0000187,Debit,2024-10-25 00:00:00,2024-10-30 00:00:00,Active,RuPay,2029-10-25 00:00:00,1,
CD002381,A0002685,Credit,2022-10-19 00:00:00,2022-10-26 00:00:00,Active,Visa,2027-10-19 00:00:00,2,
CD002382,A0006374,Debit,2024-05-11 00:00:00,2024-05-12 00:00:00,Active,RuPay,2029-05-11 00:00:00,0,
CD002383,A0001711,Debit,2025-07-24 00:00:00,2025-07-27 00:00:00,Active,Visa,2030-07-24 00:00:00,1,
CD002384,A0003299,Debit,2023-04-07 00:00:00,2023-04-13 00:00:00,Active,Visa,2028-04-07 00:00:00,0,
CD002385,A0005941,Debit,2026-05-19 00:00:00,2026-05-22 00:00:00,Blocked,RuPay,2031-05-19 00:00:00,1,Customer Request
CD002386,A0001990,Credit,2023-10-09 00:00:00,2023-10-10 00:00:00,Active,Mastercard,2028-10-09 00:00:00,1,
CD002387,A0005684,Debit,2024-10-04 00:00:00,2024-10-06 00:00:00,Active,Mastercard,2029-10-04 00:00:00,0,
CD002388,A0002480,Credit,2022-11-22 00:00:00,2022-11-25 00:00:00,Active,Mastercard,2027-11-22 00:00:00,0,
CD002389,A0003453,Credit,2022-03-14 00:00:00,2022-03-14 00:00:00,Active,Visa,2027-03-14 00:00:00,0,
CD002390,A0003549,Debit,2025-09-19 00:00:00,2025-09-21 00:00:00,Inactive,Visa,2030-09-19 00:00:00,1,
CD002391,A0006316,Debit,2022-10-11 00:00:00,2022-10-11 00:00:00,Active,Visa,2027-10-11 00:00:00,0,
CD002392,A0006253,Debit,2024-04-22 00:00:00,2024-04-29 00:00:00,Active,Mastercard,2029-04-22 00:00:00,0,
CD002393,A0004064,Debit,2025-10-21 00:00:00,2025-10-27 00:00:00,Active,Mastercard,2030-10-21 00:00:00,1,
CD002394,A0005712,Debit,2025-11-29 00:00:00,2025-12-04 00:00:00,Active,Mastercard,2030-11-29 00:00:00,0,
CD002395,A0004009,Debit,2022-07-02 00:00:00,2022-07-05 00:00:00,Blocked,Visa,2027-07-02 00:00:00,1,Stolen
CD002396,A0000070,Debit,2023-10-17 00:00:00,2023-10-19 00:00:00,Active,Visa,2028-10-17 00:00:00,0,
CD002397,A0006366,Debit,2025-11-13 00:00:00,2025-11-18 00:00:00,Active,RuPay,2030-11-13 00:00:00,0,
CD002398,A0000278,Debit,2022-02-26 00:00:00,2022-03-04 00:00:00,Active,RuPay,2027-02-26 00:00:00,0,
CD002399,A0002138,Debit,2024-04-02 00:00:00,2024-04-02 00:00:00,Active,Mastercard,2029-04-02 00:00:00,1,
CD002400,A0000076,Credit,2026-03-21 00:00:00,2026-03-28 00:00:00,Active,Visa,2031-03-21 00:00:00,0,
CD002401,A0002236,Credit,2023-05-17 00:00:00,2023-05-17 00:00:00,Active,RuPay,2028-05-17 00:00:00,0,
CD002402,A0000044,Debit,2024-12-05 00:00:00,2024-12-07 00:00:00,Blocked,RuPay,2029-12-05 00:00:00,0,Customer Request
CD002403,A0004732,Debit,2024-02-13 00:00:00,2024-02-13 00:00:00,Active,Visa,2029-02-13 00:00:00,0,
CD002404,A0002448,Debit,2023-05-26 00:00:00,2023-05-30 00:00:00,Active,RuPay,2028-05-26 00:00:00,0,
CD002405,A0004563,Debit,2024-07-25 00:00:00,2024-07-30 00:00:00,Active,RuPay,2029-07-25 00:00:00,0,
CD002406,A0000510,Debit,2026-04-06 00:00:00,2026-04-09 00:00:00,Active,RuPay,2031-04-06 00:00:00,0,
CD002407,A0005086,Debit,2024-03-07 00:00:00,2024-03-07 00:00:00,Active,Mastercard,2029-03-07 00:00:00,0,
CD002408,A0000896,Credit,2023-04-23 00:00:00,2023-04-28 00:00:00,Blocked,Visa,2028-04-23 00:00:00,1,Suspected Fraud
CD002409,A0001798,Debit,2024-03-07 00:00:00,2024-03-12 00:00:00,Active,Visa,2029-03-07 00:00:00,2,
CD002410,A0002141,Debit,2024-07-14 00:00:00,2024-07-20 00:00:00,Blocked,Mastercard,2029-07-14 00:00:00,2,Lost
CD002411,A0000129,Debit,2025-04-17 00:00:00,2025-04-23 00:00:00,Active,Visa,2030-04-17 00:00:00,0,
CD002412,A0003452,Debit,2024-09-29 00:00:00,2024-09-29 00:00:00,Active,RuPay,2029-09-29 00:00:00,1,
CD002413,A0004455,Debit,2023-12-06 00:00:00,2023-12-09 00:00:00,Active,Visa,2028-12-06 00:00:00,0,
CD002414,A0001433,Debit,2023-06-22 00:00:00,2023-06-26 00:00:00,Active,Mastercard,2028-06-22 00:00:00,0,
CD002415,A0005798,Credit,2023-01-30 00:00:00,2023-01-30 00:00:00,Active,Visa,2028-01-30 00:00:00,1,
CD002416,A0002980,Debit,2022-10-14 00:00:00,2022-10-19 00:00:00,Active,Mastercard,2027-10-14 00:00:00,0,
CD002417,A0001088,Debit,2024-03-11 00:00:00,2024-03-13 00:00:00,Blocked,Mastercard,2029-03-11 00:00:00,1,Suspected Fraud
CD002418,A0005673,Debit,2023-06-03 00:00:00,2023-06-03 00:00:00,Active,Visa,2028-06-03 00:00:00,1,
CD002419,A0004054,Credit,2024-08-29 00:00:00,2024-09-02 00:00:00,Active,RuPay,2029-08-29 00:00:00,0,
CD002420,A0003834,Debit,2023-07-22 00:00:00,2023-07-28 00:00:00,Active,Mastercard,2028-07-22 00:00:00,0,
CD002421,A0000420,Credit,2022-09-04 00:00:00,2022-09-08 00:00:00,Active,Visa,2027-09-04 00:00:00,0,
CD002422,A0005910,Debit,2026-06-14 00:00:00,2026-06-17 00:00:00,Active,Visa,2031-06-14 00:00:00,0,
CD002423,A0006047,Debit,2025-02-15 00:00:00,2025-02-22 00:00:00,Active,Visa,2030-02-15 00:00:00,1,
CD002424,A0000799,Debit,2022-09-16 00:00:00,2022-09-19 00:00:00,Expired,RuPay,2027-09-16 00:00:00,0,
CD002425,A0000019,Debit,2022-03-19 00:00:00,2022-03-26 00:00:00,Active,Mastercard,2027-03-19 00:00:00,0,
CD002426,A0005367,Debit,2023-06-05 00:00:00,2023-06-08 00:00:00,Active,RuPay,2028-06-05 00:00:00,0,
CD002427,A0002917,Credit,2024-08-27 00:00:00,2024-09-03 00:00:00,Inactive,RuPay,2029-08-27 00:00:00,0,
CD002428,A0003883,Debit,2024-12-01 00:00:00,2024-12-02 00:00:00,Active,Visa,2029-12-01 00:00:00,1,
CD002429,A0001251,Debit,2023-07-24 00:00:00,2023-07-25 00:00:00,Active,Visa,2028-07-24 00:00:00,1,
CD002430,A0004273,Credit,2024-05-03 00:00:00,2024-05-03 00:00:00,Active,RuPay,2029-05-03 00:00:00,0,
CD002431,A0001606,Debit,2025-01-19 00:00:00,2025-01-22 00:00:00,Active,Mastercard,2030-01-19 00:00:00,0,
CD002432,A0005537,Debit,2024-05-06 00:00:00,2024-05-08 00:00:00,Active,RuPay,2029-05-06 00:00:00,0,
CD002433,A0004369,Debit,2024-08-03 00:00:00,2024-08-04 00:00:00,Active,Mastercard,2029-08-03 00:00:00,0,
CD002434,A0004397,Debit,2023-07-09 00:00:00,2023-07-15 00:00:00,Active,Visa,2028-07-09 00:00:00,0,
CD002435,A0006015,Debit,2022-05-07 00:00:00,2022-05-07 00:00:00,Active,RuPay,2027-05-07 00:00:00,0,
CD002436,A0002469,Debit,2022-10-10 00:00:00,2022-10-12 00:00:00,Active,Visa,2027-10-10 00:00:00,0,
CD002437,A0000264,Debit,2024-05-24 00:00:00,2024-05-29 00:00:00,Active,Visa,2029-05-24 00:00:00,0,
CD002438,A0001062,Debit,2025-04-10 00:00:00,2025-04-15 00:00:00,Active,RuPay,2030-04-10 00:00:00,0,
CD002439,A0003912,Debit,2025-06-11 00:00:00,2025-06-13 00:00:00,Active,Visa,2030-06-11 00:00:00,0,
CD002440,A0003606,Debit,2023-11-02 00:00:00,2023-11-06 00:00:00,Active,Visa,2028-11-02 00:00:00,0,
CD002441,A0004977,Debit,2025-10-08 00:00:00,2025-10-08 00:00:00,Active,RuPay,2030-10-08 00:00:00,1,
CD002442,A0005848,Debit,2024-06-19 00:00:00,2024-06-20 00:00:00,Active,Mastercard,2029-06-19 00:00:00,0,
CD002443,A0000651,Credit,2022-04-01 00:00:00,2022-04-03 00:00:00,Active,Mastercard,2027-04-01 00:00:00,2,
CD002444,A0004155,Debit,2024-07-12 00:00:00,2024-07-17 00:00:00,Inactive,Mastercard,2029-07-12 00:00:00,2,
CD002445,A0000451,Credit,2025-07-12 00:00:00,2025-07-15 00:00:00,Active,Mastercard,2030-07-12 00:00:00,0,
CD002446,A0005462,Debit,2024-06-14 00:00:00,2024-06-20 00:00:00,Active,Visa,2029-06-14 00:00:00,2,
CD002447,A0000624,Debit,2025-05-15 00:00:00,2025-05-16 00:00:00,Active,Visa,2030-05-15 00:00:00,0,
CD002448,A0000244,Credit,2026-04-08 00:00:00,2026-04-14 00:00:00,Blocked,Mastercard,2031-04-08 00:00:00,0,Lost
CD002449,A0004851,Credit,2023-12-23 00:00:00,2023-12-24 00:00:00,Expired,Visa,2028-12-23 00:00:00,0,
CD002450,A0002529,Debit,2022-09-09 00:00:00,2022-09-15 00:00:00,Blocked,RuPay,2027-09-09 00:00:00,0,Customer Request
CD002451,A0001768,Debit,2024-10-15 00:00:00,2024-10-21 00:00:00,Inactive,Visa,2029-10-15 00:00:00,2,
CD002452,A0002784,Debit,2022-09-30 00:00:00,2022-10-07 00:00:00,Active,Mastercard,2027-09-30 00:00:00,1,
CD002453,A0002356,Credit,2023-06-05 00:00:00,2023-06-08 00:00:00,Active,RuPay,2028-06-05 00:00:00,2,
CD002454,A0002552,Debit,2023-05-18 00:00:00,2023-05-22 00:00:00,Active,Visa,2028-05-18 00:00:00,0,
CD002455,A0000009,Debit,2022-02-09 00:00:00,2022-02-15 00:00:00,Expired,Visa,2027-02-09 00:00:00,0,
CD002456,A0006332,Debit,2025-01-14 00:00:00,2025-01-14 00:00:00,Active,Visa,2030-01-14 00:00:00,0,
CD002457,A0000042,Debit,2022-11-03 00:00:00,2022-11-06 00:00:00,Active,RuPay,2027-11-03 00:00:00,2,
CD002458,A0006483,Debit,2023-05-23 00:00:00,2023-05-23 00:00:00,Active,Mastercard,2028-05-23 00:00:00,0,
CD002459,A0003974,Credit,2025-01-01 00:00:00,2025-01-04 00:00:00,Blocked,RuPay,2030-01-01 00:00:00,0,Customer Request
CD002460,A0006170,Debit,2026-03-28 00:00:00,2026-04-01 00:00:00,Active,Visa,2031-03-28 00:00:00,0,
CD002461,A0001529,Credit,2025-06-02 00:00:00,2025-06-05 00:00:00,Active,Mastercard,2030-06-02 00:00:00,0,
CD002462,A0005654,Debit,2022-05-15 00:00:00,2022-05-22 00:00:00,Active,Visa,2027-05-15 00:00:00,0,
CD002463,A0004952,Debit,2023-12-13 00:00:00,2023-12-18 00:00:00,Active,RuPay,2028-12-13 00:00:00,1,
CD002464,A0000310,Debit,2025-11-15 00:00:00,2025-11-20 00:00:00,Active,RuPay,2030-11-15 00:00:00,0,
CD002465,A0003298,Debit,2024-02-16 00:00:00,2024-02-16 00:00:00,Inactive,Mastercard,2029-02-16 00:00:00,0,
CD002466,A0002618,Debit,2025-02-22 00:00:00,2025-02-26 00:00:00,Active,Visa,2030-02-22 00:00:00,0,
CD002467,A0001714,Debit,2022-07-09 00:00:00,2022-07-15 00:00:00,Active,Mastercard,2027-07-09 00:00:00,0,
CD002468,A0001044,Debit,2025-01-25 00:00:00,2025-01-30 00:00:00,Active,Mastercard,2030-01-25 00:00:00,1,
CD002469,A0003695,Debit,2024-08-03 00:00:00,2024-08-10 00:00:00,Active,RuPay,2029-08-03 00:00:00,0,
CD002470,A0005315,Debit,2025-11-10 00:00:00,2025-11-17 00:00:00,Active,RuPay,2030-11-10 00:00:00,0,
CD002471,A0003716,Debit,2022-11-26 00:00:00,2022-11-28 00:00:00,Active,RuPay,2027-11-26 00:00:00,0,
CD002472,A0003421,Debit,2023-09-08 00:00:00,2023-09-12 00:00:00,Active,Mastercard,2028-09-08 00:00:00,0,
CD002473,A0005578,Credit,2025-04-23 00:00:00,2025-04-23 00:00:00,Active,RuPay,2030-04-23 00:00:00,0,
CD002474,A0003088,Debit,2023-03-20 00:00:00,2023-03-23 00:00:00,Active,Mastercard,2028-03-20 00:00:00,0,
CD002475,A0000214,Debit,2025-07-24 00:00:00,2025-07-29 00:00:00,Inactive,Visa,2030-07-24 00:00:00,1,
CD002476,A0006076,Credit,2023-07-04 00:00:00,2023-07-08 00:00:00,Blocked,Visa,2028-07-04 00:00:00,0,Lost
CD002477,A0005412,Debit,2025-11-17 00:00:00,2025-11-23 00:00:00,Blocked,Visa,2030-11-17 00:00:00,1,Suspected Fraud
CD002478,A0003156,Debit,2022-12-28 00:00:00,2022-12-29 00:00:00,Active,Mastercard,2027-12-28 00:00:00,1,
CD002479,A0001420,Debit,2024-08-15 00:00:00,2024-08-15 00:00:00,Inactive,Mastercard,2029-08-15 00:00:00,1,
CD002480,A0001617,Credit,2025-09-11 00:00:00,2025-09-17 00:00:00,Active,Visa,2030-09-11 00:00:00,1,
CD002481,A0004483,Credit,2024-04-15 00:00:00,2024-04-19 00:00:00,Active,Mastercard,2029-04-15 00:00:00,0,
CD002482,A0003919,Debit,2026-01-21 00:00:00,2026-01-21 00:00:00,Active,Mastercard,2031-01-21 00:00:00,0,
CD002483,A0005107,Debit,2022-05-22 00:00:00,2022-05-24 00:00:00,Active,Visa,2027-05-22 00:00:00,0,
CD002484,A0000421,Credit,2022-12-19 00:00:00,2022-12-25 00:00:00,Active,RuPay,2027-12-19 00:00:00,0,
CD002485,A0000133,Debit,2022-08-05 00:00:00,2022-08-06 00:00:00,Blocked,Mastercard,2027-08-05 00:00:00,0,Customer Request
CD002486,A0003330,Debit,2025-12-29 00:00:00,2026-01-03 00:00:00,Active,RuPay,2030-12-29 00:00:00,1,
CD002487,A0004514,Debit,2024-12-18 00:00:00,2024-12-18 00:00:00,Active,Mastercard,2029-12-18 00:00:00,0,
CD002488,A0001270,Debit,2023-10-06 00:00:00,2023-10-12 00:00:00,Active,RuPay,2028-10-06 00:00:00,0,
CD002489,A0001685,Debit,2022-07-27 00:00:00,2022-08-03 00:00:00,Active,RuPay,2027-07-27 00:00:00,0,
CD002490,A0002830,Credit,2024-02-29 00:00:00,2024-03-06 00:00:00,Active,RuPay,2029-02-28 00:00:00,1,
CD002491,A0000717,Credit,2025-03-10 00:00:00,2025-03-15 00:00:00,Active,Mastercard,2030-03-10 00:00:00,0,
CD002492,A0000406,Debit,2023-03-30 00:00:00,2023-04-02 00:00:00,Active,Visa,2028-03-30 00:00:00,0,
CD002493,A0002465,Debit,2023-12-26 00:00:00,2024-01-02 00:00:00,Active,RuPay,2028-12-26 00:00:00,0,
CD002494,A0004400,Debit,2026-04-18 00:00:00,2026-04-21 00:00:00,Active,Visa,2031-04-18 00:00:00,2,
CD002495,A0004018,Debit,2025-11-17 00:00:00,2025-11-21 00:00:00,Inactive,Mastercard,2030-11-17 00:00:00,2,
CD002496,A0000127,Credit,2025-04-06 00:00:00,2025-04-06 00:00:00,Active,Visa,2030-04-06 00:00:00,0,
CD002497,A0005614,Debit,2023-10-23 00:00:00,2023-10-26 00:00:00,Active,Visa,2028-10-23 00:00:00,1,
CD002498,A0004938,Debit,2024-05-31 00:00:00,2024-06-07 00:00:00,Active,Visa,2029-05-31 00:00:00,0,
CD002499,A0005587,Debit,2024-07-05 00:00:00,2024-07-10 00:00:00,Active,Visa,2029-07-05 00:00:00,0,
CD002500,A0000089,Credit,2025-03-26 00:00:00,2025-03-26 00:00:00,Active,Mastercard,2030-03-26 00:00:00,0,
CD002501,A0004402,Debit,2023-08-25 00:00:00,2023-08-27 00:00:00,Active,Mastercard,2028-08-25 00:00:00,0,
CD002502,A0001761,Debit,2022-12-02 00:00:00,2022-12-08 00:00:00,Active,Visa,2027-12-02 00:00:00,0,
CD002503,A0003073,Debit,2024-11-29 00:00:00,2024-12-04 00:00:00,Active,Mastercard,2029-11-29 00:00:00,1,
CD002504,A0000090,Debit,2024-06-19 00:00:00,2024-06-26 00:00:00,Active,Mastercard,2029-06-19 00:00:00,0,
CD002505,A0003558,Debit,2023-09-08 00:00:00,2023-09-15 00:00:00,Active,RuPay,2028-09-08 00:00:00,0,
CD002506,A0003277,Credit,2026-02-06 00:00:00,2026-02-10 00:00:00,Active,Visa,2031-02-06 00:00:00,0,
CD002507,A0005341,Debit,2022-11-30 00:00:00,2022-12-03 00:00:00,Active,Mastercard,2027-11-30 00:00:00,0,
CD002508,A0005231,Debit,2022-08-26 00:00:00,2022-08-31 00:00:00,Inactive,RuPay,2027-08-26 00:00:00,0,
CD002509,A0001183,Debit,2023-05-09 00:00:00,2023-05-16 00:00:00,Active,Visa,2028-05-09 00:00:00,0,
CD002510,A0000450,Debit,2025-01-20 00:00:00,2025-01-21 00:00:00,Active,RuPay,2030-01-20 00:00:00,2,
CD002511,A0004880,Debit,2026-03-17 00:00:00,2026-03-18 00:00:00,Inactive,Mastercard,2031-03-17 00:00:00,0,
CD002512,A0002179,Credit,2022-08-14 00:00:00,2022-08-20 00:00:00,Active,RuPay,2027-08-14 00:00:00,1,
CD002513,A0000591,Debit,2022-11-17 00:00:00,2022-11-19 00:00:00,Active,RuPay,2027-11-17 00:00:00,0,
CD002514,A0001604,Debit,2024-02-15 00:00:00,2024-02-18 00:00:00,Active,Visa,2029-02-15 00:00:00,0,
CD002515,A0001791,Debit,2025-11-04 00:00:00,2025-11-04 00:00:00,Inactive,RuPay,2030-11-04 00:00:00,0,
CD002516,A0005196,Debit,2024-08-24 00:00:00,2024-08-25 00:00:00,Blocked,RuPay,2029-08-24 00:00:00,0,Customer Request
CD002517,A0004777,Debit,2024-10-08 00:00:00,2024-10-13 00:00:00,Active,Visa,2029-10-08 00:00:00,0,
CD002518,A0002962,Debit,2022-01-28 00:00:00,2022-01-31 00:00:00,Active,RuPay,2027-01-28 00:00:00,0,
CD002519,A0003664,Debit,2022-07-20 00:00:00,2022-07-25 00:00:00,Blocked,RuPay,2027-07-20 00:00:00,1,Suspected Fraud
CD002520,A0003034,Debit,2022-08-29 00:00:00,2022-08-30 00:00:00,Active,Visa,2027-08-29 00:00:00,1,
CD002521,A0003111,Debit,2025-10-03 00:00:00,2025-10-10 00:00:00,Active,Visa,2030-10-03 00:00:00,1,
CD002522,A0004689,Debit,2026-03-16 00:00:00,2026-03-21 00:00:00,Active,Visa,2031-03-16 00:00:00,0,
CD002523,A0006011,Debit,2026-01-13 00:00:00,2026-01-15 00:00:00,Active,Mastercard,2031-01-13 00:00:00,0,
CD002524,A0005907,Debit,2023-09-10 00:00:00,2023-09-14 00:00:00,Active,RuPay,2028-09-10 00:00:00,0,
CD002525,A0005065,Debit,2024-08-23 00:00:00,2024-08-30 00:00:00,Expired,Mastercard,2029-08-23 00:00:00,1,
CD002526,A0001114,Debit,2024-06-04 00:00:00,2024-06-09 00:00:00,Active,Mastercard,2029-06-04 00:00:00,0,
CD002527,A0005220,Credit,2025-10-26 00:00:00,2025-10-29 00:00:00,Active,Mastercard,2030-10-26 00:00:00,0,
CD002528,A0005249,Debit,2024-09-11 00:00:00,2024-09-12 00:00:00,Active,RuPay,2029-09-11 00:00:00,0,
CD002529,A0004544,Debit,2023-06-09 00:00:00,2023-06-09 00:00:00,Active,Visa,2028-06-09 00:00:00,0,
CD002530,A0003445,Debit,2025-04-09 00:00:00,2025-04-13 00:00:00,Active,Mastercard,2030-04-09 00:00:00,0,
CD002531,A0000954,Debit,2024-06-02 00:00:00,2024-06-03 00:00:00,Blocked,Visa,2029-06-02 00:00:00,0,Suspected Fraud
CD002532,A0002521,Debit,2022-04-30 00:00:00,2022-05-07 00:00:00,Active,Visa,2027-04-30 00:00:00,0,
CD002533,A0006002,Debit,2023-04-06 00:00:00,2023-04-06 00:00:00,Active,Mastercard,2028-04-06 00:00:00,0,
CD002534,A0002510,Credit,2023-05-23 00:00:00,2023-05-27 00:00:00,Active,Visa,2028-05-23 00:00:00,1,
CD002535,A0004762,Debit,2025-10-26 00:00:00,2025-10-26 00:00:00,Blocked,RuPay,2030-10-26 00:00:00,0,Customer Request
CD002536,A0006304,Credit,2025-04-19 00:00:00,2025-04-19 00:00:00,Active,Visa,2030-04-19 00:00:00,0,
CD002537,A0005870,Credit,2025-08-02 00:00:00,2025-08-04 00:00:00,Active,Mastercard,2030-08-02 00:00:00,0,
CD002538,A0002693,Credit,2025-04-06 00:00:00,2025-04-09 00:00:00,Active,RuPay,2030-04-06 00:00:00,0,
CD002539,A0003109,Credit,2025-09-23 00:00:00,2025-09-27 00:00:00,Active,Visa,2030-09-23 00:00:00,0,
CD002540,A0004961,Debit,2025-12-20 00:00:00,2025-12-22 00:00:00,Active,RuPay,2030-12-20 00:00:00,0,
CD002541,A0005248,Debit,2022-03-24 00:00:00,2022-03-25 00:00:00,Active,RuPay,2027-03-24 00:00:00,0,
CD002542,A0001157,Debit,2025-09-30 00:00:00,2025-10-05 00:00:00,Active,Visa,2030-09-30 00:00:00,0,
CD002543,A0000760,Debit,2023-01-31 00:00:00,2023-01-31 00:00:00,Active,Visa,2028-01-31 00:00:00,2,
CD002544,A0000863,Debit,2023-05-24 00:00:00,2023-05-30 00:00:00,Active,RuPay,2028-05-24 00:00:00,0,
CD002545,A0003596,Debit,2025-04-13 00:00:00,2025-04-20 00:00:00,Inactive,Visa,2030-04-13 00:00:00,0,
CD002546,A0002268,Debit,2025-04-13 00:00:00,2025-04-19 00:00:00,Active,Mastercard,2030-04-13 00:00:00,0,
CD002547,A0002684,Credit,2024-12-20 00:00:00,2024-12-24 00:00:00,Active,Visa,2029-12-20 00:00:00,1,
CD002548,A0003944,Debit,2026-01-31 00:00:00,2026-02-02 00:00:00,Active,RuPay,2031-01-31 00:00:00,0,
CD002549,A0003123,Debit,2025-09-01 00:00:00,2025-09-03 00:00:00,Active,Visa,2030-09-01 00:00:00,0,
CD002550,A0003046,Debit,2023-10-12 00:00:00,2023-10-17 00:00:00,Active,Mastercard,2028-10-12 00:00:00,1,
CD002551,A0002678,Debit,2024-07-19 00:00:00,2024-07-21 00:00:00,Active,Mastercard,2029-07-19 00:00:00,0,
CD002552,A0000867,Debit,2024-06-29 00:00:00,2024-07-04 00:00:00,Active,RuPay,2029-06-29 00:00:00,0,
CD002553,A0005441,Credit,2023-01-08 00:00:00,2023-01-11 00:00:00,Inactive,Mastercard,2028-01-08 00:00:00,0,
CD002554,A0002885,Debit,2023-10-03 00:00:00,2023-10-05 00:00:00,Active,Mastercard,2028-10-03 00:00:00,3,
CD002555,A0000981,Debit,2024-12-19 00:00:00,2024-12-24 00:00:00,Blocked,RuPay,2029-12-19 00:00:00,0,Customer Request
CD002556,A0004376,Credit,2023-10-16 00:00:00,2023-10-19 00:00:00,Active,Mastercard,2028-10-16 00:00:00,0,
CD002557,A0004536,Debit,2026-02-16 00:00:00,2026-02-21 00:00:00,Active,Visa,2031-02-16 00:00:00,0,
CD002558,A0003448,Debit,2026-04-13 00:00:00,2026-04-14 00:00:00,Active,Visa,2031-04-13 00:00:00,1,
CD002559,A0005674,Debit,2023-02-09 00:00:00,2023-02-15 00:00:00,Active,Visa,2028-02-09 00:00:00,0,
CD002560,A0006246,Debit,2022-03-27 00:00:00,2022-03-28 00:00:00,Active,Visa,2027-03-27 00:00:00,0,
CD002561,A0002441,Debit,2022-12-26 00:00:00,2022-12-28 00:00:00,Expired,RuPay,2027-12-26 00:00:00,2,
CD002562,A0002704,Debit,2026-06-03 00:00:00,2026-06-10 00:00:00,Active,Visa,2031-06-03 00:00:00,1,
CD002563,A0003858,Debit,2024-01-06 00:00:00,2024-01-09 00:00:00,Active,Visa,2029-01-06 00:00:00,0,
CD002564,A0006490,Debit,2022-06-22 00:00:00,2022-06-29 00:00:00,Active,RuPay,2027-06-22 00:00:00,0,
CD002565,A0005174,Debit,2025-09-08 00:00:00,2025-09-11 00:00:00,Inactive,Mastercard,2030-09-08 00:00:00,0,
CD002566,A0004728,Credit,2022-10-06 00:00:00,2022-10-11 00:00:00,Active,Mastercard,2027-10-06 00:00:00,0,
CD002567,A0002075,Credit,2023-05-21 00:00:00,2023-05-28 00:00:00,Active,Mastercard,2028-05-21 00:00:00,0,
CD002568,A0006078,Debit,2023-08-28 00:00:00,2023-09-03 00:00:00,Blocked,Visa,2028-08-28 00:00:00,0,Customer Request
CD002569,A0003587,Debit,2025-10-08 00:00:00,2025-10-10 00:00:00,Active,RuPay,2030-10-08 00:00:00,0,
CD002570,A0000443,Debit,2024-02-09 00:00:00,2024-02-16 00:00:00,Blocked,Mastercard,2029-02-09 00:00:00,0,Stolen
CD002571,A0000864,Debit,2023-05-20 00:00:00,2023-05-20 00:00:00,Active,RuPay,2028-05-20 00:00:00,1,
CD002572,A0004548,Credit,2022-03-14 00:00:00,2022-03-16 00:00:00,Active,Visa,2027-03-14 00:00:00,0,
CD002573,A0004763,Debit,2023-05-23 00:00:00,2023-05-29 00:00:00,Inactive,Visa,2028-05-23 00:00:00,0,
CD002574,A0004854,Debit,2023-03-11 00:00:00,2023-03-12 00:00:00,Active,Mastercard,2028-03-11 00:00:00,1,
CD002575,A0002931,Credit,2022-12-07 00:00:00,2022-12-08 00:00:00,Active,RuPay,2027-12-07 00:00:00,0,
CD002576,A0002586,Credit,2023-01-11 00:00:00,2023-01-11 00:00:00,Active,Visa,2028-01-11 00:00:00,0,
CD002577,A0002530,Debit,2022-01-12 00:00:00,2022-01-13 00:00:00,Inactive,RuPay,2027-01-12 00:00:00,1,
CD002578,A0002063,Debit,2025-09-16 00:00:00,2025-09-19 00:00:00,Active,Mastercard,2030-09-16 00:00:00,0,
CD002579,A0005246,Debit,2022-06-23 00:00:00,2022-06-23 00:00:00,Active,Visa,2027-06-23 00:00:00,0,
CD002580,A0000837,Debit,2026-04-28 00:00:00,2026-04-28 00:00:00,Inactive,RuPay,2031-04-28 00:00:00,0,
CD002581,A0002069,Debit,2023-03-17 00:00:00,2023-03-20 00:00:00,Active,Mastercard,2028-03-17 00:00:00,0,
CD002582,A0002296,Debit,2022-05-24 00:00:00,2022-05-27 00:00:00,Blocked,Visa,2027-05-24 00:00:00,0,Stolen
CD002583,A0004030,Debit,2025-11-04 00:00:00,2025-11-07 00:00:00,Active,Mastercard,2030-11-04 00:00:00,0,
CD002584,A0000686,Debit,2023-06-05 00:00:00,2023-06-11 00:00:00,Active,Mastercard,2028-06-05 00:00:00,1,
CD002585,A0000973,Debit,2026-01-13 00:00:00,2026-01-13 00:00:00,Active,Mastercard,2031-01-13 00:00:00,0,
CD002586,A0003098,Debit,2023-07-06 00:00:00,2023-07-13 00:00:00,Active,RuPay,2028-07-06 00:00:00,1,
CD002587,A0004657,Debit,2026-02-20 00:00:00,2026-02-20 00:00:00,Active,Mastercard,2031-02-20 00:00:00,0,
CD002588,A0001262,Debit,2023-10-08 00:00:00,2023-10-15 00:00:00,Active,Visa,2028-10-08 00:00:00,0,
CD002589,A0004151,Credit,2025-05-22 00:00:00,2025-05-23 00:00:00,Active,Mastercard,2030-05-22 00:00:00,0,
CD002590,A0002607,Debit,2022-12-09 00:00:00,2022-12-16 00:00:00,Active,Visa,2027-12-09 00:00:00,1,
CD002591,A0004750,Debit,2022-11-24 00:00:00,2022-12-01 00:00:00,Active,RuPay,2027-11-24 00:00:00,0,
CD002592,A0001356,Credit,2022-03-25 00:00:00,2022-03-25 00:00:00,Active,Visa,2027-03-25 00:00:00,0,
CD002593,A0003205,Debit,2023-04-16 00:00:00,2023-04-17 00:00:00,Active,Mastercard,2028-04-16 00:00:00,1,
CD002594,A0002648,Debit,2024-06-27 00:00:00,2024-07-02 00:00:00,Inactive,Visa,2029-06-27 00:00:00,0,
CD002595,A0001800,Debit,2024-08-01 00:00:00,2024-08-01 00:00:00,Active,Visa,2029-08-01 00:00:00,1,
CD002596,A0004396,Debit,2024-07-16 00:00:00,2024-07-17 00:00:00,Active,Visa,2029-07-16 00:00:00,0,
CD002597,A0002721,Debit,2024-09-21 00:00:00,2024-09-23 00:00:00,Active,RuPay,2029-09-21 00:00:00,1,
CD002598,A0001340,Debit,2023-05-31 00:00:00,2023-06-01 00:00:00,Active,Mastercard,2028-05-31 00:00:00,0,
CD002599,A0005735,Debit,2026-01-20 00:00:00,2026-01-24 00:00:00,Active,Visa,2031-01-20 00:00:00,0,
CD002600,A0000025,Credit,2022-05-19 00:00:00,2022-05-22 00:00:00,Active,RuPay,2027-05-19 00:00:00,0,
CD002601,A0003200,Debit,2022-06-20 00:00:00,2022-06-21 00:00:00,Inactive,Visa,2027-06-20 00:00:00,1,
CD002602,A0002935,Credit,2022-12-02 00:00:00,2022-12-09 00:00:00,Active,Visa,2027-12-02 00:00:00,2,
CD002603,A0004979,Debit,2022-03-18 00:00:00,2022-03-23 00:00:00,Active,Mastercard,2027-03-18 00:00:00,0,
CD002604,A0000258,Debit,2025-05-27 00:00:00,2025-06-01 00:00:00,Active,RuPay,2030-05-27 00:00:00,0,
CD002605,A0002610,Credit,2024-08-03 00:00:00,2024-08-05 00:00:00,Active,Mastercard,2029-08-03 00:00:00,1,
CD002606,A0002349,Credit,2026-05-19 00:00:00,2026-05-25 00:00:00,Active,Visa,2031-05-19 00:00:00,0,
CD002607,A0004814,Credit,2023-12-10 00:00:00,2023-12-15 00:00:00,Active,Visa,2028-12-10 00:00:00,0,
CD002608,A0001588,Debit,2022-12-13 00:00:00,2022-12-17 00:00:00,Expired,RuPay,2027-12-13 00:00:00,0,
CD002609,A0005084,Credit,2026-03-01 00:00:00,2026-03-01 00:00:00,Active,Mastercard,2031-03-01 00:00:00,0,
CD002610,A0002228,Debit,2023-07-10 00:00:00,2023-07-12 00:00:00,Expired,Visa,2028-07-10 00:00:00,0,
CD002611,A0005169,Debit,2022-02-19 00:00:00,2022-02-19 00:00:00,Active,Visa,2027-02-19 00:00:00,0,
CD002612,A0003202,Credit,2023-12-12 00:00:00,2023-12-14 00:00:00,Expired,Visa,2028-12-12 00:00:00,0,
CD002613,A0000756,Debit,2023-06-28 00:00:00,2023-07-03 00:00:00,Blocked,Mastercard,2028-06-28 00:00:00,1,Suspected Fraud
CD002614,A0003721,Debit,2024-12-26 00:00:00,2024-12-30 00:00:00,Active,Visa,2029-12-26 00:00:00,0,
CD002615,A0004837,Credit,2025-04-08 00:00:00,2025-04-14 00:00:00,Active,Visa,2030-04-08 00:00:00,1,
CD002616,A0005080,Debit,2024-01-06 00:00:00,2024-01-12 00:00:00,Active,Visa,2029-01-06 00:00:00,1,
CD002617,A0000111,Debit,2025-01-21 00:00:00,2025-01-22 00:00:00,Active,RuPay,2030-01-21 00:00:00,0,
CD002618,A0003343,Debit,2023-07-03 00:00:00,2023-07-09 00:00:00,Active,Visa,2028-07-03 00:00:00,0,
CD002619,A0001679,Debit,2025-06-14 00:00:00,2025-06-18 00:00:00,Active,Mastercard,2030-06-14 00:00:00,0,
CD002620,A0005077,Debit,2026-05-06 00:00:00,2026-05-07 00:00:00,Active,Mastercard,2031-05-06 00:00:00,0,
CD002621,A0003216,Debit,2024-09-14 00:00:00,2024-09-15 00:00:00,Active,RuPay,2029-09-14 00:00:00,0,
CD002622,A0003201,Debit,2024-11-19 00:00:00,2024-11-19 00:00:00,Active,Mastercard,2029-11-19 00:00:00,1,
CD002623,A0003163,Debit,2026-04-02 00:00:00,2026-04-04 00:00:00,Active,Visa,2031-04-02 00:00:00,1,
CD002624,A0002564,Debit,2022-02-10 00:00:00,2022-02-17 00:00:00,Active,Visa,2027-02-10 00:00:00,0,
CD002625,A0001177,Debit,2025-06-17 00:00:00,2025-06-23 00:00:00,Expired,RuPay,2030-06-17 00:00:00,0,
CD002626,A0003010,Debit,2025-08-23 00:00:00,2025-08-28 00:00:00,Active,Visa,2030-08-23 00:00:00,0,
CD002627,A0001426,Debit,2023-08-15 00:00:00,2023-08-21 00:00:00,Inactive,Mastercard,2028-08-15 00:00:00,0,
CD002628,A0004949,Debit,2025-06-15 00:00:00,2025-06-19 00:00:00,Active,Visa,2030-06-15 00:00:00,0,
CD002629,A0006381,Debit,2023-07-25 00:00:00,2023-07-28 00:00:00,Active,Visa,2028-07-25 00:00:00,0,
CD002630,A0001989,Debit,2025-04-07 00:00:00,2025-04-10 00:00:00,Active,Visa,2030-04-07 00:00:00,0,
CD002631,A0003060,Debit,2024-11-10 00:00:00,2024-11-11 00:00:00,Inactive,RuPay,2029-11-10 00:00:00,0,
CD002632,A0000828,Debit,2024-06-05 00:00:00,2024-06-07 00:00:00,Active,Visa,2029-06-05 00:00:00,0,
CD002633,A0002597,Debit,2025-07-24 00:00:00,2025-07-29 00:00:00,Active,Visa,2030-07-24 00:00:00,2,
CD002634,A0000557,Debit,2024-04-01 00:00:00,2024-04-03 00:00:00,Active,Visa,2029-04-01 00:00:00,0,
CD002635,A0000646,Credit,2026-04-23 00:00:00,2026-04-27 00:00:00,Active,RuPay,2031-04-23 00:00:00,0,
CD002636,A0001354,Debit,2025-10-15 00:00:00,2025-10-22 00:00:00,Active,RuPay,2030-10-15 00:00:00,0,
CD002637,A0000452,Debit,2026-05-15 00:00:00,2026-05-22 00:00:00,Active,Mastercard,2031-05-15 00:00:00,0,
CD002638,A0001675,Debit,2022-08-27 00:00:00,2022-09-03 00:00:00,Active,Mastercard,2027-08-27 00:00:00,0,
CD002639,A0004199,Debit,2024-12-02 00:00:00,2024-12-07 00:00:00,Active,RuPay,2029-12-02 00:00:00,0,
CD002640,A0001661,Credit,2024-01-03 00:00:00,2024-01-06 00:00:00,Active,Visa,2029-01-03 00:00:00,1,
CD002641,A0002193,Debit,2022-05-19 00:00:00,2022-05-25 00:00:00,Active,RuPay,2027-05-19 00:00:00,0,
CD002642,A0001503,Debit,2024-07-19 00:00:00,2024-07-24 00:00:00,Active,Visa,2029-07-19 00:00:00,0,
CD002643,A0002800,Credit,2022-02-09 00:00:00,2022-02-15 00:00:00,Active,RuPay,2027-02-09 00:00:00,0,
CD002644,A0003334,Credit,2024-03-14 00:00:00,2024-03-17 00:00:00,Active,Visa,2029-03-14 00:00:00,0,
CD002645,A0002508,Debit,2023-11-04 00:00:00,2023-11-09 00:00:00,Active,Mastercard,2028-11-04 00:00:00,0,
CD002646,A0003672,Credit,2025-04-15 00:00:00,2025-04-16 00:00:00,Active,RuPay,2030-04-15 00:00:00,0,
CD002647,A0001551,Credit,2025-07-29 00:00:00,2025-07-30 00:00:00,Active,Mastercard,2030-07-29 00:00:00,0,
CD002648,A0004985,Debit,2022-11-21 00:00:00,2022-11-23 00:00:00,Expired,Mastercard,2027-11-21 00:00:00,1,
CD002649,A0003717,Debit,2022-10-24 00:00:00,2022-10-27 00:00:00,Active,Visa,2027-10-24 00:00:00,0,
CD002650,A0003711,Credit,2022-12-04 00:00:00,2022-12-04 00:00:00,Active,Mastercard,2027-12-04 00:00:00,0,
CD002651,A0000763,Debit,2024-04-13 00:00:00,2024-04-19 00:00:00,Active,Visa,2029-04-13 00:00:00,1,
CD002652,A0004057,Debit,2026-01-12 00:00:00,2026-01-18 00:00:00,Active,Mastercard,2031-01-12 00:00:00,0,
CD002653,A0001763,Credit,2024-09-28 00:00:00,2024-10-04 00:00:00,Active,Mastercard,2029-09-28 00:00:00,0,
CD002654,A0005619,Debit,2022-06-29 00:00:00,2022-07-04 00:00:00,Active,RuPay,2027-06-29 00:00:00,1,
CD002655,A0004658,Credit,2023-10-13 00:00:00,2023-10-14 00:00:00,Active,Mastercard,2028-10-13 00:00:00,0,
CD002656,A0004717,Debit,2025-03-24 00:00:00,2025-03-25 00:00:00,Blocked,RuPay,2030-03-24 00:00:00,0,Stolen
CD002657,A0000891,Debit,2022-10-02 00:00:00,2022-10-07 00:00:00,Active,Visa,2027-10-02 00:00:00,0,
CD002658,A0003400,Debit,2023-11-10 00:00:00,2023-11-15 00:00:00,Expired,Visa,2028-11-10 00:00:00,0,
CD002659,A0001444,Credit,2022-09-29 00:00:00,2022-10-04 00:00:00,Active,Mastercard,2027-09-29 00:00:00,0,
CD002660,A0004498,Credit,2024-08-27 00:00:00,2024-09-03 00:00:00,Expired,Visa,2029-08-27 00:00:00,0,
CD002661,A0000548,Debit,2025-01-01 00:00:00,2025-01-05 00:00:00,Active,Mastercard,2030-01-01 00:00:00,0,
CD002662,A0001237,Debit,2025-10-26 00:00:00,2025-10-26 00:00:00,Active,Visa,2030-10-26 00:00:00,0,
CD002663,A0000779,Debit,2025-08-30 00:00:00,2025-09-06 00:00:00,Active,Visa,2030-08-30 00:00:00,0,
CD002664,A0003753,Debit,2026-02-04 00:00:00,2026-02-10 00:00:00,Active,RuPay,2031-02-04 00:00:00,1,
CD002665,A0000071,Credit,2024-11-28 00:00:00,2024-12-02 00:00:00,Active,Mastercard,2029-11-28 00:00:00,0,
CD002666,A0006328,Debit,2024-10-17 00:00:00,2024-10-24 00:00:00,Inactive,Mastercard,2029-10-17 00:00:00,0,
CD002667,A0006269,Debit,2024-07-19 00:00:00,2024-07-21 00:00:00,Active,Mastercard,2029-07-19 00:00:00,0,
CD002668,A0002606,Debit,2025-03-21 00:00:00,2025-03-24 00:00:00,Active,Visa,2030-03-21 00:00:00,0,
CD002669,A0000938,Debit,2023-11-29 00:00:00,2023-11-29 00:00:00,Active,Visa,2028-11-29 00:00:00,0,
CD002670,A0000700,Debit,2024-09-20 00:00:00,2024-09-23 00:00:00,Active,RuPay,2029-09-20 00:00:00,0,
CD002671,A0005519,Debit,2022-03-06 00:00:00,2022-03-13 00:00:00,Blocked,Visa,2027-03-06 00:00:00,0,Lost
CD002672,A0003984,Debit,2023-04-03 00:00:00,2023-04-05 00:00:00,Active,RuPay,2028-04-03 00:00:00,0,
CD002673,A0006371,Debit,2023-05-01 00:00:00,2023-05-08 00:00:00,Active,Visa,2028-05-01 00:00:00,0,
CD002674,A0001862,Debit,2024-11-29 00:00:00,2024-12-04 00:00:00,Active,Visa,2029-11-29 00:00:00,0,
CD002675,A0003366,Debit,2024-05-16 00:00:00,2024-05-16 00:00:00,Active,Mastercard,2029-05-16 00:00:00,1,
CD002676,A0000649,Debit,2024-01-06 00:00:00,2024-01-11 00:00:00,Active,RuPay,2029-01-06 00:00:00,0,
CD002677,A0000726,Credit,2025-11-25 00:00:00,2025-11-26 00:00:00,Active,Visa,2030-11-25 00:00:00,0,
CD002678,A0005692,Credit,2024-06-09 00:00:00,2024-06-16 00:00:00,Active,Visa,2029-06-09 00:00:00,1,
CD002679,A0000303,Debit,2026-06-10 00:00:00,2026-06-11 00:00:00,Active,RuPay,2031-06-10 00:00:00,0,
CD002680,A0002301,Debit,2023-03-06 00:00:00,2023-03-08 00:00:00,Active,Visa,2028-03-06 00:00:00,0,
CD002681,A0005058,Debit,2026-02-28 00:00:00,2026-03-07 00:00:00,Active,Visa,2031-02-28 00:00:00,0,
CD002682,A0003519,Debit,2023-05-24 00:00:00,2023-05-30 00:00:00,Active,RuPay,2028-05-24 00:00:00,1,
CD002683,A0004873,Debit,2022-01-23 00:00:00,2022-01-30 00:00:00,Active,Mastercard,2027-01-23 00:00:00,0,
CD002684,A0005226,Debit,2024-10-04 00:00:00,2024-10-08 00:00:00,Inactive,RuPay,2029-10-04 00:00:00,0,
CD002685,A0000629,Credit,2023-09-19 00:00:00,2023-09-19 00:00:00,Active,RuPay,2028-09-19 00:00:00,0,
CD002686,A0002667,Debit,2024-10-19 00:00:00,2024-10-20 00:00:00,Blocked,RuPay,2029-10-19 00:00:00,1,Stolen
CD002687,A0004082,Credit,2026-02-20 00:00:00,2026-02-24 00:00:00,Active,Visa,2031-02-20 00:00:00,0,
CD002688,A0004075,Debit,2024-01-02 00:00:00,2024-01-02 00:00:00,Inactive,RuPay,2029-01-02 00:00:00,0,
CD002689,A0004101,Debit,2022-01-15 00:00:00,2022-01-18 00:00:00,Active,Mastercard,2027-01-15 00:00:00,0,
CD002690,A0004350,Credit,2025-07-29 00:00:00,2025-07-30 00:00:00,Expired,Visa,2030-07-29 00:00:00,0,
CD002691,A0004386,Debit,2023-06-27 00:00:00,2023-07-03 00:00:00,Active,Visa,2028-06-27 00:00:00,0,
CD002692,A0006364,Debit,2024-09-30 00:00:00,2024-10-04 00:00:00,Active,RuPay,2029-09-30 00:00:00,0,
CD002693,A0002966,Debit,2024-02-28 00:00:00,2024-02-29 00:00:00,Active,Mastercard,2029-02-28 00:00:00,0,
CD002694,A0004425,Debit,2022-04-10 00:00:00,2022-04-13 00:00:00,Active,Visa,2027-04-10 00:00:00,0,
CD002695,A0000749,Credit,2026-05-26 00:00:00,2026-05-29 00:00:00,Active,RuPay,2031-05-26 00:00:00,0,
CD002696,A0005088,Credit,2026-03-12 00:00:00,2026-03-13 00:00:00,Active,RuPay,2031-03-12 00:00:00,0,
CD002697,A0004071,Debit,2023-05-31 00:00:00,2023-06-02 00:00:00,Active,Visa,2028-05-31 00:00:00,0,
CD002698,A0000315,Debit,2023-04-06 00:00:00,2023-04-06 00:00:00,Active,Visa,2028-04-06 00:00:00,0,
CD002699,A0003837,Credit,2024-11-27 00:00:00,2024-11-28 00:00:00,Inactive,Visa,2029-11-27 00:00:00,0,
CD002700,A0003699,Debit,2026-01-22 00:00:00,2026-01-29 00:00:00,Active,Visa,2031-01-22 00:00:00,0,
CD002701,A0002590,Debit,2023-09-08 00:00:00,2023-09-09 00:00:00,Expired,Visa,2028-09-08 00:00:00,0,
CD002702,A0000672,Debit,2022-09-19 00:00:00,2022-09-19 00:00:00,Active,Visa,2027-09-19 00:00:00,0,
CD002703,A0001949,Credit,2025-01-02 00:00:00,2025-01-04 00:00:00,Active,Visa,2030-01-02 00:00:00,0,
CD002704,A0005595,Debit,2023-09-30 00:00:00,2023-10-04 00:00:00,Active,RuPay,2028-09-30 00:00:00,0,
CD002705,A0001672,Debit,2026-01-19 00:00:00,2026-01-26 00:00:00,Active,Mastercard,2031-01-19 00:00:00,3,
CD002706,A0004340,Credit,2022-03-09 00:00:00,2022-03-15 00:00:00,Inactive,RuPay,2027-03-09 00:00:00,0,
CD002707,A0005524,Debit,2025-12-14 00:00:00,2025-12-14 00:00:00,Active,Mastercard,2030-12-14 00:00:00,0,
CD002708,A0001346,Debit,2023-07-16 00:00:00,2023-07-18 00:00:00,Blocked,Visa,2028-07-16 00:00:00,1,Customer Request
CD002709,A0004816,Debit,2023-05-02 00:00:00,2023-05-02 00:00:00,Active,RuPay,2028-05-02 00:00:00,0,
CD002710,A0002453,Credit,2026-01-28 00:00:00,2026-01-29 00:00:00,Active,Mastercard,2031-01-28 00:00:00,3,
CD002711,A0004041,Credit,2023-06-16 00:00:00,2023-06-21 00:00:00,Inactive,RuPay,2028-06-16 00:00:00,0,
CD002712,A0002920,Debit,2023-01-21 00:00:00,2023-01-21 00:00:00,Blocked,RuPay,2028-01-21 00:00:00,0,Lost
CD002713,A0003814,Credit,2022-01-13 00:00:00,2022-01-17 00:00:00,Active,RuPay,2027-01-13 00:00:00,0,
CD002714,A0005293,Debit,2024-05-15 00:00:00,2024-05-15 00:00:00,Active,Mastercard,2029-05-15 00:00:00,1,
CD002715,A0006056,Debit,2023-01-21 00:00:00,2023-01-22 00:00:00,Inactive,Visa,2028-01-21 00:00:00,0,
CD002716,A0003352,Debit,2026-03-13 00:00:00,2026-03-18 00:00:00,Active,Mastercard,2031-03-13 00:00:00,0,
CD002717,A0000389,Debit,2022-02-16 00:00:00,2022-02-17 00:00:00,Active,RuPay,2027-02-16 00:00:00,0,
CD002718,A0002562,Debit,2024-08-09 00:00:00,2024-08-13 00:00:00,Active,Visa,2029-08-09 00:00:00,0,
CD002719,A0001819,Debit,2023-06-07 00:00:00,2023-06-07 00:00:00,Active,Visa,2028-06-07 00:00:00,0,
CD002720,A0006027,Credit,2026-03-01 00:00:00,2026-03-04 00:00:00,Active,RuPay,2031-03-01 00:00:00,0,
CD002721,A0005272,Debit,2025-10-13 00:00:00,2025-10-18 00:00:00,Active,Visa,2030-10-13 00:00:00,0,
CD002722,A0001799,Debit,2024-06-07 00:00:00,2024-06-12 00:00:00,Active,Visa,2029-06-07 00:00:00,1,
CD002723,A0002446,Debit,2026-06-06 00:00:00,2026-06-08 00:00:00,Active,Visa,2031-06-06 00:00:00,0,
CD002724,A0004727,Debit,2026-06-13 00:00:00,2026-06-13 00:00:00,Active,RuPay,2031-06-13 00:00:00,0,
CD002725,A0003787,Debit,2023-03-07 00:00:00,2023-03-14 00:00:00,Active,Visa,2028-03-07 00:00:00,1,
CD002726,A0004739,Debit,2023-05-27 00:00:00,2023-05-27 00:00:00,Inactive,Visa,2028-05-27 00:00:00,3,
CD002727,A0000253,Debit,2024-10-06 00:00:00,2024-10-12 00:00:00,Active,RuPay,2029-10-06 00:00:00,0,
CD002728,A0000394,Debit,2023-08-23 00:00:00,2023-08-28 00:00:00,Active,Mastercard,2028-08-23 00:00:00,0,
CD002729,A0001175,Credit,2024-11-08 00:00:00,2024-11-14 00:00:00,Active,RuPay,2029-11-08 00:00:00,0,
CD002730,A0003565,Debit,2025-04-10 00:00:00,2025-04-14 00:00:00,Active,Visa,2030-04-10 00:00:00,0,
CD002731,A0005160,Debit,2022-03-20 00:00:00,2022-03-20 00:00:00,Active,Mastercard,2027-03-20 00:00:00,2,
CD002732,A0001277,Debit,2024-10-20 00:00:00,2024-10-26 00:00:00,Active,Visa,2029-10-20 00:00:00,1,
CD002733,A0002435,Debit,2024-06-19 00:00:00,2024-06-25 00:00:00,Active,RuPay,2029-06-19 00:00:00,0,
CD002734,A0003952,Debit,2026-04-26 00:00:00,2026-05-01 00:00:00,Active,RuPay,2031-04-26 00:00:00,0,
CD002735,A0005666,Credit,2025-07-01 00:00:00,2025-07-03 00:00:00,Active,Mastercard,2030-07-01 00:00:00,0,
CD002736,A0006342,Debit,2026-05-19 00:00:00,2026-05-19 00:00:00,Active,RuPay,2031-05-19 00:00:00,0,
CD002737,A0002717,Credit,2026-04-06 00:00:00,2026-04-08 00:00:00,Active,Visa,2031-04-06 00:00:00,0,
CD002738,A0000839,Debit,2023-11-13 00:00:00,2023-11-13 00:00:00,Active,RuPay,2028-11-13 00:00:00,0,
CD002739,A0004683,Debit,2026-04-28 00:00:00,2026-04-29 00:00:00,Expired,Visa,2031-04-28 00:00:00,0,
CD002740,A0005133,Credit,2026-02-20 00:00:00,2026-02-22 00:00:00,Active,Mastercard,2031-02-20 00:00:00,2,
CD002741,A0002813,Debit,2023-12-05 00:00:00,2023-12-10 00:00:00,Active,RuPay,2028-12-05 00:00:00,0,
CD002742,A0003819,Debit,2024-05-16 00:00:00,2024-05-23 00:00:00,Active,Visa,2029-05-16 00:00:00,0,
CD002743,A0002292,Credit,2023-08-28 00:00:00,2023-08-31 00:00:00,Active,Mastercard,2028-08-28 00:00:00,0,
CD002744,A0006349,Credit,2023-04-28 00:00:00,2023-05-04 00:00:00,Active,Mastercard,2028-04-28 00:00:00,0,
CD002745,A0005567,Debit,2024-05-19 00:00:00,2024-05-24 00:00:00,Active,Visa,2029-05-19 00:00:00,1,
CD002746,A0003961,Debit,2022-03-24 00:00:00,2022-03-29 00:00:00,Expired,RuPay,2027-03-24 00:00:00,0,
CD002747,A0001327,Debit,2024-02-02 00:00:00,2024-02-05 00:00:00,Inactive,RuPay,2029-02-02 00:00:00,0,
CD002748,A0006471,Debit,2024-01-24 00:00:00,2024-01-31 00:00:00,Active,Mastercard,2029-01-24 00:00:00,1,
CD002749,A0000275,Debit,2024-09-28 00:00:00,2024-09-29 00:00:00,Active,Mastercard,2029-09-28 00:00:00,1,
CD002750,A0002505,Debit,2025-06-10 00:00:00,2025-06-12 00:00:00,Inactive,Mastercard,2030-06-10 00:00:00,0,
CD002751,A0003490,Debit,2024-06-19 00:00:00,2024-06-26 00:00:00,Active,Mastercard,2029-06-19 00:00:00,0,
CD002752,A0004788,Debit,2023-11-19 00:00:00,2023-11-21 00:00:00,Active,Visa,2028-11-19 00:00:00,0,
CD002753,A0001343,Debit,2022-12-23 00:00:00,2022-12-29 00:00:00,Active,Visa,2027-12-23 00:00:00,1,
CD002754,A0000719,Debit,2022-12-16 00:00:00,2022-12-19 00:00:00,Active,Mastercard,2027-12-16 00:00:00,0,
CD002755,A0004592,Debit,2023-11-09 00:00:00,2023-11-09 00:00:00,Active,RuPay,2028-11-09 00:00:00,0,
CD002756,A0006416,Debit,2022-11-26 00:00:00,2022-11-27 00:00:00,Active,Mastercard,2027-11-26 00:00:00,0,
CD002757,A0005610,Credit,2023-05-15 00:00:00,2023-05-16 00:00:00,Active,Mastercard,2028-05-15 00:00:00,1,
CD002758,A0005381,Credit,2024-08-23 00:00:00,2024-08-30 00:00:00,Active,Visa,2029-08-23 00:00:00,0,
CD002759,A0003429,Debit,2024-09-04 00:00:00,2024-09-09 00:00:00,Blocked,RuPay,2029-09-04 00:00:00,0,Stolen
CD002760,A0000732,Debit,2026-05-22 00:00:00,2026-05-25 00:00:00,Inactive,Mastercard,2031-05-22 00:00:00,0,
CD002761,A0003325,Credit,2024-04-19 00:00:00,2024-04-26 00:00:00,Active,Visa,2029-04-19 00:00:00,0,
CD002762,A0005653,Debit,2025-05-12 00:00:00,2025-05-18 00:00:00,Active,Mastercard,2030-05-12 00:00:00,0,
CD002763,A0003985,Debit,2025-04-24 00:00:00,2025-04-26 00:00:00,Active,RuPay,2030-04-24 00:00:00,0,
CD002764,A0006055,Debit,2023-08-20 00:00:00,2023-08-27 00:00:00,Active,Mastercard,2028-08-20 00:00:00,0,
CD002765,A0000626,Debit,2022-04-22 00:00:00,2022-04-24 00:00:00,Active,RuPay,2027-04-22 00:00:00,0,
CD002766,A0003866,Debit,2023-05-29 00:00:00,2023-06-03 00:00:00,Active,Mastercard,2028-05-29 00:00:00,0,
CD002767,A0002047,Debit,2022-04-25 00:00:00,2022-04-29 00:00:00,Active,Mastercard,2027-04-25 00:00:00,0,
CD002768,A0004824,Debit,2024-03-18 00:00:00,2024-03-25 00:00:00,Active,RuPay,2029-03-18 00:00:00,0,
CD002769,A0006201,Credit,2022-02-08 00:00:00,2022-02-10 00:00:00,Active,RuPay,2027-02-08 00:00:00,1,
CD002770,A0006290,Debit,2024-11-28 00:00:00,2024-11-28 00:00:00,Blocked,RuPay,2029-11-28 00:00:00,0,Customer Request
CD002771,A0000105,Debit,2026-05-31 00:00:00,2026-06-05 00:00:00,Blocked,Mastercard,2031-05-31 00:00:00,0,Suspected Fraud
CD002772,A0003784,Debit,2025-11-19 00:00:00,2025-11-26 00:00:00,Active,Visa,2030-11-19 00:00:00,0,
CD002773,A0006017,Debit,2024-02-07 00:00:00,2024-02-12 00:00:00,Active,Visa,2029-02-07 00:00:00,0,
CD002774,A0001522,Credit,2024-06-16 00:00:00,2024-06-20 00:00:00,Active,Mastercard,2029-06-16 00:00:00,0,
CD002775,A0005986,Debit,2024-03-03 00:00:00,2024-03-03 00:00:00,Active,Mastercard,2029-03-03 00:00:00,1,
CD002776,A0001371,Debit,2024-07-23 00:00:00,2024-07-25 00:00:00,Active,Visa,2029-07-23 00:00:00,0,
CD002777,A0003595,Debit,2024-03-30 00:00:00,2024-04-02 00:00:00,Active,Mastercard,2029-03-30 00:00:00,0,
CD002778,A0006051,Debit,2024-06-29 00:00:00,2024-07-06 00:00:00,Active,Mastercard,2029-06-29 00:00:00,0,
CD002779,A0003979,Debit,2023-08-02 00:00:00,2023-08-06 00:00:00,Active,Visa,2028-08-02 00:00:00,1,
CD002780,A0000423,Debit,2023-06-28 00:00:00,2023-07-01 00:00:00,Active,RuPay,2028-06-28 00:00:00,0,
CD002781,A0001263,Debit,2025-07-27 00:00:00,2025-07-29 00:00:00,Active,Mastercard,2030-07-27 00:00:00,0,
CD002782,A0000901,Debit,2022-12-13 00:00:00,2022-12-15 00:00:00,Inactive,RuPay,2027-12-13 00:00:00,0,
CD002783,A0002587,Debit,2025-04-06 00:00:00,2025-04-13 00:00:00,Active,Visa,2030-04-06 00:00:00,1,
CD002784,A0006271,Debit,2023-10-29 00:00:00,2023-11-01 00:00:00,Active,RuPay,2028-10-29 00:00:00,0,
CD002785,A0003793,Debit,2025-08-02 00:00:00,2025-08-06 00:00:00,Active,RuPay,2030-08-02 00:00:00,0,
CD002786,A0004976,Debit,2025-06-17 00:00:00,2025-06-21 00:00:00,Active,Mastercard,2030-06-17 00:00:00,0,
CD002787,A0003087,Debit,2025-01-06 00:00:00,2025-01-12 00:00:00,Expired,RuPay,2030-01-06 00:00:00,0,
CD002788,A0004783,Debit,2022-08-25 00:00:00,2022-09-01 00:00:00,Active,Visa,2027-08-25 00:00:00,1,
CD002789,A0006001,Debit,2023-12-28 00:00:00,2024-01-01 00:00:00,Inactive,Mastercard,2028-12-28 00:00:00,0,
CD002790,A0005158,Debit,2025-07-16 00:00:00,2025-07-21 00:00:00,Inactive,Visa,2030-07-16 00:00:00,0,
CD002791,A0003094,Debit,2022-08-15 00:00:00,2022-08-15 00:00:00,Active,RuPay,2027-08-15 00:00:00,0,
CD002792,A0006498,Debit,2023-01-29 00:00:00,2023-01-31 00:00:00,Active,RuPay,2028-01-29 00:00:00,1,
CD002793,A0005009,Debit,2022-05-20 00:00:00,2022-05-22 00:00:00,Active,RuPay,2027-05-20 00:00:00,0,
CD002794,A0003879,Debit,2022-10-05 00:00:00,2022-10-08 00:00:00,Active,Mastercard,2027-10-05 00:00:00,0,
CD002795,A0001545,Credit,2024-06-15 00:00:00,2024-06-21 00:00:00,Active,Mastercard,2029-06-15 00:00:00,0,
CD002796,A0000335,Debit,2023-11-08 00:00:00,2023-11-10 00:00:00,Expired,Visa,2028-11-08 00:00:00,1,
CD002797,A0000744,Debit,2024-03-24 00:00:00,2024-03-30 00:00:00,Active,Mastercard,2029-03-24 00:00:00,1,
CD002798,A0005904,Debit,2023-10-25 00:00:00,2023-10-30 00:00:00,Active,RuPay,2028-10-25 00:00:00,0,
CD002799,A0001292,Debit,2023-08-20 00:00:00,2023-08-27 00:00:00,Active,RuPay,2028-08-20 00:00:00,0,
CD002800,A0001770,Debit,2022-09-22 00:00:00,2022-09-24 00:00:00,Active,RuPay,2027-09-22 00:00:00,0,
CD002801,A0002532,Debit,2026-02-11 00:00:00,2026-02-17 00:00:00,Active,Visa,2031-02-11 00:00:00,0,
CD002802,A0003962,Debit,2022-09-23 00:00:00,2022-09-25 00:00:00,Active,RuPay,2027-09-23 00:00:00,0,
CD002803,A0005040,Debit,2024-06-09 00:00:00,2024-06-12 00:00:00,Expired,Mastercard,2029-06-09 00:00:00,0,
CD002804,A0000242,Credit,2022-01-24 00:00:00,2022-01-24 00:00:00,Active,Visa,2027-01-24 00:00:00,0,
CD002805,A0000974,Debit,2023-01-12 00:00:00,2023-01-18 00:00:00,Active,Mastercard,2028-01-12 00:00:00,2,
CD002806,A0000267,Debit,2025-05-26 00:00:00,2025-05-31 00:00:00,Active,Visa,2030-05-26 00:00:00,1,
CD002807,A0003407,Debit,2023-01-13 00:00:00,2023-01-17 00:00:00,Expired,RuPay,2028-01-13 00:00:00,0,
CD002808,A0005769,Debit,2026-02-28 00:00:00,2026-03-05 00:00:00,Active,RuPay,2031-02-28 00:00:00,0,
CD002809,A0004333,Debit,2023-08-31 00:00:00,2023-09-02 00:00:00,Expired,Visa,2028-08-31 00:00:00,0,
CD002810,A0003037,Debit,2022-01-12 00:00:00,2022-01-12 00:00:00,Expired,RuPay,2027-01-12 00:00:00,0,
CD002811,A0000761,Debit,2023-07-26 00:00:00,2023-07-31 00:00:00,Active,Visa,2028-07-26 00:00:00,0,
CD002812,A0003290,Debit,2022-04-07 00:00:00,2022-04-08 00:00:00,Active,RuPay,2027-04-07 00:00:00,0,
CD002813,A0002525,Debit,2024-07-28 00:00:00,2024-07-29 00:00:00,Active,Mastercard,2029-07-28 00:00:00,0,
CD002814,A0000429,Debit,2023-06-28 00:00:00,2023-06-30 00:00:00,Active,RuPay,2028-06-28 00:00:00,0,
CD002815,A0005892,Credit,2022-05-29 00:00:00,2022-06-01 00:00:00,Active,RuPay,2027-05-29 00:00:00,0,
CD002816,A0004675,Debit,2024-05-20 00:00:00,2024-05-24 00:00:00,Blocked,Visa,2029-05-20 00:00:00,0,Stolen
CD002817,A0004387,Debit,2023-09-13 00:00:00,2023-09-18 00:00:00,Active,Visa,2028-09-13 00:00:00,0,
CD002818,A0001179,Debit,2022-04-09 00:00:00,2022-04-13 00:00:00,Active,Visa,2027-04-09 00:00:00,0,
CD002819,A0005221,Debit,2025-11-02 00:00:00,2025-11-09 00:00:00,Active,RuPay,2030-11-02 00:00:00,0,
CD002820,A0001884,Debit,2025-03-11 00:00:00,2025-03-16 00:00:00,Active,Visa,2030-03-11 00:00:00,0,
CD002821,A0004715,Debit,2023-11-09 00:00:00,2023-11-10 00:00:00,Blocked,Mastercard,2028-11-09 00:00:00,0,Lost
CD002822,A0006034,Debit,2023-01-28 00:00:00,2023-02-03 00:00:00,Active,Visa,2028-01-28 00:00:00,0,
CD002823,A0003291,Credit,2022-06-14 00:00:00,2022-06-17 00:00:00,Inactive,Visa,2027-06-14 00:00:00,0,
CD002824,A0005706,Debit,2022-12-14 00:00:00,2022-12-21 00:00:00,Active,Visa,2027-12-14 00:00:00,0,
CD002825,A0000846,Debit,2024-01-12 00:00:00,2024-01-18 00:00:00,Blocked,Mastercard,2029-01-12 00:00:00,0,Lost
CD002826,A0006232,Debit,2025-03-06 00:00:00,2025-03-06 00:00:00,Active,RuPay,2030-03-06 00:00:00,0,
CD002827,A0001159,Debit,2022-09-26 00:00:00,2022-10-02 00:00:00,Active,Visa,2027-09-26 00:00:00,0,
CD002828,A0001516,Debit,2023-02-11 00:00:00,2023-02-18 00:00:00,Inactive,Mastercard,2028-02-11 00:00:00,0,
CD002829,A0004667,Debit,2025-07-15 00:00:00,2025-07-19 00:00:00,Active,Visa,2030-07-15 00:00:00,1,
CD002830,A0005187,Credit,2023-07-24 00:00:00,2023-07-25 00:00:00,Active,Mastercard,2028-07-24 00:00:00,0,
CD002831,A0005761,Debit,2022-12-12 00:00:00,2022-12-14 00:00:00,Active,Visa,2027-12-12 00:00:00,1,
CD002832,A0001453,Credit,2024-12-12 00:00:00,2024-12-15 00:00:00,Active,Visa,2029-12-12 00:00:00,1,
CD002833,A0000551,Debit,2022-02-07 00:00:00,2022-02-08 00:00:00,Active,Visa,2027-02-07 00:00:00,0,
CD002834,A0006383,Credit,2022-07-23 00:00:00,2022-07-30 00:00:00,Active,Mastercard,2027-07-23 00:00:00,0,
CD002835,A0003574,Debit,2024-01-01 00:00:00,2024-01-04 00:00:00,Inactive,Mastercard,2029-01-01 00:00:00,0,
CD002836,A0003570,Debit,2025-08-17 00:00:00,2025-08-22 00:00:00,Active,RuPay,2030-08-17 00:00:00,1,
CD002837,A0006039,Debit,2025-03-24 00:00:00,2025-03-28 00:00:00,Active,RuPay,2030-03-24 00:00:00,1,
CD002838,A0000627,Debit,2026-06-21 00:00:00,2026-06-21 00:00:00,Active,Mastercard,2031-06-21 00:00:00,0,
CD002839,A0005286,Debit,2025-05-25 00:00:00,2025-05-31 00:00:00,Active,RuPay,2030-05-25 00:00:00,0,
CD002840,A0001704,Debit,2022-08-21 00:00:00,2022-08-26 00:00:00,Active,Visa,2027-08-21 00:00:00,0,
CD002841,A0000137,Debit,2023-05-09 00:00:00,2023-05-16 00:00:00,Active,RuPay,2028-05-09 00:00:00,0,
CD002842,A0001189,Credit,2022-09-25 00:00:00,2022-09-27 00:00:00,Active,RuPay,2027-09-25 00:00:00,0,
CD002843,A0002601,Debit,2025-06-06 00:00:00,2025-06-12 00:00:00,Expired,Visa,2030-06-06 00:00:00,0,
CD002844,A0006150,Debit,2023-05-01 00:00:00,2023-05-08 00:00:00,Blocked,Visa,2028-05-01 00:00:00,0,Stolen
CD002845,A0003001,Debit,2024-01-09 00:00:00,2024-01-10 00:00:00,Active,RuPay,2029-01-09 00:00:00,0,
CD002846,A0005890,Debit,2025-02-25 00:00:00,2025-02-28 00:00:00,Active,Mastercard,2030-02-25 00:00:00,2,
CD002847,A0004441,Debit,2023-07-19 00:00:00,2023-07-24 00:00:00,Active,Visa,2028-07-19 00:00:00,1,
CD002848,A0002060,Debit,2022-07-09 00:00:00,2022-07-15 00:00:00,Active,RuPay,2027-07-09 00:00:00,0,
CD002849,A0003240,Credit,2022-07-19 00:00:00,2022-07-20 00:00:00,Active,Visa,2027-07-19 00:00:00,0,
CD002850,A0004291,Credit,2024-05-27 00:00:00,2024-05-27 00:00:00,Active,Visa,2029-05-27 00:00:00,1,
CD002851,A0003836,Debit,2026-01-04 00:00:00,2026-01-11 00:00:00,Inactive,Mastercard,2031-01-04 00:00:00,0,
CD002852,A0002861,Debit,2025-12-29 00:00:00,2026-01-03 00:00:00,Active,Visa,2030-12-29 00:00:00,1,
CD002853,A0003376,Debit,2025-01-30 00:00:00,2025-02-06 00:00:00,Active,Mastercard,2030-01-30 00:00:00,0,
CD002854,A0004565,Credit,2024-08-23 00:00:00,2024-08-24 00:00:00,Blocked,Visa,2029-08-23 00:00:00,1,Lost
CD002855,A0000477,Credit,2024-01-05 00:00:00,2024-01-10 00:00:00,Active,RuPay,2029-01-05 00:00:00,0,
CD002856,A0005570,Debit,2023-01-08 00:00:00,2023-01-10 00:00:00,Active,RuPay,2028-01-08 00:00:00,0,
CD002857,A0002777,Credit,2023-01-07 00:00:00,2023-01-07 00:00:00,Active,RuPay,2028-01-07 00:00:00,0,
CD002858,A0004136,Credit,2022-05-09 00:00:00,2022-05-11 00:00:00,Blocked,RuPay,2027-05-09 00:00:00,1,Lost
CD002859,A0003552,Debit,2023-04-27 00:00:00,2023-04-29 00:00:00,Active,RuPay,2028-04-27 00:00:00,0,
CD002860,A0002324,Debit,2024-08-14 00:00:00,2024-08-16 00:00:00,Active,RuPay,2029-08-14 00:00:00,1,
CD002861,A0001923,Debit,2024-06-19 00:00:00,2024-06-20 00:00:00,Inactive,RuPay,2029-06-19 00:00:00,0,
CD002862,A0006458,Debit,2026-06-02 00:00:00,2026-06-08 00:00:00,Expired,Visa,2031-06-02 00:00:00,0,
CD002863,A0001539,Debit,2023-03-19 00:00:00,2023-03-23 00:00:00,Active,Mastercard,2028-03-19 00:00:00,0,
CD002864,A0000301,Debit,2022-11-01 00:00:00,2022-11-06 00:00:00,Blocked,Mastercard,2027-11-01 00:00:00,0,Stolen
CD002865,A0005100,Debit,2024-05-22 00:00:00,2024-05-24 00:00:00,Active,Mastercard,2029-05-22 00:00:00,0,
CD002866,A0000783,Credit,2022-09-24 00:00:00,2022-09-26 00:00:00,Active,Visa,2027-09-24 00:00:00,0,
CD002867,A0002833,Debit,2023-02-26 00:00:00,2023-03-01 00:00:00,Active,Mastercard,2028-02-26 00:00:00,1,
CD002868,A0003395,Debit,2024-09-24 00:00:00,2024-10-01 00:00:00,Active,Mastercard,2029-09-24 00:00:00,0,
CD002869,A0000554,Debit,2025-12-19 00:00:00,2025-12-19 00:00:00,Inactive,Visa,2030-12-19 00:00:00,1,
CD002870,A0004577,Credit,2022-10-17 00:00:00,2022-10-23 00:00:00,Active,Visa,2027-10-17 00:00:00,0,
CD002871,A0002884,Debit,2024-01-30 00:00:00,2024-02-02 00:00:00,Active,RuPay,2029-01-30 00:00:00,0,
CD002872,A0004049,Credit,2022-07-11 00:00:00,2022-07-14 00:00:00,Active,Visa,2027-07-11 00:00:00,0,
CD002873,A0005903,Credit,2023-04-11 00:00:00,2023-04-13 00:00:00,Active,Visa,2028-04-11 00:00:00,1,
CD002874,A0001779,Debit,2024-08-28 00:00:00,2024-08-30 00:00:00,Active,Visa,2029-08-28 00:00:00,0,
CD002875,A0000682,Credit,2023-10-15 00:00:00,2023-10-18 00:00:00,Active,RuPay,2028-10-15 00:00:00,0,
CD002876,A0002024,Debit,2026-06-21 00:00:00,2026-06-23 00:00:00,Active,Visa,2031-06-21 00:00:00,0,
CD002877,A0001620,Credit,2024-07-29 00:00:00,2024-08-01 00:00:00,Active,Visa,2029-07-29 00:00:00,0,
CD002878,A0004163,Debit,2025-11-20 00:00:00,2025-11-25 00:00:00,Active,Visa,2030-11-20 00:00:00,0,
CD002879,A0000750,Debit,2024-01-03 00:00:00,2024-01-07 00:00:00,Active,Visa,2029-01-03 00:00:00,0,
CD002880,A0002905,Debit,2023-01-19 00:00:00,2023-01-23 00:00:00,Active,Visa,2028-01-19 00:00:00,0,
CD002881,A0001461,Credit,2022-10-18 00:00:00,2022-10-23 00:00:00,Expired,RuPay,2027-10-18 00:00:00,0,
CD002882,A0004713,Debit,2023-06-10 00:00:00,2023-06-10 00:00:00,Inactive,RuPay,2028-06-10 00:00:00,1,
CD002883,A0002515,Credit,2025-04-19 00:00:00,2025-04-20 00:00:00,Blocked,Mastercard,2030-04-19 00:00:00,1,Customer Request
CD002884,A0001602,Debit,2024-12-05 00:00:00,2024-12-07 00:00:00,Active,Mastercard,2029-12-05 00:00:00,0,
CD002885,A0003757,Debit,2026-05-22 00:00:00,2026-05-26 00:00:00,Active,RuPay,2031-05-22 00:00:00,0,
CD002886,A0001775,Debit,2024-12-07 00:00:00,2024-12-12 00:00:00,Active,Mastercard,2029-12-07 00:00:00,0,
CD002887,A0005022,Credit,2022-03-02 00:00:00,2022-03-06 00:00:00,Active,Mastercard,2027-03-02 00:00:00,0,
CD002888,A0002347,Debit,2024-12-10 00:00:00,2024-12-15 00:00:00,Active,Visa,2029-12-10 00:00:00,0,
CD002889,A0003638,Debit,2023-01-31 00:00:00,2023-02-04 00:00:00,Active,Visa,2028-01-31 00:00:00,0,
CD002890,A0001929,Debit,2023-11-28 00:00:00,2023-11-28 00:00:00,Active,RuPay,2028-11-28 00:00:00,0,
CD002891,A0005629,Debit,2025-02-19 00:00:00,2025-02-24 00:00:00,Active,Visa,2030-02-19 00:00:00,0,
CD002892,A0005851,Debit,2023-10-08 00:00:00,2023-10-08 00:00:00,Active,RuPay,2028-10-08 00:00:00,0,
CD002893,A0002708,Debit,2023-10-25 00:00:00,2023-10-31 00:00:00,Active,Mastercard,2028-10-25 00:00:00,1,
CD002894,A0006284,Debit,2023-09-15 00:00:00,2023-09-18 00:00:00,Active,Visa,2028-09-15 00:00:00,1,
CD002895,A0002547,Debit,2023-08-19 00:00:00,2023-08-19 00:00:00,Active,Mastercard,2028-08-19 00:00:00,1,
CD002896,A0006338,Debit,2024-09-19 00:00:00,2024-09-23 00:00:00,Inactive,RuPay,2029-09-19 00:00:00,0,
CD002897,A0000481,Credit,2022-05-10 00:00:00,2022-05-12 00:00:00,Active,Mastercard,2027-05-10 00:00:00,2,
CD002898,A0003602,Debit,2025-11-14 00:00:00,2025-11-17 00:00:00,Active,Mastercard,2030-11-14 00:00:00,0,
CD002899,A0005012,Credit,2025-02-10 00:00:00,2025-02-12 00:00:00,Active,Mastercard,2030-02-10 00:00:00,0,
CD002900,A0000048,Debit,2023-12-21 00:00:00,2023-12-26 00:00:00,Active,RuPay,2028-12-21 00:00:00,0,
CD002901,A0001330,Credit,2024-11-11 00:00:00,2024-11-11 00:00:00,Active,Visa,2029-11-11 00:00:00,0,
CD002902,A0000437,Debit,2026-04-11 00:00:00,2026-04-18 00:00:00,Inactive,RuPay,2031-04-11 00:00:00,1,
CD002903,A0005958,Debit,2026-01-09 00:00:00,2026-01-12 00:00:00,Active,Visa,2031-01-09 00:00:00,0,
CD002904,A0005352,Debit,2023-11-01 00:00:00,2023-11-07 00:00:00,Active,Visa,2028-11-01 00:00:00,0,
CD002905,A0001710,Debit,2025-09-01 00:00:00,2025-09-02 00:00:00,Active,Visa,2030-09-01 00:00:00,0,
CD002906,A0000020,Debit,2025-03-04 00:00:00,2025-03-06 00:00:00,Active,Mastercard,2030-03-04 00:00:00,2,
CD002907,A0002289,Debit,2025-07-21 00:00:00,2025-07-27 00:00:00,Active,Visa,2030-07-21 00:00:00,1,
CD002908,A0001477,Debit,2024-07-04 00:00:00,2024-07-10 00:00:00,Inactive,RuPay,2029-07-04 00:00:00,0,
CD002909,A0001890,Debit,2022-03-22 00:00:00,2022-03-22 00:00:00,Active,RuPay,2027-03-22 00:00:00,0,
CD002910,A0003870,Debit,2024-04-22 00:00:00,2024-04-25 00:00:00,Blocked,Mastercard,2029-04-22 00:00:00,0,Customer Request
CD002911,A0002299,Debit,2026-03-14 00:00:00,2026-03-19 00:00:00,Active,Mastercard,2031-03-14 00:00:00,0,
CD002912,A0005269,Debit,2023-09-07 00:00:00,2023-09-11 00:00:00,Active,Visa,2028-09-07 00:00:00,1,
CD002913,A0004266,Debit,2023-05-16 00:00:00,2023-05-18 00:00:00,Active,Visa,2028-05-16 00:00:00,0,
CD002914,A0002787,Credit,2024-01-03 00:00:00,2024-01-04 00:00:00,Active,RuPay,2029-01-03 00:00:00,0,
CD002915,A0002854,Debit,2023-09-22 00:00:00,2023-09-25 00:00:00,Blocked,Mastercard,2028-09-22 00:00:00,0,Suspected Fraud
CD002916,A0001437,Debit,2024-03-05 00:00:00,2024-03-06 00:00:00,Active,Mastercard,2029-03-05 00:00:00,0,
CD002917,A0006007,Debit,2022-01-17 00:00:00,2022-01-18 00:00:00,Active,Visa,2027-01-17 00:00:00,0,
CD002918,A0005548,Debit,2022-03-29 00:00:00,2022-04-03 00:00:00,Active,RuPay,2027-03-29 00:00:00,0,
CD002919,A0001910,Debit,2022-05-28 00:00:00,2022-05-28 00:00:00,Active,Visa,2027-05-28 00:00:00,0,
CD002920,A0005070,Debit,2022-03-12 00:00:00,2022-03-17 00:00:00,Active,Visa,2027-03-12 00:00:00,0,
CD002921,A0000668,Debit,2024-09-02 00:00:00,2024-09-05 00:00:00,Active,Visa,2029-09-02 00:00:00,0,
CD002922,A0001032,Debit,2024-01-31 00:00:00,2024-02-06 00:00:00,Active,Visa,2029-01-31 00:00:00,0,
CD002923,A0003152,Debit,2022-07-07 00:00:00,2022-07-12 00:00:00,Expired,Mastercard,2027-07-07 00:00:00,1,
CD002924,A0003194,Debit,2026-06-11 00:00:00,2026-06-17 00:00:00,Active,Visa,2031-06-11 00:00:00,1,
CD002925,A0002233,Debit,2025-02-25 00:00:00,2025-02-26 00:00:00,Active,Mastercard,2030-02-25 00:00:00,0,
CD002926,A0003309,Debit,2025-06-23 00:00:00,2025-06-30 00:00:00,Active,Visa,2030-06-23 00:00:00,2,
CD002927,A0000733,Debit,2023-11-01 00:00:00,2023-11-03 00:00:00,Active,Visa,2028-11-01 00:00:00,0,
CD002928,A0001934,Debit,2025-02-05 00:00:00,2025-02-08 00:00:00,Active,Mastercard,2030-02-05 00:00:00,2,
CD002929,A0003605,Debit,2023-09-12 00:00:00,2023-09-19 00:00:00,Active,RuPay,2028-09-12 00:00:00,0,
CD002930,A0006279,Debit,2024-01-23 00:00:00,2024-01-24 00:00:00,Active,Mastercard,2029-01-23 00:00:00,1,
CD002931,A0003987,Credit,2023-11-19 00:00:00,2023-11-19 00:00:00,Inactive,Mastercard,2028-11-19 00:00:00,3,
CD002932,A0005329,Debit,2025-09-29 00:00:00,2025-09-29 00:00:00,Active,Mastercard,2030-09-29 00:00:00,2,
CD002933,A0002604,Debit,2023-02-15 00:00:00,2023-02-15 00:00:00,Active,Mastercard,2028-02-15 00:00:00,0,
CD002934,A0003198,Debit,2023-02-14 00:00:00,2023-02-20 00:00:00,Active,Visa,2028-02-14 00:00:00,0,
CD002935,A0001303,Debit,2025-08-28 00:00:00,2025-09-02 00:00:00,Active,Mastercard,2030-08-28 00:00:00,0,
CD002936,A0000742,Debit,2024-01-04 00:00:00,2024-01-11 00:00:00,Expired,Mastercard,2029-01-04 00:00:00,0,
CD002937,A0000994,Credit,2025-04-16 00:00:00,2025-04-22 00:00:00,Expired,RuPay,2030-04-16 00:00:00,0,
CD002938,A0001994,Debit,2023-04-01 00:00:00,2023-04-08 00:00:00,Expired,Visa,2028-04-01 00:00:00,0,
CD002939,A0003668,Debit,2023-07-19 00:00:00,2023-07-24 00:00:00,Inactive,Visa,2028-07-19 00:00:00,1,
CD002940,A0000964,Debit,2024-04-15 00:00:00,2024-04-20 00:00:00,Active,RuPay,2029-04-15 00:00:00,0,
CD002941,A0004687,Credit,2026-04-16 00:00:00,2026-04-17 00:00:00,Active,Visa,2031-04-16 00:00:00,0,
CD002942,A0004377,Debit,2022-10-24 00:00:00,2022-10-29 00:00:00,Active,Mastercard,2027-10-24 00:00:00,1,
CD002943,A0004328,Debit,2023-04-21 00:00:00,2023-04-22 00:00:00,Active,Mastercard,2028-04-21 00:00:00,0,
CD002944,A0003180,Debit,2024-07-29 00:00:00,2024-07-29 00:00:00,Active,Visa,2029-07-29 00:00:00,0,
CD002945,A0001105,Debit,2022-11-30 00:00:00,2022-12-04 00:00:00,Active,Mastercard,2027-11-30 00:00:00,0,
CD002946,A0002309,Debit,2022-08-01 00:00:00,2022-08-06 00:00:00,Active,Visa,2027-08-01 00:00:00,0,
CD002947,A0004036,Debit,2023-02-28 00:00:00,2023-03-01 00:00:00,Expired,Mastercard,2028-02-28 00:00:00,0,
CD002948,A0001184,Debit,2025-05-24 00:00:00,2025-05-31 00:00:00,Expired,RuPay,2030-05-24 00:00:00,0,
CD002949,A0006205,Debit,2025-04-23 00:00:00,2025-04-24 00:00:00,Active,Mastercard,2030-04-23 00:00:00,0,
CD002950,A0001186,Debit,2023-05-17 00:00:00,2023-05-18 00:00:00,Active,RuPay,2028-05-17 00:00:00,1,
CD002951,A0002293,Debit,2026-04-22 00:00:00,2026-04-24 00:00:00,Inactive,RuPay,2031-04-22 00:00:00,0,
CD002952,A0002934,Debit,2023-03-31 00:00:00,2023-03-31 00:00:00,Active,Mastercard,2028-03-31 00:00:00,2,
CD002953,A0005233,Debit,2023-07-05 00:00:00,2023-07-07 00:00:00,Active,Mastercard,2028-07-05 00:00:00,1,
CD002954,A0001845,Debit,2022-10-30 00:00:00,2022-11-02 00:00:00,Active,RuPay,2027-10-30 00:00:00,0,
CD002955,A0004897,Debit,2022-08-22 00:00:00,2022-08-25 00:00:00,Active,Visa,2027-08-22 00:00:00,1,
CD002956,A0006408,Debit,2023-10-30 00:00:00,2023-11-05 00:00:00,Active,Visa,2028-10-30 00:00:00,0,
CD002957,A0004550,Debit,2023-05-30 00:00:00,2023-06-02 00:00:00,Active,Visa,2028-05-30 00:00:00,0,
CD002958,A0004590,Credit,2026-03-15 00:00:00,2026-03-20 00:00:00,Blocked,RuPay,2031-03-15 00:00:00,1,Customer Request
CD002959,A0004574,Debit,2025-10-23 00:00:00,2025-10-23 00:00:00,Active,Visa,2030-10-23 00:00:00,0,
CD002960,A0006133,Debit,2023-04-17 00:00:00,2023-04-21 00:00:00,Active,Mastercard,2028-04-17 00:00:00,0,
CD002961,A0004154,Debit,2023-01-03 00:00:00,2023-01-06 00:00:00,Active,Visa,2028-01-03 00:00:00,2,
CD002962,A0001512,Debit,2022-06-29 00:00:00,2022-07-02 00:00:00,Active,Visa,2027-06-29 00:00:00,0,
CD002963,A0002741,Credit,2025-06-11 00:00:00,2025-06-12 00:00:00,Inactive,Visa,2030-06-11 00:00:00,0,
CD002964,A0005621,Debit,2023-05-24 00:00:00,2023-05-25 00:00:00,Active,Visa,2028-05-24 00:00:00,0,
CD002965,A0003875,Debit,2022-02-28 00:00:00,2022-03-05 00:00:00,Active,RuPay,2027-02-28 00:00:00,0,
CD002966,A0003134,Credit,2025-10-15 00:00:00,2025-10-18 00:00:00,Active,Mastercard,2030-10-15 00:00:00,0,
CD002967,A0005485,Debit,2026-05-02 00:00:00,2026-05-09 00:00:00,Active,RuPay,2031-05-02 00:00:00,0,
CD002968,A0002825,Debit,2023-08-14 00:00:00,2023-08-14 00:00:00,Active,Visa,2028-08-14 00:00:00,1,
CD002969,A0006398,Debit,2023-09-04 00:00:00,2023-09-09 00:00:00,Active,Visa,2028-09-04 00:00:00,0,
CD002970,A0002977,Debit,2026-05-15 00:00:00,2026-05-19 00:00:00,Active,Visa,2031-05-15 00:00:00,0,
CD002971,A0002669,Credit,2026-01-04 00:00:00,2026-01-06 00:00:00,Active,RuPay,2031-01-04 00:00:00,0,
CD002972,A0003578,Credit,2025-04-27 00:00:00,2025-04-29 00:00:00,Active,Mastercard,2030-04-27 00:00:00,0,
CD002973,A0006370,Debit,2022-12-06 00:00:00,2022-12-13 00:00:00,Inactive,Visa,2027-12-06 00:00:00,0,
CD002974,A0005661,Debit,2025-03-14 00:00:00,2025-03-17 00:00:00,Active,Visa,2030-03-14 00:00:00,0,
CD002975,A0004356,Credit,2023-03-05 00:00:00,2023-03-09 00:00:00,Active,Mastercard,2028-03-05 00:00:00,0,
CD002976,A0006245,Debit,2022-10-11 00:00:00,2022-10-17 00:00:00,Active,Mastercard,2027-10-11 00:00:00,0,
CD002977,A0005748,Debit,2025-03-09 00:00:00,2025-03-12 00:00:00,Active,Mastercard,2030-03-09 00:00:00,0,
CD002978,A0003963,Debit,2024-09-13 00:00:00,2024-09-14 00:00:00,Active,RuPay,2029-09-13 00:00:00,0,
CD002979,A0001851,Credit,2022-11-18 00:00:00,2022-11-21 00:00:00,Active,Visa,2027-11-18 00:00:00,0,
CD002980,A0002375,Debit,2024-03-08 00:00:00,2024-03-10 00:00:00,Active,RuPay,2029-03-08 00:00:00,0,
CD002981,A0006098,Debit,2022-01-28 00:00:00,2022-01-30 00:00:00,Active,RuPay,2027-01-28 00:00:00,0,
CD002982,A0001867,Credit,2025-04-03 00:00:00,2025-04-04 00:00:00,Active,Mastercard,2030-04-03 00:00:00,0,
CD002983,A0003188,Debit,2024-07-19 00:00:00,2024-07-26 00:00:00,Active,RuPay,2029-07-19 00:00:00,0,
CD002984,A0001040,Credit,2024-08-28 00:00:00,2024-08-30 00:00:00,Active,Visa,2029-08-28 00:00:00,0,
CD002985,A0003122,Debit,2024-05-26 00:00:00,2024-05-31 00:00:00,Active,Mastercard,2029-05-26 00:00:00,0,
CD002986,A0000553,Debit,2026-05-31 00:00:00,2026-06-04 00:00:00,Active,Visa,2031-05-31 00:00:00,0,
CD002987,A0001405,Debit,2023-06-08 00:00:00,2023-06-11 00:00:00,Inactive,Visa,2028-06-08 00:00:00,0,
CD002988,A0000738,Debit,2026-01-12 00:00:00,2026-01-17 00:00:00,Active,Mastercard,2031-01-12 00:00:00,1,
CD002989,A0005488,Credit,2025-09-25 00:00:00,2025-09-30 00:00:00,Active,Mastercard,2030-09-25 00:00:00,0,
CD002990,A0002260,Debit,2025-01-21 00:00:00,2025-01-25 00:00:00,Active,Mastercard,2030-01-21 00:00:00,0,
CD002991,A0004370,Debit,2025-12-21 00:00:00,2025-12-25 00:00:00,Active,RuPay,2030-12-21 00:00:00,0,
CD002992,A0002956,Debit,2024-02-12 00:00:00,2024-02-14 00:00:00,Inactive,Mastercard,2029-02-12 00:00:00,0,
CD002993,A0004933,Debit,2022-03-25 00:00:00,2022-03-31 00:00:00,Active,Visa,2027-03-25 00:00:00,0,
CD002994,A0003730,Debit,2024-07-22 00:00:00,2024-07-24 00:00:00,Active,RuPay,2029-07-22 00:00:00,0,
CD002995,A0003237,Debit,2025-01-03 00:00:00,2025-01-04 00:00:00,Active,RuPay,2030-01-03 00:00:00,0,
CD002996,A0000731,Debit,2022-08-16 00:00:00,2022-08-16 00:00:00,Active,RuPay,2027-08-16 00:00:00,0,
CD002997,A0002760,Debit,2024-11-06 00:00:00,2024-11-13 00:00:00,Active,RuPay,2029-11-06 00:00:00,1,
CD002998,A0000348,Debit,2023-05-24 00:00:00,2023-05-29 00:00:00,Active,Visa,2028-05-24 00:00:00,0,
CD002999,A0005556,Credit,2022-09-18 00:00:00,2022-09-18 00:00:00,Active,RuPay,2027-09-18 00:00:00,0,
CD003000,A0005472,Debit,2023-01-31 00:00:00,2023-02-04 00:00:00,Blocked,Mastercard,2028-01-31 00:00:00,0,Stolen
CD003001,A0000276,Debit,2026-03-31 00:00:00,2026-04-06 00:00:00,Active,Mastercard,2031-03-31 00:00:00,0,
CD003002,A0004215,Credit,2022-04-25 00:00:00,2022-04-26 00:00:00,Inactive,Mastercard,2027-04-25 00:00:00,0,
CD003003,A0002083,Credit,2023-05-19 00:00:00,2023-05-21 00:00:00,Active,RuPay,2028-05-19 00:00:00,0,
CD003004,A0001648,Credit,2022-07-21 00:00:00,2022-07-24 00:00:00,Active,RuPay,2027-07-21 00:00:00,0,
CD003005,A0000136,Debit,2024-04-03 00:00:00,2024-04-10 00:00:00,Expired,Visa,2029-04-03 00:00:00,1,
CD003006,A0004697,Debit,2025-10-05 00:00:00,2025-10-07 00:00:00,Expired,RuPay,2030-10-05 00:00:00,0,
CD003007,A0005969,Credit,2023-01-07 00:00:00,2023-01-14 00:00:00,Blocked,Mastercard,2028-01-07 00:00:00,0,Suspected Fraud
CD003008,A0005405,Credit,2023-05-14 00:00:00,2023-05-18 00:00:00,Active,RuPay,2028-05-14 00:00:00,0,
CD003009,A0004610,Debit,2024-03-12 00:00:00,2024-03-17 00:00:00,Active,Visa,2029-03-12 00:00:00,0,
CD003010,A0000115,Debit,2026-05-29 00:00:00,2026-05-30 00:00:00,Active,Visa,2031-05-29 00:00:00,1,
CD003011,A0001121,Debit,2022-04-16 00:00:00,2022-04-22 00:00:00,Active,Visa,2027-04-16 00:00:00,0,
CD003012,A0005757,Debit,2023-10-07 00:00:00,2023-10-07 00:00:00,Active,Mastercard,2028-10-07 00:00:00,3,
CD003013,A0005620,Debit,2024-06-29 00:00:00,2024-07-06 00:00:00,Active,Mastercard,2029-06-29 00:00:00,0,
CD003014,A0002930,Credit,2023-08-14 00:00:00,2023-08-14 00:00:00,Blocked,RuPay,2028-08-14 00:00:00,1,Lost
CD003015,A0006435,Debit,2023-10-20 00:00:00,2023-10-27 00:00:00,Active,Visa,2028-10-20 00:00:00,0,
CD003016,A0003531,Debit,2023-08-10 00:00:00,2023-08-12 00:00:00,Active,Mastercard,2028-08-10 00:00:00,0,
CD003017,A0000860,Credit,2026-05-12 00:00:00,2026-05-15 00:00:00,Active,Mastercard,2031-05-12 00:00:00,0,
CD003018,A0002750,Debit,2023-05-16 00:00:00,2023-05-20 00:00:00,Active,RuPay,2028-05-16 00:00:00,1,
CD003019,A0001584,Debit,2022-05-23 00:00:00,2022-05-29 00:00:00,Active,Visa,2027-05-23 00:00:00,0,
CD003020,A0000716,Debit,2023-08-14 00:00:00,2023-08-15 00:00:00,Active,Visa,2028-08-14 00:00:00,0,
CD003021,A0002477,Debit,2024-08-05 00:00:00,2024-08-05 00:00:00,Active,Visa,2029-08-05 00:00:00,1,
CD003022,A0002868,Credit,2023-07-05 00:00:00,2023-07-11 00:00:00,Active,RuPay,2028-07-05 00:00:00,0,
CD003023,A0005210,Credit,2024-08-04 00:00:00,2024-08-04 00:00:00,Active,Mastercard,2029-08-04 00:00:00,0,
CD003024,A0003365,Credit,2025-09-13 00:00:00,2025-09-16 00:00:00,Active,Visa,2030-09-13 00:00:00,0,
CD003025,A0006180,Debit,2023-11-16 00:00:00,2023-11-16 00:00:00,Active,RuPay,2028-11-16 00:00:00,0,
CD003026,A0002206,Debit,2025-03-31 00:00:00,2025-04-03 00:00:00,Blocked,RuPay,2030-03-31 00:00:00,0,Suspected Fraud
CD003027,A0000118,Debit,2024-11-02 00:00:00,2024-11-08 00:00:00,Inactive,RuPay,2029-11-02 00:00:00,0,
CD003028,A0004805,Debit,2023-05-28 00:00:00,2023-05-30 00:00:00,Active,RuPay,2028-05-28 00:00:00,0,
CD003029,A0003701,Debit,2025-02-03 00:00:00,2025-02-07 00:00:00,Active,RuPay,2030-02-03 00:00:00,0,
CD003030,A0000119,Debit,2023-06-12 00:00:00,2023-06-13 00:00:00,Active,Visa,2028-06-12 00:00:00,0,
CD003031,A0005369,Debit,2024-03-14 00:00:00,2024-03-16 00:00:00,Inactive,RuPay,2029-03-14 00:00:00,0,
CD003032,A0005038,Credit,2023-09-14 00:00:00,2023-09-15 00:00:00,Active,Mastercard,2028-09-14 00:00:00,0,
CD003033,A0001269,Debit,2025-08-15 00:00:00,2025-08-16 00:00:00,Active,Visa,2030-08-15 00:00:00,0,
CD003034,A0002889,Debit,2023-12-20 00:00:00,2023-12-21 00:00:00,Active,RuPay,2028-12-20 00:00:00,2,
CD003035,A0002544,Credit,2022-05-05 00:00:00,2022-05-08 00:00:00,Active,RuPay,2027-05-05 00:00:00,1,
CD003036,A0002473,Debit,2024-09-25 00:00:00,2024-09-27 00:00:00,Active,Visa,2029-09-25 00:00:00,0,
CD003037,A0005893,Debit,2023-11-04 00:00:00,2023-11-11 00:00:00,Active,Mastercard,2028-11-04 00:00:00,1,
CD003038,A0006302,Credit,2022-12-25 00:00:00,2022-12-29 00:00:00,Active,Visa,2027-12-25 00:00:00,0,
CD003039,A0000944,Debit,2022-01-17 00:00:00,2022-01-24 00:00:00,Active,Visa,2027-01-17 00:00:00,1,
CD003040,A0003706,Credit,2023-11-16 00:00:00,2023-11-21 00:00:00,Active,Visa,2028-11-16 00:00:00,0,
CD003041,A0000890,Credit,2022-10-15 00:00:00,2022-10-19 00:00:00,Active,Visa,2027-10-15 00:00:00,0,
CD003042,A0001313,Debit,2023-07-01 00:00:00,2023-07-03 00:00:00,Expired,RuPay,2028-07-01 00:00:00,0,
CD003043,A0005186,Credit,2026-04-16 00:00:00,2026-04-19 00:00:00,Inactive,Visa,2031-04-16 00:00:00,3,
CD003044,A0002953,Credit,2022-08-07 00:00:00,2022-08-08 00:00:00,Active,Mastercard,2027-08-07 00:00:00,0,
CD003045,A0003648,Debit,2022-04-25 00:00:00,2022-05-01 00:00:00,Active,RuPay,2027-04-25 00:00:00,0,
CD003046,A0001628,Debit,2024-11-08 00:00:00,2024-11-10 00:00:00,Inactive,Mastercard,2029-11-08 00:00:00,0,
CD003047,A0003166,Debit,2023-02-20 00:00:00,2023-02-22 00:00:00,Expired,Visa,2028-02-20 00:00:00,0,
CD003048,A0002842,Debit,2023-12-29 00:00:00,2023-12-30 00:00:00,Active,Mastercard,2028-12-29 00:00:00,0,
CD003049,A0006484,Debit,2025-05-21 00:00:00,2025-05-28 00:00:00,Expired,RuPay,2030-05-21 00:00:00,0,
CD003050,A0000653,Credit,2026-01-09 00:00:00,2026-01-16 00:00:00,Blocked,RuPay,2031-01-09 00:00:00,0,Suspected Fraud
CD003051,A0003367,Credit,2025-03-23 00:00:00,2025-03-28 00:00:00,Active,RuPay,2030-03-23 00:00:00,0,
CD003052,A0002162,Debit,2024-08-01 00:00:00,2024-08-01 00:00:00,Active,Mastercard,2029-08-01 00:00:00,0,
CD003053,A0000167,Debit,2026-02-10 00:00:00,2026-02-15 00:00:00,Active,RuPay,2031-02-10 00:00:00,0,
CD003054,A0005447,Debit,2026-01-06 00:00:00,2026-01-06 00:00:00,Inactive,Visa,2031-01-06 00:00:00,0,
CD003055,A0004708,Debit,2022-10-18 00:00:00,2022-10-25 00:00:00,Active,RuPay,2027-10-18 00:00:00,0,
CD003056,A0005260,Debit,2025-12-09 00:00:00,2025-12-10 00:00:00,Active,Visa,2030-12-09 00:00:00,0,
CD003057,A0006178,Credit,2022-01-30 00:00:00,2022-02-03 00:00:00,Active,Mastercard,2027-01-30 00:00:00,0,
CD003058,A0003708,Debit,2024-01-29 00:00:00,2024-02-03 00:00:00,Active,Visa,2029-01-29 00:00:00,1,
CD003059,A0004883,Debit,2022-05-09 00:00:00,2022-05-13 00:00:00,Active,RuPay,2027-05-09 00:00:00,1,
CD003060,A0005356,Debit,2022-12-05 00:00:00,2022-12-11 00:00:00,Active,Visa,2027-12-05 00:00:00,1,
CD003061,A0002631,Debit,2025-08-06 00:00:00,2025-08-11 00:00:00,Active,Mastercard,2030-08-06 00:00:00,1,
CD003062,A0001360,Debit,2023-11-10 00:00:00,2023-11-10 00:00:00,Active,Visa,2028-11-10 00:00:00,0,
CD003063,A0001992,Debit,2022-12-22 00:00:00,2022-12-24 00:00:00,Blocked,Visa,2027-12-22 00:00:00,0,Lost
CD003064,A0003329,Debit,2024-12-04 00:00:00,2024-12-05 00:00:00,Inactive,RuPay,2029-12-04 00:00:00,1,
CD003065,A0001993,Debit,2024-04-28 00:00:00,2024-05-05 00:00:00,Active,Mastercard,2029-04-28 00:00:00,2,
CD003066,A0004440,Debit,2022-01-04 00:00:00,2022-01-11 00:00:00,Inactive,RuPay,2027-01-04 00:00:00,0,
CD003067,A0006445,Credit,2024-12-20 00:00:00,2024-12-25 00:00:00,Expired,Visa,2029-12-20 00:00:00,0,
CD003068,A0002933,Debit,2025-02-20 00:00:00,2025-02-20 00:00:00,Active,Visa,2030-02-20 00:00:00,0,
CD003069,A0005173,Debit,2024-07-03 00:00:00,2024-07-08 00:00:00,Active,RuPay,2029-07-03 00:00:00,0,
CD003070,A0004290,Debit,2024-04-14 00:00:00,2024-04-14 00:00:00,Active,Mastercard,2029-04-14 00:00:00,0,
CD003071,A0004299,Credit,2022-03-20 00:00:00,2022-03-25 00:00:00,Active,Visa,2027-03-20 00:00:00,0,
CD003072,A0003860,Debit,2024-08-05 00:00:00,2024-08-07 00:00:00,Active,Visa,2029-08-05 00:00:00,0,
CD003073,A0001940,Debit,2024-12-29 00:00:00,2025-01-05 00:00:00,Active,Mastercard,2029-12-29 00:00:00,1,
CD003074,A0001299,Debit,2025-12-17 00:00:00,2025-12-22 00:00:00,Expired,Visa,2030-12-17 00:00:00,0,
CD003075,A0001440,Debit,2023-05-23 00:00:00,2023-05-25 00:00:00,Active,Mastercard,2028-05-23 00:00:00,1,
CD003076,A0000791,Debit,2023-04-01 00:00:00,2023-04-06 00:00:00,Active,Mastercard,2028-04-01 00:00:00,0,
CD003077,A0005736,Debit,2022-11-24 00:00:00,2022-11-25 00:00:00,Active,Mastercard,2027-11-24 00:00:00,0,
CD003078,A0005506,Debit,2024-02-24 00:00:00,2024-02-26 00:00:00,Active,Visa,2029-02-24 00:00:00,0,
CD003079,A0005645,Debit,2025-12-19 00:00:00,2025-12-24 00:00:00,Active,Mastercard,2030-12-19 00:00:00,0,
CD003080,A0002837,Debit,2026-05-29 00:00:00,2026-06-02 00:00:00,Active,RuPay,2031-05-29 00:00:00,0,
CD003081,A0001830,Debit,2023-12-11 00:00:00,2023-12-18 00:00:00,Expired,Visa,2028-12-11 00:00:00,0,
CD003082,A0005550,Debit,2025-06-03 00:00:00,2025-06-08 00:00:00,Active,Mastercard,2030-06-03 00:00:00,1,
CD003083,A0004444,Debit,2024-03-31 00:00:00,2024-04-05 00:00:00,Active,Mastercard,2029-03-31 00:00:00,0,
CD003084,A0004280,Credit,2022-03-06 00:00:00,2022-03-06 00:00:00,Active,Visa,2027-03-06 00:00:00,0,
CD003085,A0004088,Debit,2022-02-22 00:00:00,2022-02-23 00:00:00,Active,Mastercard,2027-02-22 00:00:00,0,
CD003086,A0003397,Debit,2024-03-05 00:00:00,2024-03-08 00:00:00,Active,RuPay,2029-03-05 00:00:00,0,
CD003087,A0006385,Debit,2023-11-19 00:00:00,2023-11-22 00:00:00,Blocked,Visa,2028-11-19 00:00:00,0,Customer Request
CD003088,A0004665,Debit,2024-01-28 00:00:00,2024-02-04 00:00:00,Active,RuPay,2029-01-28 00:00:00,0,
CD003089,A0000762,Credit,2023-03-05 00:00:00,2023-03-08 00:00:00,Active,Mastercard,2028-03-05 00:00:00,0,
CD003090,A0004364,Credit,2026-04-09 00:00:00,2026-04-15 00:00:00,Active,RuPay,2031-04-09 00:00:00,0,
CD003091,A0002003,Credit,2024-08-16 00:00:00,2024-08-19 00:00:00,Active,RuPay,2029-08-16 00:00:00,0,
CD003092,A0005949,Debit,2024-07-27 00:00:00,2024-08-03 00:00:00,Active,Mastercard,2029-07-27 00:00:00,0,
CD003093,A0000663,Debit,2025-06-04 00:00:00,2025-06-11 00:00:00,Active,RuPay,2030-06-04 00:00:00,0,
CD003094,A0000958,Debit,2023-02-21 00:00:00,2023-02-26 00:00:00,Active,Mastercard,2028-02-21 00:00:00,0,
CD003095,A0001310,Debit,2022-08-07 00:00:00,2022-08-10 00:00:00,Inactive,Visa,2027-08-07 00:00:00,0,
CD003096,A0005414,Debit,2024-11-19 00:00:00,2024-11-24 00:00:00,Active,Visa,2029-11-19 00:00:00,0,
CD003097,A0001295,Credit,2022-06-01 00:00:00,2022-06-06 00:00:00,Active,Visa,2027-06-01 00:00:00,0,
CD003098,A0002859,Debit,2023-07-27 00:00:00,2023-08-02 00:00:00,Active,RuPay,2028-07-27 00:00:00,0,
CD003099,A0001335,Credit,2023-04-25 00:00:00,2023-04-25 00:00:00,Blocked,RuPay,2028-04-25 00:00:00,2,Suspected Fraud
CD003100,A0002180,Debit,2025-02-25 00:00:00,2025-03-04 00:00:00,Active,RuPay,2030-02-25 00:00:00,0,
CD003101,A0001623,Credit,2022-04-15 00:00:00,2022-04-19 00:00:00,Active,Visa,2027-04-15 00:00:00,0,
CD003102,A0004704,Credit,2024-09-23 00:00:00,2024-09-30 00:00:00,Active,Visa,2029-09-23 00:00:00,1,
CD003103,A0004324,Credit,2025-01-11 00:00:00,2025-01-17 00:00:00,Active,RuPay,2030-01-11 00:00:00,0,
CD003104,A0005193,Credit,2024-05-26 00:00:00,2024-06-01 00:00:00,Active,RuPay,2029-05-26 00:00:00,2,
CD003105,A0004967,Debit,2026-03-04 00:00:00,2026-03-07 00:00:00,Active,RuPay,2031-03-04 00:00:00,0,
CD003106,A0006135,Debit,2024-02-23 00:00:00,2024-02-23 00:00:00,Active,RuPay,2029-02-23 00:00:00,0,
CD003107,A0006163,Credit,2026-04-20 00:00:00,2026-04-24 00:00:00,Expired,Visa,2031-04-20 00:00:00,0,
CD003108,A0001983,Debit,2025-02-03 00:00:00,2025-02-07 00:00:00,Active,RuPay,2030-02-03 00:00:00,1,
CD003109,A0002419,Debit,2023-09-24 00:00:00,2023-09-30 00:00:00,Active,Visa,2028-09-24 00:00:00,0,
CD003110,A0000045,Debit,2025-08-12 00:00:00,2025-08-17 00:00:00,Active,Visa,2030-08-12 00:00:00,0,
CD003111,A0004914,Debit,2025-08-09 00:00:00,2025-08-15 00:00:00,Active,RuPay,2030-08-09 00:00:00,0,
CD003112,A0000722,Credit,2026-02-23 00:00:00,2026-02-26 00:00:00,Active,Visa,2031-02-23 00:00:00,0,
CD003113,A0004168,Credit,2024-06-18 00:00:00,2024-06-25 00:00:00,Active,Mastercard,2029-06-18 00:00:00,0,
CD003114,A0005343,Debit,2024-06-11 00:00:00,2024-06-16 00:00:00,Active,Visa,2029-06-11 00:00:00,0,
CD003115,A0005566,Debit,2022-03-01 00:00:00,2022-03-06 00:00:00,Blocked,Visa,2027-03-01 00:00:00,1,Lost
CD003116,A0005724,Debit,2024-11-20 00:00:00,2024-11-20 00:00:00,Active,Visa,2029-11-20 00:00:00,2,
CD003117,A0000970,Credit,2023-06-14 00:00:00,2023-06-20 00:00:00,Active,RuPay,2028-06-14 00:00:00,1,
CD003118,A0000152,Credit,2022-03-02 00:00:00,2022-03-09 00:00:00,Active,Mastercard,2027-03-02 00:00:00,0,
CD003119,A0003631,Debit,2024-07-20 00:00:00,2024-07-22 00:00:00,Active,Visa,2029-07-20 00:00:00,0,
CD003120,A0002273,Debit,2026-01-15 00:00:00,2026-01-17 00:00:00,Inactive,Mastercard,2031-01-15 00:00:00,0,
CD003121,A0002126,Debit,2022-01-15 00:00:00,2022-01-16 00:00:00,Expired,Mastercard,2027-01-15 00:00:00,0,
CD003122,A0002161,Debit,2022-05-24 00:00:00,2022-05-25 00:00:00,Active,Visa,2027-05-24 00:00:00,0,
CD003123,A0002405,Debit,2022-07-14 00:00:00,2022-07-14 00:00:00,Inactive,Mastercard,2027-07-14 00:00:00,0,
CD003124,A0005794,Debit,2025-09-14 00:00:00,2025-09-15 00:00:00,Active,Mastercard,2030-09-14 00:00:00,0,
CD003125,A0004642,Credit,2022-07-20 00:00:00,2022-07-20 00:00:00,Active,RuPay,2027-07-20 00:00:00,1,
CD003126,A0004904,Credit,2024-01-04 00:00:00,2024-01-11 00:00:00,Active,Mastercard,2029-01-04 00:00:00,0,
CD003127,A0003951,Debit,2022-06-10 00:00:00,2022-06-16 00:00:00,Active,Visa,2027-06-10 00:00:00,0,
CD003128,A0002210,Debit,2024-04-04 00:00:00,2024-04-07 00:00:00,Expired,Visa,2029-04-04 00:00:00,0,
CD003129,A0003988,Debit,2023-09-22 00:00:00,2023-09-29 00:00:00,Inactive,Mastercard,2028-09-22 00:00:00,0,
CD003130,A0002082,Debit,2025-03-01 00:00:00,2025-03-04 00:00:00,Active,Mastercard,2030-03-01 00:00:00,1,
CD003131,A0004360,Debit,2022-12-15 00:00:00,2022-12-17 00:00:00,Active,Visa,2027-12-15 00:00:00,0,
CD003132,A0002175,Debit,2026-03-05 00:00:00,2026-03-05 00:00:00,Active,Visa,2031-03-05 00:00:00,0,
CD003133,A0005115,Debit,2025-03-10 00:00:00,2025-03-17 00:00:00,Active,Mastercard,2030-03-10 00:00:00,1,
CD003134,A0001734,Debit,2023-12-18 00:00:00,2023-12-21 00:00:00,Inactive,Visa,2028-12-18 00:00:00,0,
CD003135,A0002164,Credit,2023-03-03 00:00:00,2023-03-10 00:00:00,Inactive,Visa,2028-03-03 00:00:00,0,
CD003136,A0000734,Debit,2024-08-02 00:00:00,2024-08-09 00:00:00,Expired,Mastercard,2029-08-02 00:00:00,0,
CD003137,A0000512,Credit,2025-11-21 00:00:00,2025-11-26 00:00:00,Active,RuPay,2030-11-21 00:00:00,0,
CD003138,A0001171,Debit,2025-05-10 00:00:00,2025-05-17 00:00:00,Active,Visa,2030-05-10 00:00:00,2,
CD003139,A0002578,Debit,2022-07-05 00:00:00,2022-07-09 00:00:00,Blocked,Visa,2027-07-05 00:00:00,0,Stolen
CD003140,A0001298,Credit,2023-09-01 00:00:00,2023-09-05 00:00:00,Active,Visa,2028-09-01 00:00:00,0,
CD003141,A0000263,Credit,2022-10-21 00:00:00,2022-10-28 00:00:00,Blocked,Visa,2027-10-21 00:00:00,0,Stolen
CD003142,A0005589,Debit,2025-08-07 00:00:00,2025-08-07 00:00:00,Active,Visa,2030-08-07 00:00:00,1,
CD003143,A0005973,Debit,2024-05-21 00:00:00,2024-05-26 00:00:00,Active,Mastercard,2029-05-21 00:00:00,1,
CD003144,A0002387,Debit,2026-02-18 00:00:00,2026-02-20 00:00:00,Active,RuPay,2031-02-18 00:00:00,2,
CD003145,A0001879,Debit,2024-07-29 00:00:00,2024-08-03 00:00:00,Active,Visa,2029-07-29 00:00:00,1,
CD003146,A0000165,Debit,2023-06-13 00:00:00,2023-06-18 00:00:00,Active,Visa,2028-06-13 00:00:00,0,
CD003147,A0000485,Debit,2025-07-08 00:00:00,2025-07-09 00:00:00,Inactive,Mastercard,2030-07-08 00:00:00,0,
CD003148,A0003493,Debit,2022-10-07 00:00:00,2022-10-07 00:00:00,Active,Visa,2027-10-07 00:00:00,1,
CD003149,A0003204,Credit,2023-01-24 00:00:00,2023-01-26 00:00:00,Active,RuPay,2028-01-24 00:00:00,0,
CD003150,A0004838,Debit,2026-06-05 00:00:00,2026-06-10 00:00:00,Inactive,RuPay,2031-06-05 00:00:00,0,
CD003151,A0000483,Debit,2022-08-19 00:00:00,2022-08-22 00:00:00,Active,RuPay,2027-08-19 00:00:00,3,
CD003152,A0004327,Debit,2025-03-05 00:00:00,2025-03-09 00:00:00,Active,Visa,2030-03-05 00:00:00,0,
CD003153,A0000951,Credit,2023-10-09 00:00:00,2023-10-15 00:00:00,Active,Visa,2028-10-09 00:00:00,0,
CD003154,A0004769,Credit,2022-05-07 00:00:00,2022-05-08 00:00:00,Active,Visa,2027-05-07 00:00:00,3,
CD003155,A0005894,Debit,2026-04-07 00:00:00,2026-04-09 00:00:00,Active,Mastercard,2031-04-07 00:00:00,0,
CD003156,A0004216,Debit,2026-06-16 00:00:00,2026-06-17 00:00:00,Active,Visa,2031-06-16 00:00:00,0,
CD003157,A0003676,Credit,2024-06-21 00:00:00,2024-06-24 00:00:00,Inactive,Visa,2029-06-21 00:00:00,0,
CD003158,A0004051,Debit,2023-09-13 00:00:00,2023-09-14 00:00:00,Active,Visa,2028-09-13 00:00:00,0,
CD003159,A0001325,Debit,2025-04-27 00:00:00,2025-04-30 00:00:00,Active,RuPay,2030-04-27 00:00:00,0,
CD003160,A0003190,Debit,2024-12-04 00:00:00,2024-12-09 00:00:00,Active,RuPay,2029-12-04 00:00:00,0,
CD003161,A0000210,Debit,2023-09-09 00:00:00,2023-09-10 00:00:00,Active,RuPay,2028-09-09 00:00:00,0,
CD003162,A0000041,Credit,2023-10-20 00:00:00,2023-10-21 00:00:00,Inactive,Mastercard,2028-10-20 00:00:00,0,
CD003163,A0006083,Debit,2026-01-17 00:00:00,2026-01-18 00:00:00,Active,Mastercard,2031-01-17 00:00:00,1,
CD003164,A0002208,Debit,2022-05-06 00:00:00,2022-05-08 00:00:00,Active,Mastercard,2027-05-06 00:00:00,1,
CD003165,A0004141,Debit,2022-01-03 00:00:00,2022-01-08 00:00:00,Active,Mastercard,2027-01-03 00:00:00,0,
CD003166,A0006030,Debit,2022-10-22 00:00:00,2022-10-23 00:00:00,Active,Visa,2027-10-22 00:00:00,1,
CD003167,A0004982,Credit,2022-03-01 00:00:00,2022-03-08 00:00:00,Active,RuPay,2027-03-01 00:00:00,0,
CD003168,A0003310,Credit,2022-04-09 00:00:00,2022-04-09 00:00:00,Active,Mastercard,2027-04-09 00:00:00,0,
CD003169,A0004404,Debit,2022-09-24 00:00:00,2022-09-26 00:00:00,Active,Visa,2027-09-24 00:00:00,0,
CD003170,A0002665,Debit,2025-09-08 00:00:00,2025-09-14 00:00:00,Blocked,Mastercard,2030-09-08 00:00:00,0,Stolen
CD003171,A0003359,Debit,2026-02-17 00:00:00,2026-02-20 00:00:00,Active,Mastercard,2031-02-17 00:00:00,0,
CD003172,A0004111,Debit,2026-03-13 00:00:00,2026-03-14 00:00:00,Active,RuPay,2031-03-13 00:00:00,0,
CD003173,A0004205,Debit,2022-10-19 00:00:00,2022-10-25 00:00:00,Active,RuPay,2027-10-19 00:00:00,0,
CD003174,A0003589,Debit,2024-03-22 00:00:00,2024-03-23 00:00:00,Inactive,Visa,2029-03-22 00:00:00,0,
CD003175,A0001309,Debit,2024-11-15 00:00:00,2024-11-17 00:00:00,Active,Visa,2029-11-15 00:00:00,1,
CD003176,A0003878,Debit,2022-11-10 00:00:00,2022-11-17 00:00:00,Active,RuPay,2027-11-10 00:00:00,0,
CD003177,A0002373,Debit,2022-12-26 00:00:00,2022-12-30 00:00:00,Active,RuPay,2027-12-26 00:00:00,1,
CD003178,A0003583,Debit,2023-07-11 00:00:00,2023-07-12 00:00:00,Active,Visa,2028-07-11 00:00:00,0,
CD003179,A0004087,Debit,2024-10-29 00:00:00,2024-10-30 00:00:00,Blocked,Visa,2029-10-29 00:00:00,0,Lost
CD003180,A0000932,Credit,2024-02-29 00:00:00,2024-03-04 00:00:00,Active,RuPay,2029-02-28 00:00:00,0,
CD003181,A0003292,Debit,2024-08-10 00:00:00,2024-08-11 00:00:00,Active,Visa,2029-08-10 00:00:00,0,
CD003182,A0002304,Debit,2022-04-09 00:00:00,2022-04-15 00:00:00,Inactive,Visa,2027-04-09 00:00:00,0,
CD003183,A0001264,Debit,2024-04-20 00:00:00,2024-04-23 00:00:00,Active,RuPay,2029-04-20 00:00:00,0,
CD003184,A0003815,Credit,2023-12-01 00:00:00,2023-12-02 00:00:00,Active,Visa,2028-12-01 00:00:00,0,
CD003185,A0000813,Credit,2022-09-27 00:00:00,2022-09-30 00:00:00,Active,Visa,2027-09-27 00:00:00,0,
CD003186,A0000043,Credit,2023-01-07 00:00:00,2023-01-13 00:00:00,Active,Mastercard,2028-01-07 00:00:00,0,
CD003187,A0006255,Debit,2025-02-15 00:00:00,2025-02-22 00:00:00,Active,Mastercard,2030-02-15 00:00:00,1,
CD003188,A0004203,Debit,2022-12-07 00:00:00,2022-12-08 00:00:00,Expired,RuPay,2027-12-07 00:00:00,1,
CD003189,A0001014,Debit,2025-06-18 00:00:00,2025-06-24 00:00:00,Active,Mastercard,2030-06-18 00:00:00,0,
CD003190,A0001169,Debit,2023-07-28 00:00:00,2023-07-31 00:00:00,Active,RuPay,2028-07-28 00:00:00,2,
CD003191,A0005253,Credit,2022-08-22 00:00:00,2022-08-22 00:00:00,Active,RuPay,2027-08-22 00:00:00,1,
CD003192,A0003805,Debit,2025-03-13 00:00:00,2025-03-16 00:00:00,Expired,Visa,2030-03-13 00:00:00,0,
CD003193,A0004650,Debit,2025-04-06 00:00:00,2025-04-12 00:00:00,Active,RuPay,2030-04-06 00:00:00,0,
CD003194,A0004580,Debit,2025-07-14 00:00:00,2025-07-15 00:00:00,Active,Visa,2030-07-14 00:00:00,1,
CD003195,A0006223,Debit,2024-09-22 00:00:00,2024-09-23 00:00:00,Active,Mastercard,2029-09-22 00:00:00,0,
CD003196,A0004858,Debit,2022-11-18 00:00:00,2022-11-24 00:00:00,Inactive,Mastercard,2027-11-18 00:00:00,0,
CD003197,A0003414,Debit,2022-07-01 00:00:00,2022-07-08 00:00:00,Active,Mastercard,2027-07-01 00:00:00,0,
CD003198,A0004116,Debit,2023-09-13 00:00:00,2023-09-18 00:00:00,Active,RuPay,2028-09-13 00:00:00,1,
CD003199,A0001347,Debit,2022-06-28 00:00:00,2022-07-04 00:00:00,Active,Visa,2027-06-28 00:00:00,1,
CD003200,A0002223,Debit,2025-06-28 00:00:00,2025-07-01 00:00:00,Active,Mastercard,2030-06-28 00:00:00,0,
CD003201,A0006437,Debit,2022-09-19 00:00:00,2022-09-24 00:00:00,Active,Mastercard,2027-09-19 00:00:00,0,
CD003202,A0005689,Debit,2025-11-13 00:00:00,2025-11-20 00:00:00,Active,Visa,2030-11-13 00:00:00,2,
CD003203,A0001168,Debit,2024-08-27 00:00:00,2024-09-02 00:00:00,Active,Visa,2029-08-27 00:00:00,0,
CD003204,A0002642,Debit,2026-05-07 00:00:00,2026-05-11 00:00:00,Active,Mastercard,2031-05-07 00:00:00,0,
CD003205,A0002295,Debit,2023-05-27 00:00:00,2023-06-01 00:00:00,Active,Visa,2028-05-27 00:00:00,1,
CD003206,A0001101,Debit,2025-06-15 00:00:00,2025-06-17 00:00:00,Active,Mastercard,2030-06-15 00:00:00,2,
CD003207,A0001633,Debit,2025-02-26 00:00:00,2025-03-01 00:00:00,Active,Mastercard,2030-02-26 00:00:00,0,
CD003208,A0002810,Debit,2026-03-04 00:00:00,2026-03-07 00:00:00,Inactive,RuPay,2031-03-04 00:00:00,0,
CD003209,A0000193,Debit,2022-01-02 00:00:00,2022-01-02 00:00:00,Active,RuPay,2027-01-02 00:00:00,0,
CD003210,A0005450,Debit,2023-02-11 00:00:00,2023-02-13 00:00:00,Active,Visa,2028-02-11 00:00:00,0,
CD003211,A0000710,Debit,2022-04-22 00:00:00,2022-04-23 00:00:00,Active,Visa,2027-04-22 00:00:00,0,
CD003212,A0006409,Credit,2023-04-19 00:00:00,2023-04-25 00:00:00,Active,Visa,2028-04-19 00:00:00,0,
CD003213,A0004765,Debit,2023-09-08 00:00:00,2023-09-09 00:00:00,Active,Visa,2028-09-08 00:00:00,1,
CD003214,A0005064,Debit,2024-04-30 00:00:00,2024-05-07 00:00:00,Inactive,RuPay,2029-04-30 00:00:00,0,
CD003215,A0003211,Debit,2023-12-17 00:00:00,2023-12-17 00:00:00,Active,Mastercard,2028-12-17 00:00:00,0,
CD003216,A0001834,Credit,2024-11-11 00:00:00,2024-11-11 00:00:00,Expired,Visa,2029-11-11 00:00:00,1,
CD003217,A0006499,Debit,2024-07-09 00:00:00,2024-07-11 00:00:00,Active,RuPay,2029-07-09 00:00:00,0,
CD003218,A0001632,Credit,2022-08-29 00:00:00,2022-08-29 00:00:00,Active,Visa,2027-08-29 00:00:00,0,
CD003219,A0002671,Debit,2024-10-24 00:00:00,2024-10-25 00:00:00,Expired,RuPay,2029-10-24 00:00:00,0,
CD003220,A0005008,Debit,2025-01-15 00:00:00,2025-01-22 00:00:00,Active,Visa,2030-01-15 00:00:00,0,
CD003221,A0002084,Debit,2024-11-28 00:00:00,2024-12-01 00:00:00,Active,RuPay,2029-11-28 00:00:00,0,
CD003222,A0000541,Debit,2025-09-01 00:00:00,2025-09-07 00:00:00,Active,Visa,2030-09-01 00:00:00,0,
CD003223,A0003347,Credit,2024-09-14 00:00:00,2024-09-15 00:00:00,Active,Visa,2029-09-14 00:00:00,1,
CD003224,A0006077,Debit,2023-02-01 00:00:00,2023-02-07 00:00:00,Active,RuPay,2028-02-01 00:00:00,1,
CD003225,A0004839,Debit,2025-01-18 00:00:00,2025-01-20 00:00:00,Inactive,Visa,2030-01-18 00:00:00,2,
CD003226,A0002077,Debit,2024-10-13 00:00:00,2024-10-19 00:00:00,Active,RuPay,2029-10-13 00:00:00,0,
CD003227,A0001740,Debit,2023-08-09 00:00:00,2023-08-09 00:00:00,Active,RuPay,2028-08-09 00:00:00,0,
CD003228,A0002506,Credit,2025-01-15 00:00:00,2025-01-21 00:00:00,Active,Mastercard,2030-01-15 00:00:00,1,
CD003229,A0002882,Credit,2025-03-22 00:00:00,2025-03-27 00:00:00,Active,Visa,2030-03-22 00:00:00,0,
CD003230,A0006228,Debit,2023-02-02 00:00:00,2023-02-07 00:00:00,Active,Mastercard,2028-02-02 00:00:00,0,
CD003231,A0000017,Credit,2022-10-15 00:00:00,2022-10-19 00:00:00,Inactive,Mastercard,2027-10-15 00:00:00,1,
CD003232,A0004214,Credit,2022-12-17 00:00:00,2022-12-20 00:00:00,Active,Visa,2027-12-17 00:00:00,0,
CD003233,A0001947,Credit,2023-09-30 00:00:00,2023-10-03 00:00:00,Active,RuPay,2028-09-30 00:00:00,0,
CD003234,A0004730,Debit,2026-06-16 00:00:00,2026-06-22 00:00:00,Active,RuPay,2031-06-16 00:00:00,0,
CD003235,A0003973,Credit,2024-02-12 00:00:00,2024-02-14 00:00:00,Active,Visa,2029-02-12 00:00:00,1,
CD003236,A0005179,Debit,2026-03-31 00:00:00,2026-04-01 00:00:00,Active,RuPay,2031-03-31 00:00:00,0,
CD003237,A0004251,Debit,2022-12-10 00:00:00,2022-12-13 00:00:00,Expired,Visa,2027-12-10 00:00:00,1,
CD003238,A0004874,Credit,2025-06-09 00:00:00,2025-06-12 00:00:00,Active,RuPay,2030-06-09 00:00:00,2,
CD003239,A0001424,Debit,2023-01-21 00:00:00,2023-01-24 00:00:00,Active,RuPay,2028-01-21 00:00:00,0,
CD003240,A0001629,Debit,2024-07-26 00:00:00,2024-07-28 00:00:00,Active,Visa,2029-07-26 00:00:00,1,
CD003241,A0002050,Credit,2022-04-08 00:00:00,2022-04-15 00:00:00,Active,Mastercard,2027-04-08 00:00:00,0,
CD003242,A0000913,Debit,2026-01-09 00:00:00,2026-01-11 00:00:00,Active,RuPay,2031-01-09 00:00:00,2,
CD003243,A0005929,Debit,2023-09-28 00:00:00,2023-09-30 00:00:00,Active,Mastercard,2028-09-28 00:00:00,0,
CD003244,A0005845,Debit,2024-11-27 00:00:00,2024-11-30 00:00:00,Blocked,RuPay,2029-11-27 00:00:00,0,Stolen
CD003245,A0003694,Credit,2024-01-19 00:00:00,2024-01-20 00:00:00,Active,Visa,2029-01-19 00:00:00,0,
CD003246,A0003515,Debit,2023-01-07 00:00:00,2023-01-08 00:00:00,Inactive,Visa,2028-01-07 00:00:00,0,
CD003247,A0005139,Debit,2023-07-19 00:00:00,2023-07-21 00:00:00,Active,Mastercard,2028-07-19 00:00:00,1,
CD003248,A0005271,Debit,2022-04-22 00:00:00,2022-04-22 00:00:00,Active,Visa,2027-04-22 00:00:00,0,
CD003249,A0004696,Debit,2024-02-20 00:00:00,2024-02-25 00:00:00,Active,Mastercard,2029-02-20 00:00:00,0,
CD003250,A0002058,Debit,2026-06-02 00:00:00,2026-06-05 00:00:00,Active,RuPay,2031-06-02 00:00:00,2,
CD003251,A0003049,Credit,2024-08-10 00:00:00,2024-08-14 00:00:00,Active,RuPay,2029-08-10 00:00:00,0,
CD003252,A0003068,Debit,2024-03-20 00:00:00,2024-03-23 00:00:00,Active,Mastercard,2029-03-20 00:00:00,0,
CD003253,A0003287,Debit,2025-03-04 00:00:00,2025-03-06 00:00:00,Active,Mastercard,2030-03-04 00:00:00,0,
CD003254,A0006466,Debit,2022-08-16 00:00:00,2022-08-18 00:00:00,Inactive,Visa,2027-08-16 00:00:00,0,
CD003255,A0005019,Credit,2024-11-18 00:00:00,2024-11-22 00:00:00,Active,Visa,2029-11-18 00:00:00,0,
CD003256,A0001716,Debit,2023-02-09 00:00:00,2023-02-09 00:00:00,Blocked,RuPay,2028-02-09 00:00:00,0,Suspected Fraud
CD003257,A0006235,Debit,2025-08-07 00:00:00,2025-08-10 00:00:00,Active,RuPay,2030-08-07 00:00:00,0,
CD003258,A0003195,Debit,2024-11-27 00:00:00,2024-12-04 00:00:00,Active,RuPay,2029-11-27 00:00:00,0,
CD003259,A0003682,Debit,2023-08-30 00:00:00,2023-09-02 00:00:00,Active,Mastercard,2028-08-30 00:00:00,0,
CD003260,A0003616,Debit,2023-11-23 00:00:00,2023-11-30 00:00:00,Active,RuPay,2028-11-23 00:00:00,0,
CD003261,A0001342,Debit,2025-02-23 00:00:00,2025-02-25 00:00:00,Active,Mastercard,2030-02-23 00:00:00,0,
CD003262,A0004218,Debit,2024-07-03 00:00:00,2024-07-09 00:00:00,Expired,RuPay,2029-07-03 00:00:00,1,
CD003263,A0002134,Debit,2023-07-08 00:00:00,2023-07-10 00:00:00,Active,Mastercard,2028-07-08 00:00:00,0,
CD003264,A0000440,Debit,2022-08-24 00:00:00,2022-08-29 00:00:00,Active,Visa,2027-08-24 00:00:00,1,
CD003265,A0005239,Debit,2024-03-10 00:00:00,2024-03-16 00:00:00,Blocked,Mastercard,2029-03-10 00:00:00,1,Customer Request
CD003266,A0000872,Debit,2026-06-11 00:00:00,2026-06-17 00:00:00,Active,Visa,2031-06-11 00:00:00,1,
CD003267,A0006193,Debit,2025-07-02 00:00:00,2025-07-07 00:00:00,Inactive,Visa,2030-07-02 00:00:00,0,
CD003268,A0004786,Credit,2026-02-21 00:00:00,2026-02-22 00:00:00,Active,RuPay,2031-02-21 00:00:00,0,
CD003269,A0005184,Debit,2023-12-29 00:00:00,2023-12-31 00:00:00,Active,Visa,2028-12-29 00:00:00,1,
CD003270,A0006362,Debit,2025-10-18 00:00:00,2025-10-24 00:00:00,Active,RuPay,2030-10-18 00:00:00,0,
CD003271,A0002332,Debit,2025-05-26 00:00:00,2025-06-01 00:00:00,Active,Mastercard,2030-05-26 00:00:00,0,
CD003272,A0004541,Debit,2024-07-06 00:00:00,2024-07-07 00:00:00,Active,RuPay,2029-07-06 00:00:00,2,
CD003273,A0000611,Credit,2022-10-02 00:00:00,2022-10-07 00:00:00,Active,RuPay,2027-10-02 00:00:00,1,
CD003274,A0002071,Credit,2025-06-26 00:00:00,2025-07-01 00:00:00,Active,Visa,2030-06-26 00:00:00,1,
CD003275,A0005721,Debit,2026-01-26 00:00:00,2026-01-29 00:00:00,Inactive,Mastercard,2031-01-26 00:00:00,0,
CD003276,A0003434,Debit,2022-01-21 00:00:00,2022-01-21 00:00:00,Active,Visa,2027-01-21 00:00:00,0,
CD003277,A0006181,Debit,2025-11-24 00:00:00,2025-11-25 00:00:00,Inactive,Mastercard,2030-11-24 00:00:00,0,
CD003278,A0006314,Debit,2023-07-22 00:00:00,2023-07-23 00:00:00,Active,Visa,2028-07-22 00:00:00,0,
CD003279,A0001956,Credit,2022-11-25 00:00:00,2022-11-26 00:00:00,Blocked,RuPay,2027-11-25 00:00:00,2,Lost
CD003280,A0000065,Debit,2024-02-28 00:00:00,2024-02-28 00:00:00,Active,Visa,2029-02-28 00:00:00,0,
CD003281,A0002088,Debit,2023-09-08 00:00:00,2023-09-10 00:00:00,Active,Visa,2028-09-08 00:00:00,2,
CD003282,A0002201,Debit,2023-08-29 00:00:00,2023-09-05 00:00:00,Active,Visa,2028-08-29 00:00:00,0,
CD003283,A0001570,Debit,2026-03-26 00:00:00,2026-03-29 00:00:00,Active,RuPay,2031-03-26 00:00:00,0,
CD003284,A0005722,Debit,2023-12-31 00:00:00,2023-12-31 00:00:00,Expired,RuPay,2028-12-31 00:00:00,2,
CD003285,A0005451,Debit,2022-11-28 00:00:00,2022-11-29 00:00:00,Active,Mastercard,2027-11-28 00:00:00,0,
CD003286,A0003101,Debit,2025-10-10 00:00:00,2025-10-14 00:00:00,Inactive,Mastercard,2030-10-10 00:00:00,0,
CD003287,A0006131,Debit,2023-04-26 00:00:00,2023-04-28 00:00:00,Active,RuPay,2028-04-26 00:00:00,0,
CD003288,A0005319,Credit,2026-06-18 00:00:00,2026-06-22 00:00:00,Active,Visa,2031-06-18 00:00:00,0,
CD003289,A0002528,Debit,2025-03-27 00:00:00,2025-04-01 00:00:00,Blocked,Mastercard,2030-03-27 00:00:00,2,Customer Request
CD003290,A0005300,Debit,2024-04-23 00:00:00,2024-04-28 00:00:00,Inactive,RuPay,2029-04-23 00:00:00,0,
CD003291,A0005899,Debit,2023-07-07 00:00:00,2023-07-11 00:00:00,Active,Mastercard,2028-07-07 00:00:00,0,
CD003292,A0000057,Debit,2026-03-28 00:00:00,2026-03-28 00:00:00,Active,RuPay,2031-03-28 00:00:00,0,
CD003293,A0005460,Debit,2024-04-03 00:00:00,2024-04-06 00:00:00,Active,Mastercard,2029-04-03 00:00:00,0,
CD003294,A0000448,Credit,2025-09-15 00:00:00,2025-09-17 00:00:00,Active,Mastercard,2030-09-15 00:00:00,0,
CD003295,A0000412,Debit,2022-06-28 00:00:00,2022-07-01 00:00:00,Blocked,Visa,2027-06-28 00:00:00,0,Suspected Fraud
CD003296,A0005282,Debit,2025-03-05 00:00:00,2025-03-11 00:00:00,Active,RuPay,2030-03-05 00:00:00,0,
CD003297,A0001878,Debit,2026-02-02 00:00:00,2026-02-06 00:00:00,Active,Mastercard,2031-02-02 00:00:00,0,
CD003298,A0002378,Debit,2025-04-05 00:00:00,2025-04-12 00:00:00,Expired,RuPay,2030-04-05 00:00:00,1,
CD003299,A0000531,Debit,2022-02-23 00:00:00,2022-02-24 00:00:00,Expired,Visa,2027-02-23 00:00:00,0,
CD003300,A0002226,Credit,2023-11-30 00:00:00,2023-12-01 00:00:00,Active,Visa,2028-11-30 00:00:00,0,
CD003301,A0005829,Debit,2023-09-13 00:00:00,2023-09-18 00:00:00,Active,Mastercard,2028-09-13 00:00:00,0,
CD003302,A0005693,Debit,2025-07-17 00:00:00,2025-07-19 00:00:00,Active,Visa,2030-07-17 00:00:00,0,
CD003303,A0005429,Credit,2025-12-07 00:00:00,2025-12-13 00:00:00,Expired,RuPay,2030-12-07 00:00:00,1,
CD003304,A0004047,Debit,2026-01-29 00:00:00,2026-02-04 00:00:00,Active,Visa,2031-01-29 00:00:00,0,
CD003305,A0006296,Debit,2022-02-01 00:00:00,2022-02-08 00:00:00,Expired,Visa,2027-02-01 00:00:00,0,
CD003306,A0003259,Credit,2024-08-19 00:00:00,2024-08-21 00:00:00,Active,RuPay,2029-08-19 00:00:00,0,
CD003307,A0004170,Debit,2024-02-02 00:00:00,2024-02-06 00:00:00,Active,RuPay,2029-02-02 00:00:00,2,
CD003308,A0000728,Credit,2024-01-02 00:00:00,2024-01-09 00:00:00,Inactive,Visa,2029-01-02 00:00:00,0,
CD003309,A0005094,Debit,2023-01-04 00:00:00,2023-01-09 00:00:00,Active,RuPay,2028-01-04 00:00:00,0,
CD003310,A0000657,Debit,2025-09-26 00:00:00,2025-10-02 00:00:00,Expired,Mastercard,2030-09-26 00:00:00,0,
CD003311,A0002826,Debit,2022-06-13 00:00:00,2022-06-14 00:00:00,Active,RuPay,2027-06-13 00:00:00,0,
CD003312,A0006189,Debit,2023-03-03 00:00:00,2023-03-04 00:00:00,Inactive,RuPay,2028-03-03 00:00:00,0,
CD003313,A0002714,Debit,2024-01-11 00:00:00,2024-01-11 00:00:00,Active,Mastercard,2029-01-11 00:00:00,0,
CD003314,A0003059,Debit,2022-05-22 00:00:00,2022-05-28 00:00:00,Active,RuPay,2027-05-22 00:00:00,0,
CD003315,A0004481,Debit,2022-10-16 00:00:00,2022-10-23 00:00:00,Active,Mastercard,2027-10-16 00:00:00,0,
CD003316,A0006336,Debit,2026-06-06 00:00:00,2026-06-11 00:00:00,Active,Visa,2031-06-06 00:00:00,0,
CD003317,A0004958,Debit,2023-12-28 00:00:00,2023-12-28 00:00:00,Active,Visa,2028-12-28 00:00:00,0,
CD003318,A0001275,Debit,2024-04-01 00:00:00,2024-04-02 00:00:00,Active,Visa,2029-04-01 00:00:00,2,
CD003319,A0004503,Debit,2023-09-04 00:00:00,2023-09-05 00:00:00,Active,Mastercard,2028-09-04 00:00:00,0,
CD003320,A0000109,Debit,2022-02-08 00:00:00,2022-02-09 00:00:00,Active,Visa,2027-02-08 00:00:00,0,
CD003321,A0003853,Credit,2026-02-26 00:00:00,2026-03-03 00:00:00,Active,Mastercard,2031-02-26 00:00:00,0,
CD003322,A0000559,Debit,2022-04-16 00:00:00,2022-04-16 00:00:00,Inactive,Mastercard,2027-04-16 00:00:00,0,
CD003323,A0003222,Debit,2026-05-26 00:00:00,2026-06-01 00:00:00,Active,RuPay,2031-05-26 00:00:00,0,
CD003324,A0005639,Debit,2025-06-24 00:00:00,2025-06-28 00:00:00,Expired,Mastercard,2030-06-24 00:00:00,0,
CD003325,A0001370,Debit,2026-02-04 00:00:00,2026-02-08 00:00:00,Active,Mastercard,2031-02-04 00:00:00,0,
CD003326,A0003661,Credit,2023-11-15 00:00:00,2023-11-17 00:00:00,Active,Visa,2028-11-15 00:00:00,1,
CD003327,A0002551,Debit,2025-09-17 00:00:00,2025-09-21 00:00:00,Blocked,Mastercard,2030-09-17 00:00:00,0,Suspected Fraud
CD003328,A0002080,Debit,2024-10-07 00:00:00,2024-10-08 00:00:00,Active,RuPay,2029-10-07 00:00:00,0,
CD003329,A0004166,Debit,2023-03-28 00:00:00,2023-04-03 00:00:00,Active,Mastercard,2028-03-28 00:00:00,0,
CD003330,A0004233,Debit,2024-01-12 00:00:00,2024-01-17 00:00:00,Active,Visa,2029-01-12 00:00:00,0,
CD003331,A0003206,Debit,2025-12-21 00:00:00,2025-12-25 00:00:00,Active,Visa,2030-12-21 00:00:00,1,
CD003332,A0005108,Debit,2026-05-13 00:00:00,2026-05-20 00:00:00,Active,RuPay,2031-05-13 00:00:00,0,
CD003333,A0002795,Debit,2024-04-13 00:00:00,2024-04-16 00:00:00,Active,RuPay,2029-04-13 00:00:00,0,
CD003334,A0000239,Debit,2024-07-09 00:00:00,2024-07-15 00:00:00,Active,RuPay,2029-07-09 00:00:00,0,
CD003335,A0005815,Debit,2022-04-03 00:00:00,2022-04-05 00:00:00,Blocked,Visa,2027-04-03 00:00:00,0,Stolen
CD003336,A0000425,Credit,2025-09-15 00:00:00,2025-09-16 00:00:00,Active,RuPay,2030-09-15 00:00:00,0,
CD003337,A0004755,Debit,2022-10-04 00:00:00,2022-10-04 00:00:00,Active,Visa,2027-10-04 00:00:00,0,
CD003338,A0004066,Debit,2023-03-03 00:00:00,2023-03-06 00:00:00,Active,RuPay,2028-03-03 00:00:00,0,
CD003339,A0002479,Credit,2024-04-23 00:00:00,2024-04-28 00:00:00,Active,RuPay,2029-04-23 00:00:00,0,
CD003340,A0000829,Debit,2023-01-30 00:00:00,2023-02-04 00:00:00,Expired,Visa,2028-01-30 00:00:00,0,
CD003341,A0003942,Credit,2025-09-27 00:00:00,2025-09-28 00:00:00,Active,Mastercard,2030-09-27 00:00:00,1,
CD003342,A0003135,Debit,2023-05-17 00:00:00,2023-05-17 00:00:00,Active,Visa,2028-05-17 00:00:00,0,
CD003343,A0005562,Debit,2024-05-06 00:00:00,2024-05-09 00:00:00,Active,RuPay,2029-05-06 00:00:00,0,
CD003344,A0000488,Credit,2025-05-26 00:00:00,2025-05-27 00:00:00,Active,RuPay,2030-05-26 00:00:00,0,
CD003345,A0006479,Credit,2025-11-14 00:00:00,2025-11-19 00:00:00,Active,Visa,2030-11-14 00:00:00,0,
CD003346,A0006411,Credit,2023-05-29 00:00:00,2023-05-30 00:00:00,Active,RuPay,2028-05-29 00:00:00,1,
CD003347,A0004599,Credit,2022-07-08 00:00:00,2022-07-15 00:00:00,Active,Visa,2027-07-08 00:00:00,0,
CD003348,A0004671,Debit,2024-05-10 00:00:00,2024-05-16 00:00:00,Active,RuPay,2029-05-10 00:00:00,0,
CD003349,A0005323,Debit,2023-10-13 00:00:00,2023-10-15 00:00:00,Active,RuPay,2028-10-13 00:00:00,0,
CD003350,A0002061,Debit,2025-05-01 00:00:00,2025-05-08 00:00:00,Active,Visa,2030-05-01 00:00:00,0,
CD003351,A0004197,Debit,2026-03-27 00:00:00,2026-04-03 00:00:00,Active,Mastercard,2031-03-27 00:00:00,0,
CD003352,A0005421,Debit,2026-05-10 00:00:00,2026-05-10 00:00:00,Active,Mastercard,2031-05-10 00:00:00,1,
CD003353,A0000355,Debit,2024-09-22 00:00:00,2024-09-23 00:00:00,Blocked,Visa,2029-09-22 00:00:00,3,Stolen
CD003354,A0005424,Credit,2026-03-26 00:00:00,2026-03-31 00:00:00,Blocked,Mastercard,2031-03-26 00:00:00,2,Lost
CD003355,A0005046,Debit,2025-07-14 00:00:00,2025-07-21 00:00:00,Active,Visa,2030-07-14 00:00:00,0,
CD003356,A0002524,Debit,2022-01-17 00:00:00,2022-01-19 00:00:00,Active,RuPay,2027-01-17 00:00:00,1,
CD003357,A0005219,Credit,2025-04-03 00:00:00,2025-04-09 00:00:00,Active,Mastercard,2030-04-03 00:00:00,1,
CD003358,A0003670,Debit,2026-03-22 00:00:00,2026-03-25 00:00:00,Active,Mastercard,2031-03-22 00:00:00,0,
CD003359,A0001984,Debit,2025-07-12 00:00:00,2025-07-12 00:00:00,Active,Visa,2030-07-12 00:00:00,1,
CD003360,A0004224,Debit,2022-02-21 00:00:00,2022-02-23 00:00:00,Active,Visa,2027-02-21 00:00:00,0,
CD003361,A0002978,Debit,2024-07-13 00:00:00,2024-07-14 00:00:00,Blocked,Mastercard,2029-07-13 00:00:00,0,Stolen
CD003362,A0003179,Debit,2022-09-20 00:00:00,2022-09-20 00:00:00,Blocked,RuPay,2027-09-20 00:00:00,0,Stolen
CD003363,A0003899,Debit,2025-07-21 00:00:00,2025-07-22 00:00:00,Inactive,Mastercard,2030-07-21 00:00:00,0,
CD003364,A0004927,Debit,2026-04-25 00:00:00,2026-04-28 00:00:00,Active,Visa,2031-04-25 00:00:00,0,
CD003365,A0003933,Credit,2026-06-05 00:00:00,2026-06-09 00:00:00,Active,Visa,2031-06-05 00:00:00,0,
CD003366,A0002773,Debit,2022-05-07 00:00:00,2022-05-09 00:00:00,Active,Visa,2027-05-07 00:00:00,0,
CD003367,A0000622,Debit,2022-09-06 00:00:00,2022-09-06 00:00:00,Active,Visa,2027-09-06 00:00:00,0,
CD003368,A0003285,Debit,2023-10-11 00:00:00,2023-10-11 00:00:00,Active,Mastercard,2028-10-11 00:00:00,0,
CD003369,A0001528,Debit,2025-05-14 00:00:00,2025-05-21 00:00:00,Active,RuPay,2030-05-14 00:00:00,0,
CD003370,A0002092,Debit,2022-03-30 00:00:00,2022-03-30 00:00:00,Inactive,Mastercard,2027-03-30 00:00:00,0,
CD003371,A0005331,Debit,2023-01-31 00:00:00,2023-02-03 00:00:00,Blocked,RuPay,2028-01-31 00:00:00,0,Lost
CD003372,A0002646,Debit,2023-08-03 00:00:00,2023-08-10 00:00:00,Expired,Mastercard,2028-08-03 00:00:00,0,
CD003373,A0002184,Debit,2022-07-27 00:00:00,2022-08-02 00:00:00,Active,Visa,2027-07-27 00:00:00,0,
CD003374,A0000592,Credit,2025-06-13 00:00:00,2025-06-17 00:00:00,Blocked,Visa,2030-06-13 00:00:00,0,Suspected Fraud
CD003375,A0003373,Debit,2024-09-20 00:00:00,2024-09-21 00:00:00,Active,Visa,2029-09-20 00:00:00,0,
CD003376,A0004920,Credit,2025-06-22 00:00:00,2025-06-22 00:00:00,Active,RuPay,2030-06-22 00:00:00,0,
CD003377,A0005916,Debit,2023-10-18 00:00:00,2023-10-18 00:00:00,Active,RuPay,2028-10-18 00:00:00,0,
CD003378,A0000424,Debit,2022-01-07 00:00:00,2022-01-13 00:00:00,Active,Mastercard,2027-01-07 00:00:00,0,
CD003379,A0004076,Debit,2024-12-14 00:00:00,2024-12-14 00:00:00,Active,Mastercard,2029-12-14 00:00:00,0,
CD003380,A0001919,Debit,2025-11-09 00:00:00,2025-11-10 00:00:00,Active,Mastercard,2030-11-09 00:00:00,0,
CD003381,A0004217,Debit,2024-12-07 00:00:00,2024-12-09 00:00:00,Active,Mastercard,2029-12-07 00:00:00,0,
CD003382,A0004527,Debit,2025-04-20 00:00:00,2025-04-26 00:00:00,Active,Mastercard,2030-04-20 00:00:00,0,
CD003383,A0000871,Debit,2025-07-13 00:00:00,2025-07-13 00:00:00,Blocked,Visa,2030-07-13 00:00:00,1,Customer Request
CD003384,A0003468,Debit,2024-09-11 00:00:00,2024-09-18 00:00:00,Active,RuPay,2029-09-11 00:00:00,2,
CD003385,A0006087,Debit,2023-07-08 00:00:00,2023-07-09 00:00:00,Active,Visa,2028-07-08 00:00:00,0,
CD003386,A0001611,Debit,2025-11-28 00:00:00,2025-12-01 00:00:00,Blocked,RuPay,2030-11-28 00:00:00,0,Stolen
CD003387,A0000533,Debit,2026-01-10 00:00:00,2026-01-10 00:00:00,Expired,Visa,2031-01-10 00:00:00,0,
CD003388,A0003481,Debit,2023-05-07 00:00:00,2023-05-11 00:00:00,Active,Visa,2028-05-07 00:00:00,0,
CD003389,A0000961,Debit,2022-04-19 00:00:00,2022-04-21 00:00:00,Active,Mastercard,2027-04-19 00:00:00,1,
CD003390,A0005361,Debit,2022-03-29 00:00:00,2022-04-02 00:00:00,Active,Visa,2027-03-29 00:00:00,1,
CD003391,A0006352,Credit,2022-07-10 00:00:00,2022-07-16 00:00:00,Active,RuPay,2027-07-10 00:00:00,1,
CD003392,A0002611,Debit,2025-07-14 00:00:00,2025-07-14 00:00:00,Active,RuPay,2030-07-14 00:00:00,0,
CD003393,A0003012,Debit,2023-11-10 00:00:00,2023-11-16 00:00:00,Active,Visa,2028-11-10 00:00:00,0,
CD003394,A0001730,Debit,2025-08-16 00:00:00,2025-08-18 00:00:00,Active,Visa,2030-08-16 00:00:00,0,
CD003395,A0003038,Credit,2025-10-09 00:00:00,2025-10-15 00:00:00,Active,RuPay,2030-10-09 00:00:00,0,
CD003396,A0001565,Debit,2022-12-31 00:00:00,2023-01-04 00:00:00,Active,Mastercard,2027-12-31 00:00:00,0,
CD003397,A0002436,Debit,2023-03-26 00:00:00,2023-04-01 00:00:00,Active,RuPay,2028-03-26 00:00:00,0,
CD003398,A0001234,Debit,2024-08-11 00:00:00,2024-08-18 00:00:00,Active,Mastercard,2029-08-11 00:00:00,0,
CD003399,A0001882,Debit,2022-12-06 00:00:00,2022-12-10 00:00:00,Active,Visa,2027-12-06 00:00:00,1,
CD003400,A0006301,Debit,2022-11-02 00:00:00,2022-11-05 00:00:00,Active,RuPay,2027-11-02 00:00:00,0,
CD003401,A0003635,Debit,2023-10-17 00:00:00,2023-10-17 00:00:00,Active,Visa,2028-10-17 00:00:00,0,
CD003402,A0000549,Debit,2023-10-01 00:00:00,2023-10-06 00:00:00,Active,Visa,2028-10-01 00:00:00,0,
CD003403,A0005953,Debit,2025-04-02 00:00:00,2025-04-07 00:00:00,Active,Mastercard,2030-04-02 00:00:00,0,
CD003404,A0003026,Debit,2022-05-18 00:00:00,2022-05-22 00:00:00,Blocked,RuPay,2027-05-18 00:00:00,0,Stolen
CD003405,A0001296,Debit,2026-04-05 00:00:00,2026-04-11 00:00:00,Active,Visa,2031-04-05 00:00:00,2,
CD003406,A0001201,Credit,2022-02-27 00:00:00,2022-02-27 00:00:00,Expired,Mastercard,2027-02-27 00:00:00,0,
CD003407,A0001998,Debit,2023-12-03 00:00:00,2023-12-03 00:00:00,Active,Mastercard,2028-12-03 00:00:00,0,
CD003408,A0002492,Debit,2022-07-19 00:00:00,2022-07-21 00:00:00,Active,RuPay,2027-07-19 00:00:00,0,
CD003409,A0000952,Debit,2025-06-30 00:00:00,2025-07-04 00:00:00,Active,Mastercard,2030-06-30 00:00:00,1,
CD003410,A0002755,Credit,2025-08-14 00:00:00,2025-08-16 00:00:00,Active,RuPay,2030-08-14 00:00:00,1,
CD003411,A0006417,Debit,2026-01-19 00:00:00,2026-01-20 00:00:00,Inactive,Visa,2031-01-19 00:00:00,0,
CD003412,A0005001,Debit,2025-10-14 00:00:00,2025-10-21 00:00:00,Blocked,RuPay,2030-10-14 00:00:00,0,Suspected Fraud
CD003413,A0000811,Debit,2026-03-11 00:00:00,2026-03-16 00:00:00,Active,Mastercard,2031-03-11 00:00:00,0,
CD003414,A0004537,Debit,2025-07-02 00:00:00,2025-07-09 00:00:00,Active,RuPay,2030-07-02 00:00:00,0,
CD003415,A0000905,Debit,2024-08-27 00:00:00,2024-09-03 00:00:00,Active,Visa,2029-08-27 00:00:00,0,
CD003416,A0006141,Debit,2026-06-06 00:00:00,2026-06-13 00:00:00,Active,RuPay,2031-06-06 00:00:00,1,
CD003417,A0000540,Debit,2024-12-24 00:00:00,2024-12-30 00:00:00,Active,RuPay,2029-12-24 00:00:00,0,
CD003418,A0000166,Debit,2023-04-12 00:00:00,2023-04-12 00:00:00,Active,Mastercard,2028-04-12 00:00:00,0,
CD003419,A0000505,Debit,2026-04-07 00:00:00,2026-04-07 00:00:00,Active,Visa,2031-04-07 00:00:00,1,
CD003420,A0005517,Credit,2022-10-10 00:00:00,2022-10-13 00:00:00,Active,Visa,2027-10-10 00:00:00,0,
CD003421,A0005004,Debit,2025-03-02 00:00:00,2025-03-06 00:00:00,Active,Visa,2030-03-02 00:00:00,1,
CD003422,A0005404,Debit,2026-01-15 00:00:00,2026-01-20 00:00:00,Blocked,Visa,2031-01-15 00:00:00,0,Customer Request
CD003423,A0005442,Debit,2025-05-20 00:00:00,2025-05-27 00:00:00,Active,RuPay,2030-05-20 00:00:00,0,
CD003424,A0003353,Debit,2022-10-17 00:00:00,2022-10-21 00:00:00,Active,RuPay,2027-10-17 00:00:00,1,
CD003425,A0004142,Debit,2025-09-27 00:00:00,2025-09-30 00:00:00,Active,Mastercard,2030-09-27 00:00:00,1,
CD003426,A0001971,Debit,2024-05-06 00:00:00,2024-05-07 00:00:00,Active,RuPay,2029-05-06 00:00:00,2,
CD003427,A0000138,Debit,2024-01-10 00:00:00,2024-01-14 00:00:00,Active,Visa,2029-01-10 00:00:00,0,
CD003428,A0001306,Debit,2024-10-09 00:00:00,2024-10-12 00:00:00,Active,Mastercard,2029-10-09 00:00:00,0,
CD003429,A0004347,Debit,2023-10-18 00:00:00,2023-10-19 00:00:00,Active,Mastercard,2028-10-18 00:00:00,0,
CD003430,A0001499,Debit,2023-03-24 00:00:00,2023-03-27 00:00:00,Active,Visa,2028-03-24 00:00:00,1,
CD003431,A0006345,Credit,2022-07-01 00:00:00,2022-07-08 00:00:00,Active,Mastercard,2027-07-01 00:00:00,0,
CD003432,A0006423,Debit,2024-07-12 00:00:00,2024-07-15 00:00:00,Active,Visa,2029-07-12 00:00:00,0,
CD003433,A0004156,Debit,2024-02-19 00:00:00,2024-02-22 00:00:00,Active,Visa,2029-02-19 00:00:00,0,
CD003434,A0006042,Credit,2024-01-10 00:00:00,2024-01-17 00:00:00,Active,Mastercard,2029-01-10 00:00:00,0,
CD003435,A0003496,Debit,2024-06-30 00:00:00,2024-07-06 00:00:00,Active,Mastercard,2029-06-30 00:00:00,1,
CD003436,A0005711,Credit,2023-03-17 00:00:00,2023-03-23 00:00:00,Active,Visa,2028-03-17 00:00:00,0,
CD003437,A0001008,Debit,2024-01-05 00:00:00,2024-01-12 00:00:00,Active,Mastercard,2029-01-05 00:00:00,0,
CD003438,A0004399,Debit,2023-05-30 00:00:00,2023-06-02 00:00:00,Active,Mastercard,2028-05-30 00:00:00,0,
CD003439,A0003413,Debit,2022-03-07 00:00:00,2022-03-11 00:00:00,Active,Visa,2027-03-07 00:00:00,0,
CD003440,A0001832,Debit,2025-06-01 00:00:00,2025-06-04 00:00:00,Active,Visa,2030-06-01 00:00:00,0,
CD003441,A0004430,Debit,2024-06-01 00:00:00,2024-06-05 00:00:00,Active,RuPay,2029-06-01 00:00:00,0,
CD003442,A0004308,Debit,2022-06-09 00:00:00,2022-06-09 00:00:00,Active,Mastercard,2027-06-09 00:00:00,0,
CD003443,A0003812,Debit,2025-07-21 00:00:00,2025-07-24 00:00:00,Active,RuPay,2030-07-21 00:00:00,0,
CD003444,A0003405,Debit,2025-03-23 00:00:00,2025-03-24 00:00:00,Active,Visa,2030-03-23 00:00:00,0,
CD003445,A0001078,Debit,2023-03-05 00:00:00,2023-03-05 00:00:00,Active,RuPay,2028-03-05 00:00:00,0,
CD003446,A0000349,Debit,2024-06-17 00:00:00,2024-06-21 00:00:00,Active,Visa,2029-06-17 00:00:00,0,
CD003447,A0005305,Debit,2024-07-14 00:00:00,2024-07-19 00:00:00,Blocked,RuPay,2029-07-14 00:00:00,0,Customer Request
CD003448,A0005642,Debit,2022-07-26 00:00:00,2022-08-01 00:00:00,Inactive,Visa,2027-07-26 00:00:00,0,
CD003449,A0001204,Debit,2022-03-05 00:00:00,2022-03-08 00:00:00,Blocked,Mastercard,2027-03-05 00:00:00,0,Customer Request
CD003450,A0004555,Debit,2022-01-12 00:00:00,2022-01-14 00:00:00,Blocked,Mastercard,2027-01-12 00:00:00,0,Stolen
CD003451,A0006226,Debit,2022-01-14 00:00:00,2022-01-19 00:00:00,Blocked,RuPay,2027-01-14 00:00:00,0,Suspected Fraud
CD003452,A0000517,Credit,2025-07-16 00:00:00,2025-07-19 00:00:00,Active,Visa,2030-07-16 00:00:00,0,
CD003453,A0006384,Credit,2022-02-08 00:00:00,2022-02-08 00:00:00,Active,Visa,2027-02-08 00:00:00,0,
CD003454,A0003430,Debit,2023-11-24 00:00:00,2023-11-28 00:00:00,Active,Visa,2028-11-24 00:00:00,3,
CD003455,A0005316,Credit,2022-11-23 00:00:00,2022-11-23 00:00:00,Active,RuPay,2027-11-23 00:00:00,1,
CD003456,A0001515,Debit,2025-01-20 00:00:00,2025-01-21 00:00:00,Active,Mastercard,2030-01-20 00:00:00,0,
CD003457,A0005118,Debit,2025-11-16 00:00:00,2025-11-23 00:00:00,Active,RuPay,2030-11-16 00:00:00,3,
CD003458,A0002856,Debit,2022-07-13 00:00:00,2022-07-16 00:00:00,Active,RuPay,2027-07-13 00:00:00,2,
CD003459,A0002744,Debit,2026-05-20 00:00:00,2026-05-27 00:00:00,Active,Visa,2031-05-20 00:00:00,0,
CD003460,A0004403,Debit,2024-01-12 00:00:00,2024-01-16 00:00:00,Active,RuPay,2029-01-12 00:00:00,0,
CD003461,A0000620,Credit,2023-07-20 00:00:00,2023-07-24 00:00:00,Expired,Mastercard,2028-07-20 00:00:00,0,
CD003462,A0003520,Debit,2024-09-24 00:00:00,2024-09-24 00:00:00,Active,Visa,2029-09-24 00:00:00,1,
CD003463,A0000221,Credit,2023-11-01 00:00:00,2023-11-03 00:00:00,Active,Mastercard,2028-11-01 00:00:00,0,
CD003464,A0001319,Debit,2024-12-01 00:00:00,2024-12-01 00:00:00,Active,RuPay,2029-12-01 00:00:00,0,
CD003465,A0001000,Credit,2023-01-27 00:00:00,2023-02-02 00:00:00,Active,Visa,2028-01-27 00:00:00,3,
CD003466,A0000272,Debit,2023-05-13 00:00:00,2023-05-15 00:00:00,Inactive,Mastercard,2028-05-13 00:00:00,0,
CD003467,A0003528,Debit,2025-11-30 00:00:00,2025-12-07 00:00:00,Active,Visa,2030-11-30 00:00:00,0,
CD003468,A0002144,Debit,2026-06-23 00:00:00,2026-06-25 00:00:00,Active,RuPay,2031-06-23 00:00:00,0,
CD003469,A0002565,Debit,2025-08-29 00:00:00,2025-09-03 00:00:00,Active,Visa,2030-08-29 00:00:00,1,
CD003470,A0004936,Credit,2025-10-24 00:00:00,2025-10-28 00:00:00,Inactive,RuPay,2030-10-24 00:00:00,0,
CD003471,A0000083,Debit,2023-05-14 00:00:00,2023-05-14 00:00:00,Active,Mastercard,2028-05-14 00:00:00,0,
CD003472,A0000507,Debit,2024-04-24 00:00:00,2024-04-30 00:00:00,Inactive,Mastercard,2029-04-24 00:00:00,0,
CD003473,A0006439,Debit,2022-05-05 00:00:00,2022-05-11 00:00:00,Active,RuPay,2027-05-05 00:00:00,0,
CD003474,A0005344,Debit,2024-07-10 00:00:00,2024-07-14 00:00:00,Active,Visa,2029-07-10 00:00:00,1,
CD003475,A0005515,Debit,2022-01-06 00:00:00,2022-01-12 00:00:00,Active,RuPay,2027-01-06 00:00:00,0,
CD003476,A0003651,Debit,2024-12-30 00:00:00,2025-01-05 00:00:00,Active,Visa,2029-12-30 00:00:00,0,
CD003477,A0005120,Debit,2024-10-26 00:00:00,2024-10-28 00:00:00,Active,RuPay,2029-10-26 00:00:00,0,
CD003478,A0001069,Credit,2022-04-22 00:00:00,2022-04-26 00:00:00,Active,Visa,2027-04-22 00:00:00,0,
CD003479,A0004471,Credit,2022-05-14 00:00:00,2022-05-21 00:00:00,Active,RuPay,2027-05-14 00:00:00,0,
CD003480,A0003869,Debit,2022-10-02 00:00:00,2022-10-02 00:00:00,Blocked,Visa,2027-10-02 00:00:00,0,Lost
CD003481,A0003600,Debit,2024-06-08 00:00:00,2024-06-09 00:00:00,Active,Visa,2029-06-08 00:00:00,0,
CD003482,A0004595,Debit,2022-09-25 00:00:00,2022-10-01 00:00:00,Active,Visa,2027-09-25 00:00:00,0,
CD003483,A0004889,Credit,2024-07-30 00:00:00,2024-08-01 00:00:00,Blocked,Visa,2029-07-30 00:00:00,0,Lost
CD003484,A0005936,Debit,2024-01-12 00:00:00,2024-01-13 00:00:00,Active,Visa,2029-01-12 00:00:00,0,
CD003485,A0001200,Debit,2022-01-10 00:00:00,2022-01-13 00:00:00,Active,Mastercard,2027-01-10 00:00:00,0,
CD003486,A0005209,Debit,2024-12-17 00:00:00,2024-12-17 00:00:00,Active,Visa,2029-12-17 00:00:00,0,
CD003487,A0004533,Debit,2022-06-19 00:00:00,2022-06-24 00:00:00,Expired,Visa,2027-06-19 00:00:00,3,
CD003488,A0005853,Credit,2025-04-14 00:00:00,2025-04-16 00:00:00,Blocked,Visa,2030-04-14 00:00:00,0,Stolen
CD003489,A0005299,Debit,2025-08-21 00:00:00,2025-08-26 00:00:00,Active,Visa,2030-08-21 00:00:00,1,
CD003490,A0000585,Credit,2025-04-13 00:00:00,2025-04-14 00:00:00,Inactive,Mastercard,2030-04-13 00:00:00,0,
CD003491,A0002157,Debit,2023-09-28 00:00:00,2023-10-04 00:00:00,Active,Visa,2028-09-28 00:00:00,0,
CD003492,A0001737,Credit,2024-03-18 00:00:00,2024-03-19 00:00:00,Active,RuPay,2029-03-18 00:00:00,0,
CD003493,A0005443,Credit,2023-09-17 00:00:00,2023-09-17 00:00:00,Blocked,RuPay,2028-09-17 00:00:00,0,Suspected Fraud
CD003494,A0001683,Debit,2023-07-28 00:00:00,2023-08-04 00:00:00,Active,Mastercard,2028-07-28 00:00:00,0,
CD003495,A0003514,Credit,2026-05-25 00:00:00,2026-05-25 00:00:00,Inactive,RuPay,2031-05-25 00:00:00,1,
CD003496,A0003714,Debit,2025-06-22 00:00:00,2025-06-27 00:00:00,Blocked,Visa,2030-06-22 00:00:00,1,Customer Request
CD003497,A0000979,Debit,2026-06-20 00:00:00,2026-06-23 00:00:00,Active,Mastercard,2031-06-20 00:00:00,0,
CD003498,A0001939,Debit,2022-01-16 00:00:00,2022-01-20 00:00:00,Active,Mastercard,2027-01-16 00:00:00,0,
CD003499,A0000550,Debit,2025-03-16 00:00:00,2025-03-21 00:00:00,Active,RuPay,2030-03-16 00:00:00,0,
CD003500,A0002463,Debit,2022-10-23 00:00:00,2022-10-24 00:00:00,Active,Visa,2027-10-23 00:00:00,0,
CD003501,A0002413,Debit,2022-10-18 00:00:00,2022-10-24 00:00:00,Active,Visa,2027-10-18 00:00:00,1,
CD003502,A0004831,Debit,2025-11-12 00:00:00,2025-11-12 00:00:00,Blocked,RuPay,2030-11-12 00:00:00,0,Suspected Fraud
CD003503,A0003370,Credit,2023-06-01 00:00:00,2023-06-06 00:00:00,Active,Visa,2028-06-01 00:00:00,0,
CD003504,A0004573,Credit,2024-07-12 00:00:00,2024-07-14 00:00:00,Active,Visa,2029-07-12 00:00:00,1,
CD003505,A0005104,Debit,2024-01-15 00:00:00,2024-01-19 00:00:00,Active,Visa,2029-01-15 00:00:00,0,
CD003506,A0002039,Debit,2022-05-20 00:00:00,2022-05-27 00:00:00,Active,Mastercard,2027-05-20 00:00:00,0,
CD003507,A0001689,Debit,2022-01-17 00:00:00,2022-01-17 00:00:00,Active,Mastercard,2027-01-17 00:00:00,0,
CD003508,A0001328,Debit,2026-06-14 00:00:00,2026-06-21 00:00:00,Active,Mastercard,2031-06-14 00:00:00,0,
CD003509,A0001759,Debit,2024-02-03 00:00:00,2024-02-09 00:00:00,Blocked,Mastercard,2029-02-03 00:00:00,1,Stolen
CD003510,A0003744,Debit,2023-09-27 00:00:00,2023-10-04 00:00:00,Expired,Visa,2028-09-27 00:00:00,0,
CD003511,A0006021,Debit,2022-01-20 00:00:00,2022-01-26 00:00:00,Active,Mastercard,2027-01-20 00:00:00,1,
CD003512,A0006209,Debit,2022-06-19 00:00:00,2022-06-25 00:00:00,Active,Mastercard,2027-06-19 00:00:00,0,
CD003513,A0001181,Debit,2023-04-07 00:00:00,2023-04-11 00:00:00,Active,Visa,2028-04-07 00:00:00,1,
CD003514,A0002238,Debit,2023-12-17 00:00:00,2023-12-18 00:00:00,Blocked,Mastercard,2028-12-17 00:00:00,1,Lost
CD003515,A0000967,Debit,2025-09-24 00:00:00,2025-09-28 00:00:00,Active,Visa,2030-09-24 00:00:00,0,
CD003516,A0000300,Debit,2024-12-05 00:00:00,2024-12-12 00:00:00,Active,Visa,2029-12-05 00:00:00,0,
CD003517,A0004264,Debit,2025-01-04 00:00:00,2025-01-09 00:00:00,Expired,RuPay,2030-01-04 00:00:00,1,
CD003518,A0001938,Debit,2022-03-29 00:00:00,2022-04-03 00:00:00,Expired,Mastercard,2027-03-29 00:00:00,0,
CD003519,A0003790,Debit,2022-05-31 00:00:00,2022-06-05 00:00:00,Active,Mastercard,2027-05-31 00:00:00,0,
CD003520,A0004510,Credit,2024-05-18 00:00:00,2024-05-25 00:00:00,Active,RuPay,2029-05-18 00:00:00,0,
CD003521,A0000279,Debit,2025-06-22 00:00:00,2025-06-29 00:00:00,Active,RuPay,2030-06-22 00:00:00,0,
CD003522,A0001756,Debit,2024-02-11 00:00:00,2024-02-15 00:00:00,Active,RuPay,2029-02-11 00:00:00,0,
CD003523,A0001752,Debit,2025-03-19 00:00:00,2025-03-22 00:00:00,Inactive,Visa,2030-03-19 00:00:00,0,
CD003524,A0006190,Credit,2023-06-17 00:00:00,2023-06-23 00:00:00,Active,Visa,2028-06-17 00:00:00,0,
CD003525,A0001485,Debit,2022-05-09 00:00:00,2022-05-13 00:00:00,Active,Visa,2027-05-09 00:00:00,1,
CD003526,A0000723,Debit,2024-09-03 00:00:00,2024-09-08 00:00:00,Blocked,RuPay,2029-09-03 00:00:00,0,Lost
CD003527,A0006113,Credit,2022-03-31 00:00:00,2022-04-05 00:00:00,Active,Visa,2027-03-31 00:00:00,0,
CD003528,A0003929,Debit,2024-08-16 00:00:00,2024-08-17 00:00:00,Active,RuPay,2029-08-16 00:00:00,0,
CD003529,A0005812,Debit,2025-07-01 00:00:00,2025-07-08 00:00:00,Expired,RuPay,2030-07-01 00:00:00,2,
CD003530,A0002330,Credit,2024-09-26 00:00:00,2024-10-03 00:00:00,Active,RuPay,2029-09-26 00:00:00,0,
CD003531,A0005025,Debit,2022-05-09 00:00:00,2022-05-11 00:00:00,Active,Visa,2027-05-09 00:00:00,0,
CD003532,A0005134,Credit,2024-06-11 00:00:00,2024-06-18 00:00:00,Expired,Visa,2029-06-11 00:00:00,0,
CD003533,A0001959,Debit,2024-07-10 00:00:00,2024-07-15 00:00:00,Active,Mastercard,2029-07-10 00:00:00,0,
CD003534,A0001508,Debit,2025-03-20 00:00:00,2025-03-20 00:00:00,Active,Mastercard,2030-03-20 00:00:00,0,
CD003535,A0003380,Debit,2023-05-27 00:00:00,2023-05-28 00:00:00,Active,Visa,2028-05-27 00:00:00,0,
CD003536,A0001787,Debit,2026-02-25 00:00:00,2026-03-04 00:00:00,Active,Mastercard,2031-02-25 00:00:00,0,
CD003537,A0005317,Debit,2024-09-18 00:00:00,2024-09-21 00:00:00,Active,Mastercard,2029-09-18 00:00:00,1,
CD003538,A0001962,Credit,2026-01-11 00:00:00,2026-01-14 00:00:00,Active,RuPay,2031-01-11 00:00:00,0,
CD003539,A0004547,Debit,2022-09-13 00:00:00,2022-09-13 00:00:00,Active,Mastercard,2027-09-13 00:00:00,2,
CD003540,A0001950,Debit,2023-09-06 00:00:00,2023-09-07 00:00:00,Active,RuPay,2028-09-06 00:00:00,1,
CD003541,A0002816,Debit,2022-03-03 00:00:00,2022-03-04 00:00:00,Active,Visa,2027-03-03 00:00:00,0,
CD003542,A0001258,Credit,2026-05-22 00:00:00,2026-05-28 00:00:00,Inactive,Mastercard,2031-05-22 00:00:00,1,
CD003543,A0003584,Debit,2022-02-22 00:00:00,2022-03-01 00:00:00,Inactive,RuPay,2027-02-22 00:00:00,1,
CD003544,A0001320,Debit,2025-04-01 00:00:00,2025-04-02 00:00:00,Active,Visa,2030-04-01 00:00:00,0,
CD003545,A0002490,Credit,2022-03-19 00:00:00,2022-03-19 00:00:00,Active,Visa,2027-03-19 00:00:00,0,
CD003546,A0003469,Debit,2022-02-14 00:00:00,2022-02-14 00:00:00,Blocked,Visa,2027-02-14 00:00:00,0,Suspected Fraud
CD003547,A0005576,Debit,2025-10-13 00:00:00,2025-10-17 00:00:00,Inactive,Mastercard,2030-10-13 00:00:00,0,
CD003548,A0000404,Debit,2024-01-16 00:00:00,2024-01-19 00:00:00,Active,Visa,2029-01-16 00:00:00,0,
CD003549,A0004108,Credit,2026-02-01 00:00:00,2026-02-06 00:00:00,Blocked,Visa,2031-02-01 00:00:00,0,Suspected Fraud
CD003550,A0003174,Debit,2026-05-01 00:00:00,2026-05-08 00:00:00,Active,RuPay,2031-05-01 00:00:00,0,
CD003551,A0003523,Credit,2022-04-11 00:00:00,2022-04-16 00:00:00,Active,RuPay,2027-04-11 00:00:00,0,
CD003552,A0001694,Debit,2022-05-01 00:00:00,2022-05-08 00:00:00,Active,Mastercard,2027-05-01 00:00:00,0,
CD003553,A0003725,Debit,2024-12-31 00:00:00,2025-01-07 00:00:00,Active,Mastercard,2029-12-31 00:00:00,1,
CD003554,A0003991,Debit,2026-02-19 00:00:00,2026-02-25 00:00:00,Active,RuPay,2031-02-19 00:00:00,0,
CD003555,A0004316,Debit,2024-07-09 00:00:00,2024-07-09 00:00:00,Active,RuPay,2029-07-09 00:00:00,0,
CD003556,A0005342,Debit,2024-03-02 00:00:00,2024-03-02 00:00:00,Expired,Mastercard,2029-03-02 00:00:00,0,
CD003557,A0006317,Debit,2024-01-13 00:00:00,2024-01-18 00:00:00,Active,RuPay,2029-01-13 00:00:00,0,
CD003558,A0000808,Debit,2022-12-27 00:00:00,2022-12-28 00:00:00,Active,Visa,2027-12-27 00:00:00,0,
CD003559,A0002534,Debit,2022-07-15 00:00:00,2022-07-16 00:00:00,Active,Visa,2027-07-15 00:00:00,1,
CD003560,A0002653,Debit,2024-10-29 00:00:00,2024-10-31 00:00:00,Active,Mastercard,2029-10-29 00:00:00,0,
CD003561,A0005264,Debit,2024-01-10 00:00:00,2024-01-14 00:00:00,Active,RuPay,2029-01-10 00:00:00,1,
CD003562,A0004518,Debit,2023-10-10 00:00:00,2023-10-16 00:00:00,Active,Mastercard,2028-10-10 00:00:00,0,
CD003563,A0003423,Debit,2024-06-14 00:00:00,2024-06-14 00:00:00,Active,Visa,2029-06-14 00:00:00,0,
CD003564,A0001332,Debit,2023-06-13 00:00:00,2023-06-13 00:00:00,Active,RuPay,2028-06-13 00:00:00,0,
CD003565,A0003076,Credit,2025-07-01 00:00:00,2025-07-06 00:00:00,Active,RuPay,2030-07-01 00:00:00,0,
CD003566,A0001383,Debit,2026-06-25 00:00:00,2026-06-29 00:00:00,Active,Visa,2031-06-25 00:00:00,0,
CD003567,A0003209,Debit,2025-05-22 00:00:00,2025-05-29 00:00:00,Active,Mastercard,2030-05-22 00:00:00,2,
CD003568,A0001987,Debit,2025-09-01 00:00:00,2025-09-08 00:00:00,Active,Visa,2030-09-01 00:00:00,0,
CD003569,A0006300,Credit,2024-02-18 00:00:00,2024-02-22 00:00:00,Inactive,Mastercard,2029-02-18 00:00:00,0,
CD003570,A0006214,Credit,2023-06-22 00:00:00,2023-06-23 00:00:00,Active,Mastercard,2028-06-22 00:00:00,0,
CD003571,A0003817,Debit,2024-10-17 00:00:00,2024-10-23 00:00:00,Active,Mastercard,2029-10-17 00:00:00,0,
CD003572,A0000444,Debit,2024-07-02 00:00:00,2024-07-02 00:00:00,Active,RuPay,2029-07-02 00:00:00,0,
CD003573,A0004332,Debit,2024-10-25 00:00:00,2024-10-27 00:00:00,Active,Mastercard,2029-10-25 00:00:00,0,
CD003574,A0000689,Credit,2024-10-31 00:00:00,2024-11-03 00:00:00,Active,RuPay,2029-10-31 00:00:00,0,
CD003575,A0003362,Debit,2022-02-19 00:00:00,2022-02-25 00:00:00,Inactive,Mastercard,2027-02-19 00:00:00,0,
CD003576,A0000183,Debit,2024-01-06 00:00:00,2024-01-07 00:00:00,Blocked,Visa,2029-01-06 00:00:00,0,Lost
CD003577,A0003880,Credit,2022-05-29 00:00:00,2022-06-01 00:00:00,Active,Mastercard,2027-05-29 00:00:00,0,
CD003578,A0005015,Credit,2024-02-24 00:00:00,2024-02-28 00:00:00,Active,RuPay,2029-02-24 00:00:00,0,
CD003579,A0005052,Debit,2025-01-16 00:00:00,2025-01-17 00:00:00,Expired,Visa,2030-01-16 00:00:00,0,
CD003580,A0001849,Credit,2025-07-23 00:00:00,2025-07-29 00:00:00,Blocked,Mastercard,2030-07-23 00:00:00,1,Suspected Fraud
CD003581,A0001650,Debit,2024-02-04 00:00:00,2024-02-09 00:00:00,Active,RuPay,2029-02-04 00:00:00,0,
CD003582,A0004953,Debit,2026-04-25 00:00:00,2026-04-27 00:00:00,Active,Visa,2031-04-25 00:00:00,1,
CD003583,A0003449,Debit,2023-04-01 00:00:00,2023-04-08 00:00:00,Inactive,RuPay,2028-04-01 00:00:00,0,
CD003584,A0003911,Debit,2022-10-17 00:00:00,2022-10-18 00:00:00,Active,Visa,2027-10-17 00:00:00,0,
CD003585,A0003431,Debit,2023-07-02 00:00:00,2023-07-09 00:00:00,Active,Mastercard,2028-07-02 00:00:00,1,
CD003586,A0003455,Debit,2026-04-05 00:00:00,2026-04-07 00:00:00,Blocked,RuPay,2031-04-05 00:00:00,0,Stolen
CD003587,A0000016,Debit,2024-04-19 00:00:00,2024-04-24 00:00:00,Active,Mastercard,2029-04-19 00:00:00,1,
CD003588,A0002679,Debit,2025-08-19 00:00:00,2025-08-23 00:00:00,Active,RuPay,2030-08-19 00:00:00,0,
CD003589,A0003797,Credit,2022-12-06 00:00:00,2022-12-11 00:00:00,Blocked,Visa,2027-12-06 00:00:00,0,Suspected Fraud
CD003590,A0004461,Debit,2022-04-07 00:00:00,2022-04-13 00:00:00,Active,RuPay,2027-04-07 00:00:00,0,
CD003591,A0006441,Debit,2024-10-03 00:00:00,2024-10-06 00:00:00,Active,Visa,2029-10-03 00:00:00,1,
CD003592,A0005411,Debit,2026-01-09 00:00:00,2026-01-15 00:00:00,Blocked,Visa,2031-01-09 00:00:00,0,Stolen
CD003593,A0004520,Debit,2026-01-09 00:00:00,2026-01-12 00:00:00,Expired,RuPay,2031-01-09 00:00:00,1,
CD003594,A0004468,Debit,2024-01-26 00:00:00,2024-01-30 00:00:00,Active,Visa,2029-01-26 00:00:00,3,
CD003595,A0000322,Debit,2024-06-07 00:00:00,2024-06-08 00:00:00,Active,Mastercard,2029-06-07 00:00:00,0,
CD003596,A0001394,Credit,2023-10-18 00:00:00,2023-10-18 00:00:00,Active,RuPay,2028-10-18 00:00:00,0,
CD003597,A0003270,Debit,2022-09-23 00:00:00,2022-09-28 00:00:00,Active,Mastercard,2027-09-23 00:00:00,0,
CD003598,A0001035,Debit,2025-10-04 00:00:00,2025-10-07 00:00:00,Active,Visa,2030-10-04 00:00:00,0,
CD003599,A0003289,Debit,2024-06-15 00:00:00,2024-06-22 00:00:00,Active,RuPay,2029-06-15 00:00:00,0,
CD003600,A0001561,Debit,2024-07-03 00:00:00,2024-07-04 00:00:00,Active,Mastercard,2029-07-03 00:00:00,0,
CD003601,A0002924,Debit,2022-07-30 00:00:00,2022-08-06 00:00:00,Active,Visa,2027-07-30 00:00:00,0,
CD003602,A0002540,Debit,2025-09-15 00:00:00,2025-09-17 00:00:00,Active,Visa,2030-09-15 00:00:00,0,
CD003603,A0002812,Credit,2023-06-29 00:00:00,2023-07-05 00:00:00,Active,RuPay,2028-06-29 00:00:00,0,
CD003604,A0005737,Debit,2023-09-24 00:00:00,2023-09-30 00:00:00,Active,Visa,2028-09-24 00:00:00,0,
CD003605,A0005431,Debit,2024-12-22 00:00:00,2024-12-22 00:00:00,Active,RuPay,2029-12-22 00:00:00,0,
CD003606,A0000084,Debit,2024-06-08 00:00:00,2024-06-14 00:00:00,Active,Visa,2029-06-08 00:00:00,0,
CD003607,A0005942,Debit,2025-02-21 00:00:00,2025-02-27 00:00:00,Active,RuPay,2030-02-21 00:00:00,0,
CD003608,A0000721,Debit,2024-11-07 00:00:00,2024-11-07 00:00:00,Active,RuPay,2029-11-07 00:00:00,1,
CD003609,A0001190,Debit,2022-08-14 00:00:00,2022-08-16 00:00:00,Active,Visa,2027-08-14 00:00:00,0,
CD003610,A0001495,Debit,2026-04-11 00:00:00,2026-04-17 00:00:00,Active,RuPay,2031-04-11 00:00:00,0,
CD003611,A0002602,Debit,2022-08-06 00:00:00,2022-08-08 00:00:00,Active,Visa,2027-08-06 00:00:00,0,
CD003612,A0004158,Debit,2025-08-01 00:00:00,2025-08-06 00:00:00,Active,Visa,2030-08-01 00:00:00,0,
CD003613,A0004859,Credit,2026-03-19 00:00:00,2026-03-26 00:00:00,Active,Mastercard,2031-03-19 00:00:00,0,
CD003614,A0006303,Debit,2022-11-15 00:00:00,2022-11-19 00:00:00,Blocked,Mastercard,2027-11-15 00:00:00,0,Lost
CD003615,A0004169,Debit,2025-09-03 00:00:00,2025-09-10 00:00:00,Active,RuPay,2030-09-03 00:00:00,0,
CD003616,A0001162,Debit,2022-12-14 00:00:00,2022-12-14 00:00:00,Active,Visa,2027-12-14 00:00:00,0,
CD003617,A0005730,Debit,2024-01-09 00:00:00,2024-01-14 00:00:00,Inactive,Visa,2029-01-09 00:00:00,0,
CD003618,A0004472,Debit,2025-09-06 00:00:00,2025-09-12 00:00:00,Expired,RuPay,2030-09-06 00:00:00,0,
CD003619,A0003772,Debit,2022-05-25 00:00:00,2022-05-29 00:00:00,Active,Visa,2027-05-25 00:00:00,0,
CD003620,A0005407,Debit,2025-01-02 00:00:00,2025-01-05 00:00:00,Active,Mastercard,2030-01-02 00:00:00,0,
CD003621,A0005392,Debit,2026-03-15 00:00:00,2026-03-15 00:00:00,Active,Mastercard,2031-03-15 00:00:00,1,
CD003622,A0003923,Debit,2024-03-25 00:00:00,2024-03-28 00:00:00,Expired,Visa,2029-03-25 00:00:00,0,
CD003623,A0005825,Debit,2025-04-28 00:00:00,2025-05-03 00:00:00,Inactive,Visa,2030-04-28 00:00:00,0,
CD003624,A0000745,Debit,2025-02-04 00:00:00,2025-02-10 00:00:00,Active,Mastercard,2030-02-04 00:00:00,0,
CD003625,A0005510,Debit,2024-07-01 00:00:00,2024-07-05 00:00:00,Active,RuPay,2029-07-01 00:00:00,0,
CD003626,A0000562,Debit,2024-08-12 00:00:00,2024-08-19 00:00:00,Active,Mastercard,2029-08-12 00:00:00,0,
CD003627,A0004789,Debit,2026-03-07 00:00:00,2026-03-09 00:00:00,Active,RuPay,2031-03-07 00:00:00,0,
CD003628,A0002185,Debit,2024-03-02 00:00:00,2024-03-05 00:00:00,Active,Visa,2029-03-02 00:00:00,0,
CD003629,A0001980,Debit,2023-08-06 00:00:00,2023-08-07 00:00:00,Active,Mastercard,2028-08-06 00:00:00,0,
CD003630,A0005584,Debit,2024-03-07 00:00:00,2024-03-11 00:00:00,Active,RuPay,2029-03-07 00:00:00,1,
CD003631,A0005665,Credit,2023-02-28 00:00:00,2023-03-07 00:00:00,Active,Visa,2028-02-28 00:00:00,0,
CD003632,A0000809,Debit,2026-03-28 00:00:00,2026-03-29 00:00:00,Active,Mastercard,2031-03-28 00:00:00,2,
CD003633,A0006211,Credit,2023-01-09 00:00:00,2023-01-15 00:00:00,Expired,Mastercard,2028-01-09 00:00:00,0,
CD003634,A0004292,Debit,2025-02-18 00:00:00,2025-02-18 00:00:00,Active,Mastercard,2030-02-18 00:00:00,1,
CD003635,A0000294,Debit,2023-12-27 00:00:00,2024-01-01 00:00:00,Active,Mastercard,2028-12-27 00:00:00,0,
CD003636,A0004132,Debit,2022-09-16 00:00:00,2022-09-19 00:00:00,Inactive,Mastercard,2027-09-16 00:00:00,0,
CD003637,A0004589,Debit,2022-08-27 00:00:00,2022-08-28 00:00:00,Active,Visa,2027-08-27 00:00:00,1,
CD003638,A0005504,Debit,2025-05-03 00:00:00,2025-05-03 00:00:00,Active,RuPay,2030-05-03 00:00:00,0,
CD003639,A0003882,Credit,2025-01-14 00:00:00,2025-01-14 00:00:00,Active,Mastercard,2030-01-14 00:00:00,0,
CD003640,A0000692,Debit,2022-09-04 00:00:00,2022-09-04 00:00:00,Active,RuPay,2027-09-04 00:00:00,1,
CD003641,A0002743,Debit,2024-06-29 00:00:00,2024-06-29 00:00:00,Active,Visa,2029-06-29 00:00:00,0,
CD003642,A0001903,Credit,2025-10-27 00:00:00,2025-10-30 00:00:00,Active,RuPay,2030-10-27 00:00:00,0,
CD003643,A0000598,Debit,2024-12-09 00:00:00,2024-12-15 00:00:00,Active,RuPay,2029-12-09 00:00:00,0,
CD003644,A0005222,Debit,2022-08-24 00:00:00,2022-08-26 00:00:00,Blocked,Mastercard,2027-08-24 00:00:00,0,Stolen
CD003645,A0003382,Credit,2024-12-19 00:00:00,2024-12-23 00:00:00,Active,RuPay,2029-12-19 00:00:00,0,
CD003646,A0002535,Debit,2022-11-02 00:00:00,2022-11-08 00:00:00,Expired,RuPay,2027-11-02 00:00:00,0,
CD003647,A0003344,Debit,2025-09-27 00:00:00,2025-09-27 00:00:00,Active,RuPay,2030-09-27 00:00:00,0,
CD003648,A0003916,Debit,2025-09-06 00:00:00,2025-09-06 00:00:00,Active,RuPay,2030-09-06 00:00:00,0,
CD003649,A0000807,Debit,2022-04-21 00:00:00,2022-04-26 00:00:00,Active,Visa,2027-04-21 00:00:00,1,
CD003650,A0002358,Debit,2022-06-03 00:00:00,2022-06-04 00:00:00,Inactive,RuPay,2027-06-03 00:00:00,0,
CD003651,A0001442,Debit,2022-08-29 00:00:00,2022-09-02 00:00:00,Active,Mastercard,2027-08-29 00:00:00,0,
CD003652,A0003551,Debit,2023-01-13 00:00:00,2023-01-16 00:00:00,Active,Visa,2028-01-13 00:00:00,0,
CD003653,A0003058,Debit,2022-03-28 00:00:00,2022-03-29 00:00:00,Inactive,Visa,2027-03-28 00:00:00,0,
CD003654,A0001871,Debit,2026-06-30 00:00:00,2026-07-01 00:00:00,Expired,Mastercard,2031-06-30 00:00:00,0,
CD003655,A0005391,Debit,2024-02-09 00:00:00,2024-02-11 00:00:00,Active,RuPay,2029-02-09 00:00:00,0,
CD003656,A0000373,Debit,2025-05-12 00:00:00,2025-05-17 00:00:00,Inactive,Mastercard,2030-05-12 00:00:00,0,
CD003657,A0001541,Debit,2024-10-02 00:00:00,2024-10-05 00:00:00,Active,Mastercard,2029-10-02 00:00:00,0,
CD003658,A0005444,Debit,2022-02-03 00:00:00,2022-02-05 00:00:00,Active,Mastercard,2027-02-03 00:00:00,0,
CD003659,A0004567,Debit,2022-03-26 00:00:00,2022-03-30 00:00:00,Active,Visa,2027-03-26 00:00:00,0,
CD003660,A0001526,Debit,2022-10-06 00:00:00,2022-10-11 00:00:00,Active,Visa,2027-10-06 00:00:00,0,
CD003661,A0005062,Debit,2023-03-01 00:00:00,2023-03-04 00:00:00,Active,Mastercard,2028-03-01 00:00:00,0,
CD003662,A0004283,Debit,2025-01-12 00:00:00,2025-01-16 00:00:00,Active,RuPay,2030-01-12 00:00:00,0,
CD003663,A0000049,Debit,2025-02-23 00:00:00,2025-02-27 00:00:00,Active,RuPay,2030-02-23 00:00:00,0,
CD003664,A0002315,Debit,2024-11-20 00:00:00,2024-11-24 00:00:00,Active,Mastercard,2029-11-20 00:00:00,0,
CD003665,A0001161,Debit,2025-12-27 00:00:00,2025-12-28 00:00:00,Active,Visa,2030-12-27 00:00:00,0,
CD003666,A0001713,Debit,2022-07-03 00:00:00,2022-07-05 00:00:00,Blocked,Visa,2027-07-03 00:00:00,1,Customer Request
CD003667,A0006350,Debit,2022-07-25 00:00:00,2022-07-28 00:00:00,Active,RuPay,2027-07-25 00:00:00,1,
CD003668,A0003474,Debit,2022-09-19 00:00:00,2022-09-25 00:00:00,Active,Mastercard,2027-09-19 00:00:00,0,
CD003669,A0003607,Credit,2022-10-10 00:00:00,2022-10-11 00:00:00,Active,Visa,2027-10-10 00:00:00,0,
CD003670,A0004056,Debit,2023-03-17 00:00:00,2023-03-22 00:00:00,Active,Visa,2028-03-17 00:00:00,0,
CD003671,A0002340,Debit,2022-04-03 00:00:00,2022-04-09 00:00:00,Active,RuPay,2027-04-03 00:00:00,0,
CD003672,A0004701,Debit,2026-01-18 00:00:00,2026-01-20 00:00:00,Inactive,RuPay,2031-01-18 00:00:00,0,
CD003673,A0001560,Debit,2024-08-22 00:00:00,2024-08-23 00:00:00,Blocked,RuPay,2029-08-22 00:00:00,2,Customer Request
CD003674,A0002496,Credit,2025-03-04 00:00:00,2025-03-10 00:00:00,Active,Mastercard,2030-03-04 00:00:00,0,
CD003675,A0004912,Debit,2024-10-17 00:00:00,2024-10-17 00:00:00,Active,Mastercard,2029-10-17 00:00:00,0,
CD003676,A0006149,Debit,2023-01-10 00:00:00,2023-01-10 00:00:00,Active,Visa,2028-01-10 00:00:00,0,
CD003677,A0001621,Debit,2024-09-12 00:00:00,2024-09-15 00:00:00,Active,Visa,2029-09-12 00:00:00,0,
CD003678,A0006016,Debit,2023-09-23 00:00:00,2023-09-23 00:00:00,Active,Visa,2028-09-23 00:00:00,0,
CD003679,A0003173,Credit,2022-07-09 00:00:00,2022-07-16 00:00:00,Active,Mastercard,2027-07-09 00:00:00,1,
CD003680,A0005922,Debit,2023-05-29 00:00:00,2023-06-03 00:00:00,Active,Mastercard,2028-05-29 00:00:00,0,
CD003681,A0004615,Debit,2026-04-13 00:00:00,2026-04-19 00:00:00,Active,Visa,2031-04-13 00:00:00,0,
CD003682,A0006462,Debit,2023-12-09 00:00:00,2023-12-15 00:00:00,Active,Visa,2028-12-09 00:00:00,0,
CD003683,A0004017,Credit,2023-07-31 00:00:00,2023-08-02 00:00:00,Active,Visa,2028-07-31 00:00:00,0,
CD003684,A0003521,Debit,2022-10-17 00:00:00,2022-10-22 00:00:00,Active,Visa,2027-10-17 00:00:00,0,
CD003685,A0003704,Credit,2026-04-05 00:00:00,2026-04-12 00:00:00,Active,RuPay,2031-04-05 00:00:00,0,
CD003686,A0005333,Debit,2022-09-01 00:00:00,2022-09-01 00:00:00,Expired,RuPay,2027-09-01 00:00:00,0,
CD003687,A0000416,Debit,2022-07-02 00:00:00,2022-07-07 00:00:00,Active,Visa,2027-07-02 00:00:00,0,
CD003688,A0005957,Credit,2022-05-11 00:00:00,2022-05-11 00:00:00,Active,Mastercard,2027-05-11 00:00:00,0,
CD003689,A0001542,Debit,2024-09-05 00:00:00,2024-09-12 00:00:00,Active,Mastercard,2029-09-05 00:00:00,0,
CD003690,A0001718,Debit,2025-03-03 00:00:00,2025-03-06 00:00:00,Active,Visa,2030-03-03 00:00:00,0,
CD003691,A0002963,Credit,2023-01-16 00:00:00,2023-01-23 00:00:00,Active,Mastercard,2028-01-16 00:00:00,1,
CD003692,A0002454,Debit,2023-03-20 00:00:00,2023-03-24 00:00:00,Active,Mastercard,2028-03-20 00:00:00,0,
CD003693,A0003300,Credit,2022-04-04 00:00:00,2022-04-09 00:00:00,Blocked,RuPay,2027-04-04 00:00:00,0,Suspected Fraud
CD003694,A0005930,Debit,2024-07-13 00:00:00,2024-07-14 00:00:00,Active,Mastercard,2029-07-13 00:00:00,0,
CD003695,A0001406,Debit,2024-04-26 00:00:00,2024-04-29 00:00:00,Active,Visa,2029-04-26 00:00:00,0,
CD003696,A0002644,Credit,2023-10-27 00:00:00,2023-10-29 00:00:00,Active,Visa,2028-10-27 00:00:00,0,
CD003697,A0005675,Debit,2025-02-13 00:00:00,2025-02-16 00:00:00,Active,Mastercard,2030-02-13 00:00:00,0,
CD003698,A0002776,Credit,2024-02-18 00:00:00,2024-02-25 00:00:00,Active,RuPay,2029-02-18 00:00:00,0,
CD003699,A0005208,Debit,2023-02-04 00:00:00,2023-02-11 00:00:00,Active,Visa,2028-02-04 00:00:00,0,
CD003700,A0002254,Debit,2024-01-23 00:00:00,2024-01-30 00:00:00,Active,Visa,2029-01-23 00:00:00,0,
CD003701,A0000617,Debit,2024-07-05 00:00:00,2024-07-10 00:00:00,Blocked,Mastercard,2029-07-05 00:00:00,0,Customer Request
CD003702,A0002838,Credit,2025-11-26 00:00:00,2025-11-26 00:00:00,Active,RuPay,2030-11-26 00:00:00,0,
CD003703,A0004028,Debit,2022-03-29 00:00:00,2022-04-03 00:00:00,Active,Visa,2027-03-29 00:00:00,1,
CD003704,A0003016,Debit,2023-05-26 00:00:00,2023-06-02 00:00:00,Active,Mastercard,2028-05-26 00:00:00,0,
CD003705,A0003524,Credit,2022-03-23 00:00:00,2022-03-23 00:00:00,Active,Mastercard,2027-03-23 00:00:00,0,
CD003706,A0005432,Debit,2022-06-25 00:00:00,2022-06-25 00:00:00,Active,Visa,2027-06-25 00:00:00,1,
CD003707,A0004068,Credit,2026-04-24 00:00:00,2026-04-29 00:00:00,Inactive,RuPay,2031-04-24 00:00:00,0,
CD003708,A0000441,Debit,2023-04-11 00:00:00,2023-04-17 00:00:00,Active,RuPay,2028-04-11 00:00:00,0,
CD003709,A0003844,Debit,2022-10-11 00:00:00,2022-10-12 00:00:00,Active,Mastercard,2027-10-11 00:00:00,3,
CD003710,A0002269,Debit,2025-08-23 00:00:00,2025-08-27 00:00:00,Active,RuPay,2030-08-23 00:00:00,0,
CD003711,A0002593,Debit,2026-05-30 00:00:00,2026-06-06 00:00:00,Inactive,Visa,2031-05-30 00:00:00,0,
CD003712,A0003258,Credit,2024-08-11 00:00:00,2024-08-13 00:00:00,Active,RuPay,2029-08-11 00:00:00,0,
CD003713,A0005149,Debit,2025-07-14 00:00:00,2025-07-21 00:00:00,Active,Visa,2030-07-14 00:00:00,2,
CD003714,A0003106,Debit,2024-07-07 00:00:00,2024-07-13 00:00:00,Expired,Visa,2029-07-07 00:00:00,2,
CD003715,A0002000,Credit,2022-05-01 00:00:00,2022-05-08 00:00:00,Active,Visa,2027-05-01 00:00:00,0,
CD003716,A0001597,Credit,2024-10-08 00:00:00,2024-10-09 00:00:00,Active,Mastercard,2029-10-08 00:00:00,1,
CD003717,A0004908,Debit,2024-12-24 00:00:00,2024-12-24 00:00:00,Active,Mastercard,2029-12-24 00:00:00,0,
CD003718,A0005677,Debit,2023-07-11 00:00:00,2023-07-18 00:00:00,Inactive,RuPay,2028-07-11 00:00:00,0,
CD003719,A0000147,Debit,2024-08-16 00:00:00,2024-08-23 00:00:00,Expired,RuPay,2029-08-16 00:00:00,0,
CD003720,A0000956,Debit,2024-04-07 00:00:00,2024-04-12 00:00:00,Active,Visa,2029-04-07 00:00:00,0,
CD003721,A0006496,Debit,2024-01-08 00:00:00,2024-01-09 00:00:00,Expired,Visa,2029-01-08 00:00:00,0,
CD003722,A0005526,Credit,2024-09-04 00:00:00,2024-09-05 00:00:00,Active,RuPay,2029-09-04 00:00:00,1,
CD003723,A0001580,Debit,2022-04-08 00:00:00,2022-04-11 00:00:00,Inactive,Visa,2027-04-08 00:00:00,1,
CD003724,A0001407,Debit,2023-09-14 00:00:00,2023-09-20 00:00:00,Active,Visa,2028-09-14 00:00:00,0,
CD003725,A0004718,Debit,2022-11-12 00:00:00,2022-11-13 00:00:00,Active,Mastercard,2027-11-12 00:00:00,0,
CD003726,A0004602,Debit,2022-06-02 00:00:00,2022-06-04 00:00:00,Active,Mastercard,2027-06-02 00:00:00,0,
CD003727,A0005612,Debit,2022-12-06 00:00:00,2022-12-07 00:00:00,Active,Visa,2027-12-06 00:00:00,0,
CD003728,A0000330,Debit,2022-04-09 00:00:00,2022-04-14 00:00:00,Active,RuPay,2027-04-09 00:00:00,0,
CD003729,A0003910,Debit,2023-12-03 00:00:00,2023-12-05 00:00:00,Active,Visa,2028-12-03 00:00:00,0,
CD003730,A0003107,Debit,2026-05-20 00:00:00,2026-05-25 00:00:00,Active,Visa,2031-05-20 00:00:00,1,
CD003731,A0001265,Credit,2024-11-09 00:00:00,2024-11-11 00:00:00,Active,Mastercard,2029-11-09 00:00:00,0,
CD003732,A0001039,Debit,2024-09-22 00:00:00,2024-09-27 00:00:00,Active,Visa,2029-09-22 00:00:00,0,
CD003733,A0003072,Debit,2024-10-29 00:00:00,2024-10-30 00:00:00,Active,RuPay,2029-10-29 00:00:00,0,
CD003734,A0005257,Debit,2024-05-18 00:00:00,2024-05-22 00:00:00,Active,Mastercard,2029-05-18 00:00:00,0,
CD003735,A0003021,Debit,2024-06-22 00:00:00,2024-06-27 00:00:00,Active,Visa,2029-06-22 00:00:00,0,
CD003736,A0000501,Debit,2022-11-07 00:00:00,2022-11-12 00:00:00,Inactive,Mastercard,2027-11-07 00:00:00,0,
CD003737,A0003980,Debit,2022-09-30 00:00:00,2022-10-06 00:00:00,Active,RuPay,2027-09-30 00:00:00,0,
CD003738,A0000857,Debit,2022-07-24 00:00:00,2022-07-28 00:00:00,Active,Mastercard,2027-07-24 00:00:00,0,
CD003739,A0006467,Credit,2025-12-23 00:00:00,2025-12-27 00:00:00,Active,Mastercard,2030-12-23 00:00:00,0,
CD003740,A0003756,Debit,2023-11-02 00:00:00,2023-11-06 00:00:00,Inactive,RuPay,2028-11-02 00:00:00,0,
CD003741,A0005741,Debit,2022-06-14 00:00:00,2022-06-19 00:00:00,Blocked,Mastercard,2027-06-14 00:00:00,0,Stolen
CD003742,A0002865,Debit,2023-07-02 00:00:00,2023-07-09 00:00:00,Blocked,Mastercard,2028-07-02 00:00:00,1,Lost
CD003743,A0004784,Debit,2024-08-31 00:00:00,2024-09-05 00:00:00,Active,RuPay,2029-08-31 00:00:00,0,
CD003744,A0003900,Debit,2024-10-08 00:00:00,2024-10-14 00:00:00,Active,Mastercard,2029-10-08 00:00:00,0,
CD003745,A0006321,Debit,2022-09-02 00:00:00,2022-09-03 00:00:00,Active,Visa,2027-09-02 00:00:00,0,
CD003746,A0005585,Debit,2025-12-23 00:00:00,2025-12-28 00:00:00,Active,Mastercard,2030-12-23 00:00:00,0,
CD003747,A0006431,Credit,2025-05-18 00:00:00,2025-05-20 00:00:00,Active,Mastercard,2030-05-18 00:00:00,0,
CD003748,A0004911,Debit,2026-03-15 00:00:00,2026-03-17 00:00:00,Active,Mastercard,2031-03-15 00:00:00,0,
CD003749,A0001248,Debit,2024-10-31 00:00:00,2024-11-05 00:00:00,Active,Mastercard,2029-10-31 00:00:00,0,
CD003750,A0004438,Credit,2022-02-11 00:00:00,2022-02-16 00:00:00,Active,RuPay,2027-02-11 00:00:00,2,
CD003751,A0003820,Debit,2023-03-28 00:00:00,2023-04-03 00:00:00,Active,Mastercard,2028-03-28 00:00:00,0,
CD003752,A0001786,Debit,2026-03-16 00:00:00,2026-03-23 00:00:00,Active,Mastercard,2031-03-16 00:00:00,0,
CD003753,A0001575,Debit,2025-10-18 00:00:00,2025-10-24 00:00:00,Active,Visa,2030-10-18 00:00:00,1,
CD003754,A0001276,Debit,2023-01-07 00:00:00,2023-01-13 00:00:00,Active,RuPay,2028-01-07 00:00:00,0,
CD003755,A0006022,Debit,2024-04-13 00:00:00,2024-04-19 00:00:00,Active,Mastercard,2029-04-13 00:00:00,0,
CD003756,A0002941,Credit,2025-03-22 00:00:00,2025-03-26 00:00:00,Active,Mastercard,2030-03-22 00:00:00,0,
CD003757,A0002576,Debit,2025-05-12 00:00:00,2025-05-15 00:00:00,Active,Mastercard,2030-05-12 00:00:00,0,
CD003758,A0003871,Debit,2023-10-20 00:00:00,2023-10-27 00:00:00,Expired,RuPay,2028-10-20 00:00:00,0,
CD003759,A0004319,Debit,2024-08-26 00:00:00,2024-08-29 00:00:00,Active,Mastercard,2029-08-26 00:00:00,1,
CD003760,A0004385,Debit,2024-03-16 00:00:00,2024-03-18 00:00:00,Active,RuPay,2029-03-16 00:00:00,0,
CD003761,A0000457,Credit,2022-01-09 00:00:00,2022-01-13 00:00:00,Blocked,Visa,2027-01-09 00:00:00,0,Stolen
CD003762,A0000603,Debit,2023-11-25 00:00:00,2023-11-27 00:00:00,Active,Visa,2028-11-25 00:00:00,0,
CD003763,A0002523,Debit,2022-11-11 00:00:00,2022-11-12 00:00:00,Blocked,RuPay,2027-11-11 00:00:00,0,Lost
CD003764,A0006194,Debit,2023-06-10 00:00:00,2023-06-15 00:00:00,Active,Visa,2028-06-10 00:00:00,1,
CD003765,A0000074,Debit,2024-02-02 00:00:00,2024-02-02 00:00:00,Expired,RuPay,2029-02-02 00:00:00,0,
CD003766,A0000955,Debit,2024-05-26 00:00:00,2024-05-28 00:00:00,Active,Visa,2029-05-26 00:00:00,1,
CD003767,A0001870,Credit,2024-08-04 00:00:00,2024-08-05 00:00:00,Active,RuPay,2029-08-04 00:00:00,0,
CD003768,A0000593,Debit,2022-07-31 00:00:00,2022-08-02 00:00:00,Active,Mastercard,2027-07-31 00:00:00,0,
CD003769,A0004359,Debit,2024-07-12 00:00:00,2024-07-12 00:00:00,Active,Visa,2029-07-12 00:00:00,0,
CD003770,A0001402,Debit,2023-05-07 00:00:00,2023-05-10 00:00:00,Active,RuPay,2028-05-07 00:00:00,0,
CD003771,A0002016,Debit,2024-12-12 00:00:00,2024-12-18 00:00:00,Active,Mastercard,2029-12-12 00:00:00,0,
CD003772,A0002926,Debit,2025-04-10 00:00:00,2025-04-17 00:00:00,Active,Visa,2030-04-10 00:00:00,0,
CD003773,A0002478,Debit,2026-06-24 00:00:00,2026-06-30 00:00:00,Active,RuPay,2031-06-24 00:00:00,0,
CD003774,A0004848,Credit,2023-07-25 00:00:00,2023-07-29 00:00:00,Active,Mastercard,2028-07-25 00:00:00,1,
CD003775,A0002901,Debit,2023-04-03 00:00:00,2023-04-05 00:00:00,Active,RuPay,2028-04-03 00:00:00,0,
CD003776,A0001252,Debit,2024-10-19 00:00:00,2024-10-19 00:00:00,Active,Mastercard,2029-10-19 00:00:00,0,
CD003777,A0003301,Credit,2022-01-07 00:00:00,2022-01-12 00:00:00,Active,RuPay,2027-01-07 00:00:00,0,
CD003778,A0005632,Debit,2025-10-28 00:00:00,2025-10-28 00:00:00,Active,Mastercard,2030-10-28 00:00:00,0,
CD003779,A0002711,Debit,2026-03-11 00:00:00,2026-03-13 00:00:00,Active,Mastercard,2031-03-11 00:00:00,0,
CD003780,A0000641,Debit,2024-09-03 00:00:00,2024-09-04 00:00:00,Expired,Mastercard,2029-09-03 00:00:00,0,
CD003781,A0005793,Debit,2022-05-28 00:00:00,2022-06-04 00:00:00,Active,RuPay,2027-05-28 00:00:00,0,
CD003782,A0001595,Credit,2024-06-19 00:00:00,2024-06-25 00:00:00,Active,Mastercard,2029-06-19 00:00:00,0,
CD003783,A0002186,Debit,2022-10-08 00:00:00,2022-10-12 00:00:00,Blocked,Mastercard,2027-10-08 00:00:00,1,Lost
CD003784,A0004894,Debit,2022-02-12 00:00:00,2022-02-15 00:00:00,Active,Visa,2027-02-12 00:00:00,0,
CD003785,A0004434,Debit,2022-03-21 00:00:00,2022-03-28 00:00:00,Inactive,RuPay,2027-03-21 00:00:00,0,
CD003786,A0005784,Debit,2024-03-09 00:00:00,2024-03-10 00:00:00,Expired,Visa,2029-03-09 00:00:00,0,
CD003787,A0004928,Credit,2023-05-20 00:00:00,2023-05-22 00:00:00,Inactive,RuPay,2028-05-20 00:00:00,0,
CD003788,A0003071,Debit,2022-02-09 00:00:00,2022-02-16 00:00:00,Active,Mastercard,2027-02-09 00:00:00,0,
CD003789,A0001048,Credit,2025-03-07 00:00:00,2025-03-09 00:00:00,Active,Visa,2030-03-07 00:00:00,0,
CD003790,A0005635,Debit,2023-03-29 00:00:00,2023-03-29 00:00:00,Active,RuPay,2028-03-29 00:00:00,0,
CD003791,A0000181,Credit,2026-02-07 00:00:00,2026-02-14 00:00:00,Active,Visa,2031-02-07 00:00:00,1,
CD003792,A0001824,Debit,2023-10-22 00:00:00,2023-10-25 00:00:00,Active,Visa,2028-10-22 00:00:00,2,
CD003793,A0001670,Credit,2023-07-19 00:00:00,2023-07-22 00:00:00,Active,Mastercard,2028-07-19 00:00:00,0,
CD003794,A0000544,Credit,2023-04-06 00:00:00,2023-04-06 00:00:00,Active,Visa,2028-04-06 00:00:00,0,
CD003795,A0004431,Debit,2023-08-21 00:00:00,2023-08-27 00:00:00,Active,Visa,2028-08-21 00:00:00,0,
CD003796,A0001236,Credit,2023-04-08 00:00:00,2023-04-14 00:00:00,Active,Mastercard,2028-04-08 00:00:00,0,
CD003797,A0002048,Credit,2023-03-04 00:00:00,2023-03-10 00:00:00,Active,Visa,2028-03-04 00:00:00,0,
CD003798,A0000495,Debit,2022-06-18 00:00:00,2022-06-18 00:00:00,Active,RuPay,2027-06-18 00:00:00,0,
CD003799,A0000678,Credit,2022-12-26 00:00:00,2022-12-27 00:00:00,Active,Visa,2027-12-26 00:00:00,1,
CD003800,A0000579,Debit,2026-02-19 00:00:00,2026-02-26 00:00:00,Inactive,Visa,2031-02-19 00:00:00,0,
CD003801,A0004162,Credit,2024-01-24 00:00:00,2024-01-26 00:00:00,Active,RuPay,2029-01-24 00:00:00,0,
CD003802,A0002230,Debit,2022-11-04 00:00:00,2022-11-04 00:00:00,Active,Visa,2027-11-04 00:00:00,1,
CD003803,A0003278,Credit,2022-02-02 00:00:00,2022-02-02 00:00:00,Active,Visa,2027-02-02 00:00:00,1,
CD003804,A0001221,Debit,2026-06-09 00:00:00,2026-06-15 00:00:00,Inactive,Visa,2031-06-09 00:00:00,1,
CD003805,A0002393,Debit,2022-01-08 00:00:00,2022-01-08 00:00:00,Active,Visa,2027-01-08 00:00:00,0,
CD003806,A0002683,Debit,2023-06-01 00:00:00,2023-06-06 00:00:00,Active,Mastercard,2028-06-01 00:00:00,0,
CD003807,A0003669,Debit,2022-05-05 00:00:00,2022-05-08 00:00:00,Active,RuPay,2027-05-05 00:00:00,0,
CD003808,A0001076,Debit,2025-04-03 00:00:00,2025-04-05 00:00:00,Active,Visa,2030-04-03 00:00:00,0,
CD003809,A0003294,Debit,2023-09-08 00:00:00,2023-09-10 00:00:00,Inactive,RuPay,2028-09-08 00:00:00,0,
CD003810,A0005325,Debit,2023-03-29 00:00:00,2023-03-31 00:00:00,Active,Mastercard,2028-03-29 00:00:00,0,
CD003811,A0003019,Debit,2023-10-08 00:00:00,2023-10-10 00:00:00,Active,Mastercard,2028-10-08 00:00:00,0,
CD003812,A0006110,Debit,2022-06-12 00:00:00,2022-06-14 00:00:00,Active,RuPay,2027-06-12 00:00:00,0,
CD003813,A0001113,Debit,2026-06-20 00:00:00,2026-06-23 00:00:00,Inactive,Visa,2031-06-20 00:00:00,0,
CD003814,A0005144,Debit,2025-09-02 00:00:00,2025-09-08 00:00:00,Active,Mastercard,2030-09-02 00:00:00,2,
CD003815,A0005770,Debit,2025-03-22 00:00:00,2025-03-28 00:00:00,Active,Mastercard,2030-03-22 00:00:00,0,
CD003816,A0005475,Debit,2025-05-25 00:00:00,2025-05-29 00:00:00,Active,Visa,2030-05-25 00:00:00,0,
CD003817,A0004236,Debit,2025-11-04 00:00:00,2025-11-08 00:00:00,Active,Mastercard,2030-11-04 00:00:00,0,
CD003818,A0001228,Credit,2026-01-05 00:00:00,2026-01-12 00:00:00,Active,RuPay,2031-01-05 00:00:00,0,
CD003819,A0005749,Debit,2025-07-25 00:00:00,2025-07-30 00:00:00,Active,Mastercard,2030-07-25 00:00:00,0,
CD003820,A0004751,Debit,2025-06-16 00:00:00,2025-06-23 00:00:00,Active,Visa,2030-06-16 00:00:00,1,
CD003821,A0002070,Debit,2024-02-13 00:00:00,2024-02-19 00:00:00,Active,Visa,2029-02-13 00:00:00,0,
CD003822,A0006318,Debit,2023-12-06 00:00:00,2023-12-09 00:00:00,Active,RuPay,2028-12-06 00:00:00,0,
CD003823,A0001523,Debit,2024-02-21 00:00:00,2024-02-23 00:00:00,Active,Mastercard,2029-02-21 00:00:00,0,
CD003824,A0003315,Debit,2025-04-24 00:00:00,2025-04-30 00:00:00,Inactive,RuPay,2030-04-24 00:00:00,0,
CD003825,A0004407,Debit,2026-04-26 00:00:00,2026-05-01 00:00:00,Active,Visa,2031-04-26 00:00:00,0,
CD003826,A0002211,Debit,2026-03-21 00:00:00,2026-03-25 00:00:00,Inactive,Visa,2031-03-21 00:00:00,1,
CD003827,A0000539,Debit,2023-01-29 00:00:00,2023-02-02 00:00:00,Active,Visa,2028-01-29 00:00:00,2,
CD003828,A0002005,Debit,2022-01-22 00:00:00,2022-01-24 00:00:00,Active,RuPay,2027-01-22 00:00:00,0,
CD003829,A0006032,Debit,2025-09-26 00:00:00,2025-09-30 00:00:00,Active,Mastercard,2030-09-26 00:00:00,2,
CD003830,A0002276,Debit,2023-08-28 00:00:00,2023-09-03 00:00:00,Active,Visa,2028-08-28 00:00:00,0,
CD003831,A0006283,Debit,2026-06-22 00:00:00,2026-06-25 00:00:00,Active,Visa,2031-06-22 00:00:00,0,
CD003832,A0000359,Debit,2026-04-08 00:00:00,2026-04-09 00:00:00,Active,RuPay,2031-04-08 00:00:00,1,
CD003833,A0003253,Credit,2023-04-12 00:00:00,2023-04-12 00:00:00,Active,Mastercard,2028-04-12 00:00:00,0,
CD003834,A0000182,Debit,2023-11-09 00:00:00,2023-11-14 00:00:00,Active,RuPay,2028-11-09 00:00:00,1,
CD003835,A0002045,Debit,2025-07-18 00:00:00,2025-07-23 00:00:00,Active,Visa,2030-07-18 00:00:00,0,
CD003836,A0005948,Debit,2023-03-31 00:00:00,2023-04-05 00:00:00,Active,Mastercard,2028-03-31 00:00:00,0,
CD003837,A0005056,Credit,2026-03-24 00:00:00,2026-03-28 00:00:00,Active,Visa,2031-03-24 00:00:00,0,
CD003838,A0000231,Debit,2023-07-22 00:00:00,2023-07-28 00:00:00,Active,RuPay,2028-07-22 00:00:00,1,
CD003839,A0005376,Debit,2026-02-23 00:00:00,2026-02-24 00:00:00,Active,Visa,2031-02-23 00:00:00,1,
CD003840,A0005714,Credit,2022-11-23 00:00:00,2022-11-29 00:00:00,Inactive,Visa,2027-11-23 00:00:00,1,
CD003841,A0004954,Debit,2022-01-26 00:00:00,2022-01-27 00:00:00,Active,RuPay,2027-01-26 00:00:00,2,
CD003842,A0001712,Debit,2024-02-20 00:00:00,2024-02-23 00:00:00,Active,Visa,2029-02-20 00:00:00,3,
CD003843,A0001312,Credit,2024-07-14 00:00:00,2024-07-14 00:00:00,Active,Mastercard,2029-07-14 00:00:00,0,
CD003844,A0006410,Credit,2025-01-13 00:00:00,2025-01-16 00:00:00,Active,Mastercard,2030-01-13 00:00:00,0,
CD003845,A0005976,Debit,2026-01-17 00:00:00,2026-01-21 00:00:00,Active,Visa,2031-01-17 00:00:00,0,
CD003846,A0000571,Debit,2025-11-27 00:00:00,2025-12-02 00:00:00,Active,Mastercard,2030-11-27 00:00:00,1,
CD003847,A0005830,Credit,2024-05-23 00:00:00,2024-05-24 00:00:00,Active,Mastercard,2029-05-23 00:00:00,0,
CD003848,A0003506,Debit,2022-11-24 00:00:00,2022-11-27 00:00:00,Active,Visa,2027-11-24 00:00:00,0,
CD003849,A0003483,Debit,2024-01-08 00:00:00,2024-01-09 00:00:00,Active,Mastercard,2029-01-08 00:00:00,0,
CD003850,A0004001,Debit,2023-02-02 00:00:00,2023-02-09 00:00:00,Active,Visa,2028-02-02 00:00:00,0,
CD003851,A0001893,Debit,2022-11-18 00:00:00,2022-11-22 00:00:00,Active,Visa,2027-11-18 00:00:00,0,
CD003852,A0000374,Credit,2024-07-09 00:00:00,2024-07-15 00:00:00,Active,Visa,2029-07-09 00:00:00,0,
CD003853,A0001363,Debit,2024-01-24 00:00:00,2024-01-25 00:00:00,Active,Visa,2029-01-24 00:00:00,0,
CD003854,A0005363,Debit,2022-09-18 00:00:00,2022-09-21 00:00:00,Active,RuPay,2027-09-18 00:00:00,0,
CD003855,A0005395,Debit,2025-01-04 00:00:00,2025-01-07 00:00:00,Active,RuPay,2030-01-04 00:00:00,0,
CD003856,A0003233,Debit,2023-07-28 00:00:00,2023-08-02 00:00:00,Active,Visa,2028-07-28 00:00:00,0,
CD003857,A0000171,Debit,2023-12-22 00:00:00,2023-12-24 00:00:00,Blocked,RuPay,2028-12-22 00:00:00,1,Stolen
CD003858,A0002873,Debit,2023-05-17 00:00:00,2023-05-18 00:00:00,Inactive,Visa,2028-05-17 00:00:00,0,
CD003859,A0005000,Debit,2023-12-11 00:00:00,2023-12-18 00:00:00,Active,RuPay,2028-12-11 00:00:00,0,
CD003860,A0000241,Debit,2022-03-28 00:00:00,2022-04-04 00:00:00,Active,Mastercard,2027-03-28 00:00:00,0,
CD003861,A0004100,Debit,2023-11-02 00:00:00,2023-11-08 00:00:00,Blocked,Mastercard,2028-11-02 00:00:00,0,Lost
CD003862,A0004448,Debit,2023-02-13 00:00:00,2023-02-15 00:00:00,Blocked,Mastercard,2028-02-13 00:00:00,0,Customer Request
CD003863,A0001134,Debit,2025-08-08 00:00:00,2025-08-10 00:00:00,Active,Mastercard,2030-08-08 00:00:00,0,
CD003864,A0006372,Debit,2023-12-20 00:00:00,2023-12-26 00:00:00,Active,Visa,2028-12-20 00:00:00,0,
CD003865,A0001894,Credit,2024-09-13 00:00:00,2024-09-17 00:00:00,Active,Mastercard,2029-09-13 00:00:00,0,
CD003866,A0004330,Debit,2026-01-26 00:00:00,2026-01-29 00:00:00,Active,Mastercard,2031-01-26 00:00:00,0,
CD003867,A0005481,Credit,2025-11-13 00:00:00,2025-11-14 00:00:00,Active,Visa,2030-11-13 00:00:00,0,
CD003868,A0006031,Credit,2025-11-11 00:00:00,2025-11-13 00:00:00,Active,RuPay,2030-11-11 00:00:00,0,
CD003869,A0003734,Debit,2024-05-08 00:00:00,2024-05-14 00:00:00,Active,Mastercard,2029-05-08 00:00:00,0,
CD003870,A0005729,Credit,2022-10-12 00:00:00,2022-10-19 00:00:00,Active,RuPay,2027-10-12 00:00:00,0,
CD003871,A0000971,Credit,2024-09-25 00:00:00,2024-09-27 00:00:00,Active,Mastercard,2029-09-25 00:00:00,0,
CD003872,A0000921,Debit,2023-10-26 00:00:00,2023-11-01 00:00:00,Active,Mastercard,2028-10-26 00:00:00,0,
CD003873,A0000198,Debit,2025-10-10 00:00:00,2025-10-14 00:00:00,Expired,RuPay,2030-10-10 00:00:00,0,
CD003874,A0005994,Debit,2023-12-20 00:00:00,2023-12-25 00:00:00,Active,Mastercard,2028-12-20 00:00:00,0,
CD003875,A0000935,Debit,2022-02-15 00:00:00,2022-02-18 00:00:00,Active,Visa,2027-02-15 00:00:00,0,
CD003876,A0000357,Debit,2026-05-07 00:00:00,2026-05-08 00:00:00,Active,RuPay,2031-05-07 00:00:00,2,
CD003877,A0001680,Debit,2024-03-06 00:00:00,2024-03-06 00:00:00,Active,Visa,2029-03-06 00:00:00,2,
CD003878,A0000513,Debit,2022-08-03 00:00:00,2022-08-03 00:00:00,Active,Mastercard,2027-08-03 00:00:00,0,
CD003879,A0002212,Debit,2022-04-14 00:00:00,2022-04-17 00:00:00,Blocked,RuPay,2027-04-14 00:00:00,0,Stolen
CD003880,A0001245,Debit,2022-10-27 00:00:00,2022-10-31 00:00:00,Active,Visa,2027-10-27 00:00:00,2,
CD003881,A0001305,Debit,2024-06-17 00:00:00,2024-06-18 00:00:00,Active,RuPay,2029-06-17 00:00:00,0,
CD003882,A0005896,Debit,2025-08-20 00:00:00,2025-08-26 00:00:00,Active,Visa,2030-08-20 00:00:00,0,
CD003883,A0004720,Credit,2023-06-08 00:00:00,2023-06-13 00:00:00,Active,Mastercard,2028-06-08 00:00:00,3,
CD003884,A0002221,Debit,2023-07-26 00:00:00,2023-07-31 00:00:00,Active,Visa,2028-07-26 00:00:00,1,
CD003885,A0002942,Debit,2022-11-25 00:00:00,2022-11-30 00:00:00,Inactive,Visa,2027-11-25 00:00:00,0,
CD003886,A0005648,Debit,2024-08-10 00:00:00,2024-08-14 00:00:00,Active,RuPay,2029-08-10 00:00:00,0,
CD003887,A0002012,Debit,2022-01-01 00:00:00,2022-01-01 00:00:00,Active,RuPay,2027-01-01 00:00:00,1,
CD003888,A0000144,Credit,2023-03-12 00:00:00,2023-03-14 00:00:00,Active,RuPay,2028-03-12 00:00:00,0,
CD003889,A0005652,Debit,2023-04-18 00:00:00,2023-04-24 00:00:00,Active,Mastercard,2028-04-18 00:00:00,2,
CD003890,A0002948,Credit,2022-01-17 00:00:00,2022-01-21 00:00:00,Active,Visa,2027-01-17 00:00:00,0,
CD003891,A0001226,Debit,2025-04-15 00:00:00,2025-04-21 00:00:00,Active,Visa,2030-04-15 00:00:00,0,
CD003892,A0000997,Debit,2023-08-27 00:00:00,2023-08-27 00:00:00,Active,Mastercard,2028-08-27 00:00:00,0,
CD003893,A0005478,Debit,2022-08-28 00:00:00,2022-08-31 00:00:00,Blocked,Visa,2027-08-28 00:00:00,0,Lost
CD003894,A0004578,Credit,2022-08-08 00:00:00,2022-08-11 00:00:00,Active,Mastercard,2027-08-08 00:00:00,0,
CD003895,A0003982,Debit,2025-11-01 00:00:00,2025-11-03 00:00:00,Active,Visa,2030-11-01 00:00:00,0,
CD003896,A0004039,Debit,2024-02-14 00:00:00,2024-02-21 00:00:00,Blocked,Visa,2029-02-14 00:00:00,1,Stolen
CD003897,A0000892,Credit,2022-02-02 00:00:00,2022-02-02 00:00:00,Active,Visa,2027-02-02 00:00:00,0,
CD003898,A0003867,Debit,2022-04-17 00:00:00,2022-04-21 00:00:00,Blocked,RuPay,2027-04-17 00:00:00,0,Lost
CD003899,A0004758,Debit,2024-04-06 00:00:00,2024-04-08 00:00:00,Active,RuPay,2029-04-06 00:00:00,0,
CD003900,A0003752,Debit,2023-06-03 00:00:00,2023-06-09 00:00:00,Active,RuPay,2028-06-03 00:00:00,0,
CD003901,A0001063,Debit,2023-06-10 00:00:00,2023-06-10 00:00:00,Active,Mastercard,2028-06-10 00:00:00,0,
CD003902,A0005756,Credit,2022-05-26 00:00:00,2022-05-29 00:00:00,Inactive,Mastercard,2027-05-26 00:00:00,0,
CD003903,A0002984,Debit,2023-12-13 00:00:00,2023-12-15 00:00:00,Active,Visa,2028-12-13 00:00:00,0,
CD003904,A0006062,Debit,2024-05-28 00:00:00,2024-05-30 00:00:00,Active,Visa,2029-05-28 00:00:00,1,
CD003905,A0006489,Credit,2023-11-03 00:00:00,2023-11-07 00:00:00,Active,Visa,2028-11-03 00:00:00,0,
CD003906,A0000826,Debit,2023-07-02 00:00:00,2023-07-05 00:00:00,Active,Visa,2028-07-02 00:00:00,0,
CD003907,A0005093,Debit,2023-03-29 00:00:00,2023-04-01 00:00:00,Inactive,Visa,2028-03-29 00:00:00,0,
CD003908,A0002038,Debit,2023-05-22 00:00:00,2023-05-22 00:00:00,Active,Visa,2028-05-22 00:00:00,0,
CD003909,A0000395,Debit,2024-08-07 00:00:00,2024-08-12 00:00:00,Active,RuPay,2029-08-07 00:00:00,0,
CD003910,A0001174,Debit,2022-05-15 00:00:00,2022-05-18 00:00:00,Active,RuPay,2027-05-15 00:00:00,0,
CD003911,A0001158,Credit,2024-03-25 00:00:00,2024-03-30 00:00:00,Active,RuPay,2029-03-25 00:00:00,1,
CD003912,A0000963,Credit,2024-09-05 00:00:00,2024-09-08 00:00:00,Active,Visa,2029-09-05 00:00:00,0,
CD003913,A0004337,Debit,2025-10-16 00:00:00,2025-10-17 00:00:00,Active,Visa,2030-10-16 00:00:00,1,
CD003914,A0001122,Debit,2024-12-19 00:00:00,2024-12-25 00:00:00,Active,Mastercard,2029-12-19 00:00:00,0,
CD003915,A0004284,Debit,2025-03-02 00:00:00,2025-03-02 00:00:00,Active,Mastercard,2030-03-02 00:00:00,0,
CD003916,A0000385,Debit,2022-10-07 00:00:00,2022-10-12 00:00:00,Active,Mastercard,2027-10-07 00:00:00,0,
CD003917,A0001690,Debit,2024-03-25 00:00:00,2024-04-01 00:00:00,Inactive,Visa,2029-03-25 00:00:00,0,
CD003918,A0004410,Debit,2025-07-09 00:00:00,2025-07-10 00:00:00,Active,Visa,2030-07-09 00:00:00,2,
CD003919,A0000068,Credit,2023-11-06 00:00:00,2023-11-09 00:00:00,Active,Visa,2028-11-06 00:00:00,2,
CD003920,A0005163,Debit,2023-02-10 00:00:00,2023-02-13 00:00:00,Blocked,Visa,2028-02-10 00:00:00,0,Stolen
CD003921,A0002457,Debit,2022-04-05 00:00:00,2022-04-05 00:00:00,Active,Mastercard,2027-04-05 00:00:00,0,
CD003922,A0006405,Debit,2026-06-02 00:00:00,2026-06-06 00:00:00,Active,RuPay,2031-06-02 00:00:00,0,
CD003923,A0000237,Debit,2022-05-18 00:00:00,2022-05-24 00:00:00,Active,RuPay,2027-05-18 00:00:00,0,
CD003924,A0002216,Debit,2023-10-25 00:00:00,2023-11-01 00:00:00,Inactive,Mastercard,2028-10-25 00:00:00,0,
CD003925,A0004935,Debit,2022-10-10 00:00:00,2022-10-16 00:00:00,Active,Mastercard,2027-10-10 00:00:00,0,
CD003926,A0000848,Debit,2024-01-31 00:00:00,2024-02-02 00:00:00,Inactive,Visa,2029-01-31 00:00:00,0,
CD003927,A0001555,Debit,2024-05-31 00:00:00,2024-06-04 00:00:00,Blocked,Visa,2029-05-31 00:00:00,0,Stolen
CD003928,A0003622,Debit,2024-01-07 00:00:00,2024-01-09 00:00:00,Active,Mastercard,2029-01-07 00:00:00,2,
CD003929,A0002363,Credit,2023-03-18 00:00:00,2023-03-21 00:00:00,Active,Mastercard,2028-03-18 00:00:00,1,
CD003930,A0004398,Debit,2023-07-10 00:00:00,2023-07-12 00:00:00,Expired,Mastercard,2028-07-10 00:00:00,0,
CD003931,A0001696,Debit,2025-06-29 00:00:00,2025-06-30 00:00:00,Blocked,RuPay,2030-06-29 00:00:00,2,Lost
CD003932,A0003581,Debit,2026-01-06 00:00:00,2026-01-08 00:00:00,Active,Visa,2031-01-06 00:00:00,0,
CD003933,A0002504,Credit,2023-09-06 00:00:00,2023-09-13 00:00:00,Active,RuPay,2028-09-06 00:00:00,0,
CD003934,A0005426,Credit,2023-12-14 00:00:00,2023-12-15 00:00:00,Active,Mastercard,2028-12-14 00:00:00,0,
CD003935,A0001509,Debit,2025-09-29 00:00:00,2025-10-04 00:00:00,Blocked,Visa,2030-09-29 00:00:00,0,Stolen
CD003936,A0000560,Debit,2024-12-21 00:00:00,2024-12-28 00:00:00,Active,Visa,2029-12-21 00:00:00,0,
CD003937,A0000950,Debit,2023-07-13 00:00:00,2023-07-17 00:00:00,Active,Visa,2028-07-13 00:00:00,0,
CD003938,A0004221,Debit,2024-06-12 00:00:00,2024-06-14 00:00:00,Active,Mastercard,2029-06-12 00:00:00,0,
CD003939,A0005627,Debit,2025-10-08 00:00:00,2025-10-09 00:00:00,Active,RuPay,2030-10-08 00:00:00,1,
CD003940,A0002235,Debit,2023-04-19 00:00:00,2023-04-19 00:00:00,Active,Mastercard,2028-04-19 00:00:00,0,
CD003941,A0003246,Debit,2023-05-29 00:00:00,2023-06-01 00:00:00,Active,Visa,2028-05-29 00:00:00,0,
CD003942,A0001777,Debit,2024-12-26 00:00:00,2024-12-31 00:00:00,Active,Visa,2029-12-26 00:00:00,0,
CD003943,A0005858,Debit,2023-12-02 00:00:00,2023-12-09 00:00:00,Inactive,RuPay,2028-12-02 00:00:00,0,
CD003944,A0006242,Credit,2023-07-24 00:00:00,2023-07-28 00:00:00,Active,RuPay,2028-07-24 00:00:00,0,
CD003945,A0000213,Debit,2026-01-16 00:00:00,2026-01-18 00:00:00,Active,Visa,2031-01-16 00:00:00,1,
CD003946,A0003486,Credit,2025-10-02 00:00:00,2025-10-05 00:00:00,Active,Visa,2030-10-02 00:00:00,0,
CD003947,A0003307,Debit,2022-05-04 00:00:00,2022-05-05 00:00:00,Blocked,Mastercard,2027-05-04 00:00:00,0,Stolen
CD003948,A0003207,Debit,2026-06-02 00:00:00,2026-06-02 00:00:00,Inactive,RuPay,2031-06-02 00:00:00,1,
CD003949,A0000673,Debit,2025-09-20 00:00:00,2025-09-23 00:00:00,Active,RuPay,2030-09-20 00:00:00,0,
CD003950,A0001041,Debit,2024-04-14 00:00:00,2024-04-19 00:00:00,Inactive,RuPay,2029-04-14 00:00:00,0,
CD003951,A0002417,Debit,2023-08-14 00:00:00,2023-08-21 00:00:00,Active,RuPay,2028-08-14 00:00:00,1,
CD003952,A0001089,Debit,2022-04-25 00:00:00,2022-05-02 00:00:00,Expired,RuPay,2027-04-25 00:00:00,0,
CD003953,A0002364,Credit,2025-08-21 00:00:00,2025-08-24 00:00:00,Active,Visa,2030-08-21 00:00:00,0,
CD003954,A0005274,Debit,2024-10-12 00:00:00,2024-10-13 00:00:00,Active,Visa,2029-10-12 00:00:00,0,
CD003955,A0005126,Debit,2024-01-13 00:00:00,2024-01-17 00:00:00,Active,Mastercard,2029-01-13 00:00:00,0,
CD003956,A0000381,Debit,2024-01-25 00:00:00,2024-01-28 00:00:00,Active,Mastercard,2029-01-25 00:00:00,0,
CD003957,A0001472,Debit,2024-01-24 00:00:00,2024-01-27 00:00:00,Active,Visa,2029-01-24 00:00:00,0,
CD003958,A0005914,Debit,2026-04-25 00:00:00,2026-05-02 00:00:00,Active,Visa,2031-04-25 00:00:00,0,
CD003959,A0001572,Debit,2026-05-28 00:00:00,2026-05-30 00:00:00,Active,RuPay,2031-05-28 00:00:00,1,
CD003960,A0003371,Credit,2025-05-28 00:00:00,2025-05-28 00:00:00,Active,Mastercard,2030-05-28 00:00:00,0,
CD003961,A0005823,Debit,2026-04-11 00:00:00,2026-04-17 00:00:00,Inactive,Mastercard,2031-04-11 00:00:00,0,
CD003962,A0002965,Debit,2025-05-23 00:00:00,2025-05-24 00:00:00,Active,Visa,2030-05-23 00:00:00,0,
CD003963,A0004053,Credit,2025-04-28 00:00:00,2025-05-03 00:00:00,Active,Mastercard,2030-04-28 00:00:00,0,
CD003964,A0000135,Debit,2025-02-20 00:00:00,2025-02-25 00:00:00,Active,Visa,2030-02-20 00:00:00,2,
CD003965,A0000401,Debit,2025-07-04 00:00:00,2025-07-09 00:00:00,Active,RuPay,2030-07-04 00:00:00,0,
CD003966,A0003467,Debit,2022-02-21 00:00:00,2022-02-21 00:00:00,Active,Visa,2027-02-21 00:00:00,0,
CD003967,A0004729,Credit,2022-06-12 00:00:00,2022-06-16 00:00:00,Active,Visa,2027-06-12 00:00:00,0,
CD003968,A0002482,Debit,2024-04-29 00:00:00,2024-05-05 00:00:00,Inactive,Visa,2029-04-29 00:00:00,1,
CD003969,A0001869,Debit,2022-06-28 00:00:00,2022-07-02 00:00:00,Inactive,RuPay,2027-06-28 00:00:00,0,
CD003970,A0002486,Debit,2024-03-15 00:00:00,2024-03-19 00:00:00,Active,Visa,2029-03-15 00:00:00,0,
CD003971,A0005514,Credit,2023-09-09 00:00:00,2023-09-10 00:00:00,Active,Visa,2028-09-09 00:00:00,0,
CD003972,A0002158,Debit,2026-02-25 00:00:00,2026-03-01 00:00:00,Active,RuPay,2031-02-25 00:00:00,0,
CD003973,A0001020,Credit,2022-11-30 00:00:00,2022-12-07 00:00:00,Active,Visa,2027-11-30 00:00:00,0,
CD003974,A0006018,Credit,2024-05-06 00:00:00,2024-05-07 00:00:00,Expired,Visa,2029-05-06 00:00:00,0,
CD003975,A0005935,Debit,2025-09-30 00:00:00,2025-10-05 00:00:00,Active,Mastercard,2030-09-30 00:00:00,0,
CD003976,A0002519,Debit,2024-01-01 00:00:00,2024-01-06 00:00:00,Active,RuPay,2029-01-01 00:00:00,0,
CD003977,A0000555,Debit,2025-11-27 00:00:00,2025-11-29 00:00:00,Active,RuPay,2030-11-27 00:00:00,0,
CD003978,A0002571,Debit,2025-06-23 00:00:00,2025-06-30 00:00:00,Active,Visa,2030-06-23 00:00:00,0,
CD003979,A0006174,Debit,2026-04-22 00:00:00,2026-04-26 00:00:00,Active,Mastercard,2031-04-22 00:00:00,2,
CD003980,A0005327,Debit,2024-06-07 00:00:00,2024-06-12 00:00:00,Active,Visa,2029-06-07 00:00:00,0,
CD003981,A0004737,Debit,2025-07-13 00:00:00,2025-07-19 00:00:00,Active,Visa,2030-07-13 00:00:00,0,
CD003982,A0003322,Debit,2024-04-29 00:00:00,2024-05-01 00:00:00,Active,RuPay,2029-04-29 00:00:00,0,
CD003983,A0001514,Debit,2023-05-19 00:00:00,2023-05-26 00:00:00,Active,Mastercard,2028-05-19 00:00:00,0,
CD003984,A0003266,Credit,2025-01-13 00:00:00,2025-01-18 00:00:00,Blocked,Mastercard,2030-01-13 00:00:00,0,Stolen
CD003985,A0001192,Debit,2025-07-07 00:00:00,2025-07-12 00:00:00,Active,RuPay,2030-07-07 00:00:00,0,
CD003986,A0001531,Debit,2024-04-06 00:00:00,2024-04-09 00:00:00,Active,Visa,2029-04-06 00:00:00,0,
CD003987,A0004772,Debit,2022-12-20 00:00:00,2022-12-25 00:00:00,Active,Visa,2027-12-20 00:00:00,1,
CD003988,A0004123,Debit,2022-09-26 00:00:00,2022-09-26 00:00:00,Active,RuPay,2027-09-26 00:00:00,0,
CD003989,A0003187,Debit,2024-10-18 00:00:00,2024-10-21 00:00:00,Active,Visa,2029-10-18 00:00:00,0,
CD003990,A0003488,Credit,2025-05-16 00:00:00,2025-05-21 00:00:00,Active,Visa,2030-05-16 00:00:00,0,
CD003991,A0000606,Debit,2025-03-09 00:00:00,2025-03-15 00:00:00,Active,Mastercard,2030-03-09 00:00:00,0,
CD003992,A0005060,Debit,2025-02-28 00:00:00,2025-03-02 00:00:00,Active,Visa,2030-02-28 00:00:00,0,
CD003993,A0004318,Debit,2024-08-24 00:00:00,2024-08-31 00:00:00,Active,Mastercard,2029-08-24 00:00:00,0,
CD003994,A0004825,Debit,2022-11-30 00:00:00,2022-12-06 00:00:00,Active,Visa,2027-11-30 00:00:00,0,
CD003995,A0004464,Credit,2025-06-01 00:00:00,2025-06-03 00:00:00,Inactive,Mastercard,2030-06-01 00:00:00,1,
CD003996,A0003286,Debit,2024-06-15 00:00:00,2024-06-18 00:00:00,Active,Mastercard,2029-06-15 00:00:00,0,
CD003997,A0006159,Credit,2025-06-19 00:00:00,2025-06-26 00:00:00,Active,Visa,2030-06-19 00:00:00,0,
CD003998,A0006393,Credit,2025-08-25 00:00:00,2025-09-01 00:00:00,Expired,RuPay,2030-08-25 00:00:00,0,
CD003999,A0002392,Credit,2026-06-23 00:00:00,2026-06-25 00:00:00,Active,Mastercard,2031-06-23 00:00:00,0,
CD004000,A0002321,Debit,2026-05-12 00:00:00,2026-05-13 00:00:00,Active,Mastercard,2031-05-12 00:00:00,0,
CD004001,A0001804,Credit,2022-04-10 00:00:00,2022-04-11 00:00:00,Active,Mastercard,2027-04-10 00:00:00,0,
CD004002,A0003746,Debit,2024-03-15 00:00:00,2024-03-19 00:00:00,Active,Visa,2029-03-15 00:00:00,0,
CD004003,A0003932,Credit,2022-06-14 00:00:00,2022-06-20 00:00:00,Active,RuPay,2027-06-14 00:00:00,0,
CD004004,A0001681,Debit,2022-09-09 00:00:00,2022-09-11 00:00:00,Active,RuPay,2027-09-09 00:00:00,1,
CD004005,A0004810,Debit,2023-09-30 00:00:00,2023-10-01 00:00:00,Active,Visa,2028-09-30 00:00:00,0,
CD004006,A0003143,Debit,2026-02-22 00:00:00,2026-02-23 00:00:00,Expired,Visa,2031-02-22 00:00:00,0,
CD004007,A0005290,Debit,2023-11-28 00:00:00,2023-12-05 00:00:00,Active,Visa,2028-11-28 00:00:00,3,
CD004008,A0006373,Debit,2024-11-03 00:00:00,2024-11-04 00:00:00,Active,Mastercard,2029-11-03 00:00:00,0,
CD004009,A0001977,Debit,2022-07-13 00:00:00,2022-07-14 00:00:00,Active,Visa,2027-07-13 00:00:00,0,
CD004010,A0001071,Debit,2022-09-17 00:00:00,2022-09-24 00:00:00,Active,RuPay,2027-09-17 00:00:00,1,
CD004011,A0003763,Debit,2022-10-03 00:00:00,2022-10-10 00:00:00,Active,RuPay,2027-10-03 00:00:00,0,
CD004012,A0000259,Credit,2026-06-16 00:00:00,2026-06-22 00:00:00,Active,Mastercard,2031-06-16 00:00:00,1,
CD004013,A0000159,Credit,2025-01-13 00:00:00,2025-01-17 00:00:00,Active,RuPay,2030-01-13 00:00:00,0,
CD004014,A0002042,Debit,2024-01-08 00:00:00,2024-01-11 00:00:00,Active,Mastercard,2029-01-08 00:00:00,0,
CD004015,A0006447,Credit,2026-01-11 00:00:00,2026-01-18 00:00:00,Active,Visa,2031-01-11 00:00:00,1,
CD004016,A0000660,Credit,2026-04-18 00:00:00,2026-04-20 00:00:00,Active,Visa,2031-04-18 00:00:00,0,
CD004017,A0004598,Debit,2026-02-13 00:00:00,2026-02-20 00:00:00,Inactive,Visa,2031-02-13 00:00:00,0,
CD004018,A0004250,Debit,2025-09-16 00:00:00,2025-09-21 00:00:00,Active,Mastercard,2030-09-16 00:00:00,0,
CD004019,A0002503,Credit,2022-08-22 00:00:00,2022-08-25 00:00:00,Blocked,RuPay,2027-08-22 00:00:00,2,Suspected Fraud
CD004020,A0005608,Debit,2022-05-23 00:00:00,2022-05-28 00:00:00,Active,Visa,2027-05-23 00:00:00,0,
CD004021,A0005919,Debit,2023-09-30 00:00:00,2023-10-01 00:00:00,Active,Mastercard,2028-09-30 00:00:00,1,
CD004022,A0005507,Debit,2023-07-24 00:00:00,2023-07-29 00:00:00,Expired,Visa,2028-07-24 00:00:00,0,
CD004023,A0004361,Debit,2024-02-19 00:00:00,2024-02-20 00:00:00,Active,Visa,2029-02-19 00:00:00,1,
CD004024,A0004074,Debit,2023-12-07 00:00:00,2023-12-13 00:00:00,Active,RuPay,2028-12-07 00:00:00,0,
CD004025,A0003612,Credit,2024-05-22 00:00:00,2024-05-27 00:00:00,Active,Visa,2029-05-22 00:00:00,0,
CD004026,A0001385,Debit,2023-08-17 00:00:00,2023-08-17 00:00:00,Active,RuPay,2028-08-17 00:00:00,1,
CD004027,A0002151,Credit,2025-08-05 00:00:00,2025-08-11 00:00:00,Active,Visa,2030-08-05 00:00:00,1,
CD004028,A0005175,Credit,2023-05-15 00:00:00,2023-05-21 00:00:00,Active,Visa,2028-05-15 00:00:00,0,
CD004029,A0003799,Debit,2025-05-17 00:00:00,2025-05-20 00:00:00,Active,RuPay,2030-05-17 00:00:00,0,
CD004030,A0001232,Credit,2025-06-13 00:00:00,2025-06-13 00:00:00,Blocked,RuPay,2030-06-13 00:00:00,0,Customer Request
CD004031,A0005931,Credit,2023-08-09 00:00:00,2023-08-16 00:00:00,Active,Visa,2028-08-09 00:00:00,1,
CD004032,A0001072,Credit,2023-12-26 00:00:00,2023-12-29 00:00:00,Active,RuPay,2028-12-26 00:00:00,0,
CD004033,A0004847,Debit,2024-08-16 00:00:00,2024-08-17 00:00:00,Inactive,Visa,2029-08-16 00:00:00,0,
CD004034,A0002022,Debit,2024-04-18 00:00:00,2024-04-18 00:00:00,Inactive,Visa,2029-04-18 00:00:00,1,
CD004035,A0001872,Credit,2025-09-29 00:00:00,2025-10-03 00:00:00,Active,Visa,2030-09-29 00:00:00,0,
CD004036,A0001427,Credit,2023-11-05 00:00:00,2023-11-06 00:00:00,Active,Visa,2028-11-05 00:00:00,1,
CD004037,A0003995,Debit,2024-09-19 00:00:00,2024-09-23 00:00:00,Active,Visa,2029-09-19 00:00:00,0,
CD004038,A0003750,Debit,2023-01-15 00:00:00,2023-01-21 00:00:00,Blocked,Mastercard,2028-01-15 00:00:00,0,Customer Request
CD004039,A0006173,Debit,2026-02-20 00:00:00,2026-02-25 00:00:00,Active,Visa,2031-02-20 00:00:00,0,
CD004040,A0003387,Debit,2024-06-11 00:00:00,2024-06-14 00:00:00,Active,Mastercard,2029-06-11 00:00:00,1,
CD004041,A0005918,Credit,2025-04-17 00:00:00,2025-04-18 00:00:00,Active,Mastercard,2030-04-17 00:00:00,1,
CD004042,A0005005,Credit,2025-08-14 00:00:00,2025-08-14 00:00:00,Active,Visa,2030-08-14 00:00:00,0,
CD004043,A0001316,Debit,2024-12-24 00:00:00,2024-12-27 00:00:00,Active,RuPay,2029-12-24 00:00:00,0,
CD004044,A0002155,Debit,2022-02-27 00:00:00,2022-03-04 00:00:00,Active,Mastercard,2027-02-27 00:00:00,1,
CD004045,A0001498,Debit,2022-02-23 00:00:00,2022-02-27 00:00:00,Blocked,RuPay,2027-02-23 00:00:00,0,Lost
CD004046,A0005189,Credit,2022-02-09 00:00:00,2022-02-14 00:00:00,Active,Mastercard,2027-02-09 00:00:00,0,
CD004047,A0004243,Debit,2025-02-11 00:00:00,2025-02-15 00:00:00,Active,Mastercard,2030-02-11 00:00:00,1,
CD004048,A0005199,Debit,2024-10-25 00:00:00,2024-10-27 00:00:00,Active,Visa,2029-10-25 00:00:00,1,
CD004049,A0004834,Debit,2024-03-12 00:00:00,2024-03-13 00:00:00,Inactive,Mastercard,2029-03-12 00:00:00,0,
CD004050,A0004342,Credit,2024-03-12 00:00:00,2024-03-16 00:00:00,Active,RuPay,2029-03-12 00:00:00,0,
CD004051,A0003181,Debit,2024-09-27 00:00:00,2024-10-01 00:00:00,Active,Visa,2029-09-27 00:00:00,0,
CD004052,A0006494,Debit,2024-11-12 00:00:00,2024-11-19 00:00:00,Active,Visa,2029-11-12 00:00:00,1,
CD004053,A0002182,Credit,2026-02-02 00:00:00,2026-02-02 00:00:00,Active,Visa,2031-02-02 00:00:00,2,
CD004054,A0001684,Debit,2022-05-16 00:00:00,2022-05-18 00:00:00,Active,Visa,2027-05-16 00:00:00,0,
CD004055,A0002771,Debit,2022-05-15 00:00:00,2022-05-18 00:00:00,Active,RuPay,2027-05-15 00:00:00,0,
CD004056,A0001776,Debit,2026-04-15 00:00:00,2026-04-20 00:00:00,Active,Visa,2031-04-15 00:00:00,0,
CD004057,A0003508,Debit,2023-01-13 00:00:00,2023-01-18 00:00:00,Active,Mastercard,2028-01-13 00:00:00,0,
CD004058,A0004506,Debit,2024-11-16 00:00:00,2024-11-20 00:00:00,Active,RuPay,2029-11-16 00:00:00,0,
CD004059,A0004600,Credit,2023-11-23 00:00:00,2023-11-27 00:00:00,Expired,Mastercard,2028-11-23 00:00:00,1,
CD004060,A0004334,Debit,2026-03-18 00:00:00,2026-03-21 00:00:00,Active,RuPay,2031-03-18 00:00:00,0,
CD004061,A0005433,Debit,2025-02-09 00:00:00,2025-02-11 00:00:00,Active,RuPay,2030-02-09 00:00:00,0,
CD004062,A0004331,Debit,2025-03-01 00:00:00,2025-03-03 00:00:00,Active,Visa,2030-03-01 00:00:00,0,
CD004063,A0003324,Credit,2022-09-12 00:00:00,2022-09-15 00:00:00,Active,Mastercard,2027-09-12 00:00:00,0,
CD004064,A0001719,Debit,2022-03-22 00:00:00,2022-03-27 00:00:00,Inactive,Visa,2027-03-22 00:00:00,0,
CD004065,A0002327,Debit,2025-06-25 00:00:00,2025-06-25 00:00:00,Active,Mastercard,2030-06-25 00:00:00,1,
CD004066,A0000447,Debit,2024-10-23 00:00:00,2024-10-26 00:00:00,Blocked,RuPay,2029-10-23 00:00:00,0,Stolen
CD004067,A0003499,Debit,2025-02-14 00:00:00,2025-02-17 00:00:00,Active,Visa,2030-02-14 00:00:00,0,
CD004068,A0002313,Debit,2023-03-28 00:00:00,2023-04-03 00:00:00,Active,Visa,2028-03-28 00:00:00,0,
CD004069,A0000163,Debit,2024-05-15 00:00:00,2024-05-16 00:00:00,Active,Visa,2029-05-15 00:00:00,0,
CD004070,A0002232,Debit,2024-04-04 00:00:00,2024-04-10 00:00:00,Active,RuPay,2029-04-04 00:00:00,0,
CD004071,A0004473,Debit,2022-05-20 00:00:00,2022-05-25 00:00:00,Expired,Visa,2027-05-20 00:00:00,0,
CD004072,A0003813,Debit,2024-09-24 00:00:00,2024-09-27 00:00:00,Active,RuPay,2029-09-24 00:00:00,1,
CD004073,A0002970,Debit,2023-08-05 00:00:00,2023-08-07 00:00:00,Active,RuPay,2028-08-05 00:00:00,0,
CD004074,A0003762,Debit,2026-01-01 00:00:00,2026-01-02 00:00:00,Expired,Mastercard,2031-01-01 00:00:00,0,
CD004075,A0004688,Debit,2024-06-23 00:00:00,2024-06-24 00:00:00,Blocked,Mastercard,2029-06-23 00:00:00,0,Suspected Fraud
CD004076,A0001898,Credit,2022-12-04 00:00:00,2022-12-05 00:00:00,Active,Mastercard,2027-12-04 00:00:00,2,
CD004077,A0005762,Debit,2026-01-22 00:00:00,2026-01-22 00:00:00,Active,Visa,2031-01-22 00:00:00,1,
CD004078,A0002052,Debit,2024-05-09 00:00:00,2024-05-09 00:00:00,Active,Visa,2029-05-09 00:00:00,0,
CD004079,A0003914,Debit,2024-09-03 00:00:00,2024-09-06 00:00:00,Active,RuPay,2029-09-03 00:00:00,0,
CD004080,A0003854,Debit,2022-01-19 00:00:00,2022-01-19 00:00:00,Blocked,Mastercard,2027-01-19 00:00:00,0,Customer Request
CD004081,A0002698,Debit,2023-09-25 00:00:00,2023-09-28 00:00:00,Active,Visa,2028-09-25 00:00:00,1,
CD004082,A0004447,Debit,2023-01-09 00:00:00,2023-01-09 00:00:00,Active,Mastercard,2028-01-09 00:00:00,0,
CD004083,A0001663,Debit,2023-04-06 00:00:00,2023-04-09 00:00:00,Active,RuPay,2028-04-06 00:00:00,1,
CD004084,A0001547,Credit,2025-10-16 00:00:00,2025-10-21 00:00:00,Active,Visa,2030-10-16 00:00:00,0,
CD004085,A0004611,Debit,2024-03-03 00:00:00,2024-03-05 00:00:00,Blocked,Visa,2029-03-03 00:00:00,0,Suspected Fraud
CD004086,A0006334,Debit,2022-04-24 00:00:00,2022-04-29 00:00:00,Active,RuPay,2027-04-24 00:00:00,0,
CD004087,A0005075,Debit,2023-06-30 00:00:00,2023-07-04 00:00:00,Active,Visa,2028-06-30 00:00:00,1,
CD004088,A0005243,Debit,2025-12-05 00:00:00,2025-12-11 00:00:00,Active,Visa,2030-12-05 00:00:00,0,
CD004089,A0001616,Debit,2026-01-19 00:00:00,2026-01-22 00:00:00,Active,Visa,2031-01-19 00:00:00,0,
CD004090,A0004335,Debit,2022-01-25 00:00:00,2022-02-01 00:00:00,Active,RuPay,2027-01-25 00:00:00,0,
CD004091,A0006430,Credit,2025-06-11 00:00:00,2025-06-14 00:00:00,Active,RuPay,2030-06-11 00:00:00,0,
CD004092,A0000350,Debit,2025-11-19 00:00:00,2025-11-25 00:00:00,Inactive,RuPay,2030-11-19 00:00:00,0,
CD004093,A0005499,Debit,2023-09-03 00:00:00,2023-09-04 00:00:00,Blocked,Visa,2028-09-03 00:00:00,0,Lost
CD004094,A0003972,Debit,2026-06-27 00:00:00,2026-07-02 00:00:00,Active,Visa,2031-06-27 00:00:00,0,
CD004095,A0000906,Debit,2025-01-21 00:00:00,2025-01-28 00:00:00,Expired,RuPay,2030-01-21 00:00:00,1,
CD004096,A0000690,Credit,2024-07-02 00:00:00,2024-07-07 00:00:00,Active,Visa,2029-07-02 00:00:00,0,
CD004097,A0002899,Debit,2022-03-20 00:00:00,2022-03-24 00:00:00,Active,Visa,2027-03-20 00:00:00,1,
CD004098,A0000037,Debit,2026-06-28 00:00:00,2026-07-01 00:00:00,Active,Mastercard,2031-06-28 00:00:00,1,
CD004099,A0006475,Debit,2023-10-27 00:00:00,2023-10-31 00:00:00,Inactive,Visa,2028-10-27 00:00:00,0,
CD004100,A0004906,Debit,2024-03-05 00:00:00,2024-03-12 00:00:00,Blocked,Visa,2029-03-05 00:00:00,0,Lost
CD004101,A0004682,Debit,2024-01-18 00:00:00,2024-01-19 00:00:00,Blocked,Visa,2029-01-18 00:00:00,0,Lost
CD004102,A0001846,Credit,2022-03-14 00:00:00,2022-03-20 00:00:00,Blocked,Visa,2027-03-14 00:00:00,0,Suspected Fraud
CD004103,A0004968,Debit,2025-10-05 00:00:00,2025-10-11 00:00:00,Active,Visa,2030-10-05 00:00:00,0,
CD004104,A0000173,Debit,2023-08-12 00:00:00,2023-08-13 00:00:00,Inactive,Mastercard,2028-08-12 00:00:00,0,
CD004105,A0001753,Credit,2024-08-12 00:00:00,2024-08-19 00:00:00,Active,Mastercard,2029-08-12 00:00:00,0,
CD004106,A0002384,Debit,2023-06-24 00:00:00,2023-06-25 00:00:00,Active,Visa,2028-06-24 00:00:00,1,
CD004107,A0005140,Debit,2025-04-20 00:00:00,2025-04-23 00:00:00,Active,Visa,2030-04-20 00:00:00,0,
CD004108,A0006085,Debit,2025-10-22 00:00:00,2025-10-24 00:00:00,Inactive,RuPay,2030-10-22 00:00:00,0,
CD004109,A0000289,Debit,2024-03-30 00:00:00,2024-04-06 00:00:00,Active,Visa,2029-03-30 00:00:00,0,
CD004110,A0004059,Debit,2023-02-14 00:00:00,2023-02-17 00:00:00,Active,Mastercard,2028-02-14 00:00:00,1,
CD004111,A0003941,Debit,2025-09-25 00:00:00,2025-09-26 00:00:00,Active,Visa,2030-09-25 00:00:00,0,
CD004112,A0001373,Debit,2023-11-28 00:00:00,2023-11-28 00:00:00,Active,Mastercard,2028-11-28 00:00:00,0,
CD004113,A0004042,Debit,2025-01-19 00:00:00,2025-01-25 00:00:00,Active,RuPay,2030-01-19 00:00:00,0,
CD004114,A0000013,Debit,2022-10-04 00:00:00,2022-10-11 00:00:00,Active,Visa,2027-10-04 00:00:00,2,
CD004115,A0001840,Debit,2026-02-03 00:00:00,2026-02-04 00:00:00,Active,Mastercard,2031-02-03 00:00:00,0,
CD004116,A0003937,Credit,2023-05-15 00:00:00,2023-05-19 00:00:00,Active,Visa,2028-05-15 00:00:00,1,
CD004117,A0001216,Debit,2026-06-24 00:00:00,2026-06-30 00:00:00,Active,Mastercard,2031-06-24 00:00:00,0,
CD004118,A0001567,Debit,2022-05-24 00:00:00,2022-05-30 00:00:00,Active,Visa,2027-05-24 00:00:00,0,
CD004119,A0000639,Debit,2023-10-25 00:00:00,2023-10-30 00:00:00,Active,Mastercard,2028-10-25 00:00:00,1,
CD004120,A0005283,Debit,2023-01-18 00:00:00,2023-01-18 00:00:00,Active,RuPay,2028-01-18 00:00:00,0,
CD004121,A0000937,Debit,2023-04-19 00:00:00,2023-04-24 00:00:00,Active,Visa,2028-04-19 00:00:00,0,
CD004122,A0005477,Debit,2023-08-12 00:00:00,2023-08-14 00:00:00,Active,Visa,2028-08-12 00:00:00,0,
CD004123,A0003047,Debit,2023-11-29 00:00:00,2023-12-06 00:00:00,Active,Mastercard,2028-11-29 00:00:00,0,
CD004124,A0003162,Debit,2022-07-30 00:00:00,2022-08-01 00:00:00,Active,Visa,2027-07-30 00:00:00,0,
CD004125,A0003220,Debit,2024-06-12 00:00:00,2024-06-13 00:00:00,Active,Mastercard,2029-06-12 00:00:00,1,
CD004126,A0002130,Debit,2024-01-17 00:00:00,2024-01-21 00:00:00,Active,Mastercard,2029-01-17 00:00:00,1,
CD004127,A0006401,Debit,2023-06-30 00:00:00,2023-07-03 00:00:00,Active,Mastercard,2028-06-30 00:00:00,0,
CD004128,A0006382,Credit,2025-02-05 00:00:00,2025-02-09 00:00:00,Active,RuPay,2030-02-05 00:00:00,0,
CD004129,A0006457,Debit,2022-01-30 00:00:00,2022-02-05 00:00:00,Active,Visa,2027-01-30 00:00:00,3,
CD004130,A0004303,Credit,2022-07-09 00:00:00,2022-07-11 00:00:00,Active,RuPay,2027-07-09 00:00:00,0,
CD004131,A0004179,Debit,2026-06-29 00:00:00,2026-07-06 00:00:00,Inactive,Visa,2031-06-29 00:00:00,1,
CD004132,A0001432,Debit,2025-10-28 00:00:00,2025-11-04 00:00:00,Active,RuPay,2030-10-28 00:00:00,0,
CD004133,A0003032,Debit,2024-03-23 00:00:00,2024-03-28 00:00:00,Active,Mastercard,2029-03-23 00:00:00,1,
CD004134,A0004178,Credit,2024-10-07 00:00:00,2024-10-14 00:00:00,Inactive,Visa,2029-10-07 00:00:00,0,
CD004135,A0005528,Credit,2022-10-27 00:00:00,2022-11-01 00:00:00,Active,Mastercard,2027-10-27 00:00:00,1,
CD004136,A0002902,Debit,2025-08-05 00:00:00,2025-08-08 00:00:00,Inactive,Visa,2030-08-05 00:00:00,2,
CD004137,A0003765,Credit,2024-03-06 00:00:00,2024-03-11 00:00:00,Active,Mastercard,2029-03-06 00:00:00,2,
CD004138,A0004618,Debit,2022-01-23 00:00:00,2022-01-29 00:00:00,Expired,Mastercard,2027-01-23 00:00:00,0,
CD004139,A0006400,Debit,2025-09-02 00:00:00,2025-09-03 00:00:00,Active,RuPay,2030-09-02 00:00:00,0,
CD004140,A0000141,Debit,2025-06-26 00:00:00,2025-06-28 00:00:00,Active,Mastercard,2030-06-26 00:00:00,0,
CD004141,A0003738,Debit,2022-10-29 00:00:00,2022-10-29 00:00:00,Active,RuPay,2027-10-29 00:00:00,0,
CD004142,A0003760,Debit,2025-07-13 00:00:00,2025-07-15 00:00:00,Active,RuPay,2030-07-13 00:00:00,0,
CD004143,A0002922,Debit,2022-05-12 00:00:00,2022-05-14 00:00:00,Active,RuPay,2027-05-12 00:00:00,0,
CD004144,A0002046,Debit,2024-01-18 00:00:00,2024-01-22 00:00:00,Active,Mastercard,2029-01-18 00:00:00,0,
CD004145,A0000086,Debit,2024-11-01 00:00:00,2024-11-06 00:00:00,Active,Mastercard,2029-11-01 00:00:00,1,
CD004146,A0005470,Debit,2024-09-08 00:00:00,2024-09-13 00:00:00,Active,RuPay,2029-09-08 00:00:00,0,
CD004147,A0001047,Debit,2025-02-26 00:00:00,2025-03-03 00:00:00,Inactive,Mastercard,2030-02-26 00:00:00,0,
CD004148,A0004917,Credit,2024-09-02 00:00:00,2024-09-07 00:00:00,Active,Mastercard,2029-09-02 00:00:00,0,
CD004149,A0002612,Debit,2022-03-03 00:00:00,2022-03-09 00:00:00,Active,Visa,2027-03-03 00:00:00,0,
CD004150,A0006463,Debit,2022-09-04 00:00:00,2022-09-08 00:00:00,Active,RuPay,2027-09-04 00:00:00,0,
CD004151,A0000623,Debit,2026-05-12 00:00:00,2026-05-12 00:00:00,Active,Visa,2031-05-12 00:00:00,2,
CD004152,A0006145,Debit,2025-06-16 00:00:00,2025-06-22 00:00:00,Active,Mastercard,2030-06-16 00:00:00,0,
CD004153,A0003141,Debit,2023-12-08 00:00:00,2023-12-11 00:00:00,Active,Mastercard,2028-12-08 00:00:00,0,
CD004154,A0000667,Debit,2022-03-17 00:00:00,2022-03-19 00:00:00,Active,RuPay,2027-03-17 00:00:00,0,
CD004155,A0002763,Debit,2026-02-13 00:00:00,2026-02-17 00:00:00,Active,Mastercard,2031-02-13 00:00:00,1,
CD004156,A0005791,Debit,2023-03-30 00:00:00,2023-04-03 00:00:00,Blocked,Visa,2028-03-30 00:00:00,0,Stolen
CD004157,A0000031,Debit,2023-08-30 00:00:00,2023-09-01 00:00:00,Blocked,Mastercard,2028-08-30 00:00:00,0,Lost
CD004158,A0005613,Debit,2025-07-08 00:00:00,2025-07-09 00:00:00,Active,Mastercard,2030-07-08 00:00:00,0,
CD004159,A0005797,Debit,2024-03-01 00:00:00,2024-03-07 00:00:00,Active,Visa,2029-03-01 00:00:00,0,
CD004160,A0003304,Credit,2025-12-14 00:00:00,2025-12-14 00:00:00,Inactive,Mastercard,2030-12-14 00:00:00,0,
CD004161,A0006486,Debit,2022-04-04 00:00:00,2022-04-04 00:00:00,Active,Mastercard,2027-04-04 00:00:00,0,
CD004162,A0002386,Credit,2022-06-05 00:00:00,2022-06-11 00:00:00,Active,RuPay,2027-06-05 00:00:00,1,
CD004163,A0006298,Debit,2025-01-09 00:00:00,2025-01-11 00:00:00,Blocked,Visa,2030-01-09 00:00:00,0,Lost
CD004164,A0004180,Debit,2024-09-12 00:00:00,2024-09-17 00:00:00,Active,Mastercard,2029-09-12 00:00:00,0,
CD004165,A0002287,Debit,2023-12-12 00:00:00,2023-12-15 00:00:00,Blocked,RuPay,2028-12-12 00:00:00,0,Suspected Fraud
CD004166,A0003155,Credit,2023-07-18 00:00:00,2023-07-22 00:00:00,Active,Visa,2028-07-18 00:00:00,0,
CD004167,A0000288,Debit,2024-04-16 00:00:00,2024-04-21 00:00:00,Active,Mastercard,2029-04-16 00:00:00,0,
CD004168,A0005289,Debit,2023-10-02 00:00:00,2023-10-07 00:00:00,Blocked,Mastercard,2028-10-02 00:00:00,0,Customer Request
CD004169,A0002661,Debit,2023-02-12 00:00:00,2023-02-15 00:00:00,Active,RuPay,2028-02-12 00:00:00,0,
CD004170,A0006142,Credit,2025-11-19 00:00:00,2025-11-21 00:00:00,Active,Visa,2030-11-19 00:00:00,0,
CD004171,A0002947,Debit,2024-09-02 00:00:00,2024-09-04 00:00:00,Active,Visa,2029-09-02 00:00:00,0,
CD004172,A0000638,Credit,2026-01-15 00:00:00,2026-01-16 00:00:00,Active,Mastercard,2031-01-15 00:00:00,0,
CD004173,A0004315,Credit,2022-12-07 00:00:00,2022-12-10 00:00:00,Active,Mastercard,2027-12-07 00:00:00,0,
CD004174,A0004436,Debit,2022-11-10 00:00:00,2022-11-16 00:00:00,Active,RuPay,2027-11-10 00:00:00,0,
CD004175,A0003613,Debit,2023-10-22 00:00:00,2023-10-23 00:00:00,Active,Mastercard,2028-10-22 00:00:00,0,
CD004176,A0004892,Credit,2024-04-14 00:00:00,2024-04-20 00:00:00,Active,RuPay,2029-04-14 00:00:00,0,
CD004177,A0006086,Debit,2026-03-27 00:00:00,2026-03-29 00:00:00,Blocked,Visa,2031-03-27 00:00:00,1,Customer Request
CD004178,A0001267,Debit,2025-12-25 00:00:00,2025-12-28 00:00:00,Active,RuPay,2030-12-25 00:00:00,0,
CD004179,A0005789,Credit,2022-08-01 00:00:00,2022-08-05 00:00:00,Active,Mastercard,2027-08-01 00:00:00,0,
CD004180,A0000218,Debit,2024-07-07 00:00:00,2024-07-08 00:00:00,Active,Visa,2029-07-07 00:00:00,0,
CD004181,A0004161,Debit,2024-08-27 00:00:00,2024-08-30 00:00:00,Active,Mastercard,2029-08-27 00:00:00,1,
CD004182,A0006204,Debit,2022-05-15 00:00:00,2022-05-21 00:00:00,Blocked,Mastercard,2027-05-15 00:00:00,2,Customer Request
CD004183,A0004025,Credit,2024-05-18 00:00:00,2024-05-19 00:00:00,Active,Mastercard,2029-05-18 00:00:00,1,
CD004184,A0003678,Debit,2022-02-17 00:00:00,2022-02-18 00:00:00,Active,Visa,2027-02-17 00:00:00,0,
CD004185,A0000162,Debit,2025-09-23 00:00:00,2025-09-29 00:00:00,Active,Mastercard,2030-09-23 00:00:00,0,
CD004186,A0002485,Debit,2023-11-16 00:00:00,2023-11-22 00:00:00,Active,RuPay,2028-11-16 00:00:00,0,
CD004187,A0000131,Debit,2023-08-31 00:00:00,2023-09-02 00:00:00,Active,RuPay,2028-08-31 00:00:00,1,
CD004188,A0001486,Credit,2023-10-13 00:00:00,2023-10-17 00:00:00,Active,Mastercard,2028-10-13 00:00:00,0,
CD004189,A0000856,Credit,2022-04-04 00:00:00,2022-04-08 00:00:00,Active,RuPay,2027-04-04 00:00:00,0,
CD004190,A0003092,Credit,2022-01-13 00:00:00,2022-01-13 00:00:00,Expired,Visa,2027-01-13 00:00:00,0,
CD004191,A0001805,Debit,2026-06-17 00:00:00,2026-06-19 00:00:00,Expired,Mastercard,2031-06-17 00:00:00,0,
CD004192,A0002196,Debit,2025-04-12 00:00:00,2025-04-17 00:00:00,Inactive,Visa,2030-04-12 00:00:00,0,
CD004193,A0000806,Debit,2023-06-07 00:00:00,2023-06-08 00:00:00,Active,Mastercard,2028-06-07 00:00:00,0,
CD004194,A0004200,Debit,2023-02-18 00:00:00,2023-02-24 00:00:00,Active,Mastercard,2028-02-18 00:00:00,0,
CD004195,A0003103,Credit,2026-06-23 00:00:00,2026-06-24 00:00:00,Active,Mastercard,2031-06-23 00:00:00,1,
CD004196,A0002639,Debit,2022-08-05 00:00:00,2022-08-12 00:00:00,Active,Visa,2027-08-05 00:00:00,0,
CD004197,A0003131,Credit,2023-09-28 00:00:00,2023-09-29 00:00:00,Expired,Mastercard,2028-09-28 00:00:00,0,
CD004198,A0000577,Debit,2025-08-02 00:00:00,2025-08-02 00:00:00,Active,RuPay,2030-08-02 00:00:00,0,
CD004199,A0006390,Debit,2024-09-05 00:00:00,2024-09-08 00:00:00,Active,RuPay,2029-09-05 00:00:00,0,
CD004200,A0001603,Debit,2025-04-21 00:00:00,2025-04-22 00:00:00,Active,Visa,2030-04-21 00:00:00,0,
CD004201,A0005409,Debit,2024-03-16 00:00:00,2024-03-23 00:00:00,Active,RuPay,2029-03-16 00:00:00,0,
CD004202,A0004354,Debit,2024-11-19 00:00:00,2024-11-25 00:00:00,Active,Visa,2029-11-19 00:00:00,0,
CD004203,A0005380,Credit,2025-08-30 00:00:00,2025-09-06 00:00:00,Active,Mastercard,2030-08-30 00:00:00,0,
CD004204,A0003627,Credit,2022-08-21 00:00:00,2022-08-25 00:00:00,Active,Mastercard,2027-08-21 00:00:00,0,
CD004205,A0003615,Debit,2023-05-10 00:00:00,2023-05-14 00:00:00,Active,Mastercard,2028-05-10 00:00:00,0,
CD004206,A0003264,Debit,2024-11-24 00:00:00,2024-11-29 00:00:00,Active,Visa,2029-11-24 00:00:00,0,
CD004207,A0001416,Debit,2022-10-26 00:00:00,2022-10-27 00:00:00,Active,Visa,2027-10-26 00:00:00,0,
CD004208,A0001643,Credit,2024-04-05 00:00:00,2024-04-08 00:00:00,Inactive,Visa,2029-04-05 00:00:00,0,
CD004209,A0003229,Credit,2022-10-26 00:00:00,2022-10-26 00:00:00,Active,RuPay,2027-10-26 00:00:00,0,
CD004210,A0002893,Debit,2023-04-05 00:00:00,2023-04-10 00:00:00,Active,Visa,2028-04-05 00:00:00,0,
CD004211,A0001399,Credit,2024-11-20 00:00:00,2024-11-26 00:00:00,Active,RuPay,2029-11-20 00:00:00,0,
CD004212,A0004787,Debit,2026-02-24 00:00:00,2026-02-26 00:00:00,Active,Visa,2031-02-24 00:00:00,1,
CD004213,A0002507,Debit,2025-06-11 00:00:00,2025-06-18 00:00:00,Active,Mastercard,2030-06-11 00:00:00,0,
CD004214,A0003666,Debit,2023-05-01 00:00:00,2023-05-05 00:00:00,Blocked,RuPay,2028-05-01 00:00:00,0,Stolen
CD004215,A0003491,Debit,2022-03-31 00:00:00,2022-04-04 00:00:00,Inactive,RuPay,2027-03-31 00:00:00,0,
CD004216,A0003044,Debit,2022-01-17 00:00:00,2022-01-23 00:00:00,Active,Mastercard,2027-01-17 00:00:00,0,
CD004217,A0003321,Debit,2022-03-16 00:00:00,2022-03-20 00:00:00,Inactive,Mastercard,2027-03-16 00:00:00,0,
CD004218,A0006481,Debit,2022-02-26 00:00:00,2022-03-01 00:00:00,Blocked,RuPay,2027-02-26 00:00:00,0,Stolen
CD004219,A0001338,Debit,2023-08-02 00:00:00,2023-08-07 00:00:00,Active,Visa,2028-08-02 00:00:00,0,
CD004220,A0005923,Debit,2025-01-29 00:00:00,2025-02-04 00:00:00,Active,Visa,2030-01-29 00:00:00,0,
CD004221,A0004517,Debit,2022-02-06 00:00:00,2022-02-10 00:00:00,Active,RuPay,2027-02-06 00:00:00,0,
CD004222,A0006188,Debit,2024-07-26 00:00:00,2024-07-31 00:00:00,Active,Mastercard,2029-07-26 00:00:00,0,
CD004223,A0001891,Credit,2024-10-23 00:00:00,2024-10-25 00:00:00,Active,RuPay,2029-10-23 00:00:00,0,
CD004224,A0001853,Debit,2023-07-01 00:00:00,2023-07-06 00:00:00,Active,Mastercard,2028-07-01 00:00:00,1,
CD004225,A0001049,Debit,2022-12-29 00:00:00,2023-01-02 00:00:00,Active,RuPay,2027-12-29 00:00:00,0,
CD004226,A0005105,Debit,2024-11-27 00:00:00,2024-12-04 00:00:00,Blocked,Mastercard,2029-11-27 00:00:00,0,Stolen
CD004227,A0001573,Debit,2024-07-28 00:00:00,2024-08-01 00:00:00,Active,Visa,2029-07-28 00:00:00,0,
CD004228,A0001576,Credit,2024-05-06 00:00:00,2024-05-06 00:00:00,Active,RuPay,2029-05-06 00:00:00,0,
CD004229,A0003591,Credit,2024-05-02 00:00:00,2024-05-08 00:00:00,Active,Visa,2029-05-02 00:00:00,0,
CD004230,A0000081,Debit,2025-06-18 00:00:00,2025-06-25 00:00:00,Active,Mastercard,2030-06-18 00:00:00,0,
CD004231,A0004554,Debit,2024-02-12 00:00:00,2024-02-16 00:00:00,Active,Visa,2029-02-12 00:00:00,2,
CD004232,A0003609,Debit,2024-04-19 00:00:00,2024-04-20 00:00:00,Blocked,Mastercard,2029-04-19 00:00:00,0,Stolen
CD004233,A0006313,Debit,2022-11-07 00:00:00,2022-11-10 00:00:00,Active,Mastercard,2027-11-07 00:00:00,0,
CD004234,A0000552,Debit,2024-09-29 00:00:00,2024-09-29 00:00:00,Active,Mastercard,2029-09-29 00:00:00,0,
CD004235,A0005313,Debit,2026-05-16 00:00:00,2026-05-23 00:00:00,Blocked,Visa,2031-05-16 00:00:00,0,Customer Request
CD004236,A0000363,Debit,2023-12-29 00:00:00,2024-01-05 00:00:00,Inactive,RuPay,2028-12-29 00:00:00,0,
CD004237,A0006120,Debit,2022-08-25 00:00:00,2022-08-31 00:00:00,Active,Mastercard,2027-08-25 00:00:00,0,
CD004238,A0003302,Credit,2022-07-10 00:00:00,2022-07-11 00:00:00,Active,RuPay,2027-07-10 00:00:00,0,
CD004239,A0002305,Debit,2024-09-15 00:00:00,2024-09-17 00:00:00,Blocked,RuPay,2029-09-15 00:00:00,2,Customer Request
CD004240,A0005709,Credit,2024-04-04 00:00:00,2024-04-04 00:00:00,Active,Visa,2029-04-04 00:00:00,0,
CD004241,A0002781,Credit,2025-02-09 00:00:00,2025-02-14 00:00:00,Active,Visa,2030-02-09 00:00:00,0,
CD004242,A0005813,Debit,2022-07-01 00:00:00,2022-07-07 00:00:00,Active,Mastercard,2027-07-01 00:00:00,0,
CD004243,A0000574,Debit,2023-02-04 00:00:00,2023-02-06 00:00:00,Blocked,RuPay,2028-02-04 00:00:00,1,Lost
CD004244,A0001546,Debit,2025-11-06 00:00:00,2025-11-08 00:00:00,Inactive,Mastercard,2030-11-06 00:00:00,0,
CD004245,A0002919,Debit,2026-05-02 00:00:00,2026-05-09 00:00:00,Active,Mastercard,2031-05-02 00:00:00,0,
CD004246,A0004579,Debit,2022-01-18 00:00:00,2022-01-24 00:00:00,Inactive,RuPay,2027-01-18 00:00:00,0,
CD004247,A0005370,Debit,2023-08-01 00:00:00,2023-08-01 00:00:00,Expired,Visa,2028-08-01 00:00:00,0,
CD004248,A0003252,Debit,2022-07-21 00:00:00,2022-07-28 00:00:00,Expired,Visa,2027-07-21 00:00:00,0,
CD004249,A0003809,Debit,2024-03-30 00:00:00,2024-04-04 00:00:00,Active,Visa,2029-03-30 00:00:00,0,
CD004250,A0003089,Debit,2022-12-07 00:00:00,2022-12-11 00:00:00,Active,Visa,2027-12-07 00:00:00,0,
CD004251,A0000069,Debit,2024-12-06 00:00:00,2024-12-07 00:00:00,Inactive,RuPay,2029-12-06 00:00:00,0,
CD004252,A0002062,Debit,2022-08-02 00:00:00,2022-08-02 00:00:00,Expired,Mastercard,2027-08-02 00:00:00,0,
CD004253,A0002352,Credit,2025-04-14 00:00:00,2025-04-21 00:00:00,Blocked,Mastercard,2030-04-14 00:00:00,0,Stolen
CD004254,A0005759,Debit,2024-01-23 00:00:00,2024-01-27 00:00:00,Active,Visa,2029-01-23 00:00:00,0,
CD004255,A0000671,Credit,2025-01-21 00:00:00,2025-01-21 00:00:00,Active,Mastercard,2030-01-21 00:00:00,0,
CD004256,A0005801,Debit,2022-05-03 00:00:00,2022-05-07 00:00:00,Active,Visa,2027-05-03 00:00:00,0,
CD004257,A0002081,Credit,2023-04-03 00:00:00,2023-04-07 00:00:00,Active,RuPay,2028-04-03 00:00:00,0,
CD004258,A0001863,Debit,2022-05-22 00:00:00,2022-05-22 00:00:00,Blocked,Visa,2027-05-22 00:00:00,0,Suspected Fraud
CD004259,A0001359,Debit,2022-04-06 00:00:00,2022-04-12 00:00:00,Active,Visa,2027-04-06 00:00:00,0,
CD004260,A0005544,Debit,2025-04-13 00:00:00,2025-04-13 00:00:00,Blocked,Visa,2030-04-13 00:00:00,2,Suspected Fraud
CD004261,A0001091,Credit,2024-09-05 00:00:00,2024-09-06 00:00:00,Active,RuPay,2029-09-05 00:00:00,2,
CD004262,A0003280,Debit,2026-05-24 00:00:00,2026-05-28 00:00:00,Active,Visa,2031-05-24 00:00:00,0,
CD004263,A0000537,Debit,2024-01-27 00:00:00,2024-01-31 00:00:00,Active,Mastercard,2029-01-27 00:00:00,0,
CD004264,A0002297,Debit,2024-04-03 00:00:00,2024-04-04 00:00:00,Blocked,Visa,2029-04-03 00:00:00,1,Lost
CD004265,A0001022,Debit,2025-02-27 00:00:00,2025-03-06 00:00:00,Active,Mastercard,2030-02-27 00:00:00,0,
CD004266,A0001631,Debit,2024-01-29 00:00:00,2024-02-03 00:00:00,Active,Visa,2029-01-29 00:00:00,0,
CD004267,A0004477,Debit,2023-11-15 00:00:00,2023-11-18 00:00:00,Active,Mastercard,2028-11-15 00:00:00,0,
CD004268,A0002651,Debit,2025-03-08 00:00:00,2025-03-08 00:00:00,Active,RuPay,2030-03-08 00:00:00,0,
CD004269,A0005457,Debit,2024-01-05 00:00:00,2024-01-12 00:00:00,Expired,Visa,2029-01-05 00:00:00,0,
CD004270,A0003479,Debit,2024-04-27 00:00:00,2024-04-29 00:00:00,Active,Mastercard,2029-04-27 00:00:00,1,
CD004271,A0004005,Debit,2025-11-01 00:00:00,2025-11-04 00:00:00,Blocked,RuPay,2030-11-01 00:00:00,0,Lost
CD004272,A0001823,Credit,2023-07-07 00:00:00,2023-07-07 00:00:00,Active,Mastercard,2028-07-07 00:00:00,0,
CD004273,A0001430,Debit,2024-12-08 00:00:00,2024-12-08 00:00:00,Blocked,Mastercard,2029-12-08 00:00:00,0,Suspected Fraud
CD004274,A0003959,Debit,2022-05-03 00:00:00,2022-05-04 00:00:00,Expired,Mastercard,2027-05-03 00:00:00,2,
CD004275,A0005419,Debit,2024-02-16 00:00:00,2024-02-21 00:00:00,Active,RuPay,2029-02-16 00:00:00,0,
CD004276,A0002173,Credit,2023-11-24 00:00:00,2023-11-24 00:00:00,Active,Mastercard,2028-11-24 00:00:00,0,
CD004277,A0003975,Debit,2023-02-10 00:00:00,2023-02-10 00:00:00,Active,RuPay,2028-02-10 00:00:00,1,
CD004278,A0002167,Debit,2022-02-22 00:00:00,2022-02-27 00:00:00,Active,Mastercard,2027-02-22 00:00:00,0,
CD004279,A0003847,Debit,2025-04-29 00:00:00,2025-04-30 00:00:00,Blocked,Visa,2030-04-29 00:00:00,0,Lost
CD004280,A0003417,Debit,2022-05-12 00:00:00,2022-05-12 00:00:00,Active,Mastercard,2027-05-12 00:00:00,0,
CD004281,A0000190,Debit,2022-08-31 00:00:00,2022-09-06 00:00:00,Active,Mastercard,2027-08-31 00:00:00,0,
CD004282,A0003121,Debit,2024-08-26 00:00:00,2024-08-31 00:00:00,Active,Mastercard,2029-08-26 00:00:00,1,
CD004283,A0003303,Debit,2026-01-18 00:00:00,2026-01-20 00:00:00,Active,Visa,2031-01-18 00:00:00,1,
CD004284,A0005153,Debit,2022-02-19 00:00:00,2022-02-19 00:00:00,Active,Mastercard,2027-02-19 00:00:00,0,
CD004285,A0001502,Debit,2022-03-30 00:00:00,2022-04-03 00:00:00,Active,Mastercard,2027-03-30 00:00:00,0,
CD004286,A0000269,Debit,2025-01-05 00:00:00,2025-01-09 00:00:00,Active,Visa,2030-01-05 00:00:00,0,
CD004287,A0001314,Debit,2022-05-05 00:00:00,2022-05-05 00:00:00,Active,Mastercard,2027-05-05 00:00:00,0,
CD004288,A0005011,Credit,2023-10-03 00:00:00,2023-10-05 00:00:00,Active,Visa,2028-10-03 00:00:00,1,
CD004289,A0003114,Debit,2023-03-21 00:00:00,2023-03-22 00:00:00,Active,Mastercard,2028-03-21 00:00:00,0,
CD004290,A0002103,Debit,2022-09-06 00:00:00,2022-09-11 00:00:00,Active,Mastercard,2027-09-06 00:00:00,0,
CD004291,A0004594,Debit,2023-11-08 00:00:00,2023-11-14 00:00:00,Active,Visa,2028-11-08 00:00:00,0,
CD004292,A0005809,Debit,2024-08-08 00:00:00,2024-08-08 00:00:00,Active,RuPay,2029-08-08 00:00:00,1,
CD004293,A0002726,Debit,2024-11-11 00:00:00,2024-11-16 00:00:00,Active,Visa,2029-11-11 00:00:00,0,
CD004294,A0006319,Credit,2025-04-10 00:00:00,2025-04-16 00:00:00,Active,RuPay,2030-04-10 00:00:00,1,
CD004295,A0005512,Debit,2026-03-28 00:00:00,2026-04-02 00:00:00,Active,Visa,2031-03-28 00:00:00,1,
CD004296,A0001362,Debit,2025-05-28 00:00:00,2025-06-03 00:00:00,Active,Mastercard,2030-05-28 00:00:00,0,
CD004297,A0003954,Debit,2023-11-28 00:00:00,2023-12-05 00:00:00,Active,RuPay,2028-11-28 00:00:00,0,
CD004298,A0001564,Credit,2022-05-24 00:00:00,2022-05-28 00:00:00,Active,Visa,2027-05-24 00:00:00,1,
CD004299,A0001813,Credit,2023-10-28 00:00:00,2023-11-03 00:00:00,Active,RuPay,2028-10-28 00:00:00,0,
CD004300,A0004871,Debit,2022-12-22 00:00:00,2022-12-23 00:00:00,Active,RuPay,2027-12-22 00:00:00,2,
CD004301,A0001525,Credit,2023-09-03 00:00:00,2023-09-03 00:00:00,Active,Visa,2028-09-03 00:00:00,0,
CD004302,A0002592,Debit,2025-12-10 00:00:00,2025-12-11 00:00:00,Active,Visa,2030-12-10 00:00:00,0,
CD004303,A0003149,Debit,2023-09-04 00:00:00,2023-09-04 00:00:00,Active,Visa,2028-09-04 00:00:00,1,
CD004304,A0004738,Credit,2025-05-13 00:00:00,2025-05-14 00:00:00,Inactive,RuPay,2030-05-13 00:00:00,0,
CD004305,A0001389,Credit,2024-08-01 00:00:00,2024-08-01 00:00:00,Active,Mastercard,2029-08-01 00:00:00,0,
CD004306,A0004246,Debit,2023-12-04 00:00:00,2023-12-08 00:00:00,Active,RuPay,2028-12-04 00:00:00,0,
CD004307,A0005498,Debit,2025-11-15 00:00:00,2025-11-16 00:00:00,Inactive,Visa,2030-11-15 00:00:00,0,
CD004308,A0003372,Debit,2023-02-26 00:00:00,2023-03-01 00:00:00,Active,Mastercard,2028-02-26 00:00:00,0,
CD004309,A0002093,Debit,2026-04-06 00:00:00,2026-04-12 00:00:00,Active,Visa,2031-04-06 00:00:00,1,
CD004310,A0003138,Debit,2023-07-06 00:00:00,2023-07-12 00:00:00,Active,RuPay,2028-07-06 00:00:00,2,
CD004311,A0001581,Debit,2024-06-16 00:00:00,2024-06-17 00:00:00,Inactive,Mastercard,2029-06-16 00:00:00,0,
CD004312,A0000208,Debit,2023-12-16 00:00:00,2023-12-23 00:00:00,Active,Visa,2028-12-16 00:00:00,0,
CD004313,A0001928,Debit,2025-10-23 00:00:00,2025-10-26 00:00:00,Active,RuPay,2030-10-23 00:00:00,0,
CD004314,A0000576,Credit,2023-08-28 00:00:00,2023-08-30 00:00:00,Active,Mastercard,2028-08-28 00:00:00,0,
CD004315,A0003338,Credit,2025-03-13 00:00:00,2025-03-14 00:00:00,Active,Mastercard,2030-03-13 00:00:00,0,
CD004316,A0003476,Debit,2024-04-06 00:00:00,2024-04-06 00:00:00,Active,Mastercard,2029-04-06 00:00:00,0,
CD004317,A0005624,Debit,2024-05-29 00:00:00,2024-06-04 00:00:00,Active,Visa,2029-05-29 00:00:00,0,
CD004318,A0005520,Debit,2023-06-22 00:00:00,2023-06-29 00:00:00,Active,RuPay,2028-06-22 00:00:00,0,
CD004319,A0002178,Debit,2022-12-30 00:00:00,2022-12-30 00:00:00,Active,RuPay,2027-12-30 00:00:00,1,
CD004320,A0004507,Debit,2022-11-24 00:00:00,2022-11-30 00:00:00,Active,Mastercard,2027-11-24 00:00:00,0,
CD004321,A0006487,Debit,2023-06-21 00:00:00,2023-06-26 00:00:00,Active,Mastercard,2028-06-21 00:00:00,0,
CD004322,A0004248,Debit,2022-04-22 00:00:00,2022-04-25 00:00:00,Active,RuPay,2027-04-22 00:00:00,0,
CD004323,A0002668,Debit,2026-05-09 00:00:00,2026-05-15 00:00:00,Active,Visa,2031-05-09 00:00:00,0,
CD004324,A0000476,Debit,2024-04-09 00:00:00,2024-04-10 00:00:00,Active,RuPay,2029-04-09 00:00:00,0,
CD004325,A0002399,Debit,2025-01-23 00:00:00,2025-01-29 00:00:00,Expired,Mastercard,2030-01-23 00:00:00,1,
CD004326,A0000058,Credit,2023-10-30 00:00:00,2023-11-02 00:00:00,Active,Mastercard,2028-10-30 00:00:00,0,
CD004327,A0000251,Debit,2025-02-24 00:00:00,2025-02-24 00:00:00,Active,RuPay,2030-02-24 00:00:00,0,
CD004328,A0000304,Debit,2023-08-21 00:00:00,2023-08-26 00:00:00,Active,Visa,2028-08-21 00:00:00,0,
CD004329,A0001538,Credit,2024-11-02 00:00:00,2024-11-02 00:00:00,Active,RuPay,2029-11-02 00:00:00,0,
CD004330,A0005402,Credit,2026-02-03 00:00:00,2026-02-08 00:00:00,Blocked,Visa,2031-02-03 00:00:00,0,Lost
CD004331,A0004616,Debit,2022-09-29 00:00:00,2022-10-04 00:00:00,Active,Mastercard,2027-09-29 00:00:00,0,
CD004332,A0005710,Debit,2023-02-02 00:00:00,2023-02-09 00:00:00,Inactive,Mastercard,2028-02-02 00:00:00,0,
CD004333,A0000050,Debit,2025-09-04 00:00:00,2025-09-09 00:00:00,Active,Visa,2030-09-04 00:00:00,0,
CD004334,A0006361,Debit,2026-06-25 00:00:00,2026-06-26 00:00:00,Active,RuPay,2031-06-25 00:00:00,2,
CD004335,A0004876,Debit,2024-06-30 00:00:00,2024-07-06 00:00:00,Active,Visa,2029-06-30 00:00:00,0,
CD004336,A0001448,Debit,2026-02-25 00:00:00,2026-02-25 00:00:00,Blocked,Mastercard,2031-02-25 00:00:00,0,Stolen
CD004337,A0005230,Debit,2022-08-04 00:00:00,2022-08-09 00:00:00,Active,Mastercard,2027-08-04 00:00:00,0,
CD004338,A0002821,Debit,2023-12-03 00:00:00,2023-12-08 00:00:00,Active,Mastercard,2028-12-03 00:00:00,0,
CD004339,A0000060,Debit,2024-03-21 00:00:00,2024-03-23 00:00:00,Active,Mastercard,2029-03-21 00:00:00,1,
CD004340,A0000777,Debit,2025-07-02 00:00:00,2025-07-08 00:00:00,Active,Visa,2030-07-02 00:00:00,0,
CD004341,A0004692,Debit,2024-04-12 00:00:00,2024-04-15 00:00:00,Active,Mastercard,2029-04-12 00:00:00,0,
CD004342,A0004970,Debit,2024-09-27 00:00:00,2024-09-27 00:00:00,Active,RuPay,2029-09-27 00:00:00,0,
CD004343,A0005284,Debit,2024-05-17 00:00:00,2024-05-18 00:00:00,Active,Visa,2029-05-17 00:00:00,0,
CD004344,A0000061,Debit,2023-03-25 00:00:00,2023-04-01 00:00:00,Active,Visa,2028-03-25 00:00:00,0,
CD004345,A0000196,Credit,2022-11-28 00:00:00,2022-12-05 00:00:00,Active,Mastercard,2027-11-28 00:00:00,0,
CD004346,A0006322,Debit,2023-08-12 00:00:00,2023-08-13 00:00:00,Active,Visa,2028-08-12 00:00:00,0,
CD004347,A0000561,Debit,2024-02-27 00:00:00,2024-03-02 00:00:00,Active,RuPay,2029-02-27 00:00:00,0,
CD004348,A0002318,Debit,2024-02-05 00:00:00,2024-02-10 00:00:00,Active,RuPay,2029-02-05 00:00:00,0,
CD004349,A0001762,Credit,2026-05-01 00:00:00,2026-05-02 00:00:00,Active,Mastercard,2031-05-01 00:00:00,1,
CD004350,A0006064,Debit,2025-09-19 00:00:00,2025-09-24 00:00:00,Active,RuPay,2030-09-19 00:00:00,0,
CD004351,A0000030,Debit,2022-10-10 00:00:00,2022-10-11 00:00:00,Active,Visa,2027-10-10 00:00:00,0,
CD004352,A0001211,Debit,2022-06-18 00:00:00,2022-06-19 00:00:00,Active,Visa,2027-06-18 00:00:00,0,
CD004353,A0005138,Debit,2024-10-03 00:00:00,2024-10-03 00:00:00,Active,Visa,2029-10-03 00:00:00,0,
CD004354,A0003884,Credit,2024-01-06 00:00:00,2024-01-10 00:00:00,Active,Visa,2029-01-06 00:00:00,0,
CD004355,A0001195,Credit,2022-11-06 00:00:00,2022-11-08 00:00:00,Active,Mastercard,2027-11-06 00:00:00,0,
CD004356,A0000933,Debit,2023-12-07 00:00:00,2023-12-11 00:00:00,Blocked,Visa,2028-12-07 00:00:00,0,Suspected Fraud
CD004357,A0001969,Debit,2025-07-16 00:00:00,2025-07-21 00:00:00,Expired,RuPay,2030-07-16 00:00:00,1,
CD004358,A0005071,Debit,2025-02-01 00:00:00,2025-02-03 00:00:00,Active,RuPay,2030-02-01 00:00:00,0,
CD004359,A0004485,Debit,2025-05-10 00:00:00,2025-05-13 00:00:00,Active,Visa,2030-05-10 00:00:00,0,
CD004360,A0005605,Debit,2023-05-20 00:00:00,2023-05-21 00:00:00,Expired,RuPay,2028-05-20 00:00:00,0,
CD004361,A0000311,Debit,2024-07-24 00:00:00,2024-07-27 00:00:00,Active,Mastercard,2029-07-24 00:00:00,0,
CD004362,A0000772,Debit,2023-06-19 00:00:00,2023-06-24 00:00:00,Active,RuPay,2028-06-19 00:00:00,0,
CD004363,A0005130,Debit,2022-08-09 00:00:00,2022-08-13 00:00:00,Expired,Mastercard,2027-08-09 00:00:00,2,
CD004364,A0001792,Debit,2024-10-26 00:00:00,2024-10-31 00:00:00,Active,RuPay,2029-10-26 00:00:00,0,
CD004365,A0001140,Credit,2025-07-17 00:00:00,2025-07-18 00:00:00,Active,Mastercard,2030-07-17 00:00:00,1,
CD004366,A0002464,Debit,2026-03-17 00:00:00,2026-03-23 00:00:00,Active,Mastercard,2031-03-17 00:00:00,0,
CD004367,A0005399,Debit,2023-08-10 00:00:00,2023-08-16 00:00:00,Expired,RuPay,2028-08-10 00:00:00,0,
CD004368,A0002431,Debit,2023-04-12 00:00:00,2023-04-12 00:00:00,Inactive,Visa,2028-04-12 00:00:00,0,
CD004369,A0002394,Debit,2026-02-24 00:00:00,2026-02-24 00:00:00,Active,RuPay,2031-02-24 00:00:00,0,
CD004370,A0000230,Debit,2026-03-11 00:00:00,2026-03-12 00:00:00,Active,Mastercard,2031-03-11 00:00:00,0,
CD004371,A0000445,Debit,2022-07-16 00:00:00,2022-07-16 00:00:00,Active,Mastercard,2027-07-16 00:00:00,0,
CD004372,A0001656,Credit,2026-03-17 00:00:00,2026-03-19 00:00:00,Active,Visa,2031-03-17 00:00:00,0,
CD004373,A0005811,Debit,2023-07-30 00:00:00,2023-08-04 00:00:00,Blocked,Visa,2028-07-30 00:00:00,2,Stolen
CD004374,A0001219,Debit,2026-03-18 00:00:00,2026-03-24 00:00:00,Blocked,Visa,2031-03-18 00:00:00,1,Stolen
CD004375,A0005607,Debit,2023-02-02 00:00:00,2023-02-02 00:00:00,Active,RuPay,2028-02-02 00:00:00,1,
CD004376,A0004726,Debit,2022-04-18 00:00:00,2022-04-23 00:00:00,Active,RuPay,2027-04-18 00:00:00,0,
CD004377,A0001163,Debit,2023-12-01 00:00:00,2023-12-08 00:00:00,Active,Visa,2028-12-01 00:00:00,0,
CD004378,A0001278,Debit,2022-09-30 00:00:00,2022-10-06 00:00:00,Active,Mastercard,2027-09-30 00:00:00,0,
CD004379,A0002021,Credit,2022-05-26 00:00:00,2022-05-31 00:00:00,Active,Mastercard,2027-05-26 00:00:00,0,
CD004380,A0001843,Debit,2022-07-06 00:00:00,2022-07-11 00:00:00,Blocked,Visa,2027-07-06 00:00:00,1,Customer Request
CD004381,A0006286,Debit,2023-03-24 00:00:00,2023-03-29 00:00:00,Active,Visa,2028-03-24 00:00:00,0,
CD004382,A0004019,Debit,2023-06-13 00:00:00,2023-06-14 00:00:00,Active,Mastercard,2028-06-13 00:00:00,0,
CD004383,A0005131,Credit,2025-07-20 00:00:00,2025-07-23 00:00:00,Active,RuPay,2030-07-20 00:00:00,0,
CD004384,A0000235,Debit,2024-12-31 00:00:00,2025-01-01 00:00:00,Active,Mastercard,2029-12-31 00:00:00,1,
CD004385,A0004211,Debit,2024-05-07 00:00:00,2024-05-11 00:00:00,Active,Visa,2029-05-07 00:00:00,0,
CD004386,A0003099,Debit,2022-08-04 00:00:00,2022-08-07 00:00:00,Blocked,Visa,2027-08-04 00:00:00,0,Suspected Fraud
CD004387,A0001193,Debit,2023-06-24 00:00:00,2023-06-28 00:00:00,Inactive,Mastercard,2028-06-24 00:00:00,2,
CD004388,A0003534,Debit,2023-07-11 00:00:00,2023-07-14 00:00:00,Active,Visa,2028-07-11 00:00:00,0,
CD004389,A0000124,Credit,2025-04-01 00:00:00,2025-04-04 00:00:00,Active,Mastercard,2030-04-01 00:00:00,1,
CD004390,A0003999,Debit,2025-01-10 00:00:00,2025-01-11 00:00:00,Active,Visa,2030-01-10 00:00:00,0,
CD004391,A0005400,Debit,2022-07-08 00:00:00,2022-07-10 00:00:00,Active,Mastercard,2027-07-08 00:00:00,0,
CD004392,A0002102,Debit,2022-04-10 00:00:00,2022-04-11 00:00:00,Active,Visa,2027-04-10 00:00:00,2,
CD004393,A0005198,Debit,2025-08-27 00:00:00,2025-09-01 00:00:00,Active,Mastercard,2030-08-27 00:00:00,0,
CD004394,A0006256,Debit,2023-06-07 00:00:00,2023-06-09 00:00:00,Blocked,RuPay,2028-06-07 00:00:00,0,Lost
CD004395,A0003795,Credit,2025-11-30 00:00:00,2025-12-04 00:00:00,Active,Visa,2030-11-30 00:00:00,1,
CD004396,A0004680,Debit,2022-08-08 00:00:00,2022-08-11 00:00:00,Active,RuPay,2027-08-08 00:00:00,0,
CD004397,A0003050,Credit,2024-05-25 00:00:00,2024-05-26 00:00:00,Active,Mastercard,2029-05-25 00:00:00,0,
CD004398,A0000869,Debit,2025-11-15 00:00:00,2025-11-18 00:00:00,Inactive,RuPay,2030-11-15 00:00:00,0,
CD004399,A0001708,Debit,2024-10-23 00:00:00,2024-10-27 00:00:00,Expired,RuPay,2029-10-23 00:00:00,1,
CD004400,A0002736,Debit,2023-03-25 00:00:00,2023-03-31 00:00:00,Active,Visa,2028-03-25 00:00:00,0,
CD004401,A0006450,Credit,2024-11-09 00:00:00,2024-11-14 00:00:00,Active,Mastercard,2029-11-09 00:00:00,0,
CD004402,A0003891,Debit,2026-06-06 00:00:00,2026-06-10 00:00:00,Blocked,RuPay,2031-06-06 00:00:00,0,Suspected Fraud
CD004403,A0004845,Credit,2024-12-11 00:00:00,2024-12-13 00:00:00,Active,Mastercard,2029-12-11 00:00:00,1,
CD004404,A0005924,Debit,2023-06-24 00:00:00,2023-06-26 00:00:00,Blocked,Mastercard,2028-06-24 00:00:00,0,Lost
CD004405,A0005446,Debit,2025-08-04 00:00:00,2025-08-06 00:00:00,Active,Mastercard,2030-08-04 00:00:00,1,
CD004406,A0006192,Debit,2023-12-01 00:00:00,2023-12-06 00:00:00,Active,Mastercard,2028-12-01 00:00:00,0,
CD004407,A0004130,Debit,2024-02-17 00:00:00,2024-02-21 00:00:00,Active,Mastercard,2029-02-17 00:00:00,0,
CD004408,A0000680,Debit,2025-05-10 00:00:00,2025-05-11 00:00:00,Active,Mastercard,2030-05-10 00:00:00,0,
CD004409,A0002518,Debit,2022-08-23 00:00:00,2022-08-23 00:00:00,Active,Visa,2027-08-23 00:00:00,0,
CD004410,A0001899,Debit,2025-10-08 00:00:00,2025-10-11 00:00:00,Active,Visa,2030-10-08 00:00:00,0,
CD004411,A0004827,Debit,2024-04-26 00:00:00,2024-05-01 00:00:00,Active,Mastercard,2029-04-26 00:00:00,0,
CD004412,A0006335,Debit,2025-06-13 00:00:00,2025-06-14 00:00:00,Active,Visa,2030-06-13 00:00:00,0,
CD004413,A0004870,Debit,2022-02-19 00:00:00,2022-02-25 00:00:00,Blocked,RuPay,2027-02-19 00:00:00,0,Customer Request
CD004414,A0003487,Debit,2025-05-31 00:00:00,2025-06-01 00:00:00,Active,Mastercard,2030-05-31 00:00:00,0,
CD004415,A0003390,Debit,2025-01-12 00:00:00,2025-01-17 00:00:00,Active,Mastercard,2030-01-12 00:00:00,0,
CD004416,A0005751,Debit,2026-03-16 00:00:00,2026-03-22 00:00:00,Active,RuPay,2031-03-16 00:00:00,0,
CD004417,A0005634,Credit,2025-06-12 00:00:00,2025-06-14 00:00:00,Active,RuPay,2030-06-12 00:00:00,0,
CD004418,A0000514,Debit,2025-01-25 00:00:00,2025-01-27 00:00:00,Active,Visa,2030-01-25 00:00:00,0,
CD004419,A0004493,Debit,2025-07-21 00:00:00,2025-07-24 00:00:00,Active,Mastercard,2030-07-21 00:00:00,0,
CD004420,A0006111,Debit,2023-11-30 00:00:00,2023-12-05 00:00:00,Inactive,Mastercard,2028-11-30 00:00:00,0,
CD004421,A0002239,Debit,2024-12-29 00:00:00,2025-01-02 00:00:00,Active,Mastercard,2029-12-29 00:00:00,0,
CD004422,A0000587,Credit,2023-08-20 00:00:00,2023-08-26 00:00:00,Blocked,Visa,2028-08-20 00:00:00,1,Lost
CD004423,A0004633,Debit,2023-12-17 00:00:00,2023-12-22 00:00:00,Active,RuPay,2028-12-17 00:00:00,0,
CD004424,A0001521,Debit,2022-09-15 00:00:00,2022-09-21 00:00:00,Active,Visa,2027-09-15 00:00:00,0,
CD004425,A0003136,Debit,2026-05-09 00:00:00,2026-05-14 00:00:00,Active,Visa,2031-05-09 00:00:00,1,
CD004426,A0001781,Debit,2026-05-14 00:00:00,2026-05-21 00:00:00,Active,Mastercard,2031-05-14 00:00:00,0,
CD004427,A0001942,Credit,2025-07-27 00:00:00,2025-07-27 00:00:00,Active,Visa,2030-07-27 00:00:00,0,
CD004428,A0002556,Credit,2023-06-03 00:00:00,2023-06-06 00:00:00,Active,Visa,2028-06-03 00:00:00,0,
CD004429,A0005881,Credit,2023-10-01 00:00:00,2023-10-06 00:00:00,Active,RuPay,2028-10-01 00:00:00,0,
CD004430,A0000899,Debit,2022-06-21 00:00:00,2022-06-22 00:00:00,Active,RuPay,2027-06-21 00:00:00,0,
CD004431,A0000018,Debit,2023-05-25 00:00:00,2023-05-29 00:00:00,Active,Visa,2028-05-25 00:00:00,0,
CD004432,A0004945,Debit,2025-10-07 00:00:00,2025-10-12 00:00:00,Active,Visa,2030-10-07 00:00:00,0,
CD004433,A0003931,Credit,2026-03-01 00:00:00,2026-03-05 00:00:00,Active,RuPay,2031-03-01 00:00:00,0,
CD004434,A0001966,Debit,2022-10-23 00:00:00,2022-10-25 00:00:00,Active,RuPay,2027-10-23 00:00:00,0,
CD004435,A0001023,Debit,2026-04-17 00:00:00,2026-04-22 00:00:00,Blocked,Mastercard,2031-04-17 00:00:00,0,Suspected Fraud
CD004436,A0002749,Debit,2024-06-02 00:00:00,2024-06-09 00:00:00,Active,Visa,2029-06-02 00:00:00,0,
CD004437,A0000596,Debit,2022-07-28 00:00:00,2022-08-02 00:00:00,Inactive,Visa,2027-07-28 00:00:00,0,
CD004438,A0002896,Credit,2023-07-20 00:00:00,2023-07-24 00:00:00,Inactive,RuPay,2028-07-20 00:00:00,0,
CD004439,A0004811,Debit,2024-10-13 00:00:00,2024-10-14 00:00:00,Active,Visa,2029-10-13 00:00:00,0,
CD004440,A0004558,Debit,2025-08-07 00:00:00,2025-08-13 00:00:00,Active,Visa,2030-08-07 00:00:00,0,
CD004441,A0001206,Debit,2023-07-10 00:00:00,2023-07-17 00:00:00,Blocked,RuPay,2028-07-10 00:00:00,0,Stolen
CD004442,A0001117,Debit,2024-02-03 00:00:00,2024-02-06 00:00:00,Active,Visa,2029-02-03 00:00:00,0,
CD004443,A0003323,Debit,2026-03-06 00:00:00,2026-03-13 00:00:00,Active,RuPay,2031-03-06 00:00:00,1,
CD004444,A0004681,Credit,2022-07-25 00:00:00,2022-07-26 00:00:00,Active,Visa,2027-07-25 00:00:00,0,
CD004445,A0005362,Debit,2023-07-25 00:00:00,2023-07-30 00:00:00,Active,Mastercard,2028-07-25 00:00:00,0,
CD004446,A0003399,Debit,2025-06-09 00:00:00,2025-06-10 00:00:00,Active,Visa,2030-06-09 00:00:00,1,
CD004447,A0003126,Debit,2025-04-22 00:00:00,2025-04-23 00:00:00,Active,Mastercard,2030-04-22 00:00:00,2,
CD004448,A0003700,Debit,2024-02-01 00:00:00,2024-02-08 00:00:00,Active,RuPay,2029-02-01 00:00:00,0,
CD004449,A0006469,Debit,2025-05-09 00:00:00,2025-05-13 00:00:00,Active,Visa,2030-05-09 00:00:00,0,
CD004450,A0005280,Debit,2022-07-02 00:00:00,2022-07-02 00:00:00,Active,Mastercard,2027-07-02 00:00:00,1,
CD004451,A0004326,Debit,2023-05-18 00:00:00,2023-05-25 00:00:00,Active,Mastercard,2028-05-18 00:00:00,0,
CD004452,A0000739,Debit,2024-08-12 00:00:00,2024-08-12 00:00:00,Active,Mastercard,2029-08-12 00:00:00,0,
CD004453,A0001815,Debit,2023-03-22 00:00:00,2023-03-26 00:00:00,Active,Visa,2028-03-22 00:00:00,0,
CD004454,A0003495,Credit,2024-10-10 00:00:00,2024-10-14 00:00:00,Active,RuPay,2029-10-10 00:00:00,0,
CD004455,A0002090,Debit,2023-04-28 00:00:00,2023-04-28 00:00:00,Active,Visa,2028-04-28 00:00:00,2,
CD004456,A0004098,Credit,2025-09-28 00:00:00,2025-10-01 00:00:00,Active,Mastercard,2030-09-28 00:00:00,0,
CD004457,A0002360,Debit,2022-11-01 00:00:00,2022-11-04 00:00:00,Blocked,RuPay,2027-11-01 00:00:00,0,Stolen
CD004458,A0000072,Debit,2024-06-28 00:00:00,2024-06-29 00:00:00,Active,Visa,2029-06-28 00:00:00,1,
CD004459,A0002709,Credit,2022-10-14 00:00:00,2022-10-21 00:00:00,Active,Mastercard,2027-10-14 00:00:00,0,
CD004460,A0002049,Debit,2025-06-01 00:00:00,2025-06-06 00:00:00,Blocked,RuPay,2030-06-01 00:00:00,0,Lost
CD004461,A0005755,Credit,2026-03-01 00:00:00,2026-03-01 00:00:00,Active,Mastercard,2031-03-01 00:00:00,0,
CD004462,A0005598,Credit,2025-03-08 00:00:00,2025-03-09 00:00:00,Active,Mastercard,2030-03-08 00:00:00,0,
CD004463,A0001411,Credit,2022-02-01 00:00:00,2022-02-02 00:00:00,Active,RuPay,2027-02-01 00:00:00,0,
CD004464,A0004853,Debit,2023-03-09 00:00:00,2023-03-10 00:00:00,Active,Mastercard,2028-03-09 00:00:00,0,
CD004465,A0003828,Credit,2025-08-19 00:00:00,2025-08-21 00:00:00,Active,Visa,2030-08-19 00:00:00,0,
CD004466,A0005125,Debit,2026-02-06 00:00:00,2026-02-07 00:00:00,Blocked,Mastercard,2031-02-06 00:00:00,1,Customer Request
CD004467,A0002735,Debit,2023-01-05 00:00:00,2023-01-07 00:00:00,Active,Visa,2028-01-05 00:00:00,0,
CD004468,A0005554,Debit,2023-02-25 00:00:00,2023-02-28 00:00:00,Active,Mastercard,2028-02-25 00:00:00,0,
CD004469,A0001369,Credit,2025-02-07 00:00:00,2025-02-11 00:00:00,Expired,RuPay,2030-02-07 00:00:00,0,
CD004470,A0000298,Debit,2025-06-08 00:00:00,2025-06-13 00:00:00,Active,Mastercard,2030-06-08 00:00:00,0,
CD004471,A0001038,Credit,2025-08-08 00:00:00,2025-08-13 00:00:00,Blocked,Visa,2030-08-08 00:00:00,0,Suspected Fraud
CD004472,A0006403,Credit,2026-06-09 00:00:00,2026-06-15 00:00:00,Active,Visa,2031-06-09 00:00:00,0,
CD004473,A0005817,Debit,2023-05-10 00:00:00,2023-05-16 00:00:00,Active,RuPay,2028-05-10 00:00:00,0,
CD004474,A0004329,Debit,2024-04-24 00:00:00,2024-04-25 00:00:00,Active,Visa,2029-04-24 00:00:00,0,
CD004475,A0003526,Debit,2023-07-12 00:00:00,2023-07-18 00:00:00,Active,Mastercard,2028-07-12 00:00:00,0,
CD004476,A0003210,Debit,2024-04-13 00:00:00,2024-04-16 00:00:00,Active,Mastercard,2029-04-13 00:00:00,0,
CD004477,A0001009,Debit,2022-05-05 00:00:00,2022-05-08 00:00:00,Active,Mastercard,2027-05-05 00:00:00,0,
CD004478,A0005073,Debit,2022-12-23 00:00:00,2022-12-30 00:00:00,Active,Visa,2027-12-23 00:00:00,1,
CD004479,A0002791,Debit,2024-02-08 00:00:00,2024-02-10 00:00:00,Expired,Mastercard,2029-02-08 00:00:00,0,
CD004480,A0002290,Debit,2022-10-23 00:00:00,2022-10-28 00:00:00,Active,Visa,2027-10-23 00:00:00,0,
CD004481,A0004067,Debit,2024-02-27 00:00:00,2024-03-02 00:00:00,Active,RuPay,2029-02-27 00:00:00,0,
CD004482,A0001732,Credit,2024-09-05 00:00:00,2024-09-10 00:00:00,Active,Visa,2029-09-05 00:00:00,1,
CD004483,A0000238,Debit,2024-12-16 00:00:00,2024-12-21 00:00:00,Active,RuPay,2029-12-16 00:00:00,0,
CD004484,A0004423,Credit,2025-06-08 00:00:00,2025-06-12 00:00:00,Active,Mastercard,2030-06-08 00:00:00,0,
CD004485,A0003355,Debit,2023-07-19 00:00:00,2023-07-23 00:00:00,Active,Visa,2028-07-19 00:00:00,0,
CD004486,A0004941,Debit,2023-05-11 00:00:00,2023-05-15 00:00:00,Active,Mastercard,2028-05-11 00:00:00,0,
CD004487,A0002008,Credit,2026-03-02 00:00:00,2026-03-06 00:00:00,Active,RuPay,2031-03-02 00:00:00,0,
CD004488,A0003548,Debit,2023-05-06 00:00:00,2023-05-07 00:00:00,Active,Visa,2028-05-06 00:00:00,0,
CD004489,A0002815,Credit,2025-01-16 00:00:00,2025-01-20 00:00:00,Active,Visa,2030-01-16 00:00:00,2,
CD004490,A0001093,Debit,2025-05-23 00:00:00,2025-05-26 00:00:00,Active,Visa,2030-05-23 00:00:00,0,
CD004491,A0001476,Debit,2024-05-08 00:00:00,2024-05-10 00:00:00,Active,Mastercard,2029-05-08 00:00:00,0,
CD004492,A0002566,Debit,2024-05-06 00:00:00,2024-05-07 00:00:00,Active,RuPay,2029-05-06 00:00:00,0,
CD004493,A0005644,Debit,2022-07-14 00:00:00,2022-07-19 00:00:00,Blocked,Mastercard,2027-07-14 00:00:00,0,Lost
CD004494,A0002969,Debit,2023-04-18 00:00:00,2023-04-23 00:00:00,Active,Visa,2028-04-18 00:00:00,0,
CD004495,A0005980,Credit,2025-03-28 00:00:00,2025-04-02 00:00:00,Active,Visa,2030-03-28 00:00:00,1,
CD004496,A0001421,Debit,2022-12-10 00:00:00,2022-12-16 00:00:00,Active,Visa,2027-12-10 00:00:00,0,
CD004497,A0001566,Credit,2025-01-18 00:00:00,2025-01-23 00:00:00,Active,Visa,2030-01-18 00:00:00,0,
CD004498,A0000130,Debit,2024-10-21 00:00:00,2024-10-24 00:00:00,Active,Visa,2029-10-21 00:00:00,1,
CD004499,A0002054,Debit,2022-07-15 00:00:00,2022-07-18 00:00:00,Active,Visa,2027-07-15 00:00:00,1,
CD004500,A0004089,Debit,2026-04-21 00:00:00,2026-04-28 00:00:00,Expired,Mastercard,2031-04-21 00:00:00,0,
CD004501,A0005861,Debit,2023-10-11 00:00:00,2023-10-18 00:00:00,Active,Mastercard,2028-10-11 00:00:00,0,
CD004502,A0000740,Debit,2024-02-01 00:00:00,2024-02-02 00:00:00,Active,Mastercard,2029-02-01 00:00:00,0,
CD004503,A0000370,Debit,2025-02-18 00:00:00,2025-02-24 00:00:00,Active,Visa,2030-02-18 00:00:00,0,
CD004504,A0000634,Credit,2023-11-07 00:00:00,2023-11-09 00:00:00,Inactive,Mastercard,2028-11-07 00:00:00,0,
CD004505,A0004646,Debit,2022-07-11 00:00:00,2022-07-16 00:00:00,Active,Visa,2027-07-11 00:00:00,0,
CD004506,A0002786,Credit,2025-10-07 00:00:00,2025-10-08 00:00:00,Active,Mastercard,2030-10-07 00:00:00,1,
CD004507,A0001031,Credit,2023-12-31 00:00:00,2024-01-07 00:00:00,Active,Visa,2028-12-31 00:00:00,0,
CD004508,A0005966,Debit,2024-02-11 00:00:00,2024-02-13 00:00:00,Active,Visa,2029-02-11 00:00:00,0,
CD004509,A0003555,Credit,2023-11-01 00:00:00,2023-11-02 00:00:00,Active,RuPay,2028-11-01 00:00:00,1,
CD004510,A0004193,Debit,2023-10-21 00:00:00,2023-10-25 00:00:00,Active,Visa,2028-10-21 00:00:00,3,
CD004511,A0003881,Debit,2023-09-29 00:00:00,2023-10-03 00:00:00,Active,RuPay,2028-09-29 00:00:00,1,
CD004512,A0000292,Credit,2022-06-26 00:00:00,2022-07-01 00:00:00,Active,Mastercard,2027-06-26 00:00:00,0,
CD004513,A0000532,Debit,2025-03-05 00:00:00,2025-03-12 00:00:00,Active,Visa,2030-03-05 00:00:00,1,
CD004514,A0004389,Debit,2025-07-20 00:00:00,2025-07-23 00:00:00,Inactive,Mastercard,2030-07-20 00:00:00,0,
CD004515,A0004260,Debit,2022-09-05 00:00:00,2022-09-09 00:00:00,Active,Visa,2027-09-05 00:00:00,0,
CD004516,A0001376,Credit,2026-04-06 00:00:00,2026-04-08 00:00:00,Active,RuPay,2031-04-06 00:00:00,1,
CD004517,A0003766,Debit,2023-01-31 00:00:00,2023-02-05 00:00:00,Active,Mastercard,2028-01-31 00:00:00,1,
CD004518,A0005355,Credit,2023-10-19 00:00:00,2023-10-20 00:00:00,Active,Visa,2028-10-19 00:00:00,0,
CD004519,A0003075,Debit,2024-04-09 00:00:00,2024-04-14 00:00:00,Active,Mastercard,2029-04-09 00:00:00,0,
CD004520,A0000820,Credit,2023-09-03 00:00:00,2023-09-05 00:00:00,Active,RuPay,2028-09-03 00:00:00,0,
CD004521,A0000957,Debit,2025-08-01 00:00:00,2025-08-04 00:00:00,Active,Visa,2030-08-01 00:00:00,0,
CD004522,A0004855,Debit,2023-02-18 00:00:00,2023-02-22 00:00:00,Active,Visa,2028-02-18 00:00:00,0,
CD004523,A0006415,Debit,2024-08-02 00:00:00,2024-08-04 00:00:00,Active,RuPay,2029-08-02 00:00:00,0,
CD004524,A0003737,Debit,2023-02-03 00:00:00,2023-02-04 00:00:00,Active,Visa,2028-02-03 00:00:00,0,
CD004525,A0003543,Debit,2025-12-26 00:00:00,2025-12-30 00:00:00,Inactive,RuPay,2030-12-26 00:00:00,1,
CD004526,A0000442,Debit,2025-03-14 00:00:00,2025-03-15 00:00:00,Active,Mastercard,2030-03-14 00:00:00,1,
CD004527,A0005814,Debit,2022-01-27 00:00:00,2022-02-03 00:00:00,Active,Mastercard,2027-01-27 00:00:00,0,
CD004528,A0001344,Debit,2025-01-27 00:00:00,2025-01-30 00:00:00,Inactive,RuPay,2030-01-27 00:00:00,0,
CD004529,A0000487,Debit,2024-11-24 00:00:00,2024-11-24 00:00:00,Active,Mastercard,2029-11-24 00:00:00,0,
CD004530,A0000609,Credit,2023-10-24 00:00:00,2023-10-27 00:00:00,Active,Mastercard,2028-10-24 00:00:00,3,
CD004531,A0003409,Debit,2023-10-09 00:00:00,2023-10-10 00:00:00,Active,Visa,2028-10-09 00:00:00,0,
CD004532,A0004317,Debit,2022-06-18 00:00:00,2022-06-20 00:00:00,Active,Mastercard,2027-06-18 00:00:00,1,
CD004533,A0005437,Debit,2026-02-14 00:00:00,2026-02-19 00:00:00,Expired,RuPay,2031-02-14 00:00:00,2,
CD004534,A0002423,Debit,2022-04-24 00:00:00,2022-04-28 00:00:00,Active,Visa,2027-04-24 00:00:00,0,
CD004535,A0003484,Debit,2023-10-16 00:00:00,2023-10-22 00:00:00,Active,RuPay,2028-10-16 00:00:00,0,
CD004536,A0001814,Debit,2022-07-12 00:00:00,2022-07-15 00:00:00,Active,Visa,2027-07-12 00:00:00,0,
CD004537,A0000277,Debit,2024-05-28 00:00:00,2024-06-03 00:00:00,Blocked,Visa,2029-05-28 00:00:00,2,Stolen
CD004538,A0002098,Debit,2023-09-20 00:00:00,2023-09-21 00:00:00,Active,Visa,2028-09-20 00:00:00,0,
CD004539,A0004511,Debit,2024-02-08 00:00:00,2024-02-12 00:00:00,Active,Mastercard,2029-02-08 00:00:00,2,
CD004540,A0003172,Debit,2023-09-15 00:00:00,2023-09-20 00:00:00,Blocked,Visa,2028-09-15 00:00:00,0,Stolen
CD004541,A0003406,Credit,2025-12-11 00:00:00,2025-12-12 00:00:00,Active,Mastercard,2030-12-11 00:00:00,0,
CD004542,A0000282,Debit,2024-05-31 00:00:00,2024-06-06 00:00:00,Active,RuPay,2029-05-31 00:00:00,0,
CD004543,A0005663,Credit,2023-10-28 00:00:00,2023-10-29 00:00:00,Active,RuPay,2028-10-28 00:00:00,0,
CD004544,A0006040,Debit,2023-03-02 00:00:00,2023-03-09 00:00:00,Blocked,RuPay,2028-03-02 00:00:00,0,Lost
CD004545,A0002412,Credit,2025-08-27 00:00:00,2025-08-28 00:00:00,Active,Visa,2030-08-27 00:00:00,0,
CD004546,A0006172,Debit,2024-05-22 00:00:00,2024-05-27 00:00:00,Active,Visa,2029-05-22 00:00:00,0,
CD004547,A0001066,Credit,2023-03-09 00:00:00,2023-03-13 00:00:00,Active,Visa,2028-03-09 00:00:00,0,
CD004548,A0003530,Debit,2024-08-28 00:00:00,2024-08-29 00:00:00,Active,RuPay,2029-08-28 00:00:00,0,
CD004549,A0003810,Debit,2025-09-06 00:00:00,2025-09-09 00:00:00,Active,RuPay,2030-09-06 00:00:00,0,
CD004550,A0004201,Debit,2026-04-24 00:00:00,2026-04-26 00:00:00,Expired,Mastercard,2031-04-24 00:00:00,0,
CD004551,A0003597,Credit,2022-05-09 00:00:00,2022-05-11 00:00:00,Active,Visa,2027-05-09 00:00:00,0,
CD004552,A0005579,Debit,2025-01-15 00:00:00,2025-01-20 00:00:00,Active,Visa,2030-01-15 00:00:00,0,
CD004553,A0004323,Debit,2024-01-05 00:00:00,2024-01-08 00:00:00,Inactive,Visa,2029-01-05 00:00:00,0,
CD004554,A0002522,Debit,2023-10-19 00:00:00,2023-10-26 00:00:00,Active,Visa,2028-10-19 00:00:00,0,
CD004555,A0001647,Debit,2024-04-01 00:00:00,2024-04-07 00:00:00,Active,Visa,2029-04-01 00:00:00,0,
CD004556,A0006026,Debit,2026-01-21 00:00:00,2026-01-21 00:00:00,Active,Visa,2031-01-21 00:00:00,0,
CD004557,A0005917,Debit,2023-01-12 00:00:00,2023-01-19 00:00:00,Active,RuPay,2028-01-12 00:00:00,0,
CD004558,A0002007,Debit,2023-01-11 00:00:00,2023-01-13 00:00:00,Active,Mastercard,2028-01-11 00:00:00,0,
CD004559,A0001243,Debit,2022-12-28 00:00:00,2023-01-01 00:00:00,Inactive,Visa,2027-12-28 00:00:00,0,
CD004560,A0000116,Debit,2022-10-21 00:00:00,2022-10-26 00:00:00,Active,RuPay,2027-10-21 00:00:00,0,
CD004561,A0001368,Credit,2024-12-06 00:00:00,2024-12-11 00:00:00,Active,Visa,2029-12-06 00:00:00,1,
CD004562,A0003360,Debit,2024-08-24 00:00:00,2024-08-28 00:00:00,Active,RuPay,2029-08-24 00:00:00,0,
CD004563,A0000993,Debit,2023-01-06 00:00:00,2023-01-07 00:00:00,Inactive,Mastercard,2028-01-06 00:00:00,0,
CD004564,A0004965,Debit,2022-03-14 00:00:00,2022-03-17 00:00:00,Active,Mastercard,2027-03-14 00:00:00,1,
CD004565,A0005534,Debit,2023-06-24 00:00:00,2023-06-24 00:00:00,Active,Mastercard,2028-06-24 00:00:00,0,
CD004566,A0002719,Debit,2024-05-15 00:00:00,2024-05-15 00:00:00,Active,Mastercard,2029-05-15 00:00:00,0,
CD004567,A0000270,Debit,2024-06-09 00:00:00,2024-06-12 00:00:00,Active,Visa,2029-06-09 00:00:00,0,
CD004568,A0004419,Debit,2023-02-16 00:00:00,2023-02-18 00:00:00,Active,Mastercard,2028-02-16 00:00:00,0,
CD004569,A0002715,Debit,2024-07-01 00:00:00,2024-07-06 00:00:00,Active,RuPay,2029-07-01 00:00:00,0,
CD004570,A0000458,Debit,2023-04-02 00:00:00,2023-04-03 00:00:00,Active,Mastercard,2028-04-02 00:00:00,0,
CD004571,A0004794,Debit,2022-09-11 00:00:00,2022-09-17 00:00:00,Active,Mastercard,2027-09-11 00:00:00,0,
CD004572,A0005267,Debit,2025-08-11 00:00:00,2025-08-16 00:00:00,Active,Mastercard,2030-08-11 00:00:00,0,
CD004573,A0001451,Debit,2022-03-31 00:00:00,2022-04-02 00:00:00,Inactive,Mastercard,2027-03-31 00:00:00,0,
CD004574,A0002997,Debit,2026-04-03 00:00:00,2026-04-10 00:00:00,Active,RuPay,2031-04-03 00:00:00,0,
CD004575,A0004112,Debit,2023-01-05 00:00:00,2023-01-08 00:00:00,Active,Mastercard,2028-01-05 00:00:00,1,
CD004576,A0001881,Debit,2025-03-02 00:00:00,2025-03-08 00:00:00,Active,Mastercard,2030-03-02 00:00:00,0,
CD004577,A0005151,Debit,2024-03-19 00:00:00,2024-03-22 00:00:00,Blocked,RuPay,2029-03-19 00:00:00,0,Customer Request
CD004578,A0003227,Debit,2024-03-17 00:00:00,2024-03-20 00:00:00,Active,RuPay,2029-03-17 00:00:00,1,
CD004579,A0003061,Debit,2026-03-01 00:00:00,2026-03-01 00:00:00,Active,Mastercard,2031-03-01 00:00:00,0,
CD004580,A0004971,Debit,2025-12-10 00:00:00,2025-12-12 00:00:00,Active,RuPay,2030-12-10 00:00:00,0,
CD004581,A0002422,Debit,2022-11-20 00:00:00,2022-11-26 00:00:00,Active,Visa,2027-11-20 00:00:00,1,
CD004582,A0004195,Debit,2022-05-15 00:00:00,2022-05-21 00:00:00,Active,Visa,2027-05-15 00:00:00,0,
CD004583,A0001108,Debit,2024-12-11 00:00:00,2024-12-12 00:00:00,Blocked,Visa,2029-12-11 00:00:00,0,Suspected Fraud
CD004584,A0004227,Debit,2022-06-26 00:00:00,2022-07-03 00:00:00,Blocked,Visa,2027-06-26 00:00:00,0,Stolen
CD004585,A0001952,Debit,2025-03-15 00:00:00,2025-03-19 00:00:00,Active,RuPay,2030-03-15 00:00:00,1,
CD004586,A0000840,Debit,2024-02-14 00:00:00,2024-02-21 00:00:00,Active,Mastercard,2029-02-14 00:00:00,0,
CD004587,A0000774,Debit,2023-12-22 00:00:00,2023-12-26 00:00:00,Active,Mastercard,2028-12-22 00:00:00,1,
CD004588,A0000051,Debit,2022-05-04 00:00:00,2022-05-06 00:00:00,Active,Mastercard,2027-05-04 00:00:00,0,
CD004589,A0005406,Debit,2025-02-02 00:00:00,2025-02-03 00:00:00,Active,RuPay,2030-02-02 00:00:00,1,
CD004590,A0002150,Debit,2023-09-05 00:00:00,2023-09-09 00:00:00,Active,Mastercard,2028-09-05 00:00:00,0,
CD004591,A0005427,Debit,2023-07-16 00:00:00,2023-07-22 00:00:00,Active,Mastercard,2028-07-16 00:00:00,0,
CD004592,A0003826,Debit,2025-06-11 00:00:00,2025-06-17 00:00:00,Active,RuPay,2030-06-11 00:00:00,0,
CD004593,A0003771,Debit,2024-09-12 00:00:00,2024-09-13 00:00:00,Blocked,Mastercard,2029-09-12 00:00:00,1,Stolen
CD004594,A0002732,Debit,2022-04-16 00:00:00,2022-04-21 00:00:00,Active,RuPay,2027-04-16 00:00:00,1,
CD004595,A0002017,Credit,2023-03-16 00:00:00,2023-03-23 00:00:00,Active,Visa,2028-03-16 00:00:00,1,
CD004596,A0000491,Debit,2022-01-21 00:00:00,2022-01-21 00:00:00,Active,Mastercard,2027-01-21 00:00:00,0,
CD004597,A0002952,Debit,2022-06-27 00:00:00,2022-06-27 00:00:00,Active,Mastercard,2027-06-27 00:00:00,2,
CD004598,A0001854,Debit,2024-09-16 00:00:00,2024-09-21 00:00:00,Active,Visa,2029-09-16 00:00:00,0,
CD004599,A0003151,Debit,2025-09-15 00:00:00,2025-09-22 00:00:00,Active,Mastercard,2030-09-15 00:00:00,3,
CD004600,A0005128,Debit,2023-02-20 00:00:00,2023-02-21 00:00:00,Active,Mastercard,2028-02-20 00:00:00,2,
CD004601,A0004355,Credit,2025-10-31 00:00:00,2025-11-03 00:00:00,Active,Visa,2030-10-31 00:00:00,0,
CD004602,A0001721,Debit,2026-05-16 00:00:00,2026-05-19 00:00:00,Active,RuPay,2031-05-16 00:00:00,1,
CD004603,A0001557,Debit,2026-05-31 00:00:00,2026-06-04 00:00:00,Active,Mastercard,2031-05-31 00:00:00,1,
CD004604,A0002125,Debit,2024-08-17 00:00:00,2024-08-20 00:00:00,Active,Visa,2029-08-17 00:00:00,0,
CD004605,A0003441,Debit,2025-04-17 00:00:00,2025-04-23 00:00:00,Expired,Mastercard,2030-04-17 00:00:00,0,
CD004606,A0004176,Debit,2025-02-27 00:00:00,2025-03-06 00:00:00,Active,RuPay,2030-02-27 00:00:00,1,
CD004607,A0000274,Debit,2022-04-18 00:00:00,2022-04-25 00:00:00,Active,Visa,2027-04-18 00:00:00,0,
CD004608,A0004502,Credit,2026-02-19 00:00:00,2026-02-25 00:00:00,Active,RuPay,2031-02-19 00:00:00,1,
CD004609,A0000312,Debit,2025-02-24 00:00:00,2025-03-03 00:00:00,Blocked,Visa,2030-02-24 00:00:00,0,Stolen
CD004610,A0006160,Debit,2025-04-07 00:00:00,2025-04-09 00:00:00,Active,Mastercard,2030-04-07 00:00:00,0,
CD004611,A0001540,Debit,2025-10-18 00:00:00,2025-10-20 00:00:00,Active,Visa,2030-10-18 00:00:00,0,
CD004612,A0000036,Debit,2023-01-12 00:00:00,2023-01-13 00:00:00,Inactive,Visa,2028-01-12 00:00:00,1,
CD004613,A0003224,Debit,2024-05-22 00:00:00,2024-05-28 00:00:00,Active,Mastercard,2029-05-22 00:00:00,0,
CD004614,A0002294,Credit,2022-12-24 00:00:00,2022-12-25 00:00:00,Active,Visa,2027-12-24 00:00:00,0,
CD004615,A0005668,Debit,2023-05-01 00:00:00,2023-05-06 00:00:00,Blocked,Visa,2028-05-01 00:00:00,0,Suspected Fraud
CD004616,A0004659,Debit,2023-04-05 00:00:00,2023-04-12 00:00:00,Active,Visa,2028-04-05 00:00:00,0,
CD004617,A0002550,Debit,2025-12-25 00:00:00,2025-12-29 00:00:00,Active,Visa,2030-12-25 00:00:00,0,
CD004618,A0002078,Debit,2025-10-20 00:00:00,2025-10-23 00:00:00,Active,RuPay,2030-10-20 00:00:00,0,
CD004619,A0004372,Debit,2024-06-18 00:00:00,2024-06-24 00:00:00,Inactive,Mastercard,2029-06-18 00:00:00,0,
CD004620,A0002116,Debit,2025-08-13 00:00:00,2025-08-17 00:00:00,Blocked,Visa,2030-08-13 00:00:00,1,Suspected Fraud
CD004621,A0000088,Debit,2024-04-08 00:00:00,2024-04-15 00:00:00,Active,Visa,2029-04-08 00:00:00,0,
CD004622,A0003544,Debit,2023-07-31 00:00:00,2023-07-31 00:00:00,Blocked,Visa,2028-07-31 00:00:00,0,Stolen
CD004623,A0001735,Debit,2023-08-06 00:00:00,2023-08-13 00:00:00,Active,RuPay,2028-08-06 00:00:00,1,
CD004624,A0003761,Debit,2024-03-12 00:00:00,2024-03-12 00:00:00,Inactive,Visa,2029-03-12 00:00:00,0,
CD004625,A0001507,Debit,2023-12-26 00:00:00,2023-12-31 00:00:00,Active,Mastercard,2028-12-26 00:00:00,2,
CD004626,A0001127,Debit,2024-03-18 00:00:00,2024-03-22 00:00:00,Active,RuPay,2029-03-18 00:00:00,1,
CD004627,A0005258,Debit,2024-05-05 00:00:00,2024-05-05 00:00:00,Active,RuPay,2029-05-05 00:00:00,0,
CD004628,A0003297,Debit,2024-05-08 00:00:00,2024-05-10 00:00:00,Active,Mastercard,2029-05-08 00:00:00,0,
CD004629,A0000969,Debit,2025-07-19 00:00:00,2025-07-21 00:00:00,Inactive,RuPay,2030-07-19 00:00:00,0,
CD004630,A0004955,Debit,2022-08-22 00:00:00,2022-08-25 00:00:00,Active,Visa,2027-08-22 00:00:00,0,
CD004631,A0004368,Debit,2025-07-28 00:00:00,2025-07-30 00:00:00,Blocked,Mastercard,2030-07-28 00:00:00,3,Suspected Fraud
CD004632,A0000859,Debit,2025-12-10 00:00:00,2025-12-14 00:00:00,Active,Mastercard,2030-12-10 00:00:00,0,
CD004633,A0005453,Debit,2025-08-30 00:00:00,2025-09-03 00:00:00,Active,Visa,2030-08-30 00:00:00,0,
CD004634,A0001123,Debit,2025-12-15 00:00:00,2025-12-21 00:00:00,Inactive,Visa,2030-12-15 00:00:00,0,
CD004635,A0000392,Debit,2024-05-18 00:00:00,2024-05-18 00:00:00,Active,Mastercard,2029-05-18 00:00:00,0,
CD004636,A0003803,Debit,2024-07-25 00:00:00,2024-08-01 00:00:00,Active,Visa,2029-07-25 00:00:00,0,
CD004637,A0004040,Debit,2023-12-10 00:00:00,2023-12-15 00:00:00,Expired,Mastercard,2028-12-10 00:00:00,1,
CD004638,A0005114,Debit,2023-06-11 00:00:00,2023-06-17 00:00:00,Active,Visa,2028-06-11 00:00:00,1,
CD004639,A0002573,Debit,2025-12-18 00:00:00,2025-12-22 00:00:00,Active,Visa,2030-12-18 00:00:00,0,
CD004640,A0006200,Credit,2022-03-09 00:00:00,2022-03-09 00:00:00,Active,Mastercard,2027-03-09 00:00:00,0,
CD004641,A0000636,Credit,2022-12-21 00:00:00,2022-12-28 00:00:00,Inactive,Visa,2027-12-21 00:00:00,0,
CD004642,A0000812,Debit,2025-05-31 00:00:00,2025-05-31 00:00:00,Blocked,Mastercard,2030-05-31 00:00:00,1,Customer Request
CD004643,A0001203,Credit,2023-08-29 00:00:00,2023-09-01 00:00:00,Blocked,Visa,2028-08-29 00:00:00,0,Customer Request
CD004644,A0003410,Credit,2023-03-30 00:00:00,2023-04-06 00:00:00,Active,Mastercard,2028-03-30 00:00:00,1,
CD004645,A0003840,Debit,2026-02-09 00:00:00,2026-02-10 00:00:00,Active,Visa,2031-02-09 00:00:00,0,
CD004646,A0001247,Debit,2025-07-07 00:00:00,2025-07-11 00:00:00,Active,Mastercard,2030-07-07 00:00:00,0,
CD004647,A0006167,Credit,2024-05-07 00:00:00,2024-05-14 00:00:00,Active,RuPay,2029-05-07 00:00:00,0,
CD004648,A0004653,Debit,2023-01-11 00:00:00,2023-01-15 00:00:00,Active,Visa,2028-01-11 00:00:00,0,
CD004649,A0000868,Debit,2022-09-20 00:00:00,2022-09-20 00:00:00,Active,Mastercard,2027-09-20 00:00:00,0,
CD004650,A0001043,Debit,2022-01-03 00:00:00,2022-01-03 00:00:00,Active,Visa,2027-01-03 00:00:00,1,
CD004651,A0006307,Debit,2023-06-04 00:00:00,2023-06-06 00:00:00,Active,Mastercard,2028-06-04 00:00:00,0,
CD004652,A0004435,Debit,2025-11-04 00:00:00,2025-11-05 00:00:00,Active,Visa,2030-11-04 00:00:00,2,
CD004653,A0006309,Debit,2023-06-01 00:00:00,2023-06-05 00:00:00,Active,Mastercard,2028-06-01 00:00:00,0,
CD004654,A0000468,Debit,2023-07-27 00:00:00,2023-08-02 00:00:00,Inactive,Mastercard,2028-07-27 00:00:00,0,
CD004655,A0003990,Debit,2024-08-24 00:00:00,2024-08-26 00:00:00,Active,Mastercard,2029-08-24 00:00:00,2,
CD004656,A0003939,Debit,2022-07-16 00:00:00,2022-07-16 00:00:00,Active,Mastercard,2027-07-16 00:00:00,0,
CD004657,A0001374,Debit,2023-08-25 00:00:00,2023-08-29 00:00:00,Active,RuPay,2028-08-25 00:00:00,0,
CD004658,A0001844,Debit,2023-05-12 00:00:00,2023-05-18 00:00:00,Active,RuPay,2028-05-12 00:00:00,1,
CD004659,A0001948,Credit,2022-09-14 00:00:00,2022-09-16 00:00:00,Active,Visa,2027-09-14 00:00:00,0,
CD004660,A0001230,Debit,2025-05-29 00:00:00,2025-06-01 00:00:00,Inactive,Visa,2030-05-29 00:00:00,0,
CD004661,A0005522,Credit,2022-03-24 00:00:00,2022-03-29 00:00:00,Active,Visa,2027-03-24 00:00:00,0,
CD004662,A0002594,Debit,2025-09-25 00:00:00,2025-09-26 00:00:00,Active,Mastercard,2030-09-25 00:00:00,0,
CD004663,A0000735,Debit,2023-08-02 00:00:00,2023-08-02 00:00:00,Active,Visa,2028-08-02 00:00:00,0,
CD004664,A0004505,Debit,2024-08-19 00:00:00,2024-08-23 00:00:00,Active,Visa,2029-08-19 00:00:00,0,
CD004665,A0003394,Credit,2023-10-07 00:00:00,2023-10-07 00:00:00,Active,Mastercard,2028-10-07 00:00:00,0,
CD004666,A0001153,Debit,2025-04-12 00:00:00,2025-04-13 00:00:00,Active,Visa,2030-04-12 00:00:00,1,
CD004667,A0000876,Debit,2023-09-05 00:00:00,2023-09-08 00:00:00,Active,RuPay,2028-09-05 00:00:00,0,
CD004668,A0001289,Debit,2022-01-27 00:00:00,2022-02-01 00:00:00,Active,Mastercard,2027-01-27 00:00:00,0,
CD004669,A0000189,Debit,2023-07-16 00:00:00,2023-07-16 00:00:00,Active,RuPay,2028-07-16 00:00:00,0,
CD004670,A0001067,Debit,2025-10-17 00:00:00,2025-10-24 00:00:00,Active,Visa,2030-10-17 00:00:00,1,
CD004671,A0004171,Credit,2023-10-30 00:00:00,2023-11-04 00:00:00,Active,RuPay,2028-10-30 00:00:00,0,
CD004672,A0005238,Debit,2022-12-14 00:00:00,2022-12-18 00:00:00,Blocked,RuPay,2027-12-14 00:00:00,0,Lost
CD004673,A0000398,Debit,2023-05-31 00:00:00,2023-06-07 00:00:00,Active,Mastercard,2028-05-31 00:00:00,0,
CD004674,A0005303,Debit,2024-05-05 00:00:00,2024-05-12 00:00:00,Active,RuPay,2029-05-05 00:00:00,1,
CD004675,A0000928,Credit,2022-03-19 00:00:00,2022-03-23 00:00:00,Active,RuPay,2027-03-19 00:00:00,1,
CD004676,A0003262,Credit,2026-03-04 00:00:00,2026-03-09 00:00:00,Active,RuPay,2031-03-04 00:00:00,0,
CD004677,A0001029,Debit,2024-02-11 00:00:00,2024-02-17 00:00:00,Inactive,Visa,2029-02-11 00:00:00,0,
CD004678,A0000752,Credit,2023-09-24 00:00:00,2023-09-26 00:00:00,Active,Mastercard,2028-09-24 00:00:00,1,
CD004679,A0005687,Debit,2023-07-02 00:00:00,2023-07-08 00:00:00,Blocked,RuPay,2028-07-02 00:00:00,0,Customer Request
CD004680,A0001061,Debit,2022-07-11 00:00:00,2022-07-14 00:00:00,Active,RuPay,2027-07-11 00:00:00,0,
CD004681,A0005216,Debit,2023-01-16 00:00:00,2023-01-18 00:00:00,Active,Visa,2028-01-16 00:00:00,0,
CD004682,A0005887,Credit,2024-10-22 00:00:00,2024-10-27 00:00:00,Active,Visa,2029-10-22 00:00:00,0,
CD004683,A0002418,Debit,2026-06-16 00:00:00,2026-06-22 00:00:00,Active,RuPay,2031-06-16 00:00:00,0,
CD004684,A0003624,Credit,2022-12-28 00:00:00,2022-12-30 00:00:00,Active,RuPay,2027-12-28 00:00:00,0,
CD004685,A0004463,Debit,2023-12-29 00:00:00,2023-12-29 00:00:00,Active,Visa,2028-12-29 00:00:00,0,
CD004686,A0002241,Debit,2025-07-11 00:00:00,2025-07-17 00:00:00,Active,Visa,2030-07-11 00:00:00,0,
CD004687,A0003025,Debit,2025-02-25 00:00:00,2025-02-27 00:00:00,Active,Visa,2030-02-25 00:00:00,0,
CD004688,A0005401,Debit,2024-10-14 00:00:00,2024-10-18 00:00:00,Active,Mastercard,2029-10-14 00:00:00,0,
CD004689,A0002015,Debit,2022-06-29 00:00:00,2022-07-02 00:00:00,Active,RuPay,2027-06-29 00:00:00,0,
CD004690,A0002751,Debit,2024-05-31 00:00:00,2024-06-03 00:00:00,Active,Mastercard,2029-05-31 00:00:00,0,
CD004691,A0002734,Debit,2025-10-17 00:00:00,2025-10-18 00:00:00,Active,RuPay,2030-10-17 00:00:00,1,
CD004692,A0003041,Debit,2026-05-11 00:00:00,2026-05-16 00:00:00,Active,Visa,2031-05-11 00:00:00,0,
CD004693,A0003732,Credit,2024-08-12 00:00:00,2024-08-18 00:00:00,Active,RuPay,2029-08-12 00:00:00,1,
CD004694,A0001111,Credit,2022-01-17 00:00:00,2022-01-24 00:00:00,Active,Mastercard,2027-01-17 00:00:00,0,
CD004695,A0001058,Debit,2025-02-17 00:00:00,2025-02-19 00:00:00,Active,RuPay,2030-02-17 00:00:00,0,
CD004696,A0005655,Debit,2025-10-19 00:00:00,2025-10-24 00:00:00,Blocked,Visa,2030-10-19 00:00:00,1,Lost
CD004697,A0003160,Debit,2024-08-24 00:00:00,2024-08-25 00:00:00,Active,RuPay,2029-08-24 00:00:00,0,
CD004698,A0003599,Debit,2022-01-11 00:00:00,2022-01-13 00:00:00,Active,Mastercard,2027-01-11 00:00:00,0,
CD004699,A0003273,Credit,2023-06-23 00:00:00,2023-06-30 00:00:00,Active,RuPay,2028-06-23 00:00:00,0,
CD004700,A0001530,Debit,2023-07-23 00:00:00,2023-07-26 00:00:00,Active,Visa,2028-07-23 00:00:00,0,
CD004701,A0006464,Debit,2024-11-03 00:00:00,2024-11-09 00:00:00,Active,Visa,2029-11-03 00:00:00,0,
CD004702,A0000687,Credit,2023-12-20 00:00:00,2023-12-23 00:00:00,Active,Mastercard,2028-12-20 00:00:00,0,
CD004703,A0000309,Credit,2024-11-21 00:00:00,2024-11-25 00:00:00,Active,RuPay,2029-11-21 00:00:00,2,
CD004704,A0001778,Debit,2025-12-02 00:00:00,2025-12-04 00:00:00,Active,RuPay,2030-12-02 00:00:00,0,
CD004705,A0000462,Credit,2022-07-20 00:00:00,2022-07-27 00:00:00,Active,RuPay,2027-07-20 00:00:00,1,
CD004706,A0000567,Debit,2026-03-26 00:00:00,2026-04-01 00:00:00,Active,Visa,2031-03-26 00:00:00,1,
CD004707,A0001154,Debit,2022-01-12 00:00:00,2022-01-17 00:00:00,Active,Mastercard,2027-01-12 00:00:00,0,
CD004708,A0001913,Debit,2025-06-13 00:00:00,2025-06-17 00:00:00,Active,Visa,2030-06-13 00:00:00,0,
CD004709,A0001438,Credit,2022-04-08 00:00:00,2022-04-12 00:00:00,Active,Mastercard,2027-04-08 00:00:00,0,
CD004710,A0002689,Credit,2024-11-13 00:00:00,2024-11-18 00:00:00,Active,Mastercard,2029-11-13 00:00:00,0,
CD004711,A0004939,Debit,2022-06-13 00:00:00,2022-06-13 00:00:00,Active,Mastercard,2027-06-13 00:00:00,0,
CD004712,A0000479,Debit,2026-06-14 00:00:00,2026-06-18 00:00:00,Active,Visa,2031-06-14 00:00:00,1,
CD004713,A0004063,Debit,2024-08-11 00:00:00,2024-08-13 00:00:00,Active,RuPay,2029-08-11 00:00:00,1,
CD004714,A0005045,Credit,2022-01-16 00:00:00,2022-01-21 00:00:00,Active,Visa,2027-01-16 00:00:00,0,
CD004715,A0001888,Credit,2025-07-27 00:00:00,2025-07-27 00:00:00,Active,Visa,2030-07-27 00:00:00,2,
CD004716,A0004094,Debit,2024-09-22 00:00:00,2024-09-25 00:00:00,Active,RuPay,2029-09-22 00:00:00,1,
CD004717,A0005580,Debit,2024-02-13 00:00:00,2024-02-17 00:00:00,Blocked,Visa,2029-02-13 00:00:00,1,Customer Request
CD004718,A0006472,Credit,2026-03-06 00:00:00,2026-03-13 00:00:00,Inactive,Mastercard,2031-03-06 00:00:00,0,
CD004719,A0002511,Debit,2022-09-05 00:00:00,2022-09-10 00:00:00,Active,Mastercard,2027-09-05 00:00:00,0,
CD004720,A0003128,Credit,2025-10-22 00:00:00,2025-10-25 00:00:00,Active,Mastercard,2030-10-22 00:00:00,0,
CD004721,A0001646,Debit,2023-02-22 00:00:00,2023-02-28 00:00:00,Active,RuPay,2028-02-22 00:00:00,0,
CD004722,A0005888,Debit,2024-08-22 00:00:00,2024-08-27 00:00:00,Active,Visa,2029-08-22 00:00:00,0,
CD004723,A0006429,Debit,2024-04-02 00:00:00,2024-04-09 00:00:00,Active,RuPay,2029-04-02 00:00:00,0,
CD004724,A0004529,Credit,2022-12-24 00:00:00,2022-12-29 00:00:00,Active,Mastercard,2027-12-24 00:00:00,0,
CD004725,A0005393,Debit,2022-12-04 00:00:00,2022-12-08 00:00:00,Active,RuPay,2027-12-04 00:00:00,0,
CD004726,A0006148,Debit,2022-10-20 00:00:00,2022-10-21 00:00:00,Active,Visa,2027-10-20 00:00:00,0,
CD004727,A0004723,Debit,2025-05-26 00:00:00,2025-06-02 00:00:00,Active,RuPay,2030-05-26 00:00:00,0,
CD004728,A0003084,Debit,2026-02-06 00:00:00,2026-02-09 00:00:00,Active,Visa,2031-02-06 00:00:00,0,
CD004729,A0005018,Credit,2025-02-22 00:00:00,2025-02-28 00:00:00,Inactive,Mastercard,2030-02-22 00:00:00,1,
CD004730,A0001241,Debit,2026-06-25 00:00:00,2026-06-26 00:00:00,Active,Mastercard,2031-06-25 00:00:00,0,
CD004731,A0006068,Debit,2024-07-11 00:00:00,2024-07-17 00:00:00,Inactive,Visa,2029-07-11 00:00:00,0,
CD004732,A0006037,Debit,2022-07-13 00:00:00,2022-07-19 00:00:00,Inactive,Visa,2027-07-13 00:00:00,0,
CD004733,A0003658,Debit,2022-12-27 00:00:00,2022-12-30 00:00:00,Active,Mastercard,2027-12-27 00:00:00,0,
CD004734,A0001654,Credit,2026-06-16 00:00:00,2026-06-18 00:00:00,Blocked,Mastercard,2031-06-16 00:00:00,0,Customer Request
CD004735,A0005603,Debit,2024-08-21 00:00:00,2024-08-26 00:00:00,Active,RuPay,2029-08-21 00:00:00,1,
CD004736,A0002451,Credit,2026-05-07 00:00:00,2026-05-13 00:00:00,Active,Visa,2031-05-07 00:00:00,0,
CD004737,A0004864,Debit,2026-03-16 00:00:00,2026-03-20 00:00:00,Active,Mastercard,2031-03-16 00:00:00,0,
CD004738,A0001178,Debit,2025-12-01 00:00:00,2025-12-07 00:00:00,Active,Visa,2030-12-01 00:00:00,1,
CD004739,A0005971,Debit,2024-06-17 00:00:00,2024-06-19 00:00:00,Inactive,Mastercard,2029-06-17 00:00:00,0,
CD004740,A0002165,Debit,2026-02-04 00:00:00,2026-02-07 00:00:00,Active,RuPay,2031-02-04 00:00:00,0,
CD004741,A0001054,Debit,2025-01-15 00:00:00,2025-01-21 00:00:00,Active,Mastercard,2030-01-15 00:00:00,0,
CD004742,A0004035,Debit,2023-06-30 00:00:00,2023-07-07 00:00:00,Active,Visa,2028-06-30 00:00:00,1,
CD004743,A0001991,Debit,2025-06-14 00:00:00,2025-06-15 00:00:00,Active,RuPay,2030-06-14 00:00:00,1,
CD004744,A0006231,Credit,2023-06-23 00:00:00,2023-06-27 00:00:00,Inactive,RuPay,2028-06-23 00:00:00,2,
CD004745,A0001833,Debit,2025-06-26 00:00:00,2025-07-02 00:00:00,Active,RuPay,2030-06-26 00:00:00,1,
CD004746,A0000212,Debit,2023-08-02 00:00:00,2023-08-07 00:00:00,Active,Visa,2028-08-02 00:00:00,0,
CD004747,A0003472,Debit,2026-06-07 00:00:00,2026-06-09 00:00:00,Active,Visa,2031-06-07 00:00:00,0,
CD004748,A0002596,Debit,2026-06-15 00:00:00,2026-06-21 00:00:00,Active,Mastercard,2031-06-15 00:00:00,0,
CD004749,A0006116,Debit,2022-10-17 00:00:00,2022-10-18 00:00:00,Inactive,RuPay,2027-10-17 00:00:00,0,
CD004750,A0004140,Credit,2026-01-17 00:00:00,2026-01-17 00:00:00,Active,Mastercard,2031-01-17 00:00:00,0,
CD004751,A0005859,Debit,2022-07-12 00:00:00,2022-07-19 00:00:00,Active,RuPay,2027-07-12 00:00:00,0,
CD004752,A0004427,Debit,2025-03-23 00:00:00,2025-03-26 00:00:00,Active,RuPay,2030-03-23 00:00:00,0,
CD004753,A0004090,Debit,2023-08-05 00:00:00,2023-08-06 00:00:00,Active,RuPay,2028-08-05 00:00:00,1,
CD004754,A0005588,Credit,2022-03-09 00:00:00,2022-03-13 00:00:00,Active,Visa,2027-03-09 00:00:00,0,
CD004755,A0004829,Debit,2025-08-19 00:00:00,2025-08-20 00:00:00,Active,Mastercard,2030-08-19 00:00:00,0,
CD004756,A0004842,Debit,2022-03-05 00:00:00,2022-03-07 00:00:00,Active,Mastercard,2027-03-05 00:00:00,0,
CD004757,A0003749,Debit,2022-10-11 00:00:00,2022-10-15 00:00:00,Blocked,RuPay,2027-10-11 00:00:00,0,Lost
CD004758,A0002832,Debit,2024-12-03 00:00:00,2024-12-03 00:00:00,Active,Visa,2029-12-03 00:00:00,0,
CD004759,A0004543,Debit,2022-01-28 00:00:00,2022-02-04 00:00:00,Active,Mastercard,2027-01-28 00:00:00,0,
CD004760,A0005417,Debit,2026-02-04 00:00:00,2026-02-07 00:00:00,Active,Mastercard,2031-02-04 00:00:00,1,
CD004761,A0001757,Debit,2024-06-06 00:00:00,2024-06-11 00:00:00,Active,Visa,2029-06-06 00:00:00,0,
CD004762,A0004031,Debit,2023-11-25 00:00:00,2023-11-28 00:00:00,Active,Visa,2028-11-25 00:00:00,0,
CD004763,A0003989,Debit,2024-03-20 00:00:00,2024-03-20 00:00:00,Active,Mastercard,2029-03-20 00:00:00,0,
CD004764,A0004310,Debit,2023-09-11 00:00:00,2023-09-12 00:00:00,Active,Mastercard,2028-09-11 00:00:00,0,
CD004765,A0000328,Debit,2026-03-16 00:00:00,2026-03-23 00:00:00,Active,Mastercard,2031-03-16 00:00:00,0,
CD004766,A0000439,Debit,2024-01-19 00:00:00,2024-01-19 00:00:00,Active,Mastercard,2029-01-19 00:00:00,0,
CD004767,A0000884,Credit,2026-06-07 00:00:00,2026-06-07 00:00:00,Active,Visa,2031-06-07 00:00:00,0,
CD004768,A0001709,Credit,2022-01-20 00:00:00,2022-01-23 00:00:00,Active,Visa,2027-01-20 00:00:00,0,
CD004769,A0004523,Credit,2025-10-29 00:00:00,2025-10-31 00:00:00,Expired,Visa,2030-10-29 00:00:00,0,
CD004770,A0004809,Debit,2022-11-14 00:00:00,2022-11-15 00:00:00,Active,Visa,2027-11-14 00:00:00,0,
CD004771,A0003855,Debit,2023-08-24 00:00:00,2023-08-29 00:00:00,Blocked,Mastercard,2028-08-24 00:00:00,3,Stolen
CD004772,A0002761,Debit,2025-08-17 00:00:00,2025-08-20 00:00:00,Active,RuPay,2030-08-17 00:00:00,1,
CD004773,A0004099,Credit,2022-07-27 00:00:00,2022-07-29 00:00:00,Active,RuPay,2027-07-27 00:00:00,0,
CD004774,A0002106,Debit,2025-12-17 00:00:00,2025-12-20 00:00:00,Active,Mastercard,2030-12-17 00:00:00,1,
CD004775,A0003712,Debit,2023-12-08 00:00:00,2023-12-11 00:00:00,Active,Mastercard,2028-12-08 00:00:00,0,
CD004776,A0003535,Debit,2022-05-14 00:00:00,2022-05-17 00:00:00,Blocked,Visa,2027-05-14 00:00:00,0,Lost
CD004777,A0005372,Debit,2022-03-24 00:00:00,2022-03-26 00:00:00,Active,RuPay,2027-03-24 00:00:00,0,
CD004778,A0005828,Debit,2024-06-07 00:00:00,2024-06-12 00:00:00,Active,Visa,2029-06-07 00:00:00,0,
CD004779,A0006156,Debit,2026-02-20 00:00:00,2026-02-20 00:00:00,Blocked,Mastercard,2031-02-20 00:00:00,0,Suspected Fraud
CD004780,A0001337,Debit,2023-03-21 00:00:00,2023-03-24 00:00:00,Active,RuPay,2028-03-21 00:00:00,0,
CD004781,A0000324,Debit,2025-02-06 00:00:00,2025-02-13 00:00:00,Active,Visa,2030-02-06 00:00:00,0,
CD004782,A0003105,Credit,2022-09-07 00:00:00,2022-09-14 00:00:00,Active,RuPay,2027-09-07 00:00:00,0,
CD004783,A0004277,Debit,2024-08-16 00:00:00,2024-08-18 00:00:00,Active,Mastercard,2029-08-16 00:00:00,0,
CD004784,A0004490,Debit,2022-02-14 00:00:00,2022-02-16 00:00:00,Active,Visa,2027-02-14 00:00:00,0,
CD004785,A0004305,Credit,2024-01-21 00:00:00,2024-01-22 00:00:00,Active,RuPay,2029-01-21 00:00:00,0,
CD004786,A0004798,Debit,2022-11-05 00:00:00,2022-11-06 00:00:00,Active,Visa,2027-11-05 00:00:00,0,
CD004787,A0000172,Debit,2022-12-05 00:00:00,2022-12-07 00:00:00,Active,Visa,2027-12-05 00:00:00,0,
CD004788,A0004188,Debit,2022-05-07 00:00:00,2022-05-09 00:00:00,Active,Mastercard,2027-05-07 00:00:00,1,
CD004789,A0005076,Debit,2026-03-18 00:00:00,2026-03-20 00:00:00,Expired,Mastercard,2031-03-18 00:00:00,0,
CD004790,A0002493,Credit,2022-03-05 00:00:00,2022-03-08 00:00:00,Active,Visa,2027-03-05 00:00:00,0,
CD004791,A0005435,Debit,2025-11-22 00:00:00,2025-11-29 00:00:00,Inactive,Mastercard,2030-11-22 00:00:00,0,
CD004792,A0005945,Debit,2025-01-16 00:00:00,2025-01-17 00:00:00,Active,RuPay,2030-01-16 00:00:00,0,
CD004793,A0004363,Debit,2023-11-11 00:00:00,2023-11-14 00:00:00,Active,RuPay,2028-11-11 00:00:00,0,
CD004794,A0002121,Credit,2026-03-10 00:00:00,2026-03-12 00:00:00,Active,RuPay,2031-03-10 00:00:00,0,
CD004795,A0003140,Debit,2023-01-23 00:00:00,2023-01-25 00:00:00,Blocked,Visa,2028-01-23 00:00:00,0,Customer Request
CD004796,A0004724,Debit,2025-07-18 00:00:00,2025-07-18 00:00:00,Active,RuPay,2030-07-18 00:00:00,0,
CD004797,A0005818,Credit,2025-11-15 00:00:00,2025-11-18 00:00:00,Active,Visa,2030-11-15 00:00:00,0,
CD004798,A0006171,Debit,2024-03-26 00:00:00,2024-03-27 00:00:00,Active,Visa,2029-03-26 00:00:00,0,
CD004799,A0000056,Debit,2025-08-05 00:00:00,2025-08-10 00:00:00,Active,Mastercard,2030-08-05 00:00:00,0,
CD004800,A0004489,Debit,2022-10-23 00:00:00,2022-10-24 00:00:00,Active,Mastercard,2027-10-23 00:00:00,2,
