Customer_ID,Customer_Name,DOB,Gender,City,State,Occupation,Income_Band,Customer_Segment,Join_Date,KYC_Status,Risk_Category
C000001,Pooja Gupta,1962-10-24 00:00:00,Female,Pune,Maharashtra,Salaried,10-20L,Mass,2024-01-10 00:00:00,Completed,Low
C000002,Sneha Das,1972-10-04 00:00:00,Female,Jaipur,Rajasthan,Self-Employed,3-6L,Mass,2023-01-09 00:00:00,Completed,Low
C000003,Meera Sharma,1997-07-15 00:00:00,Male,Delhi,Delhi,Business,10-20L,Mass,2022-06-01 00:00:00,Completed,Low
C000004,Ananya Joshi,1982-03-10 00:00:00,Female,Mysuru,Karnataka,Salaried,<3L,Mass Affluent,2024-06-29 00:00:00,Completed,Low
C000005,Pooja Kulkarni,1994-05-15 00:00:00,Male,Bengaluru,Karnataka,Business,3-6L,Mass Affluent,2025-12-28 00:00:00,Completed,Low
C000006,Meera Reddy,1981-04-27 00:00:00,Female,Mumbai,Maharashtra,Salaried,10-20L,Affluent,2022-04-15 00:00:00,Pending,Low
C000007,Diya Kulkarni,1981-06-21 00:00:00,Female,Jaipur,Rajasthan,Salaried,10-20L,Affluent,2025-11-10 00:00:00,Completed,Low
C000008,Arjun Patil,1986-04-27 00:00:00,Male,Hyderabad,Telangana,Salaried,10-20L,Mass,2025-09-20 00:00:00,Completed,Low
C000009,Neha Patil,2002-01-02 00:00:00,Female,Bhubaneswar,Odisha,Retired,6-10L,Mass,2023-03-31 00:00:00,Completed,High
C000010,Rahul Kulkarni,1979-03-01 00:00:00,Male,Mumbai,Maharashtra,Salaried,10-20L,Affluent,2024-11-03 00:00:00,Completed,Low
C000011,Meera Sharma,1986-02-05 00:00:00,Female,Delhi,Delhi,Salaried,6-10L,Mass,2022-09-29 00:00:00,Completed,High
C000012,Sneha Mehta,2000-04-11 00:00:00,Male,Mysuru,Karnataka,Retired,3-6L,Mass,2025-05-29 00:00:00,Completed,Medium
C000013,Arjun Iyer,1976-04-22 00:00:00,Female,Delhi,Delhi,Salaried,6-10L,Mass,2025-02-24 00:00:00,Completed,Low
C000014,Aditya Mehta,1996-10-16 00:00:00,Male,Hyderabad,Telangana,Student,6-10L,Mass Affluent,2023-08-06 00:00:00,Completed,Low
C000015,Kavya Rao,1983-06-09 00:00:00,Male,Ahmedabad,Gujarat,Self-Employed,6-10L,Mass,2022-04-22 00:00:00,Completed,Medium
C000016,Rahul Das,1998-07-05 00:00:00,Male,Delhi,Delhi,Self-Employed,10-20L,Mass,2026-05-13 00:00:00,Completed,Medium
C000017,Diya Joshi,1980-06-29 00:00:00,Female,Ahmedabad,Gujarat,Business,6-10L,Mass,2024-01-02 00:00:00,Completed,Medium
C000018,Aditya Sharma,1987-07-30 00:00:00,Male,Chennai,Tamil Nadu,Business,3-6L,Mass Affluent,2026-01-06 00:00:00,Completed,Medium
C000019,Ishita Singh,1974-02-28 00:00:00,Male,Pune,Maharashtra,Salaried,3-6L,Mass,2025-01-18 00:00:00,Completed,Low
C000020,Aditya Gupta,1987-10-26 00:00:00,Male,Jaipur,Rajasthan,Retired,10-20L,Mass Affluent,2025-07-02 00:00:00,Completed,Low
C000021,Arjun Iyer,1974-04-16 00:00:00,Male,Gurugram,Haryana,Retired,<3L,Mass,2025-06-01 00:00:00,Completed,High
C000022,Meera Nair,1986-09-08 00:00:00,Male,Mysuru,Karnataka,Student,10-20L,Mass,2022-11-16 00:00:00,Completed,Low
C000023,Rahul Reddy,1994-07-21 00:00:00,Female,Bhubaneswar,Odisha,Self-Employed,<3L,Mass,2023-08-21 00:00:00,Completed,Low
C000024,Rahul Kulkarni,1979-01-19 00:00:00,Female,Jaipur,Rajasthan,Self-Employed,3-6L,Mass,2024-02-06 00:00:00,Completed,Low
C000025,Diya Rao,1978-10-20 00:00:00,Female,Bengaluru,Karnataka,Self-Employed,10-20L,Mass,2024-03-28 00:00:00,Completed,Medium
C000026,Meera Joshi,1974-02-09 00:00:00,Female,Jaipur,Rajasthan,Salaried,3-6L,Affluent,2022-03-13 00:00:00,Completed,Medium
C000027,Aditya Das,1991-12-31 00:00:00,Female,Bhubaneswar,Odisha,Self-Employed,10-20L,Mass,2024-06-16 00:00:00,Completed,Low
C000028,Ananya Mehta,1985-12-07 00:00:00,Male,Ahmedabad,Gujarat,Self-Employed,<3L,Affluent,2022-09-11 00:00:00,Completed,Low
C000029,Ishita Reddy,1982-08-16 00:00:00,Female,Pune,Maharashtra,Self-Employed,6-10L,Mass,2025-05-05 00:00:00,Completed,Low
C000030,Sneha Iyer,1961-02-12 00:00:00,Male,Chennai,Tamil Nadu,Salaried,6-10L,Mass,2025-01-26 00:00:00,Completed,Low
C000031,Meera Rao,1964-10-27 00:00:00,Female,Hyderabad,Telangana,Salaried,10-20L,Mass Affluent,2026-02-23 00:00:00,Expired,High
C000032,Priya Gupta,1960-04-29 00:00:00,Male,Chennai,Tamil Nadu,Self-Employed,<3L,Affluent,2025-05-07 00:00:00,Completed,Low
C000033,Rohan Sharma,1997-03-30 00:00:00,Female,Chennai,Tamil Nadu,Salaried,3-6L,Mass,2023-08-26 00:00:00,Completed,High
C000034,Ishita Sharma,1997-04-22 00:00:00,Male,Chennai,Tamil Nadu,Retired,6-10L,Mass,2026-05-08 00:00:00,Completed,Low
C000035,Rohan Iyer,1962-12-22 00:00:00,Male,Hyderabad,Telangana,Business,>20L,Mass Affluent,2023-11-06 00:00:00,Completed,Medium
C000036,Meera Patil,1962-01-12 00:00:00,Male,Kolkata,West Bengal,Salaried,10-20L,Mass,2023-06-20 00:00:00,Completed,Low
C000037,Diya Das,1994-03-25 00:00:00,Female,Hyderabad,Telangana,Salaried,10-20L,Mass Affluent,2026-01-26 00:00:00,Expired,Medium
C000038,Rohan Gupta,1982-12-27 00:00:00,Male,Bengaluru,Karnataka,Business,6-10L,Mass Affluent,2023-09-01 00:00:00,Completed,Low
C000039,Kiran Iyer,1973-07-13 00:00:00,Male,Bengaluru,Karnataka,Salaried,6-10L,Mass,2022-05-06 00:00:00,Completed,Medium
C000040,Sneha Reddy,1986-12-09 00:00:00,Male,Bhubaneswar,Odisha,Student,10-20L,Affluent,2024-02-11 00:00:00,Completed,Medium
C000041,Meera Reddy,1970-05-11 00:00:00,Female,Jaipur,Rajasthan,Salaried,10-20L,Mass,2025-07-30 00:00:00,Pending,Low
C000042,Ishita Joshi,1968-09-05 00:00:00,Female,Chennai,Tamil Nadu,Salaried,10-20L,Affluent,2022-11-08 00:00:00,Completed,High
C000043,Priya Mehta,1976-02-05 00:00:00,Female,Mumbai,Maharashtra,Salaried,10-20L,HNI,2024-01-31 00:00:00,Completed,Low
C000044,Meera Joshi,1999-03-28 00:00:00,Female,Ahmedabad,Gujarat,Business,10-20L,Mass Affluent,2022-08-02 00:00:00,Completed,Low
C000045,Pooja Das,1993-08-09 00:00:00,Male,Mysuru,Karnataka,Retired,<3L,HNI,2025-02-01 00:00:00,Completed,Low
C000046,Neha Kulkarni,1968-04-29 00:00:00,Female,Delhi,Delhi,Student,3-6L,Mass Affluent,2024-02-21 00:00:00,Completed,Low
C000047,Ishita Reddy,1984-08-09 00:00:00,Male,Pune,Maharashtra,Self-Employed,>20L,Mass,2023-06-27 00:00:00,Expired,Medium
C000048,Nikhil Nair,1998-09-30 00:00:00,Male,Bengaluru,Karnataka,Business,6-10L,Mass,2023-01-08 00:00:00,Completed,Medium
C000049,Aditya Sharma,2001-09-07 00:00:00,Male,Ahmedabad,Gujarat,Salaried,3-6L,Mass,2024-07-15 00:00:00,Completed,Low
C000050,Arjun Reddy,1993-06-03 00:00:00,Male,Hyderabad,Telangana,Self-Employed,6-10L,Mass,2025-01-04 00:00:00,Completed,Medium
C000051,Ananya Rao,1965-08-23 00:00:00,Male,Pune,Maharashtra,Retired,6-10L,Mass Affluent,2026-03-24 00:00:00,Completed,Low
C000052,Pooja Das,1970-07-18 00:00:00,Female,Hyderabad,Telangana,Salaried,10-20L,Mass,2023-12-19 00:00:00,Completed,Low
C000053,Aditya Iyer,1969-07-29 00:00:00,Female,Bengaluru,Karnataka,Retired,10-20L,Mass Affluent,2022-09-21 00:00:00,Completed,Medium
C000054,Neha Das,1966-08-08 00:00:00,Male,Gurugram,Haryana,Salaried,<3L,Mass,2025-09-29 00:00:00,Pending,Low
C000055,Sneha Mehta,1967-09-06 00:00:00,Male,Hyderabad,Telangana,Salaried,6-10L,Mass,2024-10-31 00:00:00,Completed,Low
C000056,Meera Mehta,1973-11-07 00:00:00,Female,Delhi,Delhi,Self-Employed,<3L,Mass,2025-02-23 00:00:00,Completed,Low
C000057,Aarav Rao,1984-05-02 00:00:00,Male,Ahmedabad,Gujarat,Student,10-20L,HNI,2022-06-09 00:00:00,Completed,Low
C000058,Arjun Rao,1977-06-07 00:00:00,Female,Mumbai,Maharashtra,Salaried,3-6L,Mass,2023-05-28 00:00:00,Completed,Low
C000059,Priya Singh,1978-06-08 00:00:00,Male,Mysuru,Karnataka,Business,6-10L,Mass,2025-06-14 00:00:00,Completed,Low
C000060,Rohan Patil,1970-10-07 00:00:00,Female,Hyderabad,Telangana,Salaried,6-10L,Mass,2025-09-28 00:00:00,Completed,Low
C000061,Kavya Iyer,1966-08-13 00:00:00,Female,Jaipur,Rajasthan,Business,6-10L,HNI,2023-12-16 00:00:00,Completed,Medium
C000062,Ananya Nair,2003-10-04 00:00:00,Male,Delhi,Delhi,Self-Employed,6-10L,Mass,2025-08-14 00:00:00,Completed,Low
C000063,Aarav Joshi,1986-03-28 00:00:00,Male,Bengaluru,Karnataka,Salaried,6-10L,Mass Affluent,2025-10-14 00:00:00,Completed,Medium
C000064,Meera Mehta,1970-01-22 00:00:00,Female,Bhubaneswar,Odisha,Business,6-10L,Mass,2023-09-29 00:00:00,Completed,Low
C000065,Ananya Mehta,1995-06-25 00:00:00,Male,Gurugram,Haryana,Business,<3L,Mass,2026-01-14 00:00:00,Completed,Low
C000066,Arjun Rao,1996-05-21 00:00:00,Male,Mumbai,Maharashtra,Self-Employed,3-6L,Mass Affluent,2023-04-19 00:00:00,Completed,Low
C000067,Kavya Rao,2002-05-08 00:00:00,Male,Chennai,Tamil Nadu,Salaried,6-10L,Mass Affluent,2023-01-29 00:00:00,Completed,Low
C000068,Nikhil Das,1966-12-20 00:00:00,Male,Pune,Maharashtra,Salaried,3-6L,Mass Affluent,2025-01-25 00:00:00,Completed,Medium
C000069,Diya Reddy,1988-01-13 00:00:00,Female,Bhubaneswar,Odisha,Retired,10-20L,Mass,2024-11-11 00:00:00,Completed,Medium
C000070,Rahul Reddy,2002-12-09 00:00:00,Male,Pune,Maharashtra,Self-Employed,3-6L,HNI,2022-08-18 00:00:00,Completed,Low
C000071,Priya Mehta,1995-05-03 00:00:00,Male,Hyderabad,Telangana,Business,10-20L,Mass Affluent,2025-09-29 00:00:00,Completed,Low
C000072,Aarav Das,1969-11-17 00:00:00,Female,Hyderabad,Telangana,Business,<3L,Affluent,2022-11-25 00:00:00,Completed,Low
C000073,Rohan Nair,1999-02-13 00:00:00,Female,Mumbai,Maharashtra,Business,10-20L,Mass,2025-08-14 00:00:00,Expired,Low
C000074,Aarav Patil,1978-06-22 00:00:00,Female,Gurugram,Haryana,Salaried,3-6L,Mass,2022-01-13 00:00:00,Completed,Low
C000075,Rahul Singh,1981-06-01 00:00:00,Female,Mysuru,Karnataka,Self-Employed,6-10L,Mass,2025-08-01 00:00:00,Completed,Low
C000076,Ishita Sharma,1984-06-20 00:00:00,Male,Chennai,Tamil Nadu,Business,3-6L,Mass Affluent,2025-07-16 00:00:00,Completed,Low
C000077,Ishita Das,1993-10-16 00:00:00,Female,Ahmedabad,Gujarat,Salaried,6-10L,Mass Affluent,2025-07-05 00:00:00,Completed,Medium
C000078,Aditya Patil,1965-04-08 00:00:00,Male,Bhubaneswar,Odisha,Salaried,3-6L,Mass,2024-12-27 00:00:00,Completed,Low
C000079,Kiran Patil,1983-08-16 00:00:00,Female,Pune,Maharashtra,Self-Employed,10-20L,Mass,2024-02-14 00:00:00,Completed,Low
C000080,Priya Reddy,1995-10-13 00:00:00,Female,Pune,Maharashtra,Student,6-10L,Mass,2025-03-03 00:00:00,Completed,Low
C000081,Sai Rao,1984-01-11 00:00:00,Female,Hyderabad,Telangana,Business,>20L,Mass,2023-04-01 00:00:00,Completed,Medium
C000082,Kiran Mehta,1972-01-12 00:00:00,Female,Kolkata,West Bengal,Salaried,6-10L,Affluent,2025-07-05 00:00:00,Completed,Low
C000083,Ananya Singh,1962-06-19 00:00:00,Male,Bhubaneswar,Odisha,Retired,6-10L,Mass,2024-07-01 00:00:00,Completed,Low
C000084,Nikhil Das,1984-01-23 00:00:00,Male,Bengaluru,Karnataka,Salaried,10-20L,Mass,2024-01-24 00:00:00,Completed,Low
C000085,Pooja Gupta,1990-10-23 00:00:00,Female,Mumbai,Maharashtra,Salaried,3-6L,Mass,2024-04-10 00:00:00,Completed,Medium
C000086,Priya Joshi,1984-01-29 00:00:00,Male,Pune,Maharashtra,Retired,6-10L,Mass,2024-07-22 00:00:00,Completed,Low
C000087,Diya Joshi,2002-11-25 00:00:00,Female,Pune,Maharashtra,Business,3-6L,HNI,2022-03-03 00:00:00,Completed,Medium
C000088,Kavya Iyer,1986-05-26 00:00:00,Female,Gurugram,Haryana,Retired,10-20L,Mass,2022-08-18 00:00:00,Completed,Low
C000089,Rahul Nair,1982-04-06 00:00:00,Male,Jaipur,Rajasthan,Business,<3L,Affluent,2023-02-08 00:00:00,Completed,Medium
C000090,Nikhil Nair,1962-06-06 00:00:00,Female,Bengaluru,Karnataka,Self-Employed,3-6L,Mass Affluent,2022-07-08 00:00:00,Completed,Medium
C000091,Arjun Gupta,1984-06-20 00:00:00,Female,Ahmedabad,Gujarat,Salaried,6-10L,Mass Affluent,2023-12-23 00:00:00,Completed,Low
C000092,Ishita Patil,1967-05-21 00:00:00,Female,Chennai,Tamil Nadu,Salaried,6-10L,Mass,2025-01-02 00:00:00,Completed,Low
C000093,Rohan Sharma,1991-09-30 00:00:00,Male,Chennai,Tamil Nadu,Retired,3-6L,Mass Affluent,2024-12-10 00:00:00,Expired,Medium
C000094,Priya Gupta,1967-01-23 00:00:00,Male,Kolkata,West Bengal,Student,6-10L,Mass Affluent,2024-02-13 00:00:00,Completed,Medium
C000095,Ishita Sharma,1999-09-20 00:00:00,Male,Mysuru,Karnataka,Salaried,10-20L,Mass,2025-11-05 00:00:00,Completed,High
C000096,Aditya Joshi,1973-03-25 00:00:00,Male,Kolkata,West Bengal,Salaried,3-6L,Affluent,2024-07-17 00:00:00,Completed,Low
C000097,Vivaan Gupta,1979-01-04 00:00:00,Male,Mumbai,Maharashtra,Salaried,3-6L,Mass,2022-05-11 00:00:00,Completed,High
C000098,Aditya Sharma,1966-05-07 00:00:00,Male,Hyderabad,Telangana,Salaried,>20L,Mass,2025-06-10 00:00:00,Completed,Low
C000099,Rohan Patil,1969-03-25 00:00:00,Male,Kolkata,West Bengal,Student,10-20L,Mass,2024-08-01 00:00:00,Completed,Low
C000100,Nikhil Gupta,2000-05-20 00:00:00,Male,Chennai,Tamil Nadu,Salaried,<3L,Mass Affluent,2024-11-08 00:00:00,Completed,Low
C000101,Meera Rao,1972-06-04 00:00:00,Female,Pune,Maharashtra,Salaried,6-10L,Mass,2024-07-17 00:00:00,Completed,Low
C000102,Kiran Gupta,1982-06-21 00:00:00,Female,Delhi,Delhi,Retired,<3L,Mass,2024-06-27 00:00:00,Completed,Low
C000103,Priya Reddy,2002-12-28 00:00:00,Female,Gurugram,Haryana,Self-Employed,10-20L,Mass,2022-05-29 00:00:00,Completed,Low
C000104,Kiran Gupta,1987-04-26 00:00:00,Male,Bengaluru,Karnataka,Salaried,3-6L,Mass,2024-07-07 00:00:00,Completed,Low
C000105,Kiran Iyer,1961-10-28 00:00:00,Female,Kolkata,West Bengal,Salaried,3-6L,Mass,2025-07-29 00:00:00,Completed,High
C000106,Diya Patil,1975-08-29 00:00:00,Female,Mysuru,Karnataka,Salaried,3-6L,Affluent,2023-05-15 00:00:00,Completed,High
C000107,Arjun Rao,1976-12-11 00:00:00,Male,Gurugram,Haryana,Salaried,6-10L,Mass,2024-09-16 00:00:00,Completed,Medium
C000108,Pooja Kulkarni,1972-02-06 00:00:00,Female,Chennai,Tamil Nadu,Salaried,<3L,Affluent,2022-02-20 00:00:00,Completed,High
C000109,Pooja Iyer,1970-07-25 00:00:00,Male,Bengaluru,Karnataka,Salaried,10-20L,Mass Affluent,2023-07-25 00:00:00,Completed,Medium
C000110,Sneha Joshi,1982-01-15 00:00:00,Female,Bhubaneswar,Odisha,Salaried,6-10L,Mass Affluent,2023-12-19 00:00:00,Completed,High
C000111,Vivaan Rao,1976-07-07 00:00:00,Male,Delhi,Delhi,Salaried,6-10L,Affluent,2026-06-02 00:00:00,Completed,Low
C000112,Arjun Sharma,1972-11-22 00:00:00,Female,Bengaluru,Karnataka,Salaried,10-20L,Mass,2022-12-19 00:00:00,Completed,Low
C000113,Neha Joshi,1978-02-02 00:00:00,Male,Chennai,Tamil Nadu,Retired,3-6L,Mass Affluent,2023-03-31 00:00:00,Completed,Medium
C000114,Rohan Patil,1975-01-20 00:00:00,Female,Hyderabad,Telangana,Salaried,3-6L,Mass,2023-11-02 00:00:00,Completed,Low
C000115,Ishita Gupta,1970-01-07 00:00:00,Female,Chennai,Tamil Nadu,Salaried,3-6L,Mass,2026-06-18 00:00:00,Completed,Medium
C000116,Diya Mehta,1979-11-01 00:00:00,Male,Ahmedabad,Gujarat,Student,10-20L,Mass,2025-11-02 00:00:00,Completed,Low
C000117,Sneha Reddy,2001-04-11 00:00:00,Male,Gurugram,Haryana,Salaried,<3L,Mass Affluent,2022-02-26 00:00:00,Pending,Low
C000118,Pooja Reddy,1982-02-25 00:00:00,Male,Ahmedabad,Gujarat,Self-Employed,10-20L,Affluent,2023-01-20 00:00:00,Completed,Low
C000119,Meera Nair,1986-03-05 00:00:00,Male,Delhi,Delhi,Student,6-10L,Mass,2025-09-11 00:00:00,Completed,Medium
C000120,Ishita Patil,2003-02-13 00:00:00,Male,Hyderabad,Telangana,Self-Employed,6-10L,Mass Affluent,2022-04-06 00:00:00,Completed,Low
C000121,Sneha Mehta,1986-11-17 00:00:00,Female,Mysuru,Karnataka,Salaried,6-10L,Mass,2025-11-06 00:00:00,Completed,Low
C000122,Arjun Sharma,1969-10-13 00:00:00,Female,Chennai,Tamil Nadu,Business,<3L,Mass,2023-04-08 00:00:00,Completed,Low
C000123,Priya Sharma,1977-06-15 00:00:00,Female,Pune,Maharashtra,Business,3-6L,Mass,2026-02-15 00:00:00,Completed,Low
C000124,Aditya Gupta,1981-05-17 00:00:00,Female,Kolkata,West Bengal,Salaried,10-20L,Mass Affluent,2023-04-28 00:00:00,Completed,Low
C000125,Ananya Iyer,1980-10-18 00:00:00,Female,Ahmedabad,Gujarat,Salaried,3-6L,Mass,2023-12-15 00:00:00,Completed,Low
C000126,Kiran Nair,1966-07-20 00:00:00,Male,Jaipur,Rajasthan,Salaried,6-10L,Mass,2024-12-22 00:00:00,Completed,Low
C000127,Diya Iyer,1964-08-20 00:00:00,Female,Bhubaneswar,Odisha,Business,>20L,Mass,2022-07-27 00:00:00,Completed,High
C000128,Vivaan Reddy,1975-05-01 00:00:00,Male,Mysuru,Karnataka,Salaried,<3L,Mass Affluent,2024-07-03 00:00:00,Completed,Low
C000129,Neha Sharma,2000-01-19 00:00:00,Female,Mysuru,Karnataka,Salaried,3-6L,Mass Affluent,2024-04-09 00:00:00,Completed,High
C000130,Neha Singh,1991-06-03 00:00:00,Male,Bhubaneswar,Odisha,Self-Employed,3-6L,Mass,2025-07-11 00:00:00,Completed,Medium
C000131,Sneha Singh,1996-11-14 00:00:00,Male,Delhi,Delhi,Retired,<3L,Mass Affluent,2026-06-24 00:00:00,Completed,Medium
C000132,Pooja Joshi,1967-08-23 00:00:00,Male,Bengaluru,Karnataka,Salaried,>20L,Mass Affluent,2024-12-26 00:00:00,Completed,Medium
C000133,Priya Rao,1978-02-23 00:00:00,Female,Pune,Maharashtra,Salaried,>20L,Mass,2023-11-03 00:00:00,Completed,Low
C000134,Kiran Reddy,1985-06-19 00:00:00,Female,Jaipur,Rajasthan,Salaried,3-6L,Mass,2023-10-30 00:00:00,Pending,Low
C000135,Diya Singh,1979-01-10 00:00:00,Female,Delhi,Delhi,Business,>20L,Affluent,2023-11-18 00:00:00,Completed,Low
C000136,Diya Sharma,1978-04-03 00:00:00,Male,Bengaluru,Karnataka,Salaried,<3L,Mass,2025-08-29 00:00:00,Completed,Low
C000137,Priya Sharma,1975-10-05 00:00:00,Female,Kolkata,West Bengal,Student,>20L,Mass,2023-06-12 00:00:00,Completed,Low
C000138,Rohan Sharma,1962-04-05 00:00:00,Female,Mumbai,Maharashtra,Salaried,10-20L,Affluent,2022-10-02 00:00:00,Completed,Low
C000139,Vivaan Das,1997-07-20 00:00:00,Male,Delhi,Delhi,Salaried,3-6L,Affluent,2023-07-03 00:00:00,Completed,Medium
C000140,Kiran Mehta,2000-11-15 00:00:00,Female,Bengaluru,Karnataka,Salaried,6-10L,Mass Affluent,2022-02-07 00:00:00,Completed,Low
C000141,Nikhil Reddy,1963-07-17 00:00:00,Female,Chennai,Tamil Nadu,Salaried,10-20L,Mass Affluent,2022-06-24 00:00:00,Completed,Low
C000142,Vivaan Mehta,1978-02-12 00:00:00,Male,Gurugram,Haryana,Self-Employed,3-6L,Mass,2022-05-28 00:00:00,Completed,Low
C000143,Aditya Reddy,1982-09-07 00:00:00,Male,Jaipur,Rajasthan,Business,3-6L,Mass Affluent,2025-06-20 00:00:00,Completed,Low
C000144,Aditya Das,1994-05-04 00:00:00,Male,Delhi,Delhi,Salaried,6-10L,Mass,2025-04-01 00:00:00,Completed,Low
C000145,Aditya Rao,2003-03-23 00:00:00,Female,Mumbai,Maharashtra,Business,<3L,Affluent,2025-02-18 00:00:00,Completed,Medium
C000146,Ishita Iyer,1978-03-28 00:00:00,Female,Mysuru,Karnataka,Salaried,<3L,Mass,2024-01-29 00:00:00,Completed,Low
C000147,Arjun Das,1992-10-21 00:00:00,Female,Mumbai,Maharashtra,Self-Employed,3-6L,Mass,2025-03-23 00:00:00,Completed,Medium
C000148,Ishita Das,2001-01-22 00:00:00,Female,Gurugram,Haryana,Salaried,10-20L,Mass,2022-09-22 00:00:00,Completed,Low
C000149,Vivaan Das,1996-05-15 00:00:00,Male,Mysuru,Karnataka,Self-Employed,3-6L,Mass Affluent,2026-01-18 00:00:00,Completed,Low
C000150,Aditya Iyer,1972-09-21 00:00:00,Male,Delhi,Delhi,Salaried,6-10L,Mass,2024-04-02 00:00:00,Completed,Low
C000151,Nikhil Kulkarni,1995-10-23 00:00:00,Male,Jaipur,Rajasthan,Retired,3-6L,Mass Affluent,2026-03-21 00:00:00,Completed,Low
C000152,Meera Gupta,1978-01-21 00:00:00,Male,Ahmedabad,Gujarat,Student,3-6L,Mass,2022-09-08 00:00:00,Completed,Low
C000153,Rohan Gupta,1960-10-07 00:00:00,Female,Chennai,Tamil Nadu,Business,6-10L,Mass,2024-03-27 00:00:00,Completed,Low
C000154,Meera Iyer,1993-03-29 00:00:00,Female,Jaipur,Rajasthan,Student,<3L,Mass Affluent,2025-02-17 00:00:00,Completed,Medium
C000155,Sai Rao,1996-08-05 00:00:00,Female,Ahmedabad,Gujarat,Salaried,6-10L,Mass,2024-03-24 00:00:00,Completed,Low
C000156,Kavya Nair,1975-01-20 00:00:00,Female,Chennai,Tamil Nadu,Self-Employed,3-6L,Mass Affluent,2024-01-03 00:00:00,Completed,Low
C000157,Rohan Patil,1979-10-02 00:00:00,Male,Jaipur,Rajasthan,Salaried,6-10L,Affluent,2022-09-30 00:00:00,Completed,Medium
C000158,Aarav Nair,1975-12-17 00:00:00,Female,Mysuru,Karnataka,Student,3-6L,Mass Affluent,2023-09-18 00:00:00,Completed,Medium
C000159,Arjun Patil,1965-02-15 00:00:00,Male,Ahmedabad,Gujarat,Salaried,10-20L,Mass,2023-01-28 00:00:00,Expired,Low
C000160,Priya Gupta,2003-07-31 00:00:00,Female,Pune,Maharashtra,Salaried,<3L,Mass,2023-05-11 00:00:00,Completed,Low
C000161,Nikhil Singh,1960-12-27 00:00:00,Female,Kolkata,West Bengal,Business,10-20L,Affluent,2025-01-27 00:00:00,Completed,Low
C000162,Sai Kulkarni,1984-05-03 00:00:00,Female,Jaipur,Rajasthan,Salaried,3-6L,Mass Affluent,2024-10-31 00:00:00,Completed,Medium
C000163,Aditya Gupta,1960-08-26 00:00:00,Female,Gurugram,Haryana,Business,<3L,Mass Affluent,2024-09-24 00:00:00,Completed,Low
C000164,Rahul Singh,1990-03-14 00:00:00,Male,Mysuru,Karnataka,Salaried,6-10L,Mass,2023-08-18 00:00:00,Completed,Low
C000165,Ananya Nair,1999-06-18 00:00:00,Female,Delhi,Delhi,Business,3-6L,Mass Affluent,2026-04-25 00:00:00,Completed,Low
C000166,Priya Joshi,1988-03-09 00:00:00,Female,Delhi,Delhi,Student,6-10L,Mass,2022-05-24 00:00:00,Completed,Low
C000167,Kavya Das,1986-07-21 00:00:00,Female,Bhubaneswar,Odisha,Self-Employed,10-20L,Mass Affluent,2023-07-17 00:00:00,Completed,Low
C000168,Nikhil Sharma,1996-04-07 00:00:00,Male,Bhubaneswar,Odisha,Salaried,10-20L,Affluent,2022-07-13 00:00:00,Completed,Low
C000169,Priya Singh,2002-09-04 00:00:00,Male,Hyderabad,Telangana,Salaried,6-10L,Affluent,2023-07-11 00:00:00,Completed,High
C000170,Arjun Reddy,1997-10-02 00:00:00,Female,Bhubaneswar,Odisha,Salaried,>20L,Mass,2026-04-29 00:00:00,Completed,Low
C000171,Meera Patil,1970-02-19 00:00:00,Male,Gurugram,Haryana,Salaried,6-10L,Mass Affluent,2023-08-25 00:00:00,Completed,Low
C000172,Arjun Joshi,1984-09-03 00:00:00,Female,Delhi,Delhi,Self-Employed,<3L,Mass,2026-01-31 00:00:00,Completed,Low
C000173,Priya Reddy,1995-11-13 00:00:00,Male,Jaipur,Rajasthan,Salaried,10-20L,Mass,2024-03-23 00:00:00,Completed,Low
C000174,Meera Singh,1972-11-25 00:00:00,Female,Kolkata,West Bengal,Salaried,3-6L,Mass Affluent,2025-02-22 00:00:00,Pending,Low
C000175,Diya Joshi,1989-07-30 00:00:00,Male,Hyderabad,Telangana,Salaried,3-6L,Mass,2024-01-22 00:00:00,Completed,High
C000176,Rohan Gupta,1960-12-30 00:00:00,Female,Gurugram,Haryana,Retired,<3L,Mass,2023-03-13 00:00:00,Completed,Medium
C000177,Meera Mehta,1998-06-07 00:00:00,Male,Kolkata,West Bengal,Salaried,3-6L,Mass Affluent,2025-06-08 00:00:00,Completed,Low
C000178,Kiran Singh,1986-11-30 00:00:00,Female,Ahmedabad,Gujarat,Salaried,3-6L,Mass Affluent,2026-05-11 00:00:00,Completed,Medium
C000179,Vivaan Patil,1992-07-20 00:00:00,Male,Gurugram,Haryana,Salaried,3-6L,Mass Affluent,2023-03-09 00:00:00,Completed,Medium
C000180,Pooja Singh,1996-02-28 00:00:00,Female,Bengaluru,Karnataka,Salaried,6-10L,Mass,2025-07-02 00:00:00,Completed,Low
C000181,Vivaan Sharma,1969-08-01 00:00:00,Male,Mysuru,Karnataka,Retired,10-20L,Mass Affluent,2023-03-05 00:00:00,Completed,High
C000182,Rohan Reddy,1979-09-26 00:00:00,Female,Mysuru,Karnataka,Salaried,>20L,Mass,2025-03-23 00:00:00,Completed,Medium
C000183,Meera Reddy,1997-08-12 00:00:00,Female,Gurugram,Haryana,Business,<3L,Mass,2025-07-19 00:00:00,Completed,Medium
C000184,Sneha Mehta,1967-03-20 00:00:00,Female,Chennai,Tamil Nadu,Self-Employed,3-6L,Mass,2024-01-08 00:00:00,Completed,Low
C000185,Pooja Mehta,1996-01-11 00:00:00,Male,Ahmedabad,Gujarat,Business,6-10L,Mass Affluent,2025-04-25 00:00:00,Completed,Low
C000186,Aarav Patil,1972-08-14 00:00:00,Male,Mumbai,Maharashtra,Self-Employed,<3L,Mass,2023-03-24 00:00:00,Completed,Medium
C000187,Aditya Joshi,1985-03-18 00:00:00,Male,Ahmedabad,Gujarat,Business,3-6L,Mass,2022-05-11 00:00:00,Completed,Low
C000188,Sai Mehta,1982-05-04 00:00:00,Male,Chennai,Tamil Nadu,Salaried,6-10L,Affluent,2022-06-08 00:00:00,Completed,High
C000189,Vivaan Kulkarni,1990-01-26 00:00:00,Female,Bengaluru,Karnataka,Self-Employed,10-20L,Affluent,2024-01-05 00:00:00,Completed,Low
C000190,Priya Reddy,1996-08-25 00:00:00,Female,Delhi,Delhi,Business,3-6L,Mass Affluent,2026-01-22 00:00:00,Completed,Low
C000191,Pooja Reddy,1975-04-15 00:00:00,Male,Pune,Maharashtra,Self-Employed,6-10L,Mass Affluent,2022-07-29 00:00:00,Completed,Medium
C000192,Vivaan Singh,1967-07-11 00:00:00,Female,Jaipur,Rajasthan,Self-Employed,6-10L,Affluent,2024-01-19 00:00:00,Completed,Low
C000193,Rahul Sharma,1978-07-10 00:00:00,Male,Bhubaneswar,Odisha,Salaried,10-20L,Mass Affluent,2025-03-02 00:00:00,Completed,Low
C000194,Rahul Gupta,1986-10-25 00:00:00,Female,Ahmedabad,Gujarat,Salaried,3-6L,Mass,2022-11-29 00:00:00,Pending,Medium
C000195,Ishita Rao,1992-11-15 00:00:00,Male,Hyderabad,Telangana,Salaried,10-20L,Mass Affluent,2025-03-30 00:00:00,Completed,Medium
C000196,Arjun Kulkarni,1992-12-31 00:00:00,Female,Gurugram,Haryana,Salaried,10-20L,Affluent,2023-05-18 00:00:00,Completed,Low
C000197,Priya Iyer,1974-11-22 00:00:00,Male,Pune,Maharashtra,Salaried,3-6L,Mass Affluent,2025-08-20 00:00:00,Expired,Low
C000198,Sai Gupta,2001-01-01 00:00:00,Male,Ahmedabad,Gujarat,Salaried,6-10L,Mass,2024-08-09 00:00:00,Completed,Low
C000199,Ananya Reddy,1963-08-23 00:00:00,Male,Mysuru,Karnataka,Self-Employed,6-10L,Affluent,2024-06-17 00:00:00,Completed,Low
C000200,Pooja Sharma,1965-02-10 00:00:00,Male,Pune,Maharashtra,Business,3-6L,Mass Affluent,2022-10-18 00:00:00,Completed,Medium
C000201,Ananya Joshi,1961-01-31 00:00:00,Female,Mysuru,Karnataka,Self-Employed,6-10L,Mass,2024-01-31 00:00:00,Completed,Low
C000202,Rohan Iyer,2000-07-31 00:00:00,Female,Gurugram,Haryana,Business,3-6L,HNI,2025-11-07 00:00:00,Completed,Low
C000203,Ishita Singh,1967-11-21 00:00:00,Male,Pune,Maharashtra,Salaried,10-20L,Mass Affluent,2022-02-02 00:00:00,Completed,Low
C000204,Ananya Joshi,1986-05-07 00:00:00,Male,Mumbai,Maharashtra,Salaried,<3L,Mass Affluent,2025-05-30 00:00:00,Completed,Low
C000205,Arjun Iyer,1995-08-12 00:00:00,Female,Delhi,Delhi,Business,6-10L,Affluent,2024-03-20 00:00:00,Completed,Low
C000206,Vivaan Nair,1993-08-02 00:00:00,Female,Jaipur,Rajasthan,Business,3-6L,Mass,2025-03-27 00:00:00,Completed,Low
C000207,Ishita Gupta,2001-07-25 00:00:00,Male,Hyderabad,Telangana,Business,6-10L,Mass Affluent,2024-12-25 00:00:00,Completed,Medium
C000208,Sneha Kulkarni,1962-05-10 00:00:00,Female,Ahmedabad,Gujarat,Business,6-10L,Mass,2023-12-11 00:00:00,Completed,High
C000209,Kavya Gupta,1977-10-31 00:00:00,Female,Jaipur,Rajasthan,Business,6-10L,Affluent,2023-05-22 00:00:00,Completed,Low
C000210,Ishita Sharma,1982-03-04 00:00:00,Female,Jaipur,Rajasthan,Business,6-10L,Affluent,2024-10-27 00:00:00,Completed,Medium
C000211,Diya Iyer,1990-06-30 00:00:00,Female,Delhi,Delhi,Business,3-6L,Mass Affluent,2022-08-19 00:00:00,Expired,Low
C000212,Rohan Singh,1987-04-11 00:00:00,Male,Jaipur,Rajasthan,Business,3-6L,Mass Affluent,2024-08-17 00:00:00,Completed,Low
C000213,Aditya Singh,1984-07-12 00:00:00,Male,Jaipur,Rajasthan,Salaried,10-20L,Mass Affluent,2022-06-05 00:00:00,Completed,Low
C000214,Rahul Rao,1973-06-10 00:00:00,Female,Bhubaneswar,Odisha,Salaried,<3L,Mass,2024-12-03 00:00:00,Completed,Low
C000215,Nikhil Iyer,1964-08-30 00:00:00,Male,Delhi,Delhi,Salaried,10-20L,Mass,2024-10-29 00:00:00,Completed,Low
C000216,Priya Kulkarni,1978-11-28 00:00:00,Male,Mumbai,Maharashtra,Self-Employed,6-10L,Mass,2022-05-19 00:00:00,Completed,Medium
C000217,Aarav Patil,1971-05-17 00:00:00,Female,Chennai,Tamil Nadu,Business,10-20L,Affluent,2025-05-28 00:00:00,Completed,Low
C000218,Meera Reddy,1984-04-12 00:00:00,Male,Bhubaneswar,Odisha,Salaried,3-6L,Mass Affluent,2023-11-14 00:00:00,Completed,Low
C000219,Meera Sharma,1994-12-02 00:00:00,Female,Jaipur,Rajasthan,Salaried,6-10L,Mass Affluent,2025-07-16 00:00:00,Completed,Low
C000220,Arjun Das,1984-03-15 00:00:00,Male,Hyderabad,Telangana,Business,<3L,Mass,2022-03-10 00:00:00,Completed,High
C000221,Pooja Kulkarni,1985-07-16 00:00:00,Male,Mysuru,Karnataka,Salaried,10-20L,Mass Affluent,2022-10-22 00:00:00,Completed,Low
C000222,Rohan Iyer,1961-10-31 00:00:00,Male,Gurugram,Haryana,Business,6-10L,Mass,2024-03-22 00:00:00,Completed,High
C000223,Nikhil Patil,1988-03-28 00:00:00,Male,Kolkata,West Bengal,Salaried,6-10L,HNI,2022-11-06 00:00:00,Completed,High
C000224,Neha Das,1979-04-02 00:00:00,Female,Hyderabad,Telangana,Salaried,10-20L,Affluent,2023-06-26 00:00:00,Completed,Low
C000225,Diya Singh,1965-06-02 00:00:00,Female,Delhi,Delhi,Salaried,3-6L,Mass,2024-12-20 00:00:00,Pending,Low
C000226,Vivaan Joshi,1969-05-14 00:00:00,Female,Delhi,Delhi,Salaried,6-10L,Mass Affluent,2022-08-26 00:00:00,Completed,Low
C000227,Pooja Sharma,1994-03-14 00:00:00,Female,Bengaluru,Karnataka,Salaried,10-20L,Mass,2025-01-17 00:00:00,Completed,Low
C000228,Nikhil Mehta,2000-02-27 00:00:00,Male,Pune,Maharashtra,Salaried,<3L,Mass,2022-06-19 00:00:00,Completed,Low
C000229,Diya Kulkarni,1982-03-29 00:00:00,Male,Kolkata,West Bengal,Salaried,>20L,Mass Affluent,2022-10-15 00:00:00,Completed,Medium
C000230,Pooja Patil,2002-10-12 00:00:00,Female,Mumbai,Maharashtra,Salaried,10-20L,Mass Affluent,2024-08-22 00:00:00,Completed,High
C000231,Rohan Das,1967-11-20 00:00:00,Male,Bhubaneswar,Odisha,Business,>20L,Mass,2025-07-26 00:00:00,Completed,Low
C000232,Rohan Rao,1973-02-15 00:00:00,Female,Bengaluru,Karnataka,Salaried,10-20L,Mass,2022-10-08 00:00:00,Completed,Low
C000233,Arjun Joshi,2000-09-28 00:00:00,Female,Chennai,Tamil Nadu,Salaried,3-6L,Mass,2023-05-08 00:00:00,Pending,Low
C000234,Kavya Mehta,1967-09-03 00:00:00,Female,Gurugram,Haryana,Salaried,6-10L,Mass,2026-02-28 00:00:00,Completed,Low
C000235,Kavya Rao,1988-11-19 00:00:00,Female,Ahmedabad,Gujarat,Retired,<3L,Mass,2026-06-14 00:00:00,Pending,Low
C000236,Pooja Kulkarni,1969-08-13 00:00:00,Female,Jaipur,Rajasthan,Business,10-20L,Mass,2024-08-12 00:00:00,Pending,Medium
C000237,Neha Joshi,1974-07-04 00:00:00,Female,Hyderabad,Telangana,Retired,3-6L,Affluent,2024-01-05 00:00:00,Completed,Low
C000238,Kavya Mehta,1980-12-05 00:00:00,Female,Chennai,Tamil Nadu,Retired,10-20L,Mass,2023-07-24 00:00:00,Completed,Low
C000239,Sai Gupta,1975-10-08 00:00:00,Male,Kolkata,West Bengal,Salaried,3-6L,Mass,2024-10-02 00:00:00,Completed,Low
C000240,Pooja Rao,1998-04-23 00:00:00,Male,Hyderabad,Telangana,Business,3-6L,Mass,2024-08-28 00:00:00,Completed,Low
C000241,Neha Rao,2002-08-12 00:00:00,Female,Mumbai,Maharashtra,Salaried,<3L,Mass,2023-04-29 00:00:00,Completed,High
C000242,Ananya Das,1981-11-26 00:00:00,Male,Gurugram,Haryana,Student,6-10L,Mass Affluent,2022-02-07 00:00:00,Completed,High
C000243,Kavya Iyer,1983-01-03 00:00:00,Female,Mumbai,Maharashtra,Salaried,3-6L,Mass,2022-09-06 00:00:00,Completed,Low
C000244,Priya Sharma,1962-06-05 00:00:00,Male,Gurugram,Haryana,Salaried,3-6L,Mass,2026-04-23 00:00:00,Completed,Low
C000245,Kavya Singh,1970-04-05 00:00:00,Female,Chennai,Tamil Nadu,Retired,3-6L,Affluent,2023-11-18 00:00:00,Completed,Medium
C000246,Diya Iyer,1961-09-30 00:00:00,Female,Mumbai,Maharashtra,Student,3-6L,Mass Affluent,2024-03-02 00:00:00,Completed,Low
C000247,Rohan Nair,1997-07-11 00:00:00,Female,Mumbai,Maharashtra,Retired,>20L,Mass,2024-02-06 00:00:00,Completed,Low
C000248,Sneha Nair,1969-12-17 00:00:00,Female,Ahmedabad,Gujarat,Salaried,6-10L,Mass,2025-07-09 00:00:00,Completed,High
C000249,Diya Mehta,1974-12-03 00:00:00,Male,Delhi,Delhi,Salaried,3-6L,Affluent,2022-04-17 00:00:00,Pending,Low
C000250,Kiran Joshi,1996-12-01 00:00:00,Male,Mumbai,Maharashtra,Salaried,3-6L,Mass Affluent,2022-05-16 00:00:00,Completed,Low
C000251,Ananya Rao,1991-03-31 00:00:00,Male,Kolkata,West Bengal,Salaried,<3L,Affluent,2023-03-29 00:00:00,Completed,Low
C000252,Aditya Singh,1987-03-23 00:00:00,Male,Kolkata,West Bengal,Salaried,3-6L,Mass,2024-03-10 00:00:00,Expired,Low
C000253,Nikhil Rao,1961-09-07 00:00:00,Female,Ahmedabad,Gujarat,Salaried,<3L,Mass Affluent,2025-01-06 00:00:00,Completed,Medium
C000254,Rohan Patil,1984-08-29 00:00:00,Female,Ahmedabad,Gujarat,Business,<3L,Mass,2024-03-16 00:00:00,Completed,Medium
C000255,Ishita Rao,1984-07-27 00:00:00,Male,Bhubaneswar,Odisha,Salaried,<3L,Mass,2023-12-26 00:00:00,Completed,Low
C000256,Kavya Gupta,1973-12-21 00:00:00,Male,Hyderabad,Telangana,Business,3-6L,Mass Affluent,2026-03-20 00:00:00,Expired,Low
C000257,Diya Reddy,1992-08-18 00:00:00,Female,Pune,Maharashtra,Student,10-20L,Mass Affluent,2022-09-22 00:00:00,Completed,Medium
C000258,Aarav Sharma,2000-09-17 00:00:00,Female,Jaipur,Rajasthan,Self-Employed,<3L,Mass,2024-07-27 00:00:00,Completed,Low
C000259,Ishita Nair,1971-05-07 00:00:00,Female,Pune,Maharashtra,Salaried,6-10L,Mass,2024-06-09 00:00:00,Completed,Low
C000260,Aditya Nair,1974-07-04 00:00:00,Female,Pune,Maharashtra,Salaried,6-10L,Mass Affluent,2024-02-17 00:00:00,Completed,Low
C000261,Pooja Rao,1974-02-13 00:00:00,Male,Ahmedabad,Gujarat,Salaried,10-20L,Mass,2025-08-19 00:00:00,Completed,Low
C000262,Diya Joshi,1996-07-29 00:00:00,Male,Jaipur,Rajasthan,Business,3-6L,Mass,2023-03-15 00:00:00,Completed,Low
C000263,Neha Nair,1963-05-29 00:00:00,Male,Delhi,Delhi,Salaried,10-20L,Mass,2026-04-16 00:00:00,Completed,Low
C000264,Neha Gupta,1999-03-31 00:00:00,Male,Kolkata,West Bengal,Salaried,10-20L,Mass,2023-06-29 00:00:00,Pending,Low
C000265,Sai Rao,1993-12-13 00:00:00,Male,Bhubaneswar,Odisha,Retired,>20L,Affluent,2024-06-13 00:00:00,Completed,Low
C000266,Aarav Patil,1981-03-04 00:00:00,Male,Ahmedabad,Gujarat,Business,10-20L,Mass,2024-05-04 00:00:00,Completed,Medium
C000267,Pooja Gupta,1985-07-24 00:00:00,Female,Bengaluru,Karnataka,Student,<3L,Mass,2025-10-27 00:00:00,Pending,Low
C000268,Ananya Joshi,1999-03-05 00:00:00,Male,Chennai,Tamil Nadu,Salaried,>20L,Mass Affluent,2023-12-22 00:00:00,Completed,Medium
C000269,Nikhil Nair,1993-09-21 00:00:00,Female,Mumbai,Maharashtra,Retired,10-20L,Mass,2023-04-13 00:00:00,Completed,Low
C000270,Vivaan Mehta,1972-02-15 00:00:00,Female,Jaipur,Rajasthan,Salaried,3-6L,Mass Affluent,2022-02-05 00:00:00,Completed,Low
C000271,Ishita Patil,1962-03-17 00:00:00,Female,Bengaluru,Karnataka,Salaried,3-6L,Mass,2023-08-21 00:00:00,Completed,Low
C000272,Sneha Reddy,1988-11-03 00:00:00,Female,Bhubaneswar,Odisha,Student,>20L,Affluent,2025-09-18 00:00:00,Completed,Low
C000273,Sneha Rao,1966-05-21 00:00:00,Female,Mumbai,Maharashtra,Student,3-6L,Mass Affluent,2022-01-17 00:00:00,Completed,Low
C000274,Nikhil Mehta,1963-11-08 00:00:00,Male,Gurugram,Haryana,Self-Employed,10-20L,Mass Affluent,2026-01-11 00:00:00,Completed,Low
C000275,Rohan Nair,2003-01-11 00:00:00,Male,Mumbai,Maharashtra,Salaried,3-6L,Mass,2024-06-10 00:00:00,Completed,Low
C000276,Nikhil Iyer,1980-10-04 00:00:00,Female,Ahmedabad,Gujarat,Salaried,6-10L,Mass Affluent,2022-08-19 00:00:00,Completed,Low
C000277,Priya Nair,1988-07-05 00:00:00,Female,Delhi,Delhi,Business,<3L,Mass Affluent,2023-05-12 00:00:00,Pending,Low
C000278,Ananya Joshi,1969-07-09 00:00:00,Male,Kolkata,West Bengal,Student,6-10L,Mass,2024-06-28 00:00:00,Completed,Medium
C000279,Kiran Nair,1964-06-15 00:00:00,Male,Bengaluru,Karnataka,Salaried,6-10L,Mass,2023-06-03 00:00:00,Completed,Low
C000280,Meera Gupta,1962-10-01 00:00:00,Male,Gurugram,Haryana,Salaried,10-20L,Mass,2022-06-28 00:00:00,Completed,High
C000281,Meera Mehta,1975-07-10 00:00:00,Male,Jaipur,Rajasthan,Business,3-6L,Mass,2024-12-29 00:00:00,Completed,Low
C000282,Kiran Rao,1960-02-29 00:00:00,Female,Bhubaneswar,Odisha,Business,<3L,Mass,2025-01-08 00:00:00,Completed,Low
C000283,Ishita Singh,1978-05-26 00:00:00,Male,Mumbai,Maharashtra,Salaried,3-6L,Affluent,2022-07-15 00:00:00,Completed,Low
C000284,Sneha Patil,1974-03-24 00:00:00,Female,Delhi,Delhi,Self-Employed,<3L,HNI,2023-04-07 00:00:00,Completed,Medium
C000285,Kavya Gupta,1983-01-29 00:00:00,Female,Delhi,Delhi,Retired,>20L,Mass,2023-02-05 00:00:00,Completed,Low
C000286,Meera Kulkarni,1985-10-28 00:00:00,Female,Hyderabad,Telangana,Salaried,<3L,Affluent,2024-12-18 00:00:00,Completed,High
C000287,Rohan Mehta,1973-07-05 00:00:00,Male,Hyderabad,Telangana,Self-Employed,3-6L,Mass Affluent,2025-04-14 00:00:00,Completed,Medium
C000288,Aditya Reddy,1979-12-10 00:00:00,Male,Mysuru,Karnataka,Self-Employed,10-20L,Mass,2025-04-08 00:00:00,Completed,Low
C000289,Sai Gupta,1963-06-03 00:00:00,Male,Ahmedabad,Gujarat,Self-Employed,3-6L,Affluent,2026-03-22 00:00:00,Completed,Low
C000290,Neha Joshi,1973-03-21 00:00:00,Female,Mumbai,Maharashtra,Student,3-6L,Mass Affluent,2025-06-16 00:00:00,Completed,Low
C000291,Sai Joshi,2002-11-07 00:00:00,Female,Pune,Maharashtra,Self-Employed,6-10L,Mass Affluent,2023-06-11 00:00:00,Completed,Low
C000292,Diya Patil,2003-06-03 00:00:00,Male,Jaipur,Rajasthan,Self-Employed,3-6L,Mass,2022-06-26 00:00:00,Completed,Medium
C000293,Pooja Iyer,1981-04-12 00:00:00,Male,Kolkata,West Bengal,Salaried,10-20L,Mass,2024-10-06 00:00:00,Completed,Medium
C000294,Rohan Mehta,2001-02-26 00:00:00,Female,Delhi,Delhi,Business,6-10L,Affluent,2026-02-13 00:00:00,Completed,Low
C000295,Sneha Iyer,1981-12-16 00:00:00,Female,Jaipur,Rajasthan,Salaried,3-6L,Mass,2026-05-21 00:00:00,Pending,Low
C000296,Vivaan Gupta,1965-07-03 00:00:00,Female,Delhi,Delhi,Salaried,6-10L,Mass,2023-01-14 00:00:00,Pending,Low
C000297,Pooja Iyer,1998-01-07 00:00:00,Female,Hyderabad,Telangana,Self-Employed,10-20L,Mass,2023-01-24 00:00:00,Completed,Medium
C000298,Aarav Das,1978-03-08 00:00:00,Female,Mumbai,Maharashtra,Self-Employed,3-6L,Mass,2022-03-03 00:00:00,Completed,Low
C000299,Neha Nair,1986-10-29 00:00:00,Male,Mumbai,Maharashtra,Retired,10-20L,Mass,2022-08-20 00:00:00,Completed,Low
C000300,Aarav Kulkarni,1988-06-03 00:00:00,Male,Gurugram,Haryana,Business,3-6L,Affluent,2024-06-30 00:00:00,Completed,Low
C000301,Kavya Iyer,1973-06-29 00:00:00,Female,Hyderabad,Telangana,Student,6-10L,Mass,2024-06-16 00:00:00,Completed,Medium
C000302,Pooja Mehta,1992-02-17 00:00:00,Male,Ahmedabad,Gujarat,Salaried,10-20L,Affluent,2023-09-02 00:00:00,Completed,Low
C000303,Priya Das,1981-12-16 00:00:00,Female,Delhi,Delhi,Self-Employed,<3L,Mass Affluent,2023-05-24 00:00:00,Completed,Low
C000304,Ishita Nair,1976-01-18 00:00:00,Female,Jaipur,Rajasthan,Retired,6-10L,Mass,2025-09-24 00:00:00,Pending,High
C000305,Ishita Singh,1973-01-18 00:00:00,Male,Chennai,Tamil Nadu,Salaried,<3L,Mass,2024-01-26 00:00:00,Completed,Medium
C000306,Pooja Nair,1992-09-09 00:00:00,Male,Bengaluru,Karnataka,Business,6-10L,Mass,2025-08-20 00:00:00,Completed,Low
C000307,Aarav Iyer,1970-12-03 00:00:00,Male,Kolkata,West Bengal,Self-Employed,6-10L,Affluent,2026-05-01 00:00:00,Completed,Medium
C000308,Rohan Rao,1965-06-09 00:00:00,Female,Hyderabad,Telangana,Salaried,3-6L,Mass Affluent,2023-06-05 00:00:00,Completed,Low
C000309,Neha Joshi,1998-08-16 00:00:00,Female,Delhi,Delhi,Self-Employed,<3L,Mass,2022-11-29 00:00:00,Completed,Low
C000310,Ananya Nair,1974-07-15 00:00:00,Female,Gurugram,Haryana,Salaried,10-20L,Affluent,2026-04-14 00:00:00,Completed,Low
C000311,Sai Das,1988-01-30 00:00:00,Female,Pune,Maharashtra,Salaried,3-6L,Mass Affluent,2024-11-08 00:00:00,Completed,Low
C000312,Priya Sharma,1991-05-20 00:00:00,Female,Chennai,Tamil Nadu,Salaried,3-6L,Mass,2023-04-23 00:00:00,Completed,Medium
C000313,Neha Das,1996-09-21 00:00:00,Male,Hyderabad,Telangana,Salaried,<3L,Mass Affluent,2024-10-18 00:00:00,Completed,Low
C000314,Aarav Patil,1987-05-29 00:00:00,Male,Gurugram,Haryana,Salaried,6-10L,Mass Affluent,2024-04-25 00:00:00,Completed,Low
C000315,Pooja Reddy,1991-01-05 00:00:00,Female,Pune,Maharashtra,Student,3-6L,Mass Affluent,2026-01-26 00:00:00,Completed,Medium
C000316,Sneha Reddy,1996-09-03 00:00:00,Female,Delhi,Delhi,Salaried,10-20L,Mass,2023-02-25 00:00:00,Completed,Low
C000317,Vivaan Singh,2001-04-28 00:00:00,Female,Gurugram,Haryana,Student,6-10L,Mass,2026-06-16 00:00:00,Completed,Low
C000318,Neha Kulkarni,1962-01-19 00:00:00,Male,Gurugram,Haryana,Self-Employed,<3L,Mass,2026-03-17 00:00:00,Pending,Low
C000319,Diya Nair,1992-07-23 00:00:00,Male,Pune,Maharashtra,Salaried,6-10L,Mass,2022-10-24 00:00:00,Completed,Medium
C000320,Rohan Kulkarni,1967-08-22 00:00:00,Male,Hyderabad,Telangana,Salaried,3-6L,Mass,2022-09-28 00:00:00,Completed,Low
C000321,Neha Singh,1999-01-16 00:00:00,Male,Mumbai,Maharashtra,Retired,<3L,Mass Affluent,2024-05-25 00:00:00,Completed,High
C000322,Pooja Singh,1962-02-14 00:00:00,Female,Hyderabad,Telangana,Self-Employed,6-10L,Mass,2022-03-15 00:00:00,Completed,Medium
C000323,Aditya Nair,1970-10-23 00:00:00,Male,Mysuru,Karnataka,Retired,3-6L,Mass,2023-05-06 00:00:00,Pending,Medium
C000324,Aarav Joshi,1968-05-31 00:00:00,Male,Gurugram,Haryana,Salaried,10-20L,Mass Affluent,2023-12-16 00:00:00,Pending,Medium
C000325,Priya Sharma,1986-06-07 00:00:00,Female,Ahmedabad,Gujarat,Business,6-10L,Mass,2026-05-11 00:00:00,Completed,Low
C000326,Rahul Gupta,1960-03-09 00:00:00,Female,Ahmedabad,Gujarat,Business,3-6L,Mass,2026-06-18 00:00:00,Completed,Medium
C000327,Aditya Rao,1960-09-29 00:00:00,Male,Kolkata,West Bengal,Retired,>20L,Mass Affluent,2022-09-06 00:00:00,Completed,Low
C000328,Vivaan Sharma,1982-02-01 00:00:00,Female,Kolkata,West Bengal,Salaried,6-10L,Affluent,2026-01-04 00:00:00,Completed,Low
C000329,Ishita Gupta,2002-07-25 00:00:00,Female,Bengaluru,Karnataka,Retired,3-6L,Mass,2022-05-30 00:00:00,Completed,Low
C000330,Aarav Das,1983-02-22 00:00:00,Female,Delhi,Delhi,Salaried,6-10L,Affluent,2025-05-14 00:00:00,Completed,Medium
C000331,Sai Gupta,1979-07-14 00:00:00,Male,Chennai,Tamil Nadu,Student,>20L,Affluent,2025-10-20 00:00:00,Completed,Low
C000332,Sai Nair,1988-10-26 00:00:00,Female,Ahmedabad,Gujarat,Self-Employed,3-6L,Mass Affluent,2026-01-02 00:00:00,Completed,Medium
C000333,Arjun Das,1984-03-03 00:00:00,Female,Hyderabad,Telangana,Self-Employed,3-6L,HNI,2023-01-02 00:00:00,Pending,High
C000334,Diya Nair,1976-11-10 00:00:00,Female,Jaipur,Rajasthan,Salaried,6-10L,Mass,2026-01-07 00:00:00,Completed,Low
C000335,Meera Kulkarni,1985-10-12 00:00:00,Female,Pune,Maharashtra,Business,3-6L,Mass,2022-07-10 00:00:00,Completed,Low
C000336,Ananya Das,1960-02-21 00:00:00,Male,Mysuru,Karnataka,Salaried,3-6L,Affluent,2024-05-01 00:00:00,Completed,Low
C000337,Arjun Reddy,1970-09-16 00:00:00,Female,Mysuru,Karnataka,Self-Employed,6-10L,Mass,2024-02-10 00:00:00,Completed,Low
C000338,Kavya Patil,1989-07-09 00:00:00,Female,Hyderabad,Telangana,Self-Employed,10-20L,Mass,2023-06-03 00:00:00,Completed,Low
C000339,Aarav Singh,1974-12-17 00:00:00,Female,Chennai,Tamil Nadu,Business,10-20L,Mass,2022-02-06 00:00:00,Completed,Low
C000340,Neha Iyer,1962-05-18 00:00:00,Male,Pune,Maharashtra,Salaried,<3L,Mass,2025-06-21 00:00:00,Completed,Low
C000341,Diya Patil,1965-06-14 00:00:00,Female,Ahmedabad,Gujarat,Business,3-6L,Mass,2023-07-06 00:00:00,Expired,Low
C000342,Ishita Patil,1997-12-10 00:00:00,Female,Kolkata,West Bengal,Self-Employed,<3L,Mass,2024-12-22 00:00:00,Completed,Low
C000343,Kavya Rao,1974-06-09 00:00:00,Female,Delhi,Delhi,Self-Employed,3-6L,HNI,2023-11-05 00:00:00,Completed,Low
C000344,Arjun Das,1960-12-28 00:00:00,Male,Mumbai,Maharashtra,Business,6-10L,Mass,2023-09-06 00:00:00,Completed,Low
C000345,Vivaan Kulkarni,1991-12-04 00:00:00,Male,Kolkata,West Bengal,Business,3-6L,Mass Affluent,2025-12-26 00:00:00,Completed,Medium
C000346,Priya Iyer,1983-03-28 00:00:00,Female,Kolkata,West Bengal,Business,10-20L,Mass,2022-06-05 00:00:00,Completed,Low
C000347,Rahul Patil,1979-10-10 00:00:00,Female,Mumbai,Maharashtra,Self-Employed,6-10L,Mass,2025-04-24 00:00:00,Completed,Low
C000348,Nikhil Rao,1999-03-15 00:00:00,Male,Pune,Maharashtra,Salaried,6-10L,Affluent,2025-05-11 00:00:00,Completed,Low
C000349,Rohan Sharma,1973-09-28 00:00:00,Male,Gurugram,Haryana,Business,10-20L,Mass,2023-09-16 00:00:00,Completed,Medium
C000350,Pooja Nair,1985-01-28 00:00:00,Male,Hyderabad,Telangana,Salaried,6-10L,Mass,2023-03-07 00:00:00,Completed,Medium
C000351,Arjun Iyer,1992-08-18 00:00:00,Male,Mysuru,Karnataka,Salaried,10-20L,Mass Affluent,2022-01-09 00:00:00,Completed,Low
C000352,Rahul Rao,1986-08-26 00:00:00,Male,Bhubaneswar,Odisha,Business,10-20L,Mass,2026-03-19 00:00:00,Pending,Low
C000353,Sneha Joshi,1969-02-09 00:00:00,Male,Delhi,Delhi,Salaried,6-10L,Mass,2026-04-06 00:00:00,Completed,Medium
C000354,Sai Iyer,1989-11-09 00:00:00,Male,Delhi,Delhi,Self-Employed,3-6L,Affluent,2023-01-31 00:00:00,Completed,Medium
C000355,Ananya Joshi,1992-07-25 00:00:00,Female,Bengaluru,Karnataka,Retired,3-6L,Mass,2022-02-22 00:00:00,Pending,Low
C000356,Nikhil Rao,1965-05-12 00:00:00,Male,Jaipur,Rajasthan,Salaried,10-20L,Mass Affluent,2022-07-21 00:00:00,Completed,Medium
C000357,Meera Das,1967-04-01 00:00:00,Female,Mumbai,Maharashtra,Salaried,<3L,Mass,2022-04-22 00:00:00,Completed,Low
C000358,Priya Nair,1989-07-25 00:00:00,Male,Bhubaneswar,Odisha,Salaried,>20L,Mass,2025-09-26 00:00:00,Completed,Low
C000359,Sneha Iyer,1965-03-18 00:00:00,Male,Gurugram,Haryana,Salaried,3-6L,Mass,2026-01-04 00:00:00,Completed,Medium
C000360,Meera Kulkarni,1998-07-25 00:00:00,Male,Jaipur,Rajasthan,Business,10-20L,Mass Affluent,2022-09-09 00:00:00,Completed,Low
C000361,Ishita Patil,1964-10-19 00:00:00,Male,Mumbai,Maharashtra,Business,3-6L,Mass,2025-05-11 00:00:00,Completed,Low
C000362,Meera Nair,2002-09-04 00:00:00,Female,Mysuru,Karnataka,Self-Employed,>20L,Affluent,2022-10-22 00:00:00,Completed,Low
C000363,Ishita Nair,1989-06-01 00:00:00,Male,Ahmedabad,Gujarat,Salaried,<3L,Mass Affluent,2023-08-26 00:00:00,Expired,Medium
C000364,Neha Kulkarni,1979-05-29 00:00:00,Male,Ahmedabad,Gujarat,Self-Employed,3-6L,Mass Affluent,2024-09-11 00:00:00,Completed,Low
C000365,Aarav Nair,1971-10-04 00:00:00,Female,Hyderabad,Telangana,Salaried,10-20L,Mass,2025-03-28 00:00:00,Completed,Medium
C000366,Rohan Reddy,1975-02-03 00:00:00,Female,Bengaluru,Karnataka,Business,3-6L,Mass Affluent,2025-12-07 00:00:00,Expired,Low
C000367,Kiran Gupta,1992-10-15 00:00:00,Male,Bhubaneswar,Odisha,Self-Employed,3-6L,Mass Affluent,2022-03-15 00:00:00,Completed,Medium
C000368,Rahul Singh,1992-12-30 00:00:00,Male,Delhi,Delhi,Salaried,10-20L,Mass,2022-11-19 00:00:00,Completed,Medium
C000369,Rohan Singh,1969-02-20 00:00:00,Male,Bhubaneswar,Odisha,Business,10-20L,Affluent,2023-04-06 00:00:00,Completed,Medium
C000370,Meera Mehta,1983-10-12 00:00:00,Female,Jaipur,Rajasthan,Business,<3L,Mass,2023-05-25 00:00:00,Completed,Medium
C000371,Aarav Mehta,2003-06-30 00:00:00,Female,Jaipur,Rajasthan,Salaried,6-10L,Affluent,2026-06-27 00:00:00,Completed,High
C000372,Diya Patil,1971-04-09 00:00:00,Male,Kolkata,West Bengal,Self-Employed,3-6L,Affluent,2025-06-30 00:00:00,Completed,Medium
C000373,Ishita Joshi,1990-05-17 00:00:00,Male,Kolkata,West Bengal,Self-Employed,3-6L,Mass,2023-06-11 00:00:00,Completed,Low
C000374,Pooja Nair,1967-07-17 00:00:00,Female,Hyderabad,Telangana,Salaried,6-10L,Mass,2026-05-15 00:00:00,Completed,Low
C000375,Priya Gupta,1996-07-15 00:00:00,Female,Bengaluru,Karnataka,Salaried,<3L,Mass,2024-03-30 00:00:00,Completed,Low
C000376,Kiran Rao,1967-06-16 00:00:00,Female,Delhi,Delhi,Business,6-10L,Mass,2024-04-02 00:00:00,Completed,Low
C000377,Kiran Nair,1973-01-13 00:00:00,Female,Kolkata,West Bengal,Retired,3-6L,Mass Affluent,2023-12-14 00:00:00,Completed,Low
C000378,Aarav Patil,1980-02-11 00:00:00,Female,Ahmedabad,Gujarat,Self-Employed,10-20L,Mass,2022-08-25 00:00:00,Completed,Low
C000379,Kavya Gupta,1976-03-27 00:00:00,Male,Hyderabad,Telangana,Self-Employed,6-10L,Mass Affluent,2026-03-15 00:00:00,Completed,High
C000380,Neha Joshi,1967-06-14 00:00:00,Male,Kolkata,West Bengal,Self-Employed,3-6L,Affluent,2022-01-23 00:00:00,Completed,Low
C000381,Ishita Singh,1988-01-29 00:00:00,Female,Bengaluru,Karnataka,Salaried,10-20L,HNI,2022-10-14 00:00:00,Completed,Low
C000382,Rahul Nair,1960-11-11 00:00:00,Female,Gurugram,Haryana,Salaried,10-20L,Mass,2023-01-13 00:00:00,Completed,Low
C000383,Priya Mehta,2003-01-31 00:00:00,Male,Hyderabad,Telangana,Salaried,3-6L,HNI,2023-04-04 00:00:00,Completed,Low
C000384,Rahul Iyer,1962-04-13 00:00:00,Male,Jaipur,Rajasthan,Student,>20L,Mass,2022-08-05 00:00:00,Completed,Low
C000385,Priya Kulkarni,1974-08-16 00:00:00,Female,Pune,Maharashtra,Business,3-6L,Mass,2022-01-30 00:00:00,Completed,Low
C000386,Rahul Joshi,2000-09-25 00:00:00,Male,Mumbai,Maharashtra,Retired,3-6L,Mass,2025-01-17 00:00:00,Completed,Low
C000387,Sneha Singh,1966-10-17 00:00:00,Female,Delhi,Delhi,Salaried,3-6L,Mass Affluent,2026-05-11 00:00:00,Completed,Medium
C000388,Kavya Singh,1963-03-13 00:00:00,Male,Mumbai,Maharashtra,Self-Employed,3-6L,Mass,2022-07-20 00:00:00,Completed,Low
C000389,Ishita Patil,1992-08-02 00:00:00,Male,Hyderabad,Telangana,Self-Employed,6-10L,Mass,2023-05-02 00:00:00,Completed,Medium
C000390,Diya Kulkarni,1963-03-16 00:00:00,Female,Chennai,Tamil Nadu,Salaried,6-10L,Mass,2024-04-11 00:00:00,Completed,Medium
C000391,Arjun Joshi,1999-05-29 00:00:00,Male,Ahmedabad,Gujarat,Salaried,10-20L,Affluent,2026-03-03 00:00:00,Completed,Low
C000392,Priya Joshi,1979-10-07 00:00:00,Male,Bhubaneswar,Odisha,Business,3-6L,Mass Affluent,2025-02-13 00:00:00,Completed,Low
C000393,Ananya Gupta,1998-01-30 00:00:00,Male,Bengaluru,Karnataka,Business,3-6L,Mass Affluent,2025-06-12 00:00:00,Pending,Medium
C000394,Diya Joshi,1970-09-26 00:00:00,Female,Mumbai,Maharashtra,Self-Employed,3-6L,Mass Affluent,2024-08-12 00:00:00,Completed,Medium
C000395,Kiran Singh,1966-03-08 00:00:00,Female,Pune,Maharashtra,Salaried,<3L,Mass,2023-11-16 00:00:00,Pending,Low
C000396,Nikhil Das,2002-03-04 00:00:00,Male,Mumbai,Maharashtra,Self-Employed,>20L,Mass,2022-11-25 00:00:00,Completed,Low
C000397,Kavya Patil,1993-05-21 00:00:00,Male,Ahmedabad,Gujarat,Salaried,6-10L,Mass,2025-11-20 00:00:00,Pending,Low
C000398,Diya Singh,1999-11-27 00:00:00,Male,Mysuru,Karnataka,Salaried,10-20L,Mass,2025-08-13 00:00:00,Completed,Low
C000399,Ishita Kulkarni,1974-01-05 00:00:00,Male,Bengaluru,Karnataka,Self-Employed,10-20L,Affluent,2022-02-11 00:00:00,Completed,Low
C000400,Ananya Singh,1977-09-23 00:00:00,Male,Jaipur,Rajasthan,Salaried,3-6L,Mass,2025-03-20 00:00:00,Completed,Medium
C000401,Aarav Joshi,1985-04-14 00:00:00,Female,Bhubaneswar,Odisha,Retired,<3L,Mass Affluent,2022-05-19 00:00:00,Completed,Low
C000402,Priya Reddy,1979-08-28 00:00:00,Male,Mumbai,Maharashtra,Salaried,3-6L,Mass Affluent,2025-04-28 00:00:00,Completed,Low
C000403,Meera Sharma,1970-08-18 00:00:00,Male,Pune,Maharashtra,Salaried,10-20L,Affluent,2025-09-18 00:00:00,Completed,Low
C000404,Vivaan Mehta,1976-06-06 00:00:00,Female,Hyderabad,Telangana,Salaried,3-6L,Mass,2022-08-04 00:00:00,Completed,Low
C000405,Kavya Joshi,1986-09-01 00:00:00,Male,Hyderabad,Telangana,Business,<3L,Affluent,2023-12-14 00:00:00,Completed,Low
C000406,Sai Rao,1961-08-28 00:00:00,Female,Bhubaneswar,Odisha,Salaried,6-10L,Mass Affluent,2022-07-23 00:00:00,Completed,Low
C000407,Kiran Patil,1974-09-19 00:00:00,Female,Delhi,Delhi,Salaried,3-6L,Mass,2024-07-20 00:00:00,Completed,Medium
C000408,Aarav Das,1972-10-29 00:00:00,Female,Bengaluru,Karnataka,Salaried,6-10L,Mass Affluent,2026-03-04 00:00:00,Completed,Medium
C000409,Kavya Nair,1963-01-30 00:00:00,Male,Gurugram,Haryana,Salaried,<3L,Mass,2022-05-13 00:00:00,Completed,Low
C000410,Kiran Nair,1965-05-16 00:00:00,Male,Hyderabad,Telangana,Self-Employed,6-10L,Mass Affluent,2023-10-15 00:00:00,Completed,Low
C000411,Rohan Reddy,1981-09-17 00:00:00,Male,Hyderabad,Telangana,Self-Employed,3-6L,Mass Affluent,2026-05-17 00:00:00,Completed,Low
C000412,Vivaan Singh,1964-06-25 00:00:00,Male,Hyderabad,Telangana,Salaried,10-20L,Mass Affluent,2023-05-10 00:00:00,Completed,Medium
C000413,Kiran Patil,1975-02-09 00:00:00,Female,Bhubaneswar,Odisha,Business,6-10L,Affluent,2022-08-06 00:00:00,Completed,Low
C000414,Aditya Iyer,1984-07-26 00:00:00,Female,Ahmedabad,Gujarat,Salaried,<3L,Mass Affluent,2024-03-13 00:00:00,Completed,Medium
C000415,Kiran Patil,1998-04-12 00:00:00,Male,Pune,Maharashtra,Self-Employed,10-20L,Mass,2024-04-14 00:00:00,Completed,Low
C000416,Vivaan Reddy,1964-04-29 00:00:00,Male,Delhi,Delhi,Salaried,10-20L,Mass,2024-12-24 00:00:00,Completed,Low
C000417,Sai Das,1979-01-15 00:00:00,Female,Kolkata,West Bengal,Self-Employed,6-10L,Affluent,2023-05-31 00:00:00,Completed,Low
C000418,Kavya Patil,1964-07-04 00:00:00,Male,Delhi,Delhi,Salaried,10-20L,Mass Affluent,2026-04-19 00:00:00,Completed,Low
C000419,Ishita Patil,1978-10-10 00:00:00,Female,Gurugram,Haryana,Self-Employed,10-20L,Affluent,2024-05-05 00:00:00,Completed,Low
C000420,Priya Iyer,1981-01-18 00:00:00,Female,Mumbai,Maharashtra,Salaried,3-6L,Mass,2023-04-16 00:00:00,Completed,Low
C000421,Ishita Mehta,1995-01-05 00:00:00,Female,Pune,Maharashtra,Retired,3-6L,Mass,2026-04-26 00:00:00,Pending,Low
C000422,Neha Nair,1979-05-17 00:00:00,Male,Kolkata,West Bengal,Salaried,3-6L,Affluent,2026-02-27 00:00:00,Completed,High
C000423,Sneha Singh,2000-12-24 00:00:00,Female,Jaipur,Rajasthan,Retired,6-10L,Mass Affluent,2024-03-30 00:00:00,Completed,Low
C000424,Pooja Singh,1966-01-11 00:00:00,Male,Ahmedabad,Gujarat,Retired,>20L,Mass,2022-02-10 00:00:00,Completed,Medium
C000425,Vivaan Das,1962-04-30 00:00:00,Male,Pune,Maharashtra,Salaried,6-10L,Mass,2024-09-07 00:00:00,Completed,High
C000426,Arjun Gupta,1960-03-12 00:00:00,Male,Mysuru,Karnataka,Salaried,3-6L,Affluent,2024-06-30 00:00:00,Completed,Low
C000427,Diya Singh,1975-08-17 00:00:00,Female,Mysuru,Karnataka,Salaried,>20L,Mass Affluent,2022-09-01 00:00:00,Completed,Low
C000428,Aditya Reddy,1968-06-14 00:00:00,Female,Delhi,Delhi,Retired,6-10L,Mass,2024-11-06 00:00:00,Completed,Low
C000429,Ishita Reddy,1964-01-05 00:00:00,Male,Hyderabad,Telangana,Self-Employed,3-6L,Mass,2025-10-12 00:00:00,Completed,Medium
C000430,Priya Patil,1970-05-02 00:00:00,Male,Jaipur,Rajasthan,Self-Employed,10-20L,Mass,2022-06-23 00:00:00,Completed,Medium
C000431,Ananya Sharma,2002-09-16 00:00:00,Female,Jaipur,Rajasthan,Salaried,3-6L,Mass,2025-04-02 00:00:00,Completed,High
C000432,Pooja Nair,1995-01-20 00:00:00,Female,Bengaluru,Karnataka,Student,6-10L,Mass,2022-08-19 00:00:00,Completed,Low
C000433,Kiran Singh,1960-10-24 00:00:00,Female,Kolkata,West Bengal,Salaried,6-10L,Mass,2025-05-14 00:00:00,Completed,Medium
C000434,Vivaan Gupta,2000-02-07 00:00:00,Male,Pune,Maharashtra,Salaried,10-20L,Affluent,2023-11-20 00:00:00,Completed,Low
C000435,Kavya Joshi,1968-12-28 00:00:00,Male,Mumbai,Maharashtra,Salaried,3-6L,Mass,2022-01-11 00:00:00,Completed,Low
C000436,Kavya Joshi,1977-10-13 00:00:00,Male,Hyderabad,Telangana,Salaried,3-6L,Mass Affluent,2026-05-06 00:00:00,Completed,Low
C000437,Sneha Patil,1974-05-09 00:00:00,Female,Bengaluru,Karnataka,Student,6-10L,Mass,2022-09-30 00:00:00,Completed,Low
C000438,Ishita Singh,1977-09-28 00:00:00,Male,Delhi,Delhi,Business,10-20L,Mass,2024-09-05 00:00:00,Completed,Low
C000439,Diya Iyer,1993-04-28 00:00:00,Male,Hyderabad,Telangana,Salaried,<3L,Mass,2022-10-25 00:00:00,Completed,Low
C000440,Arjun Mehta,1991-03-18 00:00:00,Female,Pune,Maharashtra,Salaried,3-6L,Mass,2026-03-13 00:00:00,Completed,High
C000441,Ishita Rao,1986-01-08 00:00:00,Female,Chennai,Tamil Nadu,Business,>20L,Mass Affluent,2025-04-27 00:00:00,Completed,Low
C000442,Sai Singh,1987-06-18 00:00:00,Male,Gurugram,Haryana,Self-Employed,10-20L,Affluent,2025-08-13 00:00:00,Completed,Medium
C000443,Sai Patil,1991-11-14 00:00:00,Female,Ahmedabad,Gujarat,Salaried,3-6L,Mass Affluent,2023-12-11 00:00:00,Completed,Low
C000444,Vivaan Reddy,1968-01-25 00:00:00,Female,Mumbai,Maharashtra,Salaried,3-6L,Mass Affluent,2024-02-07 00:00:00,Completed,Low
C000445,Kavya Das,1977-05-01 00:00:00,Male,Bengaluru,Karnataka,Self-Employed,6-10L,Affluent,2024-11-07 00:00:00,Expired,Low
C000446,Kavya Nair,1964-09-19 00:00:00,Male,Hyderabad,Telangana,Retired,6-10L,Mass Affluent,2025-07-12 00:00:00,Completed,Medium
C000447,Arjun Nair,1990-11-05 00:00:00,Male,Pune,Maharashtra,Business,6-10L,Mass Affluent,2025-10-22 00:00:00,Completed,Medium
C000448,Kavya Joshi,1979-03-03 00:00:00,Male,Kolkata,West Bengal,Salaried,10-20L,Mass Affluent,2022-01-30 00:00:00,Completed,Low
C000449,Neha Singh,1987-12-01 00:00:00,Male,Mysuru,Karnataka,Business,<3L,Mass,2024-12-25 00:00:00,Pending,Low
C000450,Nikhil Mehta,1984-09-28 00:00:00,Male,Hyderabad,Telangana,Salaried,10-20L,Mass,2022-06-29 00:00:00,Completed,Low
C000451,Kiran Nair,1971-12-27 00:00:00,Female,Bhubaneswar,Odisha,Student,<3L,Mass Affluent,2023-04-18 00:00:00,Completed,Low
C000452,Aditya Das,1966-01-28 00:00:00,Female,Mysuru,Karnataka,Salaried,10-20L,Mass Affluent,2025-09-23 00:00:00,Expired,Low
C000453,Vivaan Iyer,2002-08-15 00:00:00,Female,Pune,Maharashtra,Salaried,<3L,Mass,2023-02-16 00:00:00,Completed,Medium
C000454,Rohan Das,1972-11-05 00:00:00,Male,Jaipur,Rajasthan,Salaried,<3L,Affluent,2025-08-01 00:00:00,Completed,Low
C000455,Meera Sharma,1964-10-19 00:00:00,Female,Hyderabad,Telangana,Salaried,3-6L,Mass,2024-01-31 00:00:00,Completed,Low
C000456,Aditya Gupta,1973-05-27 00:00:00,Female,Mumbai,Maharashtra,Salaried,3-6L,Mass Affluent,2023-01-17 00:00:00,Completed,Low
C000457,Aarav Rao,1999-07-13 00:00:00,Female,Mumbai,Maharashtra,Self-Employed,3-6L,Affluent,2023-07-03 00:00:00,Completed,High
C000458,Meera Das,1971-06-12 00:00:00,Female,Ahmedabad,Gujarat,Business,6-10L,Mass,2024-05-21 00:00:00,Completed,Low
C000459,Vivaan Reddy,2003-03-24 00:00:00,Male,Jaipur,Rajasthan,Student,10-20L,Affluent,2025-06-10 00:00:00,Completed,Low
C000460,Kiran Mehta,1980-03-08 00:00:00,Female,Delhi,Delhi,Salaried,6-10L,Mass Affluent,2024-09-22 00:00:00,Pending,Medium
C000461,Sneha Singh,1997-10-02 00:00:00,Female,Gurugram,Haryana,Salaried,6-10L,Mass Affluent,2026-03-13 00:00:00,Completed,Low
C000462,Ananya Das,1988-08-10 00:00:00,Female,Ahmedabad,Gujarat,Self-Employed,3-6L,Affluent,2025-11-25 00:00:00,Completed,Low
C000463,Pooja Rao,1961-12-03 00:00:00,Male,Mumbai,Maharashtra,Salaried,10-20L,Mass Affluent,2025-05-22 00:00:00,Completed,Low
C000464,Kiran Patil,1982-04-25 00:00:00,Female,Mumbai,Maharashtra,Salaried,<3L,Mass,2024-09-17 00:00:00,Completed,Medium
C000465,Kiran Kulkarni,1978-04-06 00:00:00,Female,Ahmedabad,Gujarat,Student,3-6L,Mass Affluent,2023-04-21 00:00:00,Completed,Medium
C000466,Pooja Kulkarni,1968-10-28 00:00:00,Female,Mumbai,Maharashtra,Retired,<3L,Mass,2023-11-09 00:00:00,Completed,Low
C000467,Rohan Rao,1984-02-03 00:00:00,Male,Ahmedabad,Gujarat,Salaried,3-6L,Mass,2022-07-15 00:00:00,Completed,Low
C000468,Arjun Reddy,1964-07-05 00:00:00,Male,Gurugram,Haryana,Business,6-10L,Mass,2023-09-07 00:00:00,Completed,Low
C000469,Rohan Iyer,1990-08-03 00:00:00,Female,Bhubaneswar,Odisha,Self-Employed,<3L,Mass,2026-03-02 00:00:00,Completed,Low
C000470,Kiran Singh,1996-01-01 00:00:00,Female,Bengaluru,Karnataka,Salaried,<3L,Mass Affluent,2023-12-01 00:00:00,Completed,Low
C000471,Neha Mehta,1964-01-20 00:00:00,Male,Bhubaneswar,Odisha,Self-Employed,10-20L,Affluent,2022-07-06 00:00:00,Completed,Low
C000472,Vivaan Nair,1980-12-29 00:00:00,Female,Mumbai,Maharashtra,Salaried,<3L,HNI,2024-12-06 00:00:00,Completed,Low
C000473,Aditya Kulkarni,1988-09-11 00:00:00,Female,Bengaluru,Karnataka,Salaried,6-10L,Mass,2026-04-30 00:00:00,Completed,High
C000474,Meera Kulkarni,1962-09-21 00:00:00,Male,Kolkata,West Bengal,Retired,3-6L,Mass Affluent,2025-11-25 00:00:00,Completed,Low
C000475,Arjun Iyer,1977-01-20 00:00:00,Male,Hyderabad,Telangana,Self-Employed,10-20L,Mass Affluent,2023-03-27 00:00:00,Completed,Low
C000476,Nikhil Sharma,1971-04-22 00:00:00,Female,Jaipur,Rajasthan,Salaried,6-10L,Mass,2024-01-16 00:00:00,Completed,Low
C000477,Priya Nair,1961-09-20 00:00:00,Female,Mysuru,Karnataka,Salaried,<3L,Mass Affluent,2024-05-21 00:00:00,Completed,Medium
C000478,Pooja Sharma,1995-03-22 00:00:00,Female,Bengaluru,Karnataka,Retired,10-20L,Mass,2023-02-11 00:00:00,Expired,Medium
C000479,Diya Mehta,1979-06-24 00:00:00,Female,Hyderabad,Telangana,Salaried,3-6L,Affluent,2023-03-18 00:00:00,Completed,High
C000480,Rahul Das,1992-12-05 00:00:00,Male,Jaipur,Rajasthan,Student,3-6L,Mass,2023-01-24 00:00:00,Completed,Low
C000481,Kiran Rao,1985-09-19 00:00:00,Male,Delhi,Delhi,Student,6-10L,Affluent,2026-06-22 00:00:00,Completed,Low
C000482,Sneha Sharma,1998-05-14 00:00:00,Female,Ahmedabad,Gujarat,Salaried,6-10L,Affluent,2025-05-09 00:00:00,Completed,Low
C000483,Diya Singh,2003-09-04 00:00:00,Female,Jaipur,Rajasthan,Business,3-6L,Mass Affluent,2025-10-12 00:00:00,Expired,Medium
C000484,Priya Reddy,1986-05-17 00:00:00,Male,Jaipur,Rajasthan,Business,3-6L,Mass,2025-09-02 00:00:00,Completed,Low
C000485,Kavya Nair,1975-06-05 00:00:00,Female,Hyderabad,Telangana,Business,3-6L,Mass,2026-04-24 00:00:00,Completed,Low
C000486,Kiran Patil,1978-07-11 00:00:00,Male,Kolkata,West Bengal,Salaried,6-10L,HNI,2022-06-22 00:00:00,Expired,Low
C000487,Aarav Rao,1996-02-27 00:00:00,Male,Hyderabad,Telangana,Salaried,>20L,Mass,2025-12-18 00:00:00,Completed,Low
C000488,Ishita Joshi,1978-09-09 00:00:00,Male,Kolkata,West Bengal,Salaried,3-6L,Mass,2022-04-20 00:00:00,Completed,Medium
C000489,Ananya Singh,1982-10-07 00:00:00,Male,Hyderabad,Telangana,Self-Employed,>20L,HNI,2024-02-20 00:00:00,Completed,Low
C000490,Priya Sharma,1968-07-01 00:00:00,Female,Hyderabad,Telangana,Business,3-6L,Mass Affluent,2024-09-03 00:00:00,Completed,Low
C000491,Priya Iyer,2003-05-16 00:00:00,Female,Gurugram,Haryana,Business,10-20L,Mass Affluent,2023-08-11 00:00:00,Completed,Low
C000492,Aditya Gupta,1988-07-04 00:00:00,Male,Chennai,Tamil Nadu,Self-Employed,10-20L,Mass,2022-08-29 00:00:00,Completed,Low
C000493,Arjun Nair,1974-06-19 00:00:00,Female,Ahmedabad,Gujarat,Salaried,6-10L,Mass,2022-11-12 00:00:00,Pending,Low
C000494,Arjun Rao,1985-08-18 00:00:00,Female,Bhubaneswar,Odisha,Salaried,<3L,Affluent,2025-09-16 00:00:00,Completed,Medium
C000495,Sai Nair,1977-07-28 00:00:00,Female,Chennai,Tamil Nadu,Business,3-6L,Mass,2023-06-08 00:00:00,Completed,Medium
C000496,Kavya Mehta,1966-10-13 00:00:00,Male,Mysuru,Karnataka,Self-Employed,<3L,Mass,2023-05-25 00:00:00,Completed,Low
C000497,Meera Iyer,1998-04-26 00:00:00,Female,Chennai,Tamil Nadu,Business,6-10L,Mass,2026-02-25 00:00:00,Completed,Low
C000498,Kiran Nair,1998-10-18 00:00:00,Male,Pune,Maharashtra,Salaried,>20L,Mass Affluent,2022-08-25 00:00:00,Completed,Medium
C000499,Ishita Nair,1996-07-28 00:00:00,Male,Bengaluru,Karnataka,Salaried,3-6L,Mass,2026-02-11 00:00:00,Completed,Medium
C000500,Priya Reddy,1976-02-21 00:00:00,Female,Bengaluru,Karnataka,Retired,3-6L,Affluent,2026-02-21 00:00:00,Completed,Low
C000501,Neha Gupta,1971-03-26 00:00:00,Male,Chennai,Tamil Nadu,Salaried,3-6L,Mass,2024-09-09 00:00:00,Completed,Low
C000502,Nikhil Joshi,1962-03-06 00:00:00,Male,Bhubaneswar,Odisha,Salaried,6-10L,Mass,2022-09-29 00:00:00,Completed,Medium
C000503,Sai Patil,1992-01-17 00:00:00,Female,Hyderabad,Telangana,Self-Employed,6-10L,Affluent,2022-09-13 00:00:00,Expired,Medium
C000504,Meera Iyer,1974-05-13 00:00:00,Female,Gurugram,Haryana,Self-Employed,3-6L,Affluent,2023-04-13 00:00:00,Completed,Low
C000505,Rohan Mehta,1999-01-31 00:00:00,Male,Mysuru,Karnataka,Retired,10-20L,Mass Affluent,2024-08-06 00:00:00,Completed,Low
C000506,Meera Sharma,1998-02-07 00:00:00,Male,Kolkata,West Bengal,Student,<3L,Affluent,2022-09-10 00:00:00,Completed,Low
C000507,Kavya Joshi,1965-08-12 00:00:00,Male,Bengaluru,Karnataka,Business,6-10L,Mass,2024-01-19 00:00:00,Completed,Medium
C000508,Kavya Das,2000-03-02 00:00:00,Female,Jaipur,Rajasthan,Salaried,3-6L,Mass,2022-07-09 00:00:00,Completed,Low
C000509,Kiran Reddy,1966-02-22 00:00:00,Female,Ahmedabad,Gujarat,Self-Employed,<3L,Mass,2024-06-06 00:00:00,Completed,High
C000510,Sneha Mehta,1981-06-25 00:00:00,Female,Bhubaneswar,Odisha,Student,6-10L,Mass,2022-02-04 00:00:00,Completed,Low
C000511,Kiran Kulkarni,1980-10-04 00:00:00,Male,Pune,Maharashtra,Salaried,6-10L,Mass Affluent,2025-03-10 00:00:00,Completed,Low
C000512,Rohan Mehta,2001-11-22 00:00:00,Male,Mysuru,Karnataka,Retired,3-6L,Affluent,2022-04-01 00:00:00,Pending,Medium
C000513,Priya Iyer,1988-10-16 00:00:00,Male,Pune,Maharashtra,Self-Employed,10-20L,Mass,2022-11-16 00:00:00,Completed,Medium
C000514,Sneha Kulkarni,1998-05-04 00:00:00,Male,Ahmedabad,Gujarat,Salaried,6-10L,Mass,2022-10-14 00:00:00,Completed,Medium
C000515,Diya Joshi,1986-02-05 00:00:00,Female,Mumbai,Maharashtra,Self-Employed,3-6L,HNI,2025-09-26 00:00:00,Completed,Low
C000516,Ishita Das,1996-02-24 00:00:00,Male,Jaipur,Rajasthan,Business,>20L,Mass Affluent,2022-03-29 00:00:00,Completed,High
C000517,Neha Gupta,1997-04-29 00:00:00,Female,Mysuru,Karnataka,Salaried,>20L,Mass,2023-12-06 00:00:00,Completed,High
C000518,Pooja Sharma,1997-08-29 00:00:00,Female,Bengaluru,Karnataka,Salaried,<3L,Mass,2024-08-28 00:00:00,Completed,High
C000519,Rohan Joshi,1978-01-11 00:00:00,Male,Mumbai,Maharashtra,Business,>20L,Mass,2024-04-27 00:00:00,Completed,Low
C000520,Kiran Joshi,1976-09-23 00:00:00,Female,Ahmedabad,Gujarat,Salaried,10-20L,Mass,2025-01-22 00:00:00,Completed,Medium
C000521,Neha Iyer,2003-02-21 00:00:00,Female,Chennai,Tamil Nadu,Salaried,<3L,Mass,2025-08-11 00:00:00,Completed,Low
C000522,Sai Nair,1993-02-19 00:00:00,Male,Delhi,Delhi,Business,6-10L,Mass,2023-10-09 00:00:00,Completed,Low
C000523,Vivaan Reddy,2000-03-07 00:00:00,Male,Chennai,Tamil Nadu,Business,<3L,Mass,2025-09-21 00:00:00,Completed,Low
C000524,Nikhil Das,1985-04-16 00:00:00,Male,Chennai,Tamil Nadu,Self-Employed,6-10L,Mass,2023-06-07 00:00:00,Completed,Low
C000525,Rohan Patil,2000-09-11 00:00:00,Male,Hyderabad,Telangana,Retired,>20L,Mass,2026-06-05 00:00:00,Completed,High
C000526,Sneha Patil,1991-07-11 00:00:00,Female,Hyderabad,Telangana,Retired,3-6L,Mass,2024-04-08 00:00:00,Completed,Low
C000527,Nikhil Nair,1992-07-12 00:00:00,Female,Mysuru,Karnataka,Salaried,6-10L,Mass,2025-04-23 00:00:00,Completed,Low
C000528,Aarav Joshi,1967-10-15 00:00:00,Male,Pune,Maharashtra,Salaried,3-6L,Affluent,2025-12-07 00:00:00,Completed,Medium
C000529,Sai Iyer,1984-10-31 00:00:00,Female,Hyderabad,Telangana,Business,6-10L,Mass Affluent,2025-07-25 00:00:00,Completed,Low
C000530,Sai Patil,1992-01-15 00:00:00,Female,Mysuru,Karnataka,Salaried,10-20L,Mass,2025-10-29 00:00:00,Completed,Low
C000531,Kiran Singh,1993-05-02 00:00:00,Male,Gurugram,Haryana,Student,3-6L,Mass,2024-05-30 00:00:00,Completed,Low
C000532,Rohan Das,2001-12-12 00:00:00,Female,Mysuru,Karnataka,Self-Employed,6-10L,Mass Affluent,2022-03-13 00:00:00,Completed,Low
C000533,Neha Rao,1974-04-28 00:00:00,Male,Ahmedabad,Gujarat,Salaried,3-6L,Mass,2024-03-20 00:00:00,Completed,Low
C000534,Aditya Kulkarni,1973-04-04 00:00:00,Male,Mysuru,Karnataka,Self-Employed,10-20L,Mass Affluent,2022-10-26 00:00:00,Completed,Medium
C000535,Priya Iyer,2002-06-20 00:00:00,Male,Mysuru,Karnataka,Self-Employed,6-10L,HNI,2025-12-30 00:00:00,Completed,Low
C000536,Rohan Rao,2003-03-14 00:00:00,Female,Chennai,Tamil Nadu,Retired,6-10L,Mass,2023-01-24 00:00:00,Completed,Low
C000537,Kiran Mehta,1967-11-18 00:00:00,Female,Mumbai,Maharashtra,Salaried,3-6L,Mass,2023-01-10 00:00:00,Completed,Low
C000538,Vivaan Das,1976-07-29 00:00:00,Male,Delhi,Delhi,Retired,6-10L,Mass,2023-02-14 00:00:00,Completed,Medium
C000539,Aditya Gupta,2001-07-13 00:00:00,Male,Pune,Maharashtra,Salaried,6-10L,Mass Affluent,2024-11-21 00:00:00,Completed,Low
C000540,Kavya Gupta,1968-09-30 00:00:00,Male,Mumbai,Maharashtra,Business,6-10L,Mass,2024-07-26 00:00:00,Completed,Medium
C000541,Aditya Iyer,1994-04-22 00:00:00,Female,Ahmedabad,Gujarat,Retired,6-10L,Mass Affluent,2026-04-07 00:00:00,Completed,Low
C000542,Arjun Rao,1964-12-01 00:00:00,Female,Kolkata,West Bengal,Salaried,10-20L,Mass,2023-11-15 00:00:00,Completed,Low
C000543,Arjun Nair,1967-10-23 00:00:00,Male,Mumbai,Maharashtra,Salaried,3-6L,Mass Affluent,2023-04-09 00:00:00,Completed,Low
C000544,Ananya Joshi,1994-05-21 00:00:00,Female,Kolkata,West Bengal,Business,<3L,Mass Affluent,2022-03-22 00:00:00,Completed,Low
C000545,Kavya Sharma,1986-08-11 00:00:00,Female,Kolkata,West Bengal,Student,>20L,Mass,2022-01-12 00:00:00,Completed,Low
C000546,Vivaan Kulkarni,1984-04-21 00:00:00,Female,Hyderabad,Telangana,Salaried,<3L,HNI,2023-09-06 00:00:00,Completed,Low
C000547,Vivaan Singh,1997-07-10 00:00:00,Female,Hyderabad,Telangana,Self-Employed,10-20L,Mass Affluent,2026-03-01 00:00:00,Completed,Medium
C000548,Rahul Kulkarni,1973-06-15 00:00:00,Female,Bhubaneswar,Odisha,Business,6-10L,Mass,2024-05-10 00:00:00,Completed,Low
C000549,Pooja Reddy,1982-01-17 00:00:00,Female,Gurugram,Haryana,Salaried,10-20L,HNI,2026-01-07 00:00:00,Completed,Low
C000550,Ishita Mehta,1986-08-27 00:00:00,Male,Delhi,Delhi,Self-Employed,6-10L,Affluent,2022-06-16 00:00:00,Completed,Low
C000551,Pooja Das,1992-05-29 00:00:00,Male,Hyderabad,Telangana,Salaried,10-20L,Mass,2022-06-03 00:00:00,Completed,Low
C000552,Ananya Reddy,1974-07-19 00:00:00,Female,Jaipur,Rajasthan,Salaried,6-10L,Mass Affluent,2025-09-30 00:00:00,Completed,Medium
C000553,Ananya Patil,1987-10-04 00:00:00,Male,Kolkata,West Bengal,Student,6-10L,Mass Affluent,2022-06-25 00:00:00,Completed,High
C000554,Neha Das,1979-08-22 00:00:00,Female,Bengaluru,Karnataka,Salaried,3-6L,Mass Affluent,2022-03-27 00:00:00,Completed,Medium
C000555,Ishita Nair,1983-09-28 00:00:00,Female,Gurugram,Haryana,Retired,<3L,Affluent,2023-10-26 00:00:00,Completed,Low
C000556,Sai Gupta,1997-10-15 00:00:00,Male,Kolkata,West Bengal,Self-Employed,3-6L,Mass,2026-02-27 00:00:00,Completed,Medium
C000557,Sneha Rao,1977-03-30 00:00:00,Female,Mumbai,Maharashtra,Self-Employed,>20L,Mass,2025-02-05 00:00:00,Completed,Medium
C000558,Meera Nair,1989-04-08 00:00:00,Male,Bhubaneswar,Odisha,Salaried,3-6L,Mass,2022-06-12 00:00:00,Completed,Low
C000559,Meera Rao,2001-04-06 00:00:00,Female,Ahmedabad,Gujarat,Salaried,10-20L,Mass Affluent,2025-10-06 00:00:00,Completed,Low
C000560,Aarav Nair,1993-05-25 00:00:00,Female,Jaipur,Rajasthan,Business,6-10L,Mass,2025-10-17 00:00:00,Completed,Low
C000561,Kavya Rao,2003-04-24 00:00:00,Male,Bengaluru,Karnataka,Business,3-6L,Mass,2025-08-07 00:00:00,Completed,Medium
C000562,Priya Reddy,1985-07-23 00:00:00,Female,Hyderabad,Telangana,Business,>20L,Mass,2026-01-22 00:00:00,Completed,Low
C000563,Aditya Nair,1972-05-08 00:00:00,Male,Hyderabad,Telangana,Salaried,<3L,Mass Affluent,2023-01-29 00:00:00,Completed,Low
C000564,Rahul Das,2003-06-06 00:00:00,Male,Chennai,Tamil Nadu,Salaried,6-10L,Mass,2026-05-28 00:00:00,Pending,Low
C000565,Kavya Rao,1988-03-27 00:00:00,Female,Jaipur,Rajasthan,Salaried,6-10L,Mass,2023-06-11 00:00:00,Completed,Low
C000566,Pooja Joshi,1970-07-29 00:00:00,Female,Delhi,Delhi,Business,<3L,Mass,2025-08-09 00:00:00,Completed,Low
C000567,Meera Nair,1973-11-23 00:00:00,Male,Hyderabad,Telangana,Salaried,3-6L,Mass,2024-08-09 00:00:00,Completed,Low
C000568,Kavya Gupta,1971-06-28 00:00:00,Male,Kolkata,West Bengal,Self-Employed,6-10L,Mass,2025-07-03 00:00:00,Completed,Low
C000569,Neha Nair,1996-07-07 00:00:00,Male,Ahmedabad,Gujarat,Salaried,<3L,Mass,2024-10-27 00:00:00,Completed,Low
C000570,Arjun Gupta,1964-01-20 00:00:00,Male,Ahmedabad,Gujarat,Salaried,10-20L,Mass Affluent,2024-11-20 00:00:00,Completed,High
C000571,Neha Das,1992-05-30 00:00:00,Female,Delhi,Delhi,Business,6-10L,Mass,2024-10-08 00:00:00,Pending,Low
C000572,Rahul Das,1984-04-08 00:00:00,Male,Bhubaneswar,Odisha,Self-Employed,<3L,Mass,2025-07-03 00:00:00,Completed,Low
C000573,Kavya Joshi,1963-03-21 00:00:00,Female,Bengaluru,Karnataka,Retired,3-6L,Mass Affluent,2025-04-28 00:00:00,Completed,Low
C000574,Kavya Sharma,1986-11-13 00:00:00,Female,Gurugram,Haryana,Salaried,<3L,Mass,2022-08-09 00:00:00,Completed,Low
C000575,Neha Singh,1992-12-28 00:00:00,Female,Chennai,Tamil Nadu,Self-Employed,10-20L,Mass,2025-09-18 00:00:00,Completed,Medium
C000576,Aarav Das,1991-10-20 00:00:00,Male,Bengaluru,Karnataka,Salaried,6-10L,Mass,2024-05-30 00:00:00,Completed,High
C000577,Vivaan Das,1983-02-25 00:00:00,Female,Gurugram,Haryana,Business,<3L,Mass,2023-06-15 00:00:00,Completed,Low
C000578,Kiran Singh,1974-09-11 00:00:00,Male,Chennai,Tamil Nadu,Self-Employed,6-10L,Mass,2024-04-24 00:00:00,Completed,Low
C000579,Ishita Das,1967-03-06 00:00:00,Male,Chennai,Tamil Nadu,Salaried,6-10L,HNI,2026-05-07 00:00:00,Completed,Low
C000580,Rahul Gupta,1960-07-15 00:00:00,Male,Mysuru,Karnataka,Business,6-10L,Mass,2025-11-09 00:00:00,Completed,Low
C000581,Diya Das,1975-10-01 00:00:00,Female,Pune,Maharashtra,Salaried,<3L,Mass Affluent,2025-09-30 00:00:00,Completed,Low
C000582,Meera Rao,1987-09-11 00:00:00,Female,Mumbai,Maharashtra,Salaried,<3L,Affluent,2024-01-30 00:00:00,Completed,Low
C000583,Sai Rao,1961-08-25 00:00:00,Female,Chennai,Tamil Nadu,Salaried,3-6L,Mass,2025-07-11 00:00:00,Completed,Low
C000584,Arjun Rao,2003-10-01 00:00:00,Female,Pune,Maharashtra,Salaried,6-10L,Mass Affluent,2023-09-25 00:00:00,Completed,Low
C000585,Vivaan Singh,1985-09-01 00:00:00,Female,Hyderabad,Telangana,Student,6-10L,Mass,2025-01-31 00:00:00,Completed,Medium
C000586,Sneha Sharma,1972-11-25 00:00:00,Male,Kolkata,West Bengal,Business,3-6L,Mass Affluent,2024-11-16 00:00:00,Completed,Low
C000587,Rahul Joshi,2002-02-22 00:00:00,Male,Ahmedabad,Gujarat,Business,3-6L,Affluent,2023-02-15 00:00:00,Completed,Medium
C000588,Sai Patil,1968-01-21 00:00:00,Female,Mumbai,Maharashtra,Student,6-10L,Mass,2023-03-14 00:00:00,Completed,Medium
C000589,Kavya Kulkarni,2001-12-12 00:00:00,Female,Jaipur,Rajasthan,Business,<3L,Affluent,2022-04-11 00:00:00,Completed,Low
C000590,Pooja Reddy,1972-05-05 00:00:00,Male,Mysuru,Karnataka,Salaried,6-10L,Mass,2022-08-18 00:00:00,Completed,Medium
C000591,Diya Reddy,1976-08-19 00:00:00,Female,Bengaluru,Karnataka,Salaried,3-6L,Mass Affluent,2023-12-14 00:00:00,Completed,Low
C000592,Priya Kulkarni,1978-08-20 00:00:00,Male,Bengaluru,Karnataka,Salaried,3-6L,Mass,2024-02-24 00:00:00,Completed,Low
C000593,Nikhil Mehta,2003-07-31 00:00:00,Female,Mumbai,Maharashtra,Retired,6-10L,Mass,2022-09-29 00:00:00,Expired,Low
C000594,Meera Reddy,1970-12-28 00:00:00,Female,Jaipur,Rajasthan,Retired,3-6L,Mass,2023-11-16 00:00:00,Expired,Low
C000595,Meera Nair,2002-08-13 00:00:00,Female,Mumbai,Maharashtra,Business,6-10L,Affluent,2024-09-19 00:00:00,Completed,Low
C000596,Kavya Joshi,1975-03-14 00:00:00,Female,Kolkata,West Bengal,Salaried,<3L,Mass Affluent,2023-01-17 00:00:00,Completed,Low
C000597,Rohan Patil,1972-06-28 00:00:00,Female,Gurugram,Haryana,Salaried,3-6L,Affluent,2023-07-10 00:00:00,Completed,Medium
C000598,Sneha Patil,1987-12-16 00:00:00,Male,Bengaluru,Karnataka,Student,6-10L,Mass,2023-08-27 00:00:00,Completed,Medium
C000599,Sai Gupta,1990-05-22 00:00:00,Female,Gurugram,Haryana,Salaried,<3L,Mass,2024-04-09 00:00:00,Completed,Low
C000600,Neha Mehta,1975-02-11 00:00:00,Female,Bengaluru,Karnataka,Self-Employed,6-10L,Mass,2023-08-25 00:00:00,Pending,Low
C000601,Rahul Patil,1965-11-15 00:00:00,Female,Gurugram,Haryana,Salaried,10-20L,Mass,2025-04-25 00:00:00,Expired,Low
C000602,Neha Sharma,1977-05-07 00:00:00,Male,Hyderabad,Telangana,Salaried,>20L,Mass,2023-06-22 00:00:00,Completed,High
C000603,Meera Mehta,1983-09-03 00:00:00,Male,Hyderabad,Telangana,Business,3-6L,Affluent,2023-12-14 00:00:00,Expired,Low
C000604,Arjun Nair,1961-10-02 00:00:00,Female,Pune,Maharashtra,Retired,3-6L,Affluent,2023-09-16 00:00:00,Completed,Medium
C000605,Rahul Rao,1963-06-12 00:00:00,Male,Ahmedabad,Gujarat,Business,3-6L,Mass,2022-10-28 00:00:00,Completed,Low
C000606,Meera Das,2000-03-18 00:00:00,Female,Chennai,Tamil Nadu,Self-Employed,10-20L,Mass,2025-01-30 00:00:00,Completed,Low
C000607,Neha Rao,1961-07-27 00:00:00,Male,Pune,Maharashtra,Salaried,3-6L,Mass Affluent,2023-01-22 00:00:00,Completed,Low
C000608,Rahul Patil,1977-10-28 00:00:00,Female,Gurugram,Haryana,Student,3-6L,Mass Affluent,2023-05-03 00:00:00,Completed,Low
C000609,Ishita Nair,1993-06-18 00:00:00,Female,Mysuru,Karnataka,Self-Employed,10-20L,Mass Affluent,2025-07-25 00:00:00,Completed,Low
C000610,Aarav Das,1974-05-17 00:00:00,Male,Bhubaneswar,Odisha,Self-Employed,<3L,Mass,2026-04-08 00:00:00,Completed,Medium
C000611,Priya Kulkarni,1981-09-03 00:00:00,Female,Ahmedabad,Gujarat,Business,6-10L,Mass,2025-01-06 00:00:00,Completed,Low
C000612,Ishita Rao,1963-10-15 00:00:00,Female,Pune,Maharashtra,Salaried,6-10L,Mass,2026-02-13 00:00:00,Completed,Low
C000613,Aditya Rao,1994-10-20 00:00:00,Female,Kolkata,West Bengal,Salaried,6-10L,HNI,2025-11-03 00:00:00,Completed,Low
C000614,Sneha Joshi,1987-10-12 00:00:00,Female,Kolkata,West Bengal,Student,10-20L,Mass Affluent,2024-02-29 00:00:00,Completed,Low
C000615,Kavya Rao,1997-04-22 00:00:00,Female,Chennai,Tamil Nadu,Self-Employed,3-6L,Affluent,2025-06-18 00:00:00,Completed,Low
C000616,Pooja Patil,1997-11-03 00:00:00,Male,Bengaluru,Karnataka,Salaried,6-10L,Mass,2023-06-24 00:00:00,Completed,Medium
C000617,Sai Sharma,1975-05-14 00:00:00,Male,Jaipur,Rajasthan,Salaried,6-10L,Mass,2024-01-27 00:00:00,Completed,High
C000618,Vivaan Singh,1961-10-20 00:00:00,Male,Bhubaneswar,Odisha,Retired,<3L,Mass,2024-05-29 00:00:00,Completed,Low
C000619,Kiran Patil,1975-03-04 00:00:00,Female,Bhubaneswar,Odisha,Self-Employed,10-20L,Affluent,2026-04-27 00:00:00,Completed,Low
C000620,Arjun Gupta,1966-05-13 00:00:00,Female,Bhubaneswar,Odisha,Self-Employed,10-20L,Mass,2025-10-25 00:00:00,Completed,Low
C000621,Priya Reddy,1983-05-12 00:00:00,Female,Bhubaneswar,Odisha,Salaried,10-20L,Mass Affluent,2024-03-14 00:00:00,Completed,Low
C000622,Neha Nair,1966-05-31 00:00:00,Male,Kolkata,West Bengal,Retired,6-10L,Mass,2024-12-07 00:00:00,Completed,Low
C000623,Rahul Rao,2000-05-20 00:00:00,Female,Bengaluru,Karnataka,Student,3-6L,Mass,2022-11-29 00:00:00,Completed,Low
C000624,Priya Iyer,1986-05-20 00:00:00,Female,Gurugram,Haryana,Self-Employed,3-6L,Mass,2025-08-13 00:00:00,Completed,Low
C000625,Sai Iyer,1971-01-31 00:00:00,Male,Mumbai,Maharashtra,Salaried,3-6L,Mass,2024-06-27 00:00:00,Completed,High
C000626,Arjun Nair,2000-05-09 00:00:00,Male,Mumbai,Maharashtra,Business,<3L,Affluent,2024-05-24 00:00:00,Completed,Medium
C000627,Pooja Singh,1993-09-19 00:00:00,Male,Ahmedabad,Gujarat,Student,3-6L,HNI,2025-06-12 00:00:00,Completed,Low
C000628,Vivaan Joshi,1979-03-06 00:00:00,Female,Ahmedabad,Gujarat,Business,3-6L,Mass Affluent,2024-11-05 00:00:00,Completed,High
C000629,Rahul Gupta,1966-06-02 00:00:00,Female,Hyderabad,Telangana,Retired,<3L,Mass,2022-04-29 00:00:00,Completed,Medium
C000630,Sneha Nair,1975-01-22 00:00:00,Male,Kolkata,West Bengal,Self-Employed,10-20L,Mass Affluent,2023-04-19 00:00:00,Completed,Low
C000631,Ishita Kulkarni,1985-08-01 00:00:00,Male,Mysuru,Karnataka,Salaried,<3L,Mass,2022-10-18 00:00:00,Completed,Medium
C000632,Arjun Rao,1993-07-19 00:00:00,Female,Mumbai,Maharashtra,Self-Employed,6-10L,Mass Affluent,2025-04-21 00:00:00,Completed,High
C000633,Rahul Mehta,1971-06-22 00:00:00,Male,Jaipur,Rajasthan,Business,10-20L,Mass Affluent,2022-02-27 00:00:00,Completed,Low
C000634,Rahul Sharma,1992-07-12 00:00:00,Female,Gurugram,Haryana,Salaried,6-10L,Mass,2022-11-29 00:00:00,Completed,Medium
C000635,Neha Singh,1972-05-22 00:00:00,Male,Hyderabad,Telangana,Salaried,3-6L,Mass,2024-09-08 00:00:00,Completed,Low
C000636,Diya Patil,1970-10-23 00:00:00,Male,Gurugram,Haryana,Business,6-10L,Mass,2025-02-14 00:00:00,Completed,Low
C000637,Sneha Patil,1979-08-01 00:00:00,Male,Mumbai,Maharashtra,Salaried,10-20L,Mass,2024-04-06 00:00:00,Completed,Medium
C000638,Diya Rao,1967-01-17 00:00:00,Female,Ahmedabad,Gujarat,Business,10-20L,Affluent,2025-11-14 00:00:00,Completed,Low
C000639,Aarav Sharma,1977-09-22 00:00:00,Male,Ahmedabad,Gujarat,Salaried,3-6L,Mass Affluent,2026-02-17 00:00:00,Completed,Low
C000640,Rohan Gupta,1975-09-03 00:00:00,Female,Kolkata,West Bengal,Salaried,<3L,Mass,2022-08-05 00:00:00,Completed,Low
C000641,Sai Das,1972-04-07 00:00:00,Male,Delhi,Delhi,Salaried,6-10L,Mass,2026-04-14 00:00:00,Completed,Medium
C000642,Diya Patil,1993-12-22 00:00:00,Male,Chennai,Tamil Nadu,Business,3-6L,Mass Affluent,2024-10-05 00:00:00,Completed,Medium
C000643,Priya Gupta,1974-07-13 00:00:00,Male,Bhubaneswar,Odisha,Business,10-20L,Mass,2024-11-10 00:00:00,Completed,Low
C000644,Diya Gupta,1990-06-13 00:00:00,Male,Chennai,Tamil Nadu,Salaried,6-10L,Mass,2022-06-06 00:00:00,Completed,Low
C000645,Rohan Reddy,1991-07-21 00:00:00,Male,Gurugram,Haryana,Salaried,10-20L,Mass Affluent,2024-10-18 00:00:00,Completed,Low
C000646,Aarav Singh,1989-03-02 00:00:00,Female,Pune,Maharashtra,Salaried,>20L,Mass,2025-04-06 00:00:00,Completed,Low
C000647,Sai Reddy,1971-10-19 00:00:00,Male,Hyderabad,Telangana,Business,6-10L,Mass,2024-08-11 00:00:00,Completed,Low
C000648,Priya Singh,1996-05-01 00:00:00,Female,Delhi,Delhi,Retired,10-20L,Mass,2022-05-19 00:00:00,Completed,High
C000649,Ananya Patil,1970-05-12 00:00:00,Male,Chennai,Tamil Nadu,Business,6-10L,Mass,2024-05-09 00:00:00,Completed,Low
C000650,Aarav Reddy,1972-02-21 00:00:00,Male,Bengaluru,Karnataka,Salaried,3-6L,Affluent,2026-03-17 00:00:00,Expired,Low
C000651,Aarav Kulkarni,1998-04-30 00:00:00,Female,Mumbai,Maharashtra,Self-Employed,10-20L,Affluent,2025-04-02 00:00:00,Completed,Medium
C000652,Ishita Das,1974-11-17 00:00:00,Female,Ahmedabad,Gujarat,Salaried,6-10L,HNI,2022-08-14 00:00:00,Completed,Low
C000653,Rohan Sharma,1990-07-14 00:00:00,Male,Delhi,Delhi,Salaried,>20L,Affluent,2026-04-26 00:00:00,Completed,Low
C000654,Ananya Singh,1961-11-08 00:00:00,Male,Gurugram,Haryana,Salaried,3-6L,Mass,2026-04-24 00:00:00,Completed,Low
C000655,Vivaan Reddy,1986-11-29 00:00:00,Female,Hyderabad,Telangana,Salaried,3-6L,Mass,2022-10-06 00:00:00,Completed,Low
C000656,Pooja Mehta,1998-01-20 00:00:00,Male,Gurugram,Haryana,Salaried,10-20L,Mass Affluent,2025-08-08 00:00:00,Completed,Medium
C000657,Arjun Joshi,1991-01-17 00:00:00,Male,Ahmedabad,Gujarat,Business,<3L,Mass,2023-10-30 00:00:00,Expired,Low
C000658,Aditya Nair,1985-07-06 00:00:00,Female,Mumbai,Maharashtra,Salaried,6-10L,HNI,2024-09-01 00:00:00,Completed,Medium
C000659,Sneha Kulkarni,1997-03-11 00:00:00,Female,Ahmedabad,Gujarat,Business,6-10L,Mass,2024-01-01 00:00:00,Pending,Low
C000660,Nikhil Das,1973-01-21 00:00:00,Male,Mumbai,Maharashtra,Retired,3-6L,Mass,2025-07-09 00:00:00,Completed,Low
C000661,Arjun Nair,1976-07-03 00:00:00,Male,Delhi,Delhi,Self-Employed,3-6L,Mass Affluent,2026-06-25 00:00:00,Completed,Low
C000662,Nikhil Gupta,1963-01-15 00:00:00,Male,Chennai,Tamil Nadu,Self-Employed,10-20L,Affluent,2025-07-29 00:00:00,Pending,Medium
C000663,Vivaan Joshi,1990-08-04 00:00:00,Male,Jaipur,Rajasthan,Business,<3L,Mass Affluent,2026-03-10 00:00:00,Completed,High
C000664,Nikhil Singh,1991-09-09 00:00:00,Female,Mumbai,Maharashtra,Salaried,10-20L,Mass Affluent,2026-04-03 00:00:00,Completed,Low
C000665,Sneha Rao,1992-11-30 00:00:00,Female,Chennai,Tamil Nadu,Salaried,10-20L,Mass,2022-05-28 00:00:00,Completed,Low
C000666,Aarav Sharma,1992-10-18 00:00:00,Male,Bengaluru,Karnataka,Self-Employed,6-10L,Mass Affluent,2023-02-21 00:00:00,Completed,Low
C000667,Kiran Iyer,1965-07-31 00:00:00,Male,Bengaluru,Karnataka,Student,3-6L,Mass Affluent,2025-03-31 00:00:00,Completed,Low
C000668,Pooja Rao,1989-03-07 00:00:00,Male,Ahmedabad,Gujarat,Business,<3L,Mass,2024-08-26 00:00:00,Completed,Medium
C000669,Arjun Nair,1993-06-09 00:00:00,Male,Kolkata,West Bengal,Student,10-20L,Mass Affluent,2022-03-24 00:00:00,Completed,Low
C000670,Sneha Patil,1968-12-04 00:00:00,Female,Delhi,Delhi,Business,<3L,Mass,2022-06-06 00:00:00,Completed,Low
C000671,Aditya Kulkarni,1980-11-14 00:00:00,Male,Chennai,Tamil Nadu,Self-Employed,3-6L,Mass,2024-05-04 00:00:00,Completed,Low
C000672,Sai Patil,2000-01-02 00:00:00,Female,Delhi,Delhi,Business,>20L,Affluent,2024-10-08 00:00:00,Pending,Low
C000673,Sai Singh,1978-03-03 00:00:00,Female,Pune,Maharashtra,Student,3-6L,Mass,2022-10-03 00:00:00,Completed,Medium
C000674,Priya Joshi,1992-12-28 00:00:00,Female,Gurugram,Haryana,Self-Employed,3-6L,Mass Affluent,2022-10-09 00:00:00,Completed,Low
C000675,Rohan Iyer,1983-03-26 00:00:00,Male,Pune,Maharashtra,Retired,>20L,Mass,2022-08-01 00:00:00,Expired,High
C000676,Nikhil Singh,1988-10-24 00:00:00,Female,Ahmedabad,Gujarat,Student,<3L,Affluent,2024-07-16 00:00:00,Completed,Low
C000677,Sneha Mehta,1987-06-12 00:00:00,Female,Delhi,Delhi,Self-Employed,3-6L,Mass,2022-01-13 00:00:00,Completed,Medium
C000678,Pooja Patil,1988-07-07 00:00:00,Male,Pune,Maharashtra,Salaried,3-6L,Mass,2024-07-28 00:00:00,Completed,Low
C000679,Arjun Rao,1994-02-21 00:00:00,Male,Hyderabad,Telangana,Salaried,10-20L,Affluent,2024-02-21 00:00:00,Completed,Low
C000680,Priya Joshi,1999-08-13 00:00:00,Male,Ahmedabad,Gujarat,Business,10-20L,Mass Affluent,2024-02-05 00:00:00,Completed,Low
C000681,Diya Iyer,1972-12-13 00:00:00,Female,Pune,Maharashtra,Salaried,10-20L,Mass,2025-01-20 00:00:00,Completed,Low
C000682,Sneha Gupta,2000-08-30 00:00:00,Female,Bhubaneswar,Odisha,Salaried,>20L,Mass,2024-05-08 00:00:00,Pending,High
C000683,Pooja Kulkarni,1987-07-03 00:00:00,Male,Gurugram,Haryana,Self-Employed,<3L,Mass,2025-04-09 00:00:00,Completed,Medium
C000684,Sneha Iyer,1986-02-03 00:00:00,Male,Chennai,Tamil Nadu,Student,6-10L,Affluent,2025-06-08 00:00:00,Completed,Low
C000685,Pooja Joshi,1974-05-10 00:00:00,Male,Bhubaneswar,Odisha,Student,<3L,Mass Affluent,2026-02-19 00:00:00,Completed,Low
C000686,Arjun Kulkarni,1978-04-02 00:00:00,Male,Gurugram,Haryana,Business,10-20L,Affluent,2025-08-05 00:00:00,Completed,Low
C000687,Pooja Kulkarni,1988-07-18 00:00:00,Female,Mumbai,Maharashtra,Salaried,>20L,HNI,2024-04-30 00:00:00,Completed,Low
C000688,Meera Kulkarni,1975-12-07 00:00:00,Female,Kolkata,West Bengal,Salaried,3-6L,Mass,2024-03-19 00:00:00,Completed,Low
C000689,Sai Rao,1972-08-01 00:00:00,Male,Bengaluru,Karnataka,Business,10-20L,Mass Affluent,2023-01-23 00:00:00,Completed,Low
C000690,Kiran Patil,1995-11-18 00:00:00,Female,Gurugram,Haryana,Salaried,6-10L,Mass Affluent,2024-09-11 00:00:00,Completed,Low
C000691,Aditya Patil,1978-03-13 00:00:00,Female,Bhubaneswar,Odisha,Self-Employed,<3L,Affluent,2022-08-17 00:00:00,Expired,Medium
C000692,Aditya Iyer,1988-03-27 00:00:00,Female,Delhi,Delhi,Retired,6-10L,Mass Affluent,2026-03-10 00:00:00,Completed,Low
C000693,Arjun Joshi,1961-05-14 00:00:00,Female,Kolkata,West Bengal,Self-Employed,>20L,Mass,2025-10-19 00:00:00,Completed,Medium
C000694,Rahul Reddy,1963-05-21 00:00:00,Male,Hyderabad,Telangana,Self-Employed,3-6L,Affluent,2022-07-16 00:00:00,Completed,Medium
C000695,Priya Sharma,1997-02-25 00:00:00,Female,Mumbai,Maharashtra,Business,<3L,Mass Affluent,2025-07-14 00:00:00,Completed,Low
C000696,Priya Mehta,1966-03-24 00:00:00,Male,Pune,Maharashtra,Student,>20L,Affluent,2022-07-12 00:00:00,Expired,Low
C000697,Rohan Rao,1994-11-10 00:00:00,Female,Hyderabad,Telangana,Salaried,3-6L,Mass,2025-03-30 00:00:00,Completed,Low
C000698,Arjun Iyer,1999-06-07 00:00:00,Male,Mysuru,Karnataka,Self-Employed,3-6L,Mass,2022-05-25 00:00:00,Completed,Low
C000699,Rahul Rao,1981-02-01 00:00:00,Male,Delhi,Delhi,Salaried,6-10L,Mass Affluent,2024-03-12 00:00:00,Completed,Low
C000700,Pooja Joshi,1998-09-29 00:00:00,Female,Delhi,Delhi,Self-Employed,6-10L,Mass Affluent,2024-12-16 00:00:00,Completed,Low
C000701,Vivaan Singh,1978-09-18 00:00:00,Female,Jaipur,Rajasthan,Salaried,3-6L,Mass,2025-04-11 00:00:00,Completed,Low
C000702,Kavya Kulkarni,2001-09-11 00:00:00,Male,Mysuru,Karnataka,Self-Employed,<3L,Mass,2023-11-19 00:00:00,Completed,Medium
C000703,Arjun Das,1970-05-21 00:00:00,Male,Jaipur,Rajasthan,Business,10-20L,Mass Affluent,2026-02-22 00:00:00,Completed,Medium
C000704,Nikhil Gupta,1978-09-28 00:00:00,Male,Delhi,Delhi,Salaried,6-10L,HNI,2025-06-25 00:00:00,Completed,Low
C000705,Sai Rao,1977-01-13 00:00:00,Female,Chennai,Tamil Nadu,Self-Employed,6-10L,Mass,2022-12-08 00:00:00,Completed,Medium
C000706,Kiran Gupta,1994-05-06 00:00:00,Male,Hyderabad,Telangana,Salaried,10-20L,Mass,2025-01-07 00:00:00,Completed,Low
C000707,Arjun Kulkarni,1961-11-30 00:00:00,Female,Pune,Maharashtra,Salaried,<3L,Mass,2025-04-14 00:00:00,Completed,Low
C000708,Priya Kulkarni,1996-04-12 00:00:00,Female,Bhubaneswar,Odisha,Salaried,10-20L,Mass,2023-07-02 00:00:00,Completed,Low
C000709,Arjun Singh,1961-01-09 00:00:00,Female,Mumbai,Maharashtra,Salaried,10-20L,Mass,2025-04-27 00:00:00,Completed,Medium
C000710,Ishita Iyer,1973-10-30 00:00:00,Female,Bengaluru,Karnataka,Retired,>20L,Mass,2026-01-15 00:00:00,Completed,Low
C000711,Priya Das,1986-02-10 00:00:00,Female,Ahmedabad,Gujarat,Retired,3-6L,Mass Affluent,2025-09-03 00:00:00,Completed,Low
C000712,Priya Sharma,1966-05-14 00:00:00,Male,Chennai,Tamil Nadu,Business,3-6L,Mass,2025-06-06 00:00:00,Completed,Low
C000713,Meera Sharma,1981-06-20 00:00:00,Female,Jaipur,Rajasthan,Self-Employed,6-10L,Mass,2024-11-07 00:00:00,Completed,Low
C000714,Ananya Singh,2003-09-04 00:00:00,Male,Gurugram,Haryana,Business,10-20L,HNI,2023-03-21 00:00:00,Completed,Low
C000715,Kavya Kulkarni,1996-01-23 00:00:00,Female,Bengaluru,Karnataka,Student,>20L,Mass,2025-07-29 00:00:00,Completed,Low
C000716,Rahul Sharma,1961-04-28 00:00:00,Male,Bengaluru,Karnataka,Self-Employed,3-6L,Mass Affluent,2023-08-22 00:00:00,Completed,Low
C000717,Ananya Reddy,1985-12-03 00:00:00,Female,Gurugram,Haryana,Salaried,6-10L,Mass,2024-05-23 00:00:00,Completed,Low
C000718,Neha Patil,1986-03-02 00:00:00,Male,Mumbai,Maharashtra,Business,3-6L,Affluent,2023-06-01 00:00:00,Completed,Low
C000719,Sai Joshi,1962-12-27 00:00:00,Male,Bhubaneswar,Odisha,Retired,6-10L,Mass Affluent,2023-05-29 00:00:00,Completed,Low
C000720,Aarav Patil,1988-06-25 00:00:00,Female,Mysuru,Karnataka,Salaried,10-20L,Mass,2022-09-16 00:00:00,Completed,Low
C000721,Nikhil Gupta,1982-10-28 00:00:00,Female,Jaipur,Rajasthan,Salaried,10-20L,Mass Affluent,2026-04-28 00:00:00,Completed,Low
C000722,Neha Iyer,1989-11-12 00:00:00,Male,Mumbai,Maharashtra,Salaried,3-6L,Mass Affluent,2022-08-31 00:00:00,Completed,Low
C000723,Sneha Kulkarni,1973-01-12 00:00:00,Male,Mysuru,Karnataka,Salaried,>20L,Mass,2022-05-22 00:00:00,Completed,Low
C000724,Ananya Kulkarni,1971-03-14 00:00:00,Female,Pune,Maharashtra,Business,<3L,Mass Affluent,2026-03-18 00:00:00,Completed,Low
C000725,Kavya Joshi,1992-03-28 00:00:00,Male,Mysuru,Karnataka,Salaried,6-10L,Mass,2024-06-30 00:00:00,Completed,Low
C000726,Rohan Das,1991-08-11 00:00:00,Female,Delhi,Delhi,Retired,6-10L,Mass,2023-12-21 00:00:00,Completed,Low
C000727,Aditya Sharma,1967-01-31 00:00:00,Male,Pune,Maharashtra,Business,6-10L,HNI,2025-04-25 00:00:00,Completed,Low
C000728,Sai Reddy,1969-06-24 00:00:00,Female,Hyderabad,Telangana,Salaried,10-20L,Mass,2023-09-22 00:00:00,Completed,Medium
C000729,Vivaan Rao,1985-09-07 00:00:00,Female,Hyderabad,Telangana,Business,6-10L,Mass,2022-07-30 00:00:00,Completed,Low
C000730,Aditya Singh,1996-04-25 00:00:00,Female,Bengaluru,Karnataka,Business,<3L,Mass,2025-04-13 00:00:00,Completed,Low
C000731,Sneha Rao,1968-11-02 00:00:00,Male,Mysuru,Karnataka,Self-Employed,3-6L,HNI,2022-10-16 00:00:00,Completed,Low
C000732,Pooja Nair,1969-08-06 00:00:00,Male,Mysuru,Karnataka,Self-Employed,6-10L,Mass,2024-06-27 00:00:00,Completed,Low
C000733,Sneha Iyer,1995-05-21 00:00:00,Male,Mumbai,Maharashtra,Student,6-10L,Mass,2026-04-08 00:00:00,Pending,Medium
C000734,Meera Gupta,1990-07-09 00:00:00,Male,Mysuru,Karnataka,Salaried,6-10L,Mass Affluent,2026-03-18 00:00:00,Completed,High
C000735,Nikhil Patil,1999-07-11 00:00:00,Male,Pune,Maharashtra,Salaried,3-6L,Mass Affluent,2023-08-16 00:00:00,Completed,Low
C000736,Rahul Iyer,1994-04-26 00:00:00,Male,Hyderabad,Telangana,Salaried,<3L,Mass,2025-07-05 00:00:00,Completed,Low
C000737,Arjun Singh,2001-10-04 00:00:00,Female,Pune,Maharashtra,Salaried,10-20L,HNI,2024-10-03 00:00:00,Completed,Low
C000738,Kiran Mehta,1968-04-11 00:00:00,Female,Pune,Maharashtra,Business,6-10L,Mass,2024-02-27 00:00:00,Completed,Low
C000739,Kavya Sharma,1971-11-30 00:00:00,Male,Gurugram,Haryana,Salaried,6-10L,Mass Affluent,2022-08-18 00:00:00,Completed,Low
C000740,Ishita Iyer,1970-06-04 00:00:00,Male,Hyderabad,Telangana,Self-Employed,6-10L,Mass Affluent,2023-09-10 00:00:00,Completed,Low
C000741,Vivaan Sharma,1962-06-05 00:00:00,Female,Pune,Maharashtra,Salaried,3-6L,Mass,2024-12-06 00:00:00,Completed,Low
C000742,Diya Singh,1994-02-16 00:00:00,Male,Mumbai,Maharashtra,Student,3-6L,Affluent,2026-06-09 00:00:00,Completed,Low
C000743,Diya Reddy,1988-12-27 00:00:00,Female,Delhi,Delhi,Self-Employed,<3L,Mass Affluent,2022-01-09 00:00:00,Pending,Low
C000744,Meera Singh,1963-10-07 00:00:00,Male,Bengaluru,Karnataka,Retired,6-10L,Mass,2025-03-24 00:00:00,Completed,Low
C000745,Rohan Patil,1968-09-05 00:00:00,Male,Gurugram,Haryana,Student,3-6L,Mass,2025-10-21 00:00:00,Expired,Medium
C000746,Aarav Nair,1968-05-10 00:00:00,Male,Bhubaneswar,Odisha,Salaried,3-6L,Mass,2026-04-11 00:00:00,Completed,Low
C000747,Pooja Reddy,1977-08-25 00:00:00,Male,Delhi,Delhi,Business,>20L,Affluent,2023-11-27 00:00:00,Completed,Medium
C000748,Sai Iyer,1979-12-15 00:00:00,Female,Mysuru,Karnataka,Salaried,3-6L,Mass,2022-07-14 00:00:00,Completed,Low
C000749,Priya Joshi,1972-08-28 00:00:00,Male,Kolkata,West Bengal,Business,6-10L,Affluent,2023-03-21 00:00:00,Completed,Low
C000750,Ishita Mehta,2000-09-29 00:00:00,Female,Mysuru,Karnataka,Self-Employed,3-6L,Mass,2025-10-28 00:00:00,Completed,Low
C000751,Priya Rao,1969-04-27 00:00:00,Male,Mumbai,Maharashtra,Salaried,3-6L,HNI,2025-12-12 00:00:00,Completed,Low
C000752,Rahul Patil,1984-08-12 00:00:00,Female,Mysuru,Karnataka,Salaried,<3L,Affluent,2024-11-12 00:00:00,Completed,Medium
C000753,Neha Joshi,1979-03-09 00:00:00,Male,Jaipur,Rajasthan,Salaried,10-20L,Mass,2022-07-21 00:00:00,Completed,High
C000754,Vivaan Iyer,1976-12-24 00:00:00,Female,Bhubaneswar,Odisha,Business,6-10L,Mass,2022-07-20 00:00:00,Expired,Low
C000755,Aarav Nair,1996-03-04 00:00:00,Male,Hyderabad,Telangana,Business,6-10L,Mass Affluent,2024-02-25 00:00:00,Completed,Low
C000756,Aditya Kulkarni,2002-11-09 00:00:00,Male,Chennai,Tamil Nadu,Salaried,>20L,Mass,2024-08-23 00:00:00,Completed,Low
C000757,Pooja Das,1960-04-04 00:00:00,Female,Chennai,Tamil Nadu,Salaried,<3L,Mass,2022-02-23 00:00:00,Completed,Medium
C000758,Neha Joshi,1980-04-24 00:00:00,Male,Chennai,Tamil Nadu,Salaried,6-10L,Mass Affluent,2025-01-31 00:00:00,Completed,Low
C000759,Pooja Singh,1965-03-21 00:00:00,Female,Hyderabad,Telangana,Self-Employed,<3L,Affluent,2024-06-13 00:00:00,Completed,Medium
C000760,Arjun Iyer,1978-12-31 00:00:00,Male,Bhubaneswar,Odisha,Salaried,6-10L,Mass Affluent,2022-01-21 00:00:00,Completed,Low
C000761,Aarav Kulkarni,1987-01-11 00:00:00,Female,Kolkata,West Bengal,Salaried,10-20L,Affluent,2022-06-07 00:00:00,Completed,Low
C000762,Ananya Das,1978-01-12 00:00:00,Female,Mysuru,Karnataka,Student,<3L,Mass Affluent,2024-01-16 00:00:00,Completed,Low
C000763,Sneha Joshi,1973-07-16 00:00:00,Male,Delhi,Delhi,Salaried,>20L,Mass Affluent,2025-04-01 00:00:00,Completed,Medium
C000764,Rahul Patil,1973-09-03 00:00:00,Female,Bhubaneswar,Odisha,Business,6-10L,Mass,2025-09-17 00:00:00,Completed,Low
C000765,Pooja Patil,1973-02-18 00:00:00,Male,Delhi,Delhi,Self-Employed,3-6L,Mass Affluent,2023-12-10 00:00:00,Pending,Low
C000766,Ishita Iyer,1974-04-08 00:00:00,Male,Mumbai,Maharashtra,Salaried,<3L,Mass Affluent,2023-04-30 00:00:00,Completed,Low
C000767,Neha Mehta,1976-05-19 00:00:00,Female,Jaipur,Rajasthan,Self-Employed,6-10L,Mass Affluent,2026-05-09 00:00:00,Completed,Low
C000768,Aditya Iyer,1990-02-17 00:00:00,Female,Chennai,Tamil Nadu,Salaried,6-10L,HNI,2024-01-23 00:00:00,Completed,Low
C000769,Kavya Joshi,1964-03-16 00:00:00,Female,Hyderabad,Telangana,Salaried,3-6L,Mass,2023-06-02 00:00:00,Expired,Medium
C000770,Rohan Gupta,1961-10-15 00:00:00,Male,Gurugram,Haryana,Retired,6-10L,Mass Affluent,2023-12-28 00:00:00,Completed,Low
C000771,Rohan Reddy,1982-08-20 00:00:00,Male,Mysuru,Karnataka,Student,<3L,Mass,2022-01-20 00:00:00,Completed,Medium
C000772,Aditya Mehta,1989-11-13 00:00:00,Male,Delhi,Delhi,Business,>20L,Mass,2023-05-11 00:00:00,Completed,Low
C000773,Arjun Mehta,1971-05-02 00:00:00,Female,Gurugram,Haryana,Salaried,3-6L,Mass,2024-04-26 00:00:00,Completed,Medium
C000774,Nikhil Gupta,1968-10-24 00:00:00,Female,Bhubaneswar,Odisha,Salaried,6-10L,HNI,2026-02-17 00:00:00,Completed,Medium
C000775,Rahul Kulkarni,1987-05-15 00:00:00,Female,Pune,Maharashtra,Salaried,10-20L,Mass,2025-04-27 00:00:00,Completed,Low
C000776,Sai Gupta,1976-10-30 00:00:00,Female,Mysuru,Karnataka,Retired,6-10L,Mass Affluent,2025-07-06 00:00:00,Completed,High
C000777,Arjun Reddy,1992-03-30 00:00:00,Male,Gurugram,Haryana,Business,10-20L,Mass Affluent,2024-06-13 00:00:00,Completed,Low
C000778,Meera Gupta,1966-06-02 00:00:00,Female,Bhubaneswar,Odisha,Self-Employed,>20L,Affluent,2022-07-01 00:00:00,Completed,Medium
C000779,Ananya Das,1965-04-21 00:00:00,Female,Gurugram,Haryana,Retired,3-6L,Mass Affluent,2023-10-04 00:00:00,Completed,Low
C000780,Sai Rao,1984-03-19 00:00:00,Female,Delhi,Delhi,Salaried,3-6L,Mass,2026-06-26 00:00:00,Completed,Low
C000781,Aditya Reddy,1977-03-11 00:00:00,Male,Kolkata,West Bengal,Self-Employed,6-10L,Mass,2022-03-14 00:00:00,Completed,Low
C000782,Kiran Nair,1991-12-13 00:00:00,Male,Chennai,Tamil Nadu,Salaried,<3L,Mass Affluent,2025-12-14 00:00:00,Completed,Medium
C000783,Sneha Rao,1982-03-04 00:00:00,Male,Pune,Maharashtra,Salaried,6-10L,Mass,2025-01-28 00:00:00,Expired,High
C000784,Rohan Rao,1975-07-15 00:00:00,Female,Bhubaneswar,Odisha,Retired,<3L,Mass,2023-04-12 00:00:00,Completed,Low
C000785,Rohan Reddy,1966-12-29 00:00:00,Female,Chennai,Tamil Nadu,Student,10-20L,Mass,2025-07-01 00:00:00,Completed,Medium
C000786,Sneha Patil,1967-02-27 00:00:00,Female,Bengaluru,Karnataka,Salaried,6-10L,Mass,2025-10-06 00:00:00,Expired,Medium
C000787,Kiran Nair,1993-02-09 00:00:00,Male,Delhi,Delhi,Salaried,6-10L,HNI,2022-03-12 00:00:00,Completed,Medium
C000788,Kavya Singh,1969-12-03 00:00:00,Female,Bhubaneswar,Odisha,Self-Employed,3-6L,Affluent,2022-06-24 00:00:00,Completed,Low
C000789,Vivaan Kulkarni,1982-01-04 00:00:00,Male,Delhi,Delhi,Salaried,>20L,Mass Affluent,2024-12-29 00:00:00,Completed,Low
C000790,Nikhil Patil,1995-11-02 00:00:00,Male,Hyderabad,Telangana,Self-Employed,10-20L,Mass,2026-06-29 00:00:00,Completed,Low
C000791,Kavya Nair,1999-05-01 00:00:00,Female,Chennai,Tamil Nadu,Self-Employed,10-20L,HNI,2022-02-09 00:00:00,Completed,Medium
C000792,Sneha Sharma,1971-09-22 00:00:00,Female,Kolkata,West Bengal,Salaried,10-20L,Mass Affluent,2024-12-29 00:00:00,Completed,Low
C000793,Vivaan Kulkarni,1964-10-19 00:00:00,Male,Jaipur,Rajasthan,Salaried,<3L,Affluent,2022-08-13 00:00:00,Completed,Medium
C000794,Kavya Patil,1993-12-08 00:00:00,Male,Mysuru,Karnataka,Salaried,<3L,Mass,2024-12-03 00:00:00,Completed,High
C000795,Aditya Das,1990-02-08 00:00:00,Female,Hyderabad,Telangana,Retired,3-6L,Mass,2024-10-20 00:00:00,Completed,Low
C000796,Nikhil Iyer,1974-07-05 00:00:00,Male,Hyderabad,Telangana,Salaried,6-10L,Mass Affluent,2022-05-29 00:00:00,Completed,Medium
C000797,Sneha Das,1986-01-01 00:00:00,Male,Mysuru,Karnataka,Self-Employed,6-10L,Affluent,2025-01-22 00:00:00,Completed,Low
C000798,Priya Joshi,1968-04-07 00:00:00,Female,Kolkata,West Bengal,Salaried,3-6L,Mass,2026-01-12 00:00:00,Completed,Low
C000799,Vivaan Nair,1990-09-10 00:00:00,Female,Mysuru,Karnataka,Business,>20L,Mass,2025-11-18 00:00:00,Completed,Low
C000800,Diya Kulkarni,1991-11-10 00:00:00,Female,Gurugram,Haryana,Salaried,<3L,Mass Affluent,2022-02-17 00:00:00,Completed,High
C000801,Kiran Mehta,1973-02-10 00:00:00,Female,Pune,Maharashtra,Salaried,10-20L,HNI,2023-02-08 00:00:00,Completed,Medium
C000802,Sai Sharma,1980-07-10 00:00:00,Female,Mysuru,Karnataka,Business,6-10L,Mass Affluent,2023-01-31 00:00:00,Completed,Medium
C000803,Sneha Patil,1974-08-20 00:00:00,Female,Ahmedabad,Gujarat,Business,3-6L,Affluent,2024-01-15 00:00:00,Completed,Low
C000804,Rohan Joshi,1961-05-15 00:00:00,Female,Mumbai,Maharashtra,Salaried,<3L,Mass Affluent,2022-08-23 00:00:00,Completed,Low
C000805,Aditya Mehta,1965-07-29 00:00:00,Female,Pune,Maharashtra,Salaried,6-10L,Affluent,2025-11-03 00:00:00,Completed,Medium
C000806,Ananya Sharma,2002-01-19 00:00:00,Male,Jaipur,Rajasthan,Retired,10-20L,Mass,2025-06-29 00:00:00,Completed,High
C000807,Ishita Joshi,1979-12-23 00:00:00,Female,Jaipur,Rajasthan,Salaried,3-6L,Mass,2025-08-20 00:00:00,Completed,High
C000808,Sneha Nair,1966-06-22 00:00:00,Female,Bengaluru,Karnataka,Salaried,6-10L,Mass Affluent,2022-11-22 00:00:00,Completed,Medium
C000809,Nikhil Mehta,1961-12-09 00:00:00,Male,Pune,Maharashtra,Salaried,6-10L,Mass Affluent,2022-01-24 00:00:00,Completed,Medium
C000810,Ananya Kulkarni,1975-06-25 00:00:00,Male,Kolkata,West Bengal,Salaried,3-6L,Mass,2026-02-04 00:00:00,Completed,Low
C000811,Rahul Singh,2003-01-20 00:00:00,Female,Ahmedabad,Gujarat,Self-Employed,6-10L,Mass,2023-04-20 00:00:00,Completed,Medium
C000812,Neha Iyer,1976-11-08 00:00:00,Female,Bhubaneswar,Odisha,Business,3-6L,Mass Affluent,2024-12-13 00:00:00,Completed,Low
C000813,Rohan Rao,2003-10-13 00:00:00,Female,Hyderabad,Telangana,Self-Employed,10-20L,Mass Affluent,2026-02-02 00:00:00,Completed,Medium
C000814,Vivaan Rao,1981-06-09 00:00:00,Male,Bengaluru,Karnataka,Self-Employed,6-10L,Mass,2022-03-01 00:00:00,Completed,Low
C000815,Rohan Patil,1993-06-19 00:00:00,Female,Jaipur,Rajasthan,Salaried,<3L,Affluent,2022-01-09 00:00:00,Completed,High
C000816,Rohan Patil,1994-05-29 00:00:00,Female,Mysuru,Karnataka,Business,10-20L,Mass,2022-01-09 00:00:00,Expired,Low
C000817,Priya Rao,1961-03-26 00:00:00,Female,Mysuru,Karnataka,Salaried,3-6L,Mass,2022-09-14 00:00:00,Completed,Low
C000818,Neha Singh,1960-04-07 00:00:00,Female,Kolkata,West Bengal,Salaried,>20L,Mass,2022-03-26 00:00:00,Completed,Low
C000819,Meera Joshi,2000-05-29 00:00:00,Male,Chennai,Tamil Nadu,Business,6-10L,Mass,2025-09-08 00:00:00,Completed,Medium
C000820,Sai Kulkarni,2000-11-05 00:00:00,Female,Bengaluru,Karnataka,Salaried,<3L,Mass,2024-09-21 00:00:00,Completed,Medium
C000821,Aditya Das,1965-10-23 00:00:00,Male,Mumbai,Maharashtra,Salaried,10-20L,Mass Affluent,2026-05-29 00:00:00,Completed,Medium
C000822,Sai Kulkarni,1988-04-18 00:00:00,Male,Chennai,Tamil Nadu,Salaried,<3L,Mass Affluent,2025-08-09 00:00:00,Completed,Low
C000823,Kavya Rao,2000-06-18 00:00:00,Male,Pune,Maharashtra,Business,10-20L,Mass,2026-05-01 00:00:00,Completed,Low
C000824,Neha Reddy,2001-08-23 00:00:00,Male,Kolkata,West Bengal,Salaried,>20L,Affluent,2023-01-27 00:00:00,Completed,Medium
C000825,Aditya Singh,1972-12-25 00:00:00,Female,Delhi,Delhi,Business,6-10L,Affluent,2023-04-18 00:00:00,Completed,High
C000826,Priya Iyer,1995-10-22 00:00:00,Male,Chennai,Tamil Nadu,Business,6-10L,Mass,2025-10-26 00:00:00,Completed,Medium
C000827,Rohan Reddy,1988-04-24 00:00:00,Male,Gurugram,Haryana,Self-Employed,6-10L,Mass,2023-02-07 00:00:00,Completed,Low
C000828,Nikhil Patil,2000-08-23 00:00:00,Male,Delhi,Delhi,Salaried,3-6L,Mass,2022-04-04 00:00:00,Completed,Medium
C000829,Pooja Mehta,1966-06-05 00:00:00,Male,Delhi,Delhi,Business,<3L,Mass Affluent,2025-01-03 00:00:00,Completed,Low
C000830,Rahul Sharma,1986-04-30 00:00:00,Female,Kolkata,West Bengal,Salaried,10-20L,Mass,2025-08-08 00:00:00,Completed,High
C000831,Rahul Singh,1961-01-26 00:00:00,Female,Hyderabad,Telangana,Student,3-6L,Mass Affluent,2026-05-09 00:00:00,Completed,Low
C000832,Ananya Gupta,1975-08-26 00:00:00,Male,Chennai,Tamil Nadu,Business,3-6L,Mass Affluent,2026-03-04 00:00:00,Completed,Low
C000833,Rohan Nair,1960-07-01 00:00:00,Male,Hyderabad,Telangana,Salaried,3-6L,Mass Affluent,2022-07-17 00:00:00,Completed,Low
C000834,Diya Gupta,1979-05-27 00:00:00,Female,Mumbai,Maharashtra,Business,>20L,Mass,2025-06-21 00:00:00,Pending,Medium
C000835,Sai Reddy,1995-07-13 00:00:00,Female,Jaipur,Rajasthan,Self-Employed,>20L,Mass,2025-10-21 00:00:00,Pending,Low
C000836,Aditya Singh,1988-10-28 00:00:00,Male,Hyderabad,Telangana,Salaried,3-6L,Mass,2025-02-20 00:00:00,Completed,Medium
C000837,Arjun Mehta,1973-11-17 00:00:00,Female,Kolkata,West Bengal,Salaried,3-6L,Mass Affluent,2025-09-08 00:00:00,Completed,Low
C000838,Priya Joshi,1978-09-13 00:00:00,Male,Jaipur,Rajasthan,Self-Employed,10-20L,Mass Affluent,2025-10-07 00:00:00,Completed,Medium
C000839,Nikhil Sharma,1976-02-05 00:00:00,Male,Bhubaneswar,Odisha,Business,3-6L,Mass Affluent,2024-01-04 00:00:00,Completed,Low
C000840,Rohan Das,1992-01-19 00:00:00,Female,Kolkata,West Bengal,Student,>20L,Mass Affluent,2022-03-07 00:00:00,Completed,Low
C000841,Sai Das,1971-08-30 00:00:00,Male,Ahmedabad,Gujarat,Salaried,10-20L,Mass,2024-01-20 00:00:00,Completed,Medium
C000842,Neha Reddy,1964-01-09 00:00:00,Male,Gurugram,Haryana,Self-Employed,10-20L,Mass,2022-11-28 00:00:00,Completed,Low
C000843,Ananya Reddy,1982-03-13 00:00:00,Male,Kolkata,West Bengal,Business,<3L,Mass,2022-07-06 00:00:00,Completed,Low
C000844,Ananya Joshi,1996-05-10 00:00:00,Male,Pune,Maharashtra,Business,6-10L,Mass,2022-07-25 00:00:00,Completed,Low
C000845,Sneha Sharma,1980-11-25 00:00:00,Female,Kolkata,West Bengal,Self-Employed,>20L,Mass,2025-02-19 00:00:00,Completed,Medium
C000846,Pooja Kulkarni,1968-12-11 00:00:00,Male,Mysuru,Karnataka,Salaried,3-6L,Mass,2024-04-08 00:00:00,Completed,Low
C000847,Ishita Nair,1962-01-06 00:00:00,Male,Jaipur,Rajasthan,Business,10-20L,Mass Affluent,2024-06-05 00:00:00,Completed,Low
C000848,Kavya Joshi,2001-05-08 00:00:00,Male,Mumbai,Maharashtra,Salaried,3-6L,Mass,2025-05-08 00:00:00,Completed,Low
C000849,Sneha Gupta,1993-04-28 00:00:00,Male,Chennai,Tamil Nadu,Salaried,>20L,Mass,2024-06-19 00:00:00,Completed,Medium
C000850,Priya Gupta,1966-10-24 00:00:00,Female,Bengaluru,Karnataka,Self-Employed,6-10L,Mass,2024-10-31 00:00:00,Completed,Low
C000851,Kavya Nair,1963-03-28 00:00:00,Female,Mysuru,Karnataka,Salaried,<3L,Mass,2022-05-22 00:00:00,Pending,Low
C000852,Diya Kulkarni,1965-08-28 00:00:00,Male,Bhubaneswar,Odisha,Salaried,6-10L,Mass,2025-10-29 00:00:00,Completed,Low
C000853,Sneha Nair,1976-06-29 00:00:00,Female,Jaipur,Rajasthan,Salaried,<3L,Mass,2024-01-07 00:00:00,Completed,Low
C000854,Kavya Iyer,1995-07-26 00:00:00,Male,Mumbai,Maharashtra,Business,3-6L,Mass,2022-09-12 00:00:00,Completed,Low
C000855,Nikhil Mehta,1967-01-01 00:00:00,Male,Mysuru,Karnataka,Retired,10-20L,HNI,2025-08-28 00:00:00,Completed,Medium
C000856,Pooja Reddy,1995-11-12 00:00:00,Female,Ahmedabad,Gujarat,Salaried,3-6L,Mass,2025-04-21 00:00:00,Pending,Low
C000857,Diya Das,1960-01-31 00:00:00,Male,Bhubaneswar,Odisha,Salaried,>20L,Mass,2022-03-29 00:00:00,Completed,Low
C000858,Sai Singh,1992-05-12 00:00:00,Female,Mumbai,Maharashtra,Business,<3L,Mass,2022-11-13 00:00:00,Completed,Low
C000859,Vivaan Rao,1972-05-15 00:00:00,Female,Chennai,Tamil Nadu,Salaried,6-10L,Mass,2022-01-26 00:00:00,Pending,Low
C000860,Kiran Kulkarni,2002-01-28 00:00:00,Female,Pune,Maharashtra,Retired,>20L,Mass Affluent,2023-03-21 00:00:00,Completed,Medium
C000861,Priya Patil,1980-11-04 00:00:00,Male,Kolkata,West Bengal,Self-Employed,6-10L,Mass,2022-06-14 00:00:00,Completed,Low
C000862,Nikhil Patil,1971-11-07 00:00:00,Male,Gurugram,Haryana,Salaried,10-20L,Affluent,2025-03-11 00:00:00,Expired,Medium
C000863,Kavya Patil,1970-08-22 00:00:00,Female,Mysuru,Karnataka,Self-Employed,>20L,Affluent,2024-05-08 00:00:00,Completed,Low
C000864,Ananya Singh,1996-03-18 00:00:00,Female,Pune,Maharashtra,Salaried,6-10L,Mass Affluent,2026-05-29 00:00:00,Completed,Low
C000865,Sneha Mehta,1977-08-26 00:00:00,Male,Hyderabad,Telangana,Business,10-20L,Mass,2025-05-15 00:00:00,Completed,Low
C000866,Sai Iyer,1975-06-03 00:00:00,Male,Ahmedabad,Gujarat,Salaried,<3L,Mass,2024-10-01 00:00:00,Completed,Low
C000867,Aditya Gupta,1992-03-23 00:00:00,Female,Bengaluru,Karnataka,Student,3-6L,Mass,2024-04-16 00:00:00,Completed,Medium
C000868,Sneha Kulkarni,1983-07-17 00:00:00,Male,Bhubaneswar,Odisha,Business,3-6L,Mass Affluent,2022-03-31 00:00:00,Completed,Low
C000869,Aarav Iyer,1989-01-29 00:00:00,Male,Chennai,Tamil Nadu,Student,10-20L,Mass,2022-04-26 00:00:00,Completed,Low
C000870,Vivaan Iyer,1979-07-09 00:00:00,Female,Jaipur,Rajasthan,Student,6-10L,Mass Affluent,2024-10-08 00:00:00,Completed,Low
C000871,Nikhil Kulkarni,1962-10-21 00:00:00,Female,Bhubaneswar,Odisha,Salaried,6-10L,Mass,2022-01-08 00:00:00,Completed,Low
C000872,Ishita Iyer,1960-04-03 00:00:00,Female,Mysuru,Karnataka,Self-Employed,>20L,Mass,2022-03-11 00:00:00,Completed,Medium
C000873,Aditya Kulkarni,1961-09-17 00:00:00,Female,Mysuru,Karnataka,Student,<3L,Mass,2022-12-26 00:00:00,Completed,Low
C000874,Ishita Sharma,1985-03-01 00:00:00,Female,Ahmedabad,Gujarat,Salaried,>20L,Mass,2025-12-22 00:00:00,Completed,Medium
C000875,Rohan Patil,1982-07-01 00:00:00,Male,Mumbai,Maharashtra,Salaried,<3L,Mass Affluent,2024-01-24 00:00:00,Completed,Medium
C000876,Rohan Reddy,1992-09-29 00:00:00,Female,Mysuru,Karnataka,Salaried,3-6L,Mass Affluent,2025-03-11 00:00:00,Pending,Medium
C000877,Sai Sharma,1999-03-11 00:00:00,Male,Gurugram,Haryana,Salaried,6-10L,Mass,2023-11-07 00:00:00,Completed,Low
C000878,Kavya Nair,1967-08-24 00:00:00,Male,Jaipur,Rajasthan,Student,3-6L,Mass,2022-10-12 00:00:00,Pending,Low
C000879,Sai Joshi,2001-12-07 00:00:00,Female,Ahmedabad,Gujarat,Salaried,6-10L,Affluent,2023-09-02 00:00:00,Completed,Low
C000880,Kiran Nair,2000-10-23 00:00:00,Female,Hyderabad,Telangana,Business,10-20L,Mass,2022-05-31 00:00:00,Completed,Medium
C000881,Aarav Patil,1986-12-24 00:00:00,Female,Mumbai,Maharashtra,Retired,10-20L,Mass Affluent,2025-06-18 00:00:00,Pending,Low
C000882,Aarav Singh,1983-03-27 00:00:00,Female,Delhi,Delhi,Salaried,3-6L,Mass,2022-10-29 00:00:00,Completed,Low
C000883,Diya Reddy,1967-09-27 00:00:00,Male,Kolkata,West Bengal,Business,3-6L,Mass Affluent,2023-09-11 00:00:00,Pending,Low
C000884,Priya Joshi,1967-10-22 00:00:00,Male,Mysuru,Karnataka,Salaried,<3L,Mass Affluent,2026-05-29 00:00:00,Completed,Medium
C000885,Nikhil Iyer,1960-10-25 00:00:00,Male,Hyderabad,Telangana,Salaried,6-10L,Mass,2024-08-30 00:00:00,Completed,Low
C000886,Arjun Singh,1988-04-18 00:00:00,Male,Bengaluru,Karnataka,Salaried,<3L,Mass,2024-01-23 00:00:00,Completed,Low
C000887,Ishita Singh,1978-12-22 00:00:00,Male,Pune,Maharashtra,Salaried,3-6L,Mass,2024-06-10 00:00:00,Completed,Medium
C000888,Arjun Sharma,1968-05-28 00:00:00,Male,Mumbai,Maharashtra,Salaried,10-20L,Mass,2025-07-11 00:00:00,Completed,Medium
C000889,Ishita Iyer,1965-11-11 00:00:00,Male,Kolkata,West Bengal,Salaried,>20L,Mass Affluent,2023-02-22 00:00:00,Completed,Medium
C000890,Sneha Patil,1962-10-13 00:00:00,Female,Jaipur,Rajasthan,Salaried,10-20L,Mass,2024-11-10 00:00:00,Completed,Low
C000891,Arjun Nair,1988-01-29 00:00:00,Female,Mysuru,Karnataka,Salaried,<3L,Mass,2025-12-03 00:00:00,Completed,Low
C000892,Priya Sharma,1990-01-08 00:00:00,Male,Ahmedabad,Gujarat,Business,6-10L,Mass Affluent,2024-07-28 00:00:00,Completed,Low
C000893,Nikhil Das,1987-09-02 00:00:00,Male,Chennai,Tamil Nadu,Salaried,3-6L,Affluent,2024-01-04 00:00:00,Completed,Low
C000894,Ishita Joshi,1964-11-06 00:00:00,Male,Bhubaneswar,Odisha,Business,3-6L,Mass,2022-08-27 00:00:00,Completed,Low
C000895,Sai Singh,1961-10-23 00:00:00,Male,Jaipur,Rajasthan,Retired,3-6L,Mass Affluent,2023-02-12 00:00:00,Pending,Low
C000896,Pooja Sharma,1964-08-26 00:00:00,Female,Mysuru,Karnataka,Business,>20L,Mass,2026-04-03 00:00:00,Completed,Low
C000897,Rahul Gupta,1992-12-03 00:00:00,Female,Kolkata,West Bengal,Self-Employed,6-10L,Mass Affluent,2024-06-07 00:00:00,Completed,Low
C000898,Pooja Reddy,1992-05-31 00:00:00,Female,Chennai,Tamil Nadu,Self-Employed,3-6L,Mass,2023-05-10 00:00:00,Completed,Medium
C000899,Aditya Mehta,1972-11-30 00:00:00,Male,Mysuru,Karnataka,Self-Employed,6-10L,Mass Affluent,2023-11-18 00:00:00,Completed,Low
C000900,Rahul Patil,1962-06-02 00:00:00,Male,Pune,Maharashtra,Retired,>20L,Mass,2024-08-07 00:00:00,Completed,High
C000901,Nikhil Mehta,1974-01-02 00:00:00,Male,Bhubaneswar,Odisha,Retired,<3L,Mass,2024-06-01 00:00:00,Completed,Medium
C000902,Nikhil Mehta,1995-06-22 00:00:00,Female,Hyderabad,Telangana,Salaried,10-20L,Affluent,2025-02-23 00:00:00,Completed,Low
C000903,Priya Sharma,1966-04-13 00:00:00,Female,Delhi,Delhi,Self-Employed,3-6L,Mass,2023-02-27 00:00:00,Completed,Low
C000904,Neha Nair,1994-11-16 00:00:00,Female,Pune,Maharashtra,Business,3-6L,Mass,2024-12-02 00:00:00,Completed,High
C000905,Vivaan Rao,1980-04-18 00:00:00,Female,Jaipur,Rajasthan,Salaried,10-20L,Mass,2023-12-28 00:00:00,Completed,High
C000906,Neha Kulkarni,1966-03-12 00:00:00,Female,Pune,Maharashtra,Self-Employed,<3L,Mass Affluent,2026-03-25 00:00:00,Completed,Low
C000907,Meera Joshi,2000-11-28 00:00:00,Female,Mysuru,Karnataka,Self-Employed,10-20L,Mass,2022-09-17 00:00:00,Completed,Low
C000908,Aarav Kulkarni,1982-09-16 00:00:00,Male,Hyderabad,Telangana,Business,<3L,Mass Affluent,2022-09-01 00:00:00,Completed,High
C000909,Aditya Kulkarni,1989-06-01 00:00:00,Male,Bhubaneswar,Odisha,Salaried,6-10L,Mass,2024-01-29 00:00:00,Pending,Low
C000910,Ishita Joshi,1964-03-26 00:00:00,Male,Mumbai,Maharashtra,Salaried,6-10L,Mass Affluent,2024-04-14 00:00:00,Completed,Medium
C000911,Arjun Das,1976-04-12 00:00:00,Male,Pune,Maharashtra,Salaried,10-20L,Affluent,2025-02-08 00:00:00,Completed,Low
C000912,Rohan Reddy,1987-09-17 00:00:00,Female,Gurugram,Haryana,Self-Employed,10-20L,Mass,2023-10-26 00:00:00,Completed,Medium
C000913,Vivaan Kulkarni,1988-04-08 00:00:00,Male,Mumbai,Maharashtra,Retired,6-10L,Mass Affluent,2026-02-09 00:00:00,Completed,Low
C000914,Priya Kulkarni,1962-10-03 00:00:00,Male,Chennai,Tamil Nadu,Student,3-6L,Mass,2024-02-18 00:00:00,Completed,Low
C000915,Ananya Rao,1986-06-21 00:00:00,Male,Pune,Maharashtra,Salaried,3-6L,Mass,2022-08-01 00:00:00,Completed,Medium
C000916,Sneha Joshi,2001-05-16 00:00:00,Female,Mysuru,Karnataka,Salaried,6-10L,Mass Affluent,2022-07-15 00:00:00,Completed,Low
C000917,Kiran Rao,1994-06-13 00:00:00,Female,Pune,Maharashtra,Business,6-10L,Affluent,2026-05-18 00:00:00,Completed,Low
C000918,Ananya Reddy,1969-02-05 00:00:00,Male,Bhubaneswar,Odisha,Business,<3L,Mass Affluent,2022-08-09 00:00:00,Completed,Low
C000919,Aditya Joshi,1999-12-23 00:00:00,Male,Bhubaneswar,Odisha,Self-Employed,>20L,Affluent,2026-04-06 00:00:00,Completed,Low
C000920,Sneha Sharma,1989-11-30 00:00:00,Female,Hyderabad,Telangana,Salaried,3-6L,Mass,2023-04-02 00:00:00,Pending,High
C000921,Kavya Gupta,1962-06-30 00:00:00,Female,Delhi,Delhi,Salaried,<3L,Mass Affluent,2022-06-03 00:00:00,Completed,Low
C000922,Vivaan Gupta,1965-08-14 00:00:00,Female,Ahmedabad,Gujarat,Business,10-20L,Mass,2023-05-16 00:00:00,Completed,Low
C000923,Vivaan Kulkarni,2000-05-10 00:00:00,Female,Mumbai,Maharashtra,Self-Employed,6-10L,HNI,2024-10-06 00:00:00,Completed,Low
C000924,Kavya Mehta,1969-03-07 00:00:00,Female,Chennai,Tamil Nadu,Salaried,10-20L,Mass Affluent,2023-12-04 00:00:00,Completed,Low
C000925,Neha Mehta,1964-03-28 00:00:00,Female,Kolkata,West Bengal,Retired,3-6L,Mass,2025-07-13 00:00:00,Completed,Low
C000926,Kiran Singh,1979-10-03 00:00:00,Female,Kolkata,West Bengal,Self-Employed,3-6L,Mass Affluent,2024-09-30 00:00:00,Completed,Low
C000927,Vivaan Rao,1983-01-09 00:00:00,Male,Mumbai,Maharashtra,Retired,6-10L,Mass Affluent,2023-10-21 00:00:00,Completed,Low
C000928,Diya Singh,1985-02-07 00:00:00,Female,Kolkata,West Bengal,Salaried,3-6L,Affluent,2024-11-08 00:00:00,Completed,Low
C000929,Rahul Sharma,1988-11-10 00:00:00,Male,Chennai,Tamil Nadu,Salaried,6-10L,Mass Affluent,2026-05-15 00:00:00,Completed,Low
C000930,Rohan Singh,2003-10-03 00:00:00,Male,Jaipur,Rajasthan,Retired,3-6L,Affluent,2023-11-08 00:00:00,Completed,Low
C000931,Arjun Kulkarni,1993-04-04 00:00:00,Female,Mumbai,Maharashtra,Retired,3-6L,Mass,2022-09-09 00:00:00,Completed,Low
C000932,Pooja Iyer,1961-02-18 00:00:00,Male,Chennai,Tamil Nadu,Retired,<3L,Mass,2023-11-03 00:00:00,Completed,Low
C000933,Sneha Iyer,1963-11-18 00:00:00,Male,Ahmedabad,Gujarat,Business,3-6L,Mass Affluent,2025-10-11 00:00:00,Completed,Low
C000934,Rohan Reddy,1960-01-06 00:00:00,Female,Pune,Maharashtra,Salaried,3-6L,Mass,2022-12-24 00:00:00,Completed,Medium
C000935,Kiran Joshi,1977-04-24 00:00:00,Male,Kolkata,West Bengal,Salaried,10-20L,Mass,2026-04-08 00:00:00,Completed,Low
C000936,Kiran Kulkarni,1975-05-07 00:00:00,Female,Mysuru,Karnataka,Salaried,6-10L,HNI,2024-08-23 00:00:00,Completed,Medium
C000937,Nikhil Singh,2000-11-22 00:00:00,Male,Kolkata,West Bengal,Retired,3-6L,Affluent,2024-09-14 00:00:00,Completed,Medium
C000938,Aditya Joshi,1976-01-15 00:00:00,Female,Chennai,Tamil Nadu,Salaried,6-10L,Affluent,2023-06-05 00:00:00,Completed,Medium
C000939,Pooja Patil,1961-05-05 00:00:00,Female,Mumbai,Maharashtra,Business,3-6L,Mass,2026-02-20 00:00:00,Completed,Medium
C000940,Pooja Das,1998-09-19 00:00:00,Female,Bengaluru,Karnataka,Retired,3-6L,Mass,2022-03-01 00:00:00,Completed,Low
C000941,Ananya Mehta,1971-05-27 00:00:00,Female,Kolkata,West Bengal,Retired,10-20L,Affluent,2023-05-06 00:00:00,Expired,Low
C000942,Kavya Kulkarni,1999-12-23 00:00:00,Male,Mumbai,Maharashtra,Retired,6-10L,Mass,2023-11-19 00:00:00,Completed,Medium
C000943,Arjun Patil,1993-12-04 00:00:00,Female,Gurugram,Haryana,Self-Employed,6-10L,Mass,2024-02-23 00:00:00,Completed,Low
C000944,Rohan Rao,1998-07-28 00:00:00,Female,Bengaluru,Karnataka,Self-Employed,3-6L,Mass,2024-02-18 00:00:00,Completed,Low
C000945,Kavya Singh,1995-11-28 00:00:00,Female,Bhubaneswar,Odisha,Retired,<3L,Affluent,2022-08-31 00:00:00,Completed,Low
C000946,Sneha Das,1966-04-09 00:00:00,Female,Hyderabad,Telangana,Salaried,10-20L,Mass,2023-01-06 00:00:00,Completed,Low
C000947,Pooja Reddy,1987-06-06 00:00:00,Female,Bhubaneswar,Odisha,Salaried,6-10L,Mass,2022-06-06 00:00:00,Completed,Low
C000948,Sneha Kulkarni,1978-01-19 00:00:00,Female,Mysuru,Karnataka,Retired,6-10L,Mass,2024-07-28 00:00:00,Pending,Low
C000949,Sneha Sharma,1987-07-18 00:00:00,Male,Mumbai,Maharashtra,Business,>20L,Mass,2023-07-31 00:00:00,Completed,Low
C000950,Rahul Das,1992-09-03 00:00:00,Female,Chennai,Tamil Nadu,Self-Employed,3-6L,Mass Affluent,2024-07-17 00:00:00,Completed,Medium
C000951,Pooja Singh,1981-12-11 00:00:00,Male,Chennai,Tamil Nadu,Salaried,10-20L,Mass Affluent,2024-08-26 00:00:00,Completed,Medium
C000952,Vivaan Patil,1973-09-10 00:00:00,Female,Ahmedabad,Gujarat,Self-Employed,6-10L,Mass Affluent,2025-02-26 00:00:00,Completed,Low
C000953,Neha Kulkarni,2000-02-21 00:00:00,Female,Bhubaneswar,Odisha,Retired,3-6L,Mass,2024-06-17 00:00:00,Completed,Low
C000954,Nikhil Joshi,1989-01-19 00:00:00,Female,Ahmedabad,Gujarat,Self-Employed,<3L,Mass,2024-11-29 00:00:00,Completed,Low
C000955,Ananya Sharma,1998-10-16 00:00:00,Male,Mysuru,Karnataka,Salaried,6-10L,Mass,2024-08-22 00:00:00,Pending,Low
C000956,Sai Das,1970-05-22 00:00:00,Male,Pune,Maharashtra,Self-Employed,3-6L,Affluent,2024-12-07 00:00:00,Completed,Medium
C000957,Sneha Sharma,1996-09-20 00:00:00,Male,Jaipur,Rajasthan,Student,6-10L,Mass,2024-10-09 00:00:00,Completed,Low
C000958,Sai Patil,1974-03-02 00:00:00,Female,Hyderabad,Telangana,Retired,6-10L,Mass,2023-06-04 00:00:00,Completed,Medium
C000959,Ishita Rao,1980-03-03 00:00:00,Female,Jaipur,Rajasthan,Salaried,6-10L,Mass,2023-02-09 00:00:00,Completed,Low
C000960,Rahul Kulkarni,1997-09-09 00:00:00,Male,Hyderabad,Telangana,Self-Employed,6-10L,HNI,2025-07-16 00:00:00,Completed,Low
C000961,Neha Das,1975-07-16 00:00:00,Male,Bengaluru,Karnataka,Salaried,6-10L,Mass Affluent,2023-07-17 00:00:00,Completed,Low
C000962,Vivaan Das,1970-12-22 00:00:00,Male,Gurugram,Haryana,Salaried,6-10L,Mass,2024-06-20 00:00:00,Pending,Low
C000963,Sai Rao,2000-02-08 00:00:00,Male,Ahmedabad,Gujarat,Salaried,10-20L,Mass Affluent,2022-11-20 00:00:00,Completed,Low
C000964,Sneha Kulkarni,2002-03-30 00:00:00,Male,Chennai,Tamil Nadu,Self-Employed,<3L,Mass,2023-12-10 00:00:00,Pending,Low
C000965,Rahul Nair,1973-08-17 00:00:00,Male,Mysuru,Karnataka,Self-Employed,>20L,Mass Affluent,2024-05-19 00:00:00,Completed,Low
C000966,Aditya Das,1973-06-01 00:00:00,Male,Mumbai,Maharashtra,Salaried,<3L,HNI,2024-10-24 00:00:00,Completed,Low
C000967,Sai Mehta,1969-12-21 00:00:00,Male,Jaipur,Rajasthan,Salaried,3-6L,Mass Affluent,2024-05-14 00:00:00,Completed,Medium
C000968,Rahul Iyer,1961-01-11 00:00:00,Male,Bhubaneswar,Odisha,Salaried,6-10L,Affluent,2023-08-16 00:00:00,Completed,Low
C000969,Rohan Rao,1984-03-21 00:00:00,Female,Ahmedabad,Gujarat,Salaried,<3L,Mass,2026-04-29 00:00:00,Completed,Low
C000970,Meera Gupta,1971-03-02 00:00:00,Female,Mysuru,Karnataka,Business,3-6L,Mass,2024-04-21 00:00:00,Completed,Medium
C000971,Arjun Sharma,1997-03-12 00:00:00,Female,Chennai,Tamil Nadu,Salaried,3-6L,Mass Affluent,2025-08-20 00:00:00,Pending,Low
C000972,Ananya Nair,1967-07-02 00:00:00,Female,Ahmedabad,Gujarat,Salaried,6-10L,Mass Affluent,2025-04-24 00:00:00,Completed,Low
C000973,Nikhil Iyer,1987-10-30 00:00:00,Male,Chennai,Tamil Nadu,Retired,6-10L,Mass,2024-07-05 00:00:00,Completed,Low
C000974,Priya Patil,1982-03-15 00:00:00,Female,Chennai,Tamil Nadu,Salaried,<3L,Mass,2025-12-26 00:00:00,Completed,Low
C000975,Meera Singh,1986-10-21 00:00:00,Female,Gurugram,Haryana,Student,6-10L,Mass,2022-07-30 00:00:00,Completed,Medium
C000976,Sneha Gupta,1964-12-08 00:00:00,Male,Mumbai,Maharashtra,Self-Employed,3-6L,Mass,2026-02-21 00:00:00,Completed,Low
C000977,Kavya Joshi,1980-06-08 00:00:00,Male,Pune,Maharashtra,Business,>20L,Affluent,2025-10-28 00:00:00,Completed,Low
C000978,Kiran Gupta,1987-06-04 00:00:00,Male,Kolkata,West Bengal,Self-Employed,<3L,Mass,2024-04-06 00:00:00,Completed,Low
C000979,Arjun Reddy,1974-12-08 00:00:00,Female,Bengaluru,Karnataka,Salaried,6-10L,Mass Affluent,2025-04-19 00:00:00,Completed,Low
C000980,Aditya Nair,1998-04-29 00:00:00,Female,Mysuru,Karnataka,Student,6-10L,Mass,2024-05-04 00:00:00,Completed,Low
C000981,Ananya Joshi,1983-03-13 00:00:00,Male,Delhi,Delhi,Business,6-10L,Mass Affluent,2023-03-18 00:00:00,Completed,Low
C000982,Sneha Patil,1975-11-18 00:00:00,Female,Ahmedabad,Gujarat,Salaried,>20L,Affluent,2025-08-06 00:00:00,Completed,Low
C000983,Rohan Rao,1961-05-08 00:00:00,Male,Chennai,Tamil Nadu,Business,3-6L,Mass Affluent,2023-02-08 00:00:00,Completed,Low
C000984,Rahul Joshi,1967-05-19 00:00:00,Female,Chennai,Tamil Nadu,Self-Employed,10-20L,Mass Affluent,2023-06-01 00:00:00,Completed,Low
C000985,Aditya Mehta,1980-11-16 00:00:00,Male,Hyderabad,Telangana,Student,3-6L,Mass,2024-05-02 00:00:00,Completed,Medium
C000986,Priya Singh,1977-07-10 00:00:00,Female,Mysuru,Karnataka,Business,6-10L,Mass,2025-10-06 00:00:00,Completed,Medium
C000987,Kavya Reddy,1998-03-06 00:00:00,Male,Pune,Maharashtra,Salaried,3-6L,Mass Affluent,2023-09-23 00:00:00,Expired,Low
C000988,Ananya Kulkarni,1994-06-06 00:00:00,Female,Bengaluru,Karnataka,Student,3-6L,Mass Affluent,2024-03-22 00:00:00,Completed,Medium
C000989,Nikhil Gupta,1966-12-18 00:00:00,Male,Ahmedabad,Gujarat,Retired,<3L,Mass Affluent,2022-03-10 00:00:00,Completed,Low
C000990,Arjun Gupta,1985-11-28 00:00:00,Female,Ahmedabad,Gujarat,Business,<3L,Mass Affluent,2022-07-10 00:00:00,Completed,Medium
C000991,Sai Gupta,1979-11-27 00:00:00,Male,Pune,Maharashtra,Salaried,>20L,Mass,2022-04-02 00:00:00,Completed,Medium
C000992,Kiran Sharma,1964-06-06 00:00:00,Female,Pune,Maharashtra,Business,10-20L,Mass,2022-04-29 00:00:00,Pending,Medium
C000993,Rahul Mehta,1989-03-03 00:00:00,Female,Pune,Maharashtra,Self-Employed,3-6L,Affluent,2025-11-27 00:00:00,Completed,Medium
C000994,Rahul Nair,1983-07-13 00:00:00,Female,Jaipur,Rajasthan,Salaried,6-10L,Mass Affluent,2025-10-14 00:00:00,Completed,Medium
C000995,Priya Reddy,1963-10-31 00:00:00,Male,Gurugram,Haryana,Student,6-10L,Mass Affluent,2025-09-11 00:00:00,Completed,Low
C000996,Aditya Patil,1980-07-03 00:00:00,Female,Ahmedabad,Gujarat,Self-Employed,3-6L,Mass Affluent,2022-04-02 00:00:00,Completed,High
C000997,Kavya Iyer,1992-01-19 00:00:00,Male,Gurugram,Haryana,Student,3-6L,Affluent,2022-05-08 00:00:00,Completed,Low
C000998,Kiran Mehta,1974-04-30 00:00:00,Male,Kolkata,West Bengal,Business,6-10L,Affluent,2023-04-06 00:00:00,Completed,Low
C000999,Pooja Iyer,1975-08-20 00:00:00,Male,Hyderabad,Telangana,Salaried,3-6L,Mass,2024-07-17 00:00:00,Pending,Low
C001000,Aditya Reddy,1964-10-28 00:00:00,Male,Pune,Maharashtra,Retired,6-10L,Affluent,2023-07-03 00:00:00,Completed,Low
C001001,Rohan Rao,1968-12-13 00:00:00,Female,Jaipur,Rajasthan,Self-Employed,3-6L,Mass,2024-03-11 00:00:00,Completed,Low
C001002,Aditya Nair,2002-12-23 00:00:00,Male,Kolkata,West Bengal,Self-Employed,<3L,Mass,2022-10-12 00:00:00,Completed,Low
C001003,Sneha Rao,1987-03-12 00:00:00,Female,Ahmedabad,Gujarat,Salaried,6-10L,Affluent,2025-04-14 00:00:00,Completed,Low
C001004,Nikhil Kulkarni,1967-09-17 00:00:00,Female,Bhubaneswar,Odisha,Salaried,6-10L,Mass,2023-05-31 00:00:00,Completed,Low
C001005,Sai Mehta,1981-02-23 00:00:00,Male,Mumbai,Maharashtra,Business,>20L,Mass,2022-04-20 00:00:00,Completed,Low
C001006,Ananya Reddy,1968-06-10 00:00:00,Female,Mysuru,Karnataka,Salaried,3-6L,Mass Affluent,2025-05-04 00:00:00,Completed,Low
C001007,Pooja Mehta,1979-05-24 00:00:00,Male,Hyderabad,Telangana,Retired,10-20L,HNI,2026-01-22 00:00:00,Completed,Low
C001008,Vivaan Patil,1966-05-18 00:00:00,Male,Pune,Maharashtra,Retired,>20L,Mass,2022-01-25 00:00:00,Completed,Medium
C001009,Nikhil Reddy,1987-02-08 00:00:00,Female,Gurugram,Haryana,Business,6-10L,Mass Affluent,2023-12-19 00:00:00,Completed,Low
C001010,Kavya Reddy,1984-12-23 00:00:00,Female,Mumbai,Maharashtra,Salaried,>20L,Mass,2025-09-20 00:00:00,Completed,Low
C001011,Ananya Kulkarni,1987-09-30 00:00:00,Female,Delhi,Delhi,Business,>20L,Mass,2025-03-05 00:00:00,Completed,High
C001012,Ishita Kulkarni,1979-06-08 00:00:00,Male,Delhi,Delhi,Salaried,10-20L,Mass Affluent,2025-11-07 00:00:00,Completed,Medium
C001013,Nikhil Singh,1972-07-11 00:00:00,Female,Delhi,Delhi,Business,>20L,Mass Affluent,2023-11-13 00:00:00,Completed,Low
C001014,Aditya Singh,1970-12-06 00:00:00,Male,Kolkata,West Bengal,Self-Employed,6-10L,Mass Affluent,2023-09-04 00:00:00,Completed,Low
C001015,Diya Rao,1969-06-04 00:00:00,Male,Chennai,Tamil Nadu,Retired,6-10L,Mass Affluent,2025-03-10 00:00:00,Completed,Low
C001016,Priya Singh,1978-10-23 00:00:00,Female,Gurugram,Haryana,Salaried,10-20L,HNI,2022-09-10 00:00:00,Completed,Medium
C001017,Sai Rao,1979-10-11 00:00:00,Male,Mysuru,Karnataka,Salaried,10-20L,Mass Affluent,2023-01-29 00:00:00,Completed,Medium
C001018,Kavya Das,1989-07-03 00:00:00,Male,Hyderabad,Telangana,Retired,<3L,Mass,2024-09-13 00:00:00,Completed,Medium
C001019,Priya Patil,1962-04-18 00:00:00,Male,Mumbai,Maharashtra,Self-Employed,3-6L,Mass Affluent,2025-01-02 00:00:00,Completed,High
C001020,Nikhil Rao,1972-05-04 00:00:00,Male,Pune,Maharashtra,Student,3-6L,Mass Affluent,2022-07-16 00:00:00,Completed,Medium
C001021,Ananya Das,1997-05-07 00:00:00,Female,Delhi,Delhi,Retired,10-20L,Mass,2024-04-14 00:00:00,Completed,Low
C001022,Sai Reddy,2000-02-03 00:00:00,Male,Mysuru,Karnataka,Self-Employed,3-6L,Mass Affluent,2023-08-23 00:00:00,Completed,Low
C001023,Rohan Das,2000-10-11 00:00:00,Female,Delhi,Delhi,Salaried,3-6L,Mass Affluent,2024-04-03 00:00:00,Completed,Low
C001024,Vivaan Sharma,1973-06-02 00:00:00,Male,Pune,Maharashtra,Self-Employed,6-10L,Mass,2026-04-23 00:00:00,Completed,Low
C001025,Aditya Sharma,1966-01-03 00:00:00,Female,Jaipur,Rajasthan,Student,<3L,Mass,2022-05-06 00:00:00,Pending,Low
C001026,Meera Rao,1968-09-05 00:00:00,Female,Jaipur,Rajasthan,Retired,>20L,Mass,2026-06-23 00:00:00,Completed,Low
C001027,Diya Das,1965-10-10 00:00:00,Male,Bengaluru,Karnataka,Salaried,6-10L,Mass,2024-01-09 00:00:00,Completed,Medium
C001028,Pooja Das,2001-10-25 00:00:00,Female,Chennai,Tamil Nadu,Business,3-6L,Affluent,2025-06-21 00:00:00,Completed,Low
C001029,Aarav Nair,1998-09-12 00:00:00,Female,Chennai,Tamil Nadu,Salaried,3-6L,Mass,2023-11-28 00:00:00,Pending,Medium
C001030,Priya Singh,1995-07-04 00:00:00,Female,Delhi,Delhi,Self-Employed,10-20L,Mass Affluent,2023-05-26 00:00:00,Completed,Medium
C001031,Kavya Nair,1991-12-20 00:00:00,Male,Gurugram,Haryana,Business,6-10L,Mass Affluent,2025-06-19 00:00:00,Completed,Low
C001032,Ishita Rao,1975-01-12 00:00:00,Female,Ahmedabad,Gujarat,Student,6-10L,Mass,2025-02-03 00:00:00,Completed,Low
C001033,Neha Singh,1980-11-02 00:00:00,Female,Delhi,Delhi,Salaried,3-6L,Mass,2022-08-25 00:00:00,Completed,Low
C001034,Sneha Patil,1996-11-09 00:00:00,Male,Bengaluru,Karnataka,Salaried,10-20L,Mass,2025-03-04 00:00:00,Completed,Medium
C001035,Vivaan Reddy,1995-09-03 00:00:00,Male,Delhi,Delhi,Salaried,10-20L,Mass,2025-05-21 00:00:00,Completed,Medium
C001036,Sneha Iyer,1982-09-23 00:00:00,Female,Pune,Maharashtra,Salaried,6-10L,Mass,2023-09-29 00:00:00,Completed,Low
C001037,Kiran Nair,1996-09-08 00:00:00,Female,Delhi,Delhi,Salaried,3-6L,Mass,2026-02-28 00:00:00,Completed,Low
C001038,Diya Kulkarni,1975-03-11 00:00:00,Male,Mumbai,Maharashtra,Student,>20L,Mass Affluent,2024-11-18 00:00:00,Completed,Medium
C001039,Sai Kulkarni,1978-02-11 00:00:00,Male,Mysuru,Karnataka,Salaried,6-10L,Mass Affluent,2023-07-02 00:00:00,Completed,Low
C001040,Rohan Joshi,1996-10-11 00:00:00,Male,Bhubaneswar,Odisha,Salaried,3-6L,Mass,2022-01-18 00:00:00,Completed,Low
C001041,Rahul Iyer,1976-06-27 00:00:00,Female,Mysuru,Karnataka,Business,>20L,Mass,2025-01-13 00:00:00,Completed,Low
C001042,Sai Kulkarni,1992-12-12 00:00:00,Female,Kolkata,West Bengal,Salaried,10-20L,Affluent,2022-12-10 00:00:00,Completed,Low
C001043,Nikhil Mehta,1979-11-09 00:00:00,Female,Kolkata,West Bengal,Salaried,10-20L,Mass,2025-05-27 00:00:00,Completed,Medium
C001044,Arjun Kulkarni,1973-01-17 00:00:00,Male,Chennai,Tamil Nadu,Retired,10-20L,Mass Affluent,2024-05-12 00:00:00,Completed,Low
C001045,Ishita Nair,1969-08-02 00:00:00,Male,Jaipur,Rajasthan,Salaried,3-6L,Mass,2024-02-06 00:00:00,Completed,Medium
C001046,Arjun Singh,1986-07-29 00:00:00,Male,Bengaluru,Karnataka,Salaried,6-10L,Affluent,2022-09-26 00:00:00,Completed,Medium
C001047,Sneha Gupta,1981-01-04 00:00:00,Female,Pune,Maharashtra,Self-Employed,3-6L,Mass,2025-03-14 00:00:00,Completed,Low
C001048,Sai Patil,1976-03-07 00:00:00,Male,Mumbai,Maharashtra,Salaried,6-10L,Mass,2022-09-30 00:00:00,Completed,Medium
C001049,Vivaan Singh,1992-07-21 00:00:00,Male,Hyderabad,Telangana,Salaried,3-6L,Mass Affluent,2023-11-17 00:00:00,Completed,Low
C001050,Neha Das,1960-01-17 00:00:00,Female,Chennai,Tamil Nadu,Salaried,3-6L,Mass,2025-10-05 00:00:00,Completed,Low
C001051,Pooja Gupta,1964-01-15 00:00:00,Female,Jaipur,Rajasthan,Salaried,>20L,Mass Affluent,2026-02-20 00:00:00,Completed,Low
C001052,Ananya Kulkarni,2002-02-18 00:00:00,Male,Delhi,Delhi,Student,3-6L,Mass,2026-06-13 00:00:00,Completed,Medium
C001053,Rohan Gupta,1989-01-24 00:00:00,Male,Mumbai,Maharashtra,Salaried,10-20L,Mass,2026-04-23 00:00:00,Completed,Medium
C001054,Ananya Nair,1984-01-29 00:00:00,Male,Bhubaneswar,Odisha,Salaried,3-6L,Mass,2024-07-01 00:00:00,Completed,Low
C001055,Nikhil Nair,1960-08-23 00:00:00,Female,Kolkata,West Bengal,Salaried,<3L,Mass Affluent,2022-11-26 00:00:00,Completed,Low
C001056,Kiran Singh,1986-03-19 00:00:00,Female,Ahmedabad,Gujarat,Retired,<3L,Affluent,2025-10-09 00:00:00,Completed,High
C001057,Kiran Sharma,1979-01-17 00:00:00,Female,Gurugram,Haryana,Salaried,3-6L,Mass,2025-08-09 00:00:00,Completed,Low
C001058,Aditya Iyer,1986-04-12 00:00:00,Male,Gurugram,Haryana,Student,6-10L,Affluent,2026-06-15 00:00:00,Completed,Low
C001059,Nikhil Nair,1961-10-18 00:00:00,Male,Delhi,Delhi,Salaried,3-6L,Mass Affluent,2024-12-04 00:00:00,Completed,Low
C001060,Ishita Gupta,1984-02-14 00:00:00,Female,Kolkata,West Bengal,Retired,6-10L,Mass,2022-08-21 00:00:00,Completed,Low
C001061,Rahul Sharma,1985-04-24 00:00:00,Female,Mumbai,Maharashtra,Salaried,6-10L,Mass,2024-04-05 00:00:00,Completed,Low
C001062,Vivaan Singh,1972-09-14 00:00:00,Male,Bhubaneswar,Odisha,Salaried,<3L,Mass,2024-01-07 00:00:00,Completed,Low
C001063,Kiran Das,1962-05-22 00:00:00,Female,Mumbai,Maharashtra,Self-Employed,3-6L,Mass,2025-10-16 00:00:00,Completed,Medium
C001064,Kiran Singh,2002-07-24 00:00:00,Female,Gurugram,Haryana,Salaried,<3L,Mass Affluent,2023-10-07 00:00:00,Completed,Medium
C001065,Priya Sharma,1991-01-28 00:00:00,Male,Pune,Maharashtra,Business,<3L,Mass,2023-06-24 00:00:00,Completed,Low
C001066,Arjun Iyer,1987-03-26 00:00:00,Female,Chennai,Tamil Nadu,Self-Employed,3-6L,Mass,2022-05-12 00:00:00,Completed,Medium
C001067,Sai Singh,1993-08-08 00:00:00,Male,Kolkata,West Bengal,Business,6-10L,Mass Affluent,2025-10-03 00:00:00,Completed,Low
C001068,Rahul Iyer,1989-05-22 00:00:00,Female,Bhubaneswar,Odisha,Salaried,6-10L,Mass,2025-05-25 00:00:00,Completed,Medium
C001069,Rahul Sharma,1965-11-20 00:00:00,Male,Ahmedabad,Gujarat,Business,10-20L,Affluent,2022-03-09 00:00:00,Completed,Low
C001070,Neha Sharma,1979-12-03 00:00:00,Female,Mumbai,Maharashtra,Salaried,10-20L,Mass Affluent,2023-12-14 00:00:00,Pending,Low
C001071,Priya Gupta,1998-12-05 00:00:00,Female,Mumbai,Maharashtra,Retired,6-10L,Mass,2024-02-27 00:00:00,Completed,Low
C001072,Rahul Mehta,1972-08-10 00:00:00,Male,Jaipur,Rajasthan,Business,3-6L,Mass,2024-02-10 00:00:00,Completed,Low
C001073,Kavya Patil,2002-08-03 00:00:00,Male,Gurugram,Haryana,Self-Employed,<3L,Mass,2026-02-17 00:00:00,Completed,Medium
C001074,Neha Mehta,1962-10-26 00:00:00,Female,Mysuru,Karnataka,Student,6-10L,HNI,2022-09-05 00:00:00,Completed,Low
C001075,Sneha Mehta,1974-06-27 00:00:00,Female,Ahmedabad,Gujarat,Self-Employed,3-6L,Mass,2023-05-19 00:00:00,Completed,Low
C001076,Meera Das,1975-05-05 00:00:00,Female,Chennai,Tamil Nadu,Self-Employed,3-6L,Affluent,2022-10-25 00:00:00,Completed,Low
C001077,Arjun Reddy,1987-01-17 00:00:00,Female,Bengaluru,Karnataka,Salaried,>20L,HNI,2023-02-05 00:00:00,Completed,Medium
C001078,Arjun Iyer,1967-09-18 00:00:00,Female,Ahmedabad,Gujarat,Business,3-6L,Mass,2026-01-29 00:00:00,Completed,Low
C001079,Rahul Kulkarni,1970-01-14 00:00:00,Female,Chennai,Tamil Nadu,Salaried,<3L,Mass Affluent,2026-03-25 00:00:00,Completed,Medium
C001080,Priya Kulkarni,1989-01-01 00:00:00,Female,Chennai,Tamil Nadu,Salaried,>20L,Mass Affluent,2022-03-15 00:00:00,Completed,Medium
C001081,Sai Gupta,1972-06-20 00:00:00,Male,Jaipur,Rajasthan,Business,3-6L,Mass,2024-11-03 00:00:00,Completed,Medium
C001082,Nikhil Iyer,1998-07-04 00:00:00,Female,Gurugram,Haryana,Salaried,3-6L,Affluent,2023-01-18 00:00:00,Completed,Low
C001083,Nikhil Sharma,1998-02-13 00:00:00,Male,Gurugram,Haryana,Business,<3L,Mass,2022-11-13 00:00:00,Completed,Medium
C001084,Vivaan Sharma,1973-04-06 00:00:00,Female,Chennai,Tamil Nadu,Salaried,3-6L,Affluent,2023-04-25 00:00:00,Completed,Low
C001085,Sai Joshi,1984-07-12 00:00:00,Male,Mumbai,Maharashtra,Salaried,>20L,Mass Affluent,2022-11-16 00:00:00,Completed,Low
C001086,Rohan Nair,1974-08-01 00:00:00,Male,Mysuru,Karnataka,Student,6-10L,Mass,2024-03-15 00:00:00,Completed,High
C001087,Nikhil Nair,1975-02-08 00:00:00,Female,Jaipur,Rajasthan,Salaried,6-10L,Mass,2026-06-23 00:00:00,Completed,Low
C001088,Sai Das,1989-05-13 00:00:00,Female,Mumbai,Maharashtra,Business,3-6L,Mass,2024-08-20 00:00:00,Completed,Low
C001089,Nikhil Reddy,1972-11-03 00:00:00,Female,Hyderabad,Telangana,Self-Employed,3-6L,Mass,2025-04-02 00:00:00,Completed,Low
C001090,Rohan Das,1966-07-16 00:00:00,Female,Pune,Maharashtra,Student,6-10L,Mass Affluent,2024-03-20 00:00:00,Completed,High
C001091,Rohan Reddy,1971-05-08 00:00:00,Male,Mumbai,Maharashtra,Salaried,3-6L,Mass,2022-01-23 00:00:00,Completed,Low
C001092,Neha Das,2000-09-17 00:00:00,Female,Chennai,Tamil Nadu,Business,3-6L,Affluent,2022-05-19 00:00:00,Completed,Medium
C001093,Kavya Das,1971-05-12 00:00:00,Male,Ahmedabad,Gujarat,Salaried,6-10L,Mass,2023-03-18 00:00:00,Completed,Low
C001094,Rohan Mehta,1975-12-09 00:00:00,Male,Gurugram,Haryana,Salaried,10-20L,Mass,2023-02-05 00:00:00,Completed,Low
C001095,Nikhil Mehta,1987-07-19 00:00:00,Male,Mysuru,Karnataka,Salaried,10-20L,Mass,2025-10-12 00:00:00,Completed,Low
C001096,Kiran Joshi,1964-06-07 00:00:00,Female,Mumbai,Maharashtra,Salaried,10-20L,Mass,2025-10-17 00:00:00,Completed,Medium
C001097,Kavya Nair,1971-10-05 00:00:00,Female,Mysuru,Karnataka,Self-Employed,6-10L,Mass Affluent,2025-11-03 00:00:00,Completed,Low
C001098,Aarav Kulkarni,1967-08-26 00:00:00,Female,Jaipur,Rajasthan,Salaried,10-20L,Mass,2024-11-12 00:00:00,Pending,Medium
C001099,Rohan Rao,2000-06-28 00:00:00,Male,Pune,Maharashtra,Salaried,10-20L,Mass Affluent,2024-07-02 00:00:00,Completed,Low
C001100,Arjun Iyer,2000-11-09 00:00:00,Female,Delhi,Delhi,Self-Employed,<3L,Mass Affluent,2024-12-01 00:00:00,Completed,Medium
C001101,Kavya Joshi,1993-02-07 00:00:00,Male,Bengaluru,Karnataka,Self-Employed,3-6L,Mass,2023-10-30 00:00:00,Completed,Low
C001102,Aarav Das,1970-10-28 00:00:00,Male,Gurugram,Haryana,Salaried,3-6L,Mass,2025-01-05 00:00:00,Completed,Low
C001103,Kiran Singh,1987-01-01 00:00:00,Male,Jaipur,Rajasthan,Salaried,>20L,Mass,2025-07-28 00:00:00,Completed,Low
C001104,Ishita Joshi,1989-01-04 00:00:00,Male,Delhi,Delhi,Salaried,10-20L,Mass,2025-06-06 00:00:00,Completed,Low
C001105,Vivaan Das,1998-01-31 00:00:00,Male,Chennai,Tamil Nadu,Business,10-20L,Mass Affluent,2024-10-04 00:00:00,Completed,Low
C001106,Kiran Reddy,1966-11-03 00:00:00,Male,Mumbai,Maharashtra,Student,3-6L,Mass,2022-04-06 00:00:00,Completed,Low
C001107,Nikhil Rao,1992-04-02 00:00:00,Female,Mysuru,Karnataka,Self-Employed,>20L,Mass,2025-04-05 00:00:00,Completed,High
C001108,Neha Reddy,1968-07-02 00:00:00,Male,Kolkata,West Bengal,Business,<3L,Mass,2023-08-25 00:00:00,Pending,Low
C001109,Ishita Sharma,1984-11-29 00:00:00,Male,Bengaluru,Karnataka,Salaried,3-6L,Mass,2025-05-06 00:00:00,Completed,Low
C001110,Arjun Gupta,1998-07-07 00:00:00,Female,Gurugram,Haryana,Retired,6-10L,Affluent,2024-06-04 00:00:00,Completed,Low
C001111,Aarav Nair,1962-09-20 00:00:00,Male,Pune,Maharashtra,Salaried,10-20L,Affluent,2025-12-17 00:00:00,Completed,Low
C001112,Rohan Iyer,1966-06-26 00:00:00,Male,Bengaluru,Karnataka,Salaried,10-20L,Mass Affluent,2023-07-10 00:00:00,Completed,Low
C001113,Sai Iyer,1995-08-15 00:00:00,Male,Hyderabad,Telangana,Salaried,3-6L,Mass,2026-03-10 00:00:00,Completed,High
C001114,Diya Iyer,1960-10-27 00:00:00,Female,Bhubaneswar,Odisha,Salaried,3-6L,Mass,2025-10-18 00:00:00,Completed,Low
C001115,Nikhil Das,1990-01-05 00:00:00,Female,Bengaluru,Karnataka,Business,6-10L,Mass,2023-06-28 00:00:00,Completed,Low
C001116,Kiran Joshi,1981-12-15 00:00:00,Male,Ahmedabad,Gujarat,Salaried,<3L,Mass Affluent,2024-03-03 00:00:00,Completed,Low
C001117,Vivaan Joshi,1975-03-08 00:00:00,Male,Hyderabad,Telangana,Salaried,10-20L,Mass,2024-05-22 00:00:00,Pending,Low
C001118,Sai Mehta,1997-10-16 00:00:00,Male,Kolkata,West Bengal,Salaried,3-6L,Mass,2025-06-16 00:00:00,Completed,Low
C001119,Diya Mehta,1997-03-10 00:00:00,Female,Mysuru,Karnataka,Retired,3-6L,Mass Affluent,2025-02-05 00:00:00,Completed,Medium
C001120,Rohan Rao,1974-04-12 00:00:00,Female,Jaipur,Rajasthan,Business,3-6L,Mass Affluent,2025-10-31 00:00:00,Completed,Low
C001121,Kiran Mehta,1960-03-11 00:00:00,Male,Bengaluru,Karnataka,Retired,6-10L,Mass,2023-08-31 00:00:00,Completed,Low
C001122,Neha Kulkarni,1965-08-12 00:00:00,Male,Jaipur,Rajasthan,Student,10-20L,Mass,2024-04-08 00:00:00,Completed,Low
C001123,Ananya Nair,1964-09-13 00:00:00,Female,Chennai,Tamil Nadu,Student,3-6L,Affluent,2023-12-09 00:00:00,Completed,High
C001124,Priya Kulkarni,2003-01-10 00:00:00,Male,Delhi,Delhi,Salaried,3-6L,Mass,2026-02-02 00:00:00,Completed,Low
C001125,Priya Kulkarni,1986-02-23 00:00:00,Female,Bengaluru,Karnataka,Salaried,>20L,Affluent,2023-05-16 00:00:00,Completed,Low
C001126,Meera Das,1989-08-23 00:00:00,Male,Chennai,Tamil Nadu,Salaried,6-10L,Mass,2024-08-22 00:00:00,Completed,Low
C001127,Kiran Gupta,1970-02-11 00:00:00,Female,Mysuru,Karnataka,Salaried,3-6L,Affluent,2022-07-17 00:00:00,Completed,Low
C001128,Ishita Singh,1997-04-07 00:00:00,Female,Chennai,Tamil Nadu,Business,3-6L,Affluent,2025-10-28 00:00:00,Completed,Low
C001129,Priya Singh,1991-08-28 00:00:00,Female,Ahmedabad,Gujarat,Salaried,>20L,Mass,2023-09-23 00:00:00,Completed,Low
C001130,Ishita Singh,1992-12-12 00:00:00,Female,Pune,Maharashtra,Salaried,6-10L,Mass Affluent,2023-07-14 00:00:00,Completed,Low
C001131,Kavya Joshi,1980-07-05 00:00:00,Female,Mumbai,Maharashtra,Business,3-6L,Mass,2024-08-15 00:00:00,Completed,Low
C001132,Diya Joshi,1990-08-02 00:00:00,Male,Mumbai,Maharashtra,Salaried,<3L,Mass,2024-03-30 00:00:00,Completed,Medium
C001133,Kiran Kulkarni,1983-10-31 00:00:00,Female,Mumbai,Maharashtra,Salaried,3-6L,Mass,2025-10-24 00:00:00,Completed,Low
C001134,Kiran Kulkarni,1976-11-05 00:00:00,Female,Mysuru,Karnataka,Salaried,3-6L,Mass Affluent,2024-05-22 00:00:00,Completed,Low
C001135,Priya Joshi,1986-01-15 00:00:00,Male,Mumbai,Maharashtra,Business,<3L,Mass,2024-04-28 00:00:00,Expired,Low
C001136,Meera Singh,1974-03-17 00:00:00,Male,Chennai,Tamil Nadu,Salaried,3-6L,Mass,2022-06-22 00:00:00,Completed,Low
C001137,Arjun Das,2001-09-27 00:00:00,Female,Pune,Maharashtra,Salaried,<3L,HNI,2022-02-06 00:00:00,Completed,Low
C001138,Priya Iyer,1991-05-29 00:00:00,Female,Ahmedabad,Gujarat,Salaried,3-6L,Affluent,2023-10-17 00:00:00,Completed,Low
C001139,Neha Kulkarni,1992-05-15 00:00:00,Female,Ahmedabad,Gujarat,Business,6-10L,Mass,2026-06-28 00:00:00,Completed,Low
C001140,Sai Singh,1991-05-25 00:00:00,Male,Ahmedabad,Gujarat,Salaried,6-10L,Mass,2026-02-15 00:00:00,Completed,Low
C001141,Vivaan Singh,1979-08-22 00:00:00,Female,Hyderabad,Telangana,Salaried,10-20L,Mass,2024-10-29 00:00:00,Completed,Low
C001142,Aditya Kulkarni,2001-08-22 00:00:00,Female,Pune,Maharashtra,Student,3-6L,Mass,2024-11-01 00:00:00,Completed,Low
C001143,Sneha Rao,1969-02-07 00:00:00,Female,Bhubaneswar,Odisha,Student,10-20L,Affluent,2023-10-05 00:00:00,Pending,Low
C001144,Meera Joshi,1984-11-28 00:00:00,Female,Mumbai,Maharashtra,Salaried,10-20L,HNI,2022-10-19 00:00:00,Completed,Low
C001145,Kiran Gupta,1963-01-15 00:00:00,Male,Gurugram,Haryana,Salaried,>20L,Mass,2022-01-15 00:00:00,Completed,Low
C001146,Diya Mehta,1972-11-26 00:00:00,Male,Gurugram,Haryana,Salaried,3-6L,Mass,2023-07-11 00:00:00,Completed,Low
C001147,Meera Mehta,1985-03-02 00:00:00,Female,Kolkata,West Bengal,Business,3-6L,Mass,2023-06-04 00:00:00,Completed,Low
C001148,Meera Reddy,1981-06-11 00:00:00,Male,Hyderabad,Telangana,Salaried,6-10L,Mass,2022-11-11 00:00:00,Completed,High
C001149,Arjun Das,2001-03-24 00:00:00,Male,Ahmedabad,Gujarat,Retired,<3L,Mass,2023-03-02 00:00:00,Completed,Low
C001150,Ishita Gupta,1986-11-19 00:00:00,Male,Bhubaneswar,Odisha,Business,<3L,Mass,2022-02-10 00:00:00,Completed,Low
C001151,Vivaan Rao,1978-01-09 00:00:00,Male,Delhi,Delhi,Self-Employed,<3L,Mass,2024-09-25 00:00:00,Pending,Medium
C001152,Nikhil Gupta,1978-09-10 00:00:00,Male,Jaipur,Rajasthan,Salaried,6-10L,Mass,2026-03-03 00:00:00,Pending,Low
C001153,Ishita Sharma,1986-10-16 00:00:00,Female,Mumbai,Maharashtra,Student,10-20L,Affluent,2025-02-08 00:00:00,Completed,Low
C001154,Arjun Iyer,1994-08-28 00:00:00,Male,Jaipur,Rajasthan,Business,3-6L,Mass Affluent,2024-01-06 00:00:00,Completed,Medium
C001155,Rohan Joshi,1972-02-11 00:00:00,Male,Mumbai,Maharashtra,Business,>20L,Mass,2023-11-22 00:00:00,Completed,Low
C001156,Kiran Patil,1985-08-10 00:00:00,Male,Jaipur,Rajasthan,Salaried,10-20L,Mass,2023-05-20 00:00:00,Completed,Low
C001157,Sai Sharma,1985-03-05 00:00:00,Female,Delhi,Delhi,Business,<3L,Affluent,2022-08-22 00:00:00,Completed,Low
C001158,Priya Reddy,1960-05-30 00:00:00,Female,Bhubaneswar,Odisha,Business,3-6L,Mass,2024-09-09 00:00:00,Pending,Low
C001159,Pooja Rao,1999-12-26 00:00:00,Male,Mysuru,Karnataka,Retired,<3L,Affluent,2024-07-19 00:00:00,Completed,Low
C001160,Kiran Nair,1984-12-17 00:00:00,Male,Gurugram,Haryana,Self-Employed,10-20L,Mass,2022-01-13 00:00:00,Completed,Medium
C001161,Diya Singh,1970-08-09 00:00:00,Male,Jaipur,Rajasthan,Self-Employed,10-20L,Affluent,2023-11-14 00:00:00,Completed,Low
C001162,Rohan Singh,1987-10-03 00:00:00,Female,Bengaluru,Karnataka,Salaried,6-10L,Mass,2023-04-02 00:00:00,Completed,Low
C001163,Vivaan Patil,1989-09-10 00:00:00,Male,Pune,Maharashtra,Business,6-10L,Mass Affluent,2022-10-07 00:00:00,Completed,High
C001164,Ishita Mehta,2000-02-04 00:00:00,Male,Mysuru,Karnataka,Retired,3-6L,Mass,2025-02-28 00:00:00,Completed,High
C001165,Vivaan Reddy,1961-06-29 00:00:00,Female,Pune,Maharashtra,Self-Employed,>20L,Mass Affluent,2024-05-13 00:00:00,Completed,Low
C001166,Pooja Reddy,1978-02-14 00:00:00,Female,Delhi,Delhi,Salaried,10-20L,Mass Affluent,2024-11-06 00:00:00,Completed,Low
C001167,Vivaan Iyer,1967-11-22 00:00:00,Male,Chennai,Tamil Nadu,Salaried,10-20L,Mass,2025-03-17 00:00:00,Completed,Medium
C001168,Kiran Reddy,1985-03-01 00:00:00,Male,Pune,Maharashtra,Self-Employed,6-10L,Mass Affluent,2026-06-01 00:00:00,Completed,Medium
C001169,Kavya Sharma,1981-12-21 00:00:00,Male,Mysuru,Karnataka,Student,<3L,Mass,2025-08-11 00:00:00,Completed,Medium
C001170,Aarav Singh,1980-10-21 00:00:00,Female,Mumbai,Maharashtra,Salaried,<3L,Mass,2024-10-15 00:00:00,Completed,Medium
C001171,Arjun Kulkarni,2003-01-07 00:00:00,Female,Bhubaneswar,Odisha,Salaried,<3L,Mass,2025-12-14 00:00:00,Completed,Medium
C001172,Kavya Nair,1983-04-16 00:00:00,Male,Bhubaneswar,Odisha,Retired,6-10L,Mass Affluent,2024-02-24 00:00:00,Completed,Low
C001173,Priya Mehta,1978-01-02 00:00:00,Female,Mumbai,Maharashtra,Self-Employed,10-20L,Affluent,2026-06-05 00:00:00,Completed,Low
C001174,Kiran Reddy,1962-12-12 00:00:00,Male,Mumbai,Maharashtra,Salaried,>20L,Mass,2025-06-04 00:00:00,Completed,Low
C001175,Nikhil Nair,1972-09-07 00:00:00,Male,Bengaluru,Karnataka,Salaried,3-6L,Mass Affluent,2024-12-04 00:00:00,Completed,Medium
C001176,Meera Gupta,1999-04-22 00:00:00,Female,Bhubaneswar,Odisha,Salaried,3-6L,Affluent,2026-01-23 00:00:00,Completed,Low
C001177,Arjun Kulkarni,1979-10-14 00:00:00,Male,Kolkata,West Bengal,Salaried,<3L,Mass Affluent,2024-04-25 00:00:00,Completed,Low
C001178,Ananya Joshi,1999-11-18 00:00:00,Female,Ahmedabad,Gujarat,Business,>20L,Mass,2025-03-29 00:00:00,Completed,Low
C001179,Sneha Rao,1983-05-02 00:00:00,Male,Pune,Maharashtra,Self-Employed,10-20L,Mass,2023-04-13 00:00:00,Completed,High
C001180,Meera Joshi,1984-01-03 00:00:00,Female,Chennai,Tamil Nadu,Self-Employed,6-10L,Mass,2026-05-01 00:00:00,Completed,Low
C001181,Ananya Sharma,1978-10-30 00:00:00,Male,Bengaluru,Karnataka,Self-Employed,6-10L,Mass,2024-10-20 00:00:00,Completed,Medium
C001182,Rohan Singh,1984-05-18 00:00:00,Male,Kolkata,West Bengal,Salaried,6-10L,Mass,2025-07-08 00:00:00,Pending,Low
C001183,Diya Reddy,1962-12-02 00:00:00,Female,Hyderabad,Telangana,Salaried,3-6L,Mass Affluent,2024-01-27 00:00:00,Completed,Low
C001184,Neha Iyer,1962-07-09 00:00:00,Male,Pune,Maharashtra,Salaried,3-6L,Mass Affluent,2025-11-24 00:00:00,Completed,Low
C001185,Nikhil Kulkarni,1980-11-03 00:00:00,Female,Kolkata,West Bengal,Salaried,3-6L,Mass Affluent,2022-05-02 00:00:00,Completed,Low
C001186,Aditya Iyer,1986-03-12 00:00:00,Female,Chennai,Tamil Nadu,Business,3-6L,Mass,2022-07-07 00:00:00,Completed,Medium
C001187,Arjun Reddy,1984-02-17 00:00:00,Male,Gurugram,Haryana,Salaried,6-10L,Mass,2024-04-12 00:00:00,Completed,Low
C001188,Sai Nair,1978-10-19 00:00:00,Female,Mumbai,Maharashtra,Business,3-6L,Mass Affluent,2025-04-17 00:00:00,Completed,Medium
C001189,Rohan Gupta,1972-11-17 00:00:00,Male,Bengaluru,Karnataka,Salaried,6-10L,Mass,2025-08-21 00:00:00,Completed,Medium
C001190,Aarav Singh,1991-01-22 00:00:00,Female,Bhubaneswar,Odisha,Salaried,6-10L,Affluent,2023-12-24 00:00:00,Completed,Low
C001191,Neha Gupta,1986-06-28 00:00:00,Female,Pune,Maharashtra,Salaried,6-10L,Mass,2024-12-02 00:00:00,Completed,Low
C001192,Sneha Singh,1962-01-23 00:00:00,Male,Pune,Maharashtra,Self-Employed,>20L,Mass,2024-06-27 00:00:00,Completed,Low
C001193,Rohan Singh,1979-10-26 00:00:00,Female,Kolkata,West Bengal,Self-Employed,3-6L,Mass Affluent,2026-04-28 00:00:00,Completed,Low
C001194,Aarav Singh,1991-02-21 00:00:00,Male,Pune,Maharashtra,Business,6-10L,Mass Affluent,2024-12-10 00:00:00,Completed,Low
C001195,Rahul Joshi,1994-05-08 00:00:00,Female,Delhi,Delhi,Salaried,<3L,Mass,2023-11-16 00:00:00,Completed,Low
C001196,Ishita Sharma,1972-07-26 00:00:00,Female,Kolkata,West Bengal,Self-Employed,10-20L,Mass Affluent,2026-05-12 00:00:00,Completed,High
C001197,Arjun Nair,2000-07-08 00:00:00,Male,Chennai,Tamil Nadu,Business,6-10L,Mass,2022-06-26 00:00:00,Completed,Low
C001198,Kavya Reddy,1988-07-19 00:00:00,Female,Chennai,Tamil Nadu,Salaried,3-6L,Mass,2026-06-05 00:00:00,Completed,Medium
C001199,Neha Rao,1979-03-04 00:00:00,Female,Bengaluru,Karnataka,Salaried,<3L,Mass,2022-09-10 00:00:00,Completed,Low
C001200,Nikhil Joshi,1987-06-22 00:00:00,Male,Gurugram,Haryana,Salaried,6-10L,Mass Affluent,2023-04-19 00:00:00,Completed,Low
C001201,Kavya Joshi,1998-03-06 00:00:00,Female,Gurugram,Haryana,Salaried,6-10L,Mass Affluent,2025-09-10 00:00:00,Completed,Medium
C001202,Arjun Rao,1969-12-08 00:00:00,Female,Chennai,Tamil Nadu,Student,6-10L,Mass,2025-04-19 00:00:00,Completed,Low
C001203,Kavya Kulkarni,1966-08-02 00:00:00,Male,Mysuru,Karnataka,Salaried,3-6L,Mass Affluent,2026-05-13 00:00:00,Completed,Medium
C001204,Ishita Gupta,1979-04-18 00:00:00,Female,Mysuru,Karnataka,Self-Employed,6-10L,Mass Affluent,2025-05-16 00:00:00,Pending,Medium
C001205,Sai Nair,1963-09-04 00:00:00,Female,Ahmedabad,Gujarat,Business,6-10L,Mass,2024-11-11 00:00:00,Pending,High
C001206,Sai Nair,1996-08-09 00:00:00,Male,Kolkata,West Bengal,Salaried,3-6L,Mass,2023-07-23 00:00:00,Completed,Low
C001207,Rahul Iyer,2002-07-06 00:00:00,Male,Ahmedabad,Gujarat,Self-Employed,6-10L,Mass,2022-01-08 00:00:00,Completed,Medium
C001208,Priya Nair,1986-07-12 00:00:00,Male,Pune,Maharashtra,Salaried,6-10L,Mass,2022-07-23 00:00:00,Completed,Low
C001209,Priya Rao,2002-12-03 00:00:00,Male,Bhubaneswar,Odisha,Self-Employed,10-20L,Affluent,2023-05-04 00:00:00,Completed,Low
C001210,Diya Gupta,1963-01-04 00:00:00,Female,Pune,Maharashtra,Salaried,3-6L,Mass Affluent,2022-03-09 00:00:00,Completed,Low
C001211,Aditya Mehta,1987-09-16 00:00:00,Male,Chennai,Tamil Nadu,Salaried,3-6L,Mass,2024-04-14 00:00:00,Completed,Low
C001212,Sneha Mehta,1979-05-27 00:00:00,Male,Mysuru,Karnataka,Salaried,>20L,Mass,2025-06-30 00:00:00,Expired,Low
C001213,Rahul Patil,1972-02-24 00:00:00,Female,Bhubaneswar,Odisha,Business,10-20L,Mass,2026-05-01 00:00:00,Completed,Low
C001214,Arjun Sharma,1973-08-28 00:00:00,Female,Pune,Maharashtra,Business,3-6L,Mass,2024-03-15 00:00:00,Completed,Low
C001215,Priya Mehta,1983-11-18 00:00:00,Female,Ahmedabad,Gujarat,Business,10-20L,Mass,2025-12-07 00:00:00,Completed,Medium
C001216,Diya Das,1988-02-09 00:00:00,Female,Pune,Maharashtra,Salaried,<3L,Mass,2026-06-07 00:00:00,Completed,Medium
C001217,Priya Reddy,1967-03-09 00:00:00,Female,Ahmedabad,Gujarat,Retired,10-20L,Mass,2025-11-12 00:00:00,Completed,Medium
C001218,Ananya Kulkarni,1986-12-03 00:00:00,Male,Gurugram,Haryana,Salaried,3-6L,Mass,2024-02-03 00:00:00,Completed,Low
C001219,Nikhil Nair,2000-08-02 00:00:00,Female,Bengaluru,Karnataka,Business,3-6L,Mass,2023-06-19 00:00:00,Pending,High
C001220,Arjun Rao,1960-06-15 00:00:00,Female,Mumbai,Maharashtra,Business,>20L,Mass,2026-05-25 00:00:00,Completed,Low
C001221,Diya Joshi,1998-06-23 00:00:00,Male,Kolkata,West Bengal,Self-Employed,<3L,Mass,2023-02-02 00:00:00,Completed,Low
C001222,Kiran Patil,1986-08-15 00:00:00,Male,Mumbai,Maharashtra,Salaried,10-20L,Mass,2023-11-07 00:00:00,Completed,Low
C001223,Nikhil Nair,1974-12-28 00:00:00,Male,Pune,Maharashtra,Business,6-10L,Mass,2022-05-02 00:00:00,Completed,Low
C001224,Vivaan Nair,1992-03-10 00:00:00,Male,Hyderabad,Telangana,Business,<3L,Mass,2025-07-27 00:00:00,Completed,Low
C001225,Sai Mehta,1987-01-23 00:00:00,Female,Pune,Maharashtra,Salaried,>20L,Affluent,2024-12-03 00:00:00,Completed,Low
C001226,Pooja Nair,1993-09-03 00:00:00,Female,Mysuru,Karnataka,Business,6-10L,Mass,2022-05-20 00:00:00,Completed,High
C001227,Vivaan Mehta,1963-07-24 00:00:00,Male,Chennai,Tamil Nadu,Salaried,10-20L,Mass Affluent,2022-12-31 00:00:00,Pending,Low
C001228,Sneha Rao,1962-08-01 00:00:00,Female,Kolkata,West Bengal,Self-Employed,10-20L,Mass,2024-07-01 00:00:00,Completed,Low
C001229,Kavya Joshi,1988-02-15 00:00:00,Female,Kolkata,West Bengal,Self-Employed,<3L,Mass,2024-06-06 00:00:00,Completed,Low
C001230,Aarav Iyer,1973-04-20 00:00:00,Male,Bhubaneswar,Odisha,Business,3-6L,Mass,2025-08-09 00:00:00,Completed,Low
C001231,Meera Sharma,1970-06-09 00:00:00,Female,Mysuru,Karnataka,Salaried,3-6L,Mass Affluent,2023-03-13 00:00:00,Completed,High
C001232,Diya Das,1978-06-15 00:00:00,Female,Gurugram,Haryana,Salaried,6-10L,HNI,2026-02-27 00:00:00,Completed,Low
C001233,Aditya Sharma,1991-10-08 00:00:00,Female,Mumbai,Maharashtra,Self-Employed,<3L,Mass,2023-12-31 00:00:00,Completed,Low
C001234,Pooja Kulkarni,1967-11-16 00:00:00,Female,Jaipur,Rajasthan,Salaried,3-6L,Mass,2025-09-12 00:00:00,Completed,Low
C001235,Aditya Mehta,2002-08-19 00:00:00,Male,Hyderabad,Telangana,Self-Employed,10-20L,Mass Affluent,2023-01-27 00:00:00,Completed,Low
C001236,Vivaan Patil,1978-06-06 00:00:00,Female,Mysuru,Karnataka,Salaried,3-6L,Mass,2022-03-02 00:00:00,Completed,Low
C001237,Kiran Sharma,1966-08-06 00:00:00,Male,Kolkata,West Bengal,Business,6-10L,Mass,2022-04-01 00:00:00,Completed,Low
C001238,Kavya Iyer,1963-02-12 00:00:00,Female,Bengaluru,Karnataka,Salaried,6-10L,Affluent,2023-09-04 00:00:00,Completed,Low
C001239,Ananya Reddy,1997-07-21 00:00:00,Female,Pune,Maharashtra,Salaried,<3L,Mass,2026-04-15 00:00:00,Completed,Low
C001240,Pooja Kulkarni,1964-12-16 00:00:00,Male,Kolkata,West Bengal,Salaried,3-6L,Mass Affluent,2022-03-21 00:00:00,Completed,Medium
C001241,Neha Nair,1978-05-09 00:00:00,Male,Hyderabad,Telangana,Salaried,<3L,Mass,2023-08-29 00:00:00,Completed,Low
C001242,Neha Iyer,1989-04-17 00:00:00,Male,Ahmedabad,Gujarat,Salaried,6-10L,Mass,2022-06-29 00:00:00,Completed,Low
C001243,Aditya Rao,1982-06-23 00:00:00,Male,Hyderabad,Telangana,Salaried,<3L,HNI,2026-03-10 00:00:00,Completed,Medium
C001244,Priya Reddy,1971-07-03 00:00:00,Female,Jaipur,Rajasthan,Self-Employed,10-20L,Mass,2025-01-13 00:00:00,Expired,Low
C001245,Rahul Patil,1964-09-22 00:00:00,Male,Hyderabad,Telangana,Salaried,10-20L,Mass,2025-06-06 00:00:00,Completed,Low
C001246,Ananya Mehta,1991-03-01 00:00:00,Male,Bengaluru,Karnataka,Self-Employed,<3L,Mass,2025-03-17 00:00:00,Completed,Low
C001247,Neha Mehta,1981-06-23 00:00:00,Male,Bengaluru,Karnataka,Student,10-20L,Mass,2024-12-14 00:00:00,Completed,Low
C001248,Sai Joshi,1962-02-08 00:00:00,Female,Ahmedabad,Gujarat,Self-Employed,>20L,Mass,2025-06-24 00:00:00,Completed,Low
C001249,Ishita Sharma,1967-12-09 00:00:00,Male,Bengaluru,Karnataka,Salaried,<3L,Mass,2022-01-14 00:00:00,Completed,Low
C001250,Aarav Singh,1984-08-25 00:00:00,Male,Delhi,Delhi,Salaried,>20L,Mass,2025-11-22 00:00:00,Completed,Low
C001251,Sneha Rao,1967-05-18 00:00:00,Male,Bengaluru,Karnataka,Salaried,3-6L,Mass,2025-04-29 00:00:00,Expired,Medium
C001252,Priya Iyer,1977-02-23 00:00:00,Male,Pune,Maharashtra,Self-Employed,6-10L,Mass Affluent,2025-04-29 00:00:00,Completed,Low
C001253,Priya Iyer,1965-06-15 00:00:00,Male,Chennai,Tamil Nadu,Business,3-6L,Mass,2023-10-09 00:00:00,Completed,High
C001254,Ishita Gupta,1994-11-29 00:00:00,Male,Mumbai,Maharashtra,Salaried,10-20L,Affluent,2025-08-08 00:00:00,Completed,Low
C001255,Sneha Kulkarni,1987-08-13 00:00:00,Male,Gurugram,Haryana,Salaried,10-20L,Mass,2023-09-19 00:00:00,Completed,Low
C001256,Sai Singh,1994-05-05 00:00:00,Male,Bhubaneswar,Odisha,Salaried,>20L,Mass,2022-03-22 00:00:00,Completed,Low
C001257,Diya Joshi,1962-04-19 00:00:00,Female,Bengaluru,Karnataka,Salaried,>20L,Affluent,2026-01-30 00:00:00,Completed,Low
C001258,Arjun Sharma,1976-06-13 00:00:00,Male,Bengaluru,Karnataka,Retired,<3L,Affluent,2023-01-21 00:00:00,Completed,High
C001259,Pooja Das,1971-09-21 00:00:00,Female,Pune,Maharashtra,Salaried,6-10L,Mass,2022-06-17 00:00:00,Pending,Low
C001260,Aarav Gupta,1987-04-12 00:00:00,Female,Ahmedabad,Gujarat,Salaried,3-6L,Mass,2024-10-18 00:00:00,Completed,Low
C001261,Diya Patil,1995-12-26 00:00:00,Female,Delhi,Delhi,Salaried,<3L,Affluent,2023-01-19 00:00:00,Completed,Low
C001262,Arjun Das,1969-12-19 00:00:00,Female,Chennai,Tamil Nadu,Salaried,<3L,Mass,2025-11-10 00:00:00,Completed,Low
C001263,Vivaan Nair,1993-09-19 00:00:00,Female,Bengaluru,Karnataka,Salaried,>20L,Mass,2023-12-30 00:00:00,Completed,Medium
C001264,Vivaan Gupta,1985-06-04 00:00:00,Male,Kolkata,West Bengal,Salaried,6-10L,Mass,2022-01-08 00:00:00,Completed,Medium
C001265,Vivaan Iyer,1996-02-05 00:00:00,Female,Bengaluru,Karnataka,Salaried,<3L,Mass Affluent,2026-04-12 00:00:00,Completed,Low
C001266,Sneha Gupta,1963-07-24 00:00:00,Male,Kolkata,West Bengal,Salaried,>20L,Mass Affluent,2024-04-25 00:00:00,Completed,Medium
C001267,Priya Gupta,2003-05-29 00:00:00,Male,Mysuru,Karnataka,Self-Employed,10-20L,Mass,2023-03-08 00:00:00,Completed,Medium
C001268,Vivaan Reddy,1979-01-14 00:00:00,Female,Jaipur,Rajasthan,Self-Employed,3-6L,Affluent,2025-01-17 00:00:00,Completed,Low
C001269,Nikhil Singh,1972-04-08 00:00:00,Female,Pune,Maharashtra,Salaried,6-10L,Mass,2024-05-21 00:00:00,Completed,Low
C001270,Ishita Joshi,1968-01-02 00:00:00,Male,Mumbai,Maharashtra,Student,6-10L,Mass Affluent,2022-02-18 00:00:00,Completed,Medium
C001271,Rohan Das,2003-02-22 00:00:00,Female,Delhi,Delhi,Salaried,6-10L,Mass,2025-06-01 00:00:00,Completed,Medium
C001272,Rohan Gupta,1998-09-12 00:00:00,Female,Bengaluru,Karnataka,Retired,6-10L,Mass Affluent,2023-10-22 00:00:00,Completed,Low
C001273,Kavya Reddy,1965-09-30 00:00:00,Male,Mysuru,Karnataka,Retired,6-10L,Mass,2025-02-23 00:00:00,Completed,Low
C001274,Nikhil Gupta,1979-06-28 00:00:00,Female,Chennai,Tamil Nadu,Salaried,<3L,Mass,2026-01-10 00:00:00,Completed,Medium
C001275,Pooja Singh,1992-02-18 00:00:00,Female,Pune,Maharashtra,Salaried,6-10L,Mass,2024-09-29 00:00:00,Completed,Medium
C001276,Meera Sharma,1985-11-17 00:00:00,Female,Delhi,Delhi,Student,3-6L,Affluent,2025-01-07 00:00:00,Completed,Low
C001277,Priya Das,1968-04-12 00:00:00,Female,Ahmedabad,Gujarat,Salaried,3-6L,Mass,2023-02-23 00:00:00,Completed,Medium
C001278,Ananya Rao,1975-10-15 00:00:00,Female,Mysuru,Karnataka,Salaried,3-6L,Mass,2023-01-26 00:00:00,Completed,Low
C001279,Pooja Mehta,1976-02-16 00:00:00,Male,Delhi,Delhi,Self-Employed,6-10L,Mass,2023-11-13 00:00:00,Completed,Low
C001280,Kiran Sharma,1972-08-24 00:00:00,Female,Mumbai,Maharashtra,Self-Employed,3-6L,Mass Affluent,2025-11-01 00:00:00,Completed,Medium
C001281,Rahul Rao,2002-01-31 00:00:00,Male,Gurugram,Haryana,Student,3-6L,Mass Affluent,2024-05-10 00:00:00,Completed,Low
C001282,Neha Mehta,1968-11-20 00:00:00,Female,Pune,Maharashtra,Business,3-6L,Mass,2023-07-26 00:00:00,Pending,Low
C001283,Rohan Joshi,1990-12-14 00:00:00,Male,Bengaluru,Karnataka,Student,>20L,Mass,2025-07-04 00:00:00,Completed,Medium
C001284,Pooja Iyer,1999-12-11 00:00:00,Female,Bengaluru,Karnataka,Business,3-6L,Mass Affluent,2025-11-02 00:00:00,Completed,Low
C001285,Sai Singh,1994-10-26 00:00:00,Female,Jaipur,Rajasthan,Self-Employed,3-6L,Mass,2026-01-21 00:00:00,Completed,Low
C001286,Neha Reddy,1995-01-08 00:00:00,Male,Bengaluru,Karnataka,Self-Employed,3-6L,Mass,2023-05-06 00:00:00,Completed,Low
C001287,Priya Nair,1966-12-15 00:00:00,Female,Ahmedabad,Gujarat,Retired,6-10L,Mass,2025-03-11 00:00:00,Completed,Low
C001288,Ishita Gupta,1965-11-02 00:00:00,Male,Jaipur,Rajasthan,Retired,3-6L,Mass,2024-08-27 00:00:00,Completed,Low
C001289,Kavya Joshi,1994-04-18 00:00:00,Male,Gurugram,Haryana,Student,3-6L,Affluent,2024-01-08 00:00:00,Completed,Low
C001290,Sai Nair,1992-09-16 00:00:00,Male,Pune,Maharashtra,Business,10-20L,Mass Affluent,2023-10-14 00:00:00,Completed,High
C001291,Vivaan Mehta,1992-07-01 00:00:00,Female,Ahmedabad,Gujarat,Self-Employed,10-20L,Mass,2022-07-08 00:00:00,Completed,Low
C001292,Pooja Iyer,1978-05-02 00:00:00,Male,Bhubaneswar,Odisha,Salaried,6-10L,Affluent,2023-03-28 00:00:00,Completed,Medium
C001293,Priya Mehta,1982-12-06 00:00:00,Female,Mysuru,Karnataka,Student,6-10L,Mass,2024-06-21 00:00:00,Completed,Low
C001294,Sai Iyer,1960-09-03 00:00:00,Female,Bhubaneswar,Odisha,Salaried,>20L,Affluent,2025-12-26 00:00:00,Completed,Low
C001295,Ishita Singh,1972-09-30 00:00:00,Male,Bhubaneswar,Odisha,Salaried,>20L,Mass,2025-11-23 00:00:00,Completed,Medium
C001296,Diya Kulkarni,1983-02-22 00:00:00,Male,Mysuru,Karnataka,Salaried,6-10L,Affluent,2022-11-05 00:00:00,Completed,Low
C001297,Aditya Nair,1965-07-04 00:00:00,Male,Bengaluru,Karnataka,Self-Employed,10-20L,Affluent,2025-01-20 00:00:00,Completed,Medium
C001298,Rahul Patil,1965-09-11 00:00:00,Male,Kolkata,West Bengal,Self-Employed,10-20L,Affluent,2022-05-20 00:00:00,Completed,Low
C001299,Priya Joshi,1961-12-24 00:00:00,Female,Bengaluru,Karnataka,Salaried,>20L,Mass,2025-01-13 00:00:00,Completed,Low
C001300,Diya Sharma,1969-03-12 00:00:00,Male,Chennai,Tamil Nadu,Salaried,<3L,Affluent,2023-07-16 00:00:00,Completed,Low
C001301,Meera Iyer,2003-06-30 00:00:00,Male,Bengaluru,Karnataka,Salaried,>20L,Mass Affluent,2024-01-09 00:00:00,Completed,Low
C001302,Vivaan Patil,1990-06-28 00:00:00,Female,Kolkata,West Bengal,Salaried,6-10L,Mass,2025-03-24 00:00:00,Completed,Medium
C001303,Diya Das,2001-07-16 00:00:00,Female,Mumbai,Maharashtra,Salaried,6-10L,Mass,2023-11-29 00:00:00,Completed,Low
C001304,Priya Gupta,1971-04-07 00:00:00,Female,Mysuru,Karnataka,Business,3-6L,Mass Affluent,2025-08-18 00:00:00,Completed,Low
C001305,Kiran Gupta,1986-03-26 00:00:00,Female,Bengaluru,Karnataka,Salaried,3-6L,Affluent,2024-05-26 00:00:00,Completed,Low
C001306,Rohan Singh,1999-01-26 00:00:00,Female,Mumbai,Maharashtra,Salaried,10-20L,Mass Affluent,2026-06-28 00:00:00,Expired,Low
C001307,Aarav Gupta,1975-06-03 00:00:00,Female,Hyderabad,Telangana,Salaried,6-10L,Mass,2024-11-13 00:00:00,Completed,Medium
C001308,Diya Joshi,1988-10-14 00:00:00,Male,Bengaluru,Karnataka,Self-Employed,3-6L,Mass Affluent,2023-05-02 00:00:00,Completed,Low
C001309,Arjun Joshi,1990-05-08 00:00:00,Male,Ahmedabad,Gujarat,Student,6-10L,Mass,2025-06-27 00:00:00,Completed,High
C001310,Kiran Gupta,1996-06-16 00:00:00,Male,Chennai,Tamil Nadu,Salaried,<3L,Mass,2023-11-01 00:00:00,Completed,Low
C001311,Diya Iyer,2002-06-20 00:00:00,Female,Pune,Maharashtra,Salaried,6-10L,Mass Affluent,2024-05-27 00:00:00,Completed,Medium
C001312,Ishita Mehta,1986-12-13 00:00:00,Female,Bhubaneswar,Odisha,Business,6-10L,Mass Affluent,2022-08-13 00:00:00,Completed,Medium
C001313,Rohan Singh,1985-07-08 00:00:00,Female,Chennai,Tamil Nadu,Salaried,6-10L,Mass Affluent,2022-07-15 00:00:00,Completed,Medium
C001314,Neha Nair,1998-01-22 00:00:00,Female,Kolkata,West Bengal,Business,<3L,Mass,2024-08-01 00:00:00,Completed,Medium
C001315,Priya Rao,1989-12-26 00:00:00,Male,Mumbai,Maharashtra,Retired,<3L,Mass,2022-11-03 00:00:00,Completed,Low
C001316,Rahul Singh,1975-11-04 00:00:00,Female,Kolkata,West Bengal,Self-Employed,3-6L,Mass Affluent,2026-06-27 00:00:00,Pending,Low
C001317,Meera Kulkarni,1987-08-09 00:00:00,Male,Hyderabad,Telangana,Retired,6-10L,Mass,2025-11-06 00:00:00,Completed,Medium
C001318,Nikhil Nair,1984-01-21 00:00:00,Female,Bhubaneswar,Odisha,Salaried,>20L,HNI,2025-02-24 00:00:00,Completed,Medium
C001319,Sneha Patil,1970-01-08 00:00:00,Male,Gurugram,Haryana,Salaried,10-20L,Affluent,2025-04-21 00:00:00,Pending,Low
C001320,Kiran Kulkarni,1982-08-07 00:00:00,Male,Kolkata,West Bengal,Salaried,10-20L,Affluent,2024-09-04 00:00:00,Completed,Medium
C001321,Diya Kulkarni,1987-04-26 00:00:00,Female,Delhi,Delhi,Salaried,3-6L,Affluent,2022-04-09 00:00:00,Completed,Low
C001322,Rohan Iyer,1999-08-04 00:00:00,Female,Bengaluru,Karnataka,Salaried,<3L,Mass,2023-10-07 00:00:00,Completed,Low
C001323,Vivaan Das,1985-06-05 00:00:00,Female,Mysuru,Karnataka,Salaried,10-20L,Mass,2024-03-25 00:00:00,Completed,Low
C001324,Ishita Joshi,1967-03-23 00:00:00,Female,Jaipur,Rajasthan,Self-Employed,6-10L,Mass Affluent,2026-02-11 00:00:00,Completed,Low
C001325,Sai Sharma,2003-04-07 00:00:00,Male,Kolkata,West Bengal,Salaried,<3L,Mass,2022-12-27 00:00:00,Completed,Low
C001326,Meera Mehta,1985-04-27 00:00:00,Female,Delhi,Delhi,Self-Employed,6-10L,Affluent,2024-03-26 00:00:00,Completed,Low
C001327,Pooja Singh,1972-07-29 00:00:00,Female,Kolkata,West Bengal,Salaried,6-10L,Mass,2023-07-19 00:00:00,Pending,Low
C001328,Sai Gupta,1993-01-17 00:00:00,Female,Bengaluru,Karnataka,Salaried,3-6L,Affluent,2022-08-09 00:00:00,Completed,Low
C001329,Rohan Gupta,1976-11-07 00:00:00,Male,Bengaluru,Karnataka,Salaried,<3L,Mass,2022-06-19 00:00:00,Completed,Low
C001330,Neha Das,1976-03-17 00:00:00,Male,Hyderabad,Telangana,Business,6-10L,Affluent,2023-08-23 00:00:00,Completed,Low
C001331,Ishita Nair,1996-10-09 00:00:00,Female,Chennai,Tamil Nadu,Self-Employed,<3L,Mass,2022-05-16 00:00:00,Completed,Low
C001332,Priya Rao,1998-01-02 00:00:00,Male,Bhubaneswar,Odisha,Business,3-6L,Mass Affluent,2022-04-21 00:00:00,Completed,Low
C001333,Rohan Singh,1982-12-13 00:00:00,Female,Ahmedabad,Gujarat,Salaried,10-20L,Affluent,2023-07-31 00:00:00,Completed,Medium
C001334,Kiran Joshi,1976-05-04 00:00:00,Female,Pune,Maharashtra,Salaried,>20L,Mass,2022-11-28 00:00:00,Completed,Medium
C001335,Kiran Nair,1997-10-25 00:00:00,Female,Ahmedabad,Gujarat,Retired,3-6L,Mass,2024-06-29 00:00:00,Completed,Low
C001336,Ananya Joshi,1967-08-04 00:00:00,Female,Gurugram,Haryana,Salaried,<3L,Mass,2022-01-30 00:00:00,Completed,Medium
C001337,Rahul Reddy,1992-09-24 00:00:00,Male,Ahmedabad,Gujarat,Salaried,6-10L,Mass Affluent,2023-05-11 00:00:00,Completed,Low
C001338,Sai Joshi,1985-08-01 00:00:00,Male,Mumbai,Maharashtra,Salaried,3-6L,Mass Affluent,2024-01-15 00:00:00,Completed,Low
C001339,Priya Nair,1997-05-30 00:00:00,Female,Bengaluru,Karnataka,Salaried,10-20L,Mass Affluent,2026-05-01 00:00:00,Completed,Medium
C001340,Ananya Mehta,1978-06-04 00:00:00,Male,Bengaluru,Karnataka,Salaried,6-10L,Mass,2024-11-07 00:00:00,Completed,High
C001341,Vivaan Mehta,1996-06-12 00:00:00,Male,Bhubaneswar,Odisha,Salaried,3-6L,Mass,2025-12-17 00:00:00,Completed,Low
C001342,Vivaan Patil,1960-08-31 00:00:00,Female,Bengaluru,Karnataka,Self-Employed,10-20L,Affluent,2023-07-18 00:00:00,Completed,Low
C001343,Vivaan Sharma,1993-03-20 00:00:00,Female,Bhubaneswar,Odisha,Retired,3-6L,Mass Affluent,2024-01-09 00:00:00,Completed,Low
C001344,Pooja Reddy,1963-01-22 00:00:00,Male,Kolkata,West Bengal,Salaried,6-10L,Mass,2023-11-22 00:00:00,Completed,Low
C001345,Ishita Patil,1988-02-21 00:00:00,Female,Mysuru,Karnataka,Salaried,10-20L,Mass,2025-12-28 00:00:00,Completed,Low
C001346,Sai Sharma,1968-07-21 00:00:00,Male,Jaipur,Rajasthan,Business,3-6L,Mass,2026-04-25 00:00:00,Completed,Low
C001347,Diya Mehta,2002-03-16 00:00:00,Male,Mysuru,Karnataka,Salaried,3-6L,Mass Affluent,2026-04-30 00:00:00,Completed,Medium
C001348,Sneha Kulkarni,1993-09-13 00:00:00,Female,Mysuru,Karnataka,Student,10-20L,Mass Affluent,2025-05-19 00:00:00,Completed,Low
C001349,Vivaan Das,1964-07-31 00:00:00,Male,Hyderabad,Telangana,Salaried,6-10L,Mass Affluent,2024-04-06 00:00:00,Completed,Low
C001350,Kiran Rao,1999-01-28 00:00:00,Female,Pune,Maharashtra,Self-Employed,3-6L,Mass Affluent,2024-06-07 00:00:00,Completed,Medium
C001351,Kiran Sharma,1971-01-14 00:00:00,Male,Pune,Maharashtra,Retired,<3L,Affluent,2026-05-29 00:00:00,Completed,Medium
C001352,Aarav Mehta,1983-11-26 00:00:00,Female,Mumbai,Maharashtra,Salaried,3-6L,Mass,2023-04-13 00:00:00,Completed,Low
C001353,Priya Iyer,1963-09-26 00:00:00,Female,Chennai,Tamil Nadu,Business,6-10L,Mass,2023-07-24 00:00:00,Completed,Low
C001354,Aarav Sharma,1964-08-16 00:00:00,Female,Bengaluru,Karnataka,Self-Employed,3-6L,Mass,2026-01-12 00:00:00,Completed,Low
C001355,Nikhil Joshi,1970-07-28 00:00:00,Male,Mumbai,Maharashtra,Business,3-6L,HNI,2023-09-27 00:00:00,Completed,Low
C001356,Meera Mehta,1983-05-30 00:00:00,Male,Hyderabad,Telangana,Salaried,3-6L,Mass Affluent,2023-01-22 00:00:00,Completed,Low
C001357,Kavya Sharma,1983-10-13 00:00:00,Female,Gurugram,Haryana,Salaried,6-10L,Mass,2024-07-09 00:00:00,Completed,Low
C001358,Nikhil Joshi,1997-06-24 00:00:00,Female,Kolkata,West Bengal,Salaried,10-20L,Mass Affluent,2023-06-19 00:00:00,Completed,Low
C001359,Pooja Reddy,1967-03-27 00:00:00,Female,Mumbai,Maharashtra,Retired,6-10L,Mass,2026-01-02 00:00:00,Completed,Low
C001360,Arjun Patil,1992-10-30 00:00:00,Female,Chennai,Tamil Nadu,Salaried,6-10L,Mass,2026-02-01 00:00:00,Completed,Low
C001361,Nikhil Reddy,1960-04-04 00:00:00,Male,Ahmedabad,Gujarat,Salaried,10-20L,Mass Affluent,2023-05-18 00:00:00,Completed,Medium
C001362,Ishita Gupta,1972-10-01 00:00:00,Female,Delhi,Delhi,Student,3-6L,HNI,2024-05-19 00:00:00,Completed,High
C001363,Nikhil Singh,1967-09-01 00:00:00,Female,Pune,Maharashtra,Salaried,3-6L,Mass,2026-06-04 00:00:00,Completed,Low
C001364,Rahul Singh,1965-06-05 00:00:00,Female,Hyderabad,Telangana,Self-Employed,<3L,Mass,2025-05-03 00:00:00,Completed,Low
C001365,Neha Patil,1985-08-09 00:00:00,Female,Hyderabad,Telangana,Salaried,3-6L,Affluent,2022-12-21 00:00:00,Expired,Low
C001366,Rahul Iyer,1999-06-15 00:00:00,Male,Mysuru,Karnataka,Self-Employed,>20L,Mass Affluent,2024-08-28 00:00:00,Completed,Low
C001367,Sneha Das,1989-03-20 00:00:00,Male,Hyderabad,Telangana,Salaried,3-6L,Mass Affluent,2024-10-14 00:00:00,Completed,Medium
C001368,Ishita Joshi,1997-05-31 00:00:00,Male,Mysuru,Karnataka,Salaried,10-20L,Mass,2024-12-08 00:00:00,Completed,Low
C001369,Ishita Singh,1985-11-28 00:00:00,Female,Hyderabad,Telangana,Self-Employed,<3L,Mass,2022-02-11 00:00:00,Pending,Low
C001370,Aditya Rao,1962-05-09 00:00:00,Male,Bhubaneswar,Odisha,Salaried,6-10L,Mass,2023-05-07 00:00:00,Completed,Low
C001371,Vivaan Patil,1975-02-26 00:00:00,Male,Hyderabad,Telangana,Salaried,3-6L,Mass,2025-11-04 00:00:00,Completed,Medium
C001372,Neha Iyer,1996-01-30 00:00:00,Male,Ahmedabad,Gujarat,Salaried,3-6L,Mass Affluent,2023-02-01 00:00:00,Completed,Medium
C001373,Neha Mehta,1961-12-08 00:00:00,Male,Pune,Maharashtra,Business,3-6L,Mass Affluent,2023-05-08 00:00:00,Pending,Medium
C001374,Kiran Sharma,1964-04-04 00:00:00,Female,Bhubaneswar,Odisha,Salaried,6-10L,Affluent,2023-06-14 00:00:00,Completed,Low
C001375,Aarav Joshi,1996-07-10 00:00:00,Female,Ahmedabad,Gujarat,Salaried,6-10L,Mass,2022-10-19 00:00:00,Pending,Low
C001376,Ananya Patil,1962-10-09 00:00:00,Male,Bhubaneswar,Odisha,Salaried,10-20L,Mass,2022-09-13 00:00:00,Completed,Low
C001377,Kiran Iyer,2002-01-11 00:00:00,Female,Kolkata,West Bengal,Salaried,10-20L,Mass Affluent,2023-07-24 00:00:00,Completed,Medium
C001378,Rohan Das,1993-03-25 00:00:00,Female,Chennai,Tamil Nadu,Business,6-10L,Mass,2025-12-06 00:00:00,Pending,Low
C001379,Arjun Mehta,1989-02-18 00:00:00,Female,Hyderabad,Telangana,Salaried,>20L,Mass,2022-01-03 00:00:00,Completed,Low
C001380,Vivaan Gupta,1983-06-29 00:00:00,Male,Bhubaneswar,Odisha,Student,<3L,Mass,2023-04-11 00:00:00,Completed,Medium
C001381,Diya Joshi,1963-11-30 00:00:00,Female,Jaipur,Rajasthan,Business,3-6L,Mass,2022-04-10 00:00:00,Completed,Low
C001382,Kiran Singh,1978-02-27 00:00:00,Male,Gurugram,Haryana,Student,3-6L,Mass,2024-07-10 00:00:00,Completed,Low
C001383,Vivaan Patil,1995-05-21 00:00:00,Female,Mysuru,Karnataka,Business,6-10L,Mass,2023-02-16 00:00:00,Completed,Low
C001384,Meera Mehta,1999-08-05 00:00:00,Male,Bengaluru,Karnataka,Salaried,6-10L,Affluent,2025-07-24 00:00:00,Completed,Medium
C001385,Vivaan Reddy,1979-07-31 00:00:00,Female,Mumbai,Maharashtra,Retired,6-10L,Mass,2024-08-18 00:00:00,Completed,Low
C001386,Rohan Sharma,1996-10-06 00:00:00,Male,Bengaluru,Karnataka,Business,10-20L,Mass Affluent,2025-07-11 00:00:00,Completed,Medium
C001387,Diya Das,1994-01-07 00:00:00,Female,Mumbai,Maharashtra,Self-Employed,3-6L,Mass Affluent,2024-11-08 00:00:00,Completed,Low
C001388,Sai Joshi,1962-07-10 00:00:00,Female,Mysuru,Karnataka,Salaried,10-20L,Mass,2023-12-21 00:00:00,Completed,Low
C001389,Neha Patil,1987-03-02 00:00:00,Male,Bhubaneswar,Odisha,Salaried,6-10L,Mass,2025-11-14 00:00:00,Completed,Low
C001390,Kavya Reddy,1986-12-27 00:00:00,Female,Mysuru,Karnataka,Self-Employed,6-10L,Mass,2024-02-22 00:00:00,Completed,Medium
C001391,Ishita Das,1983-10-13 00:00:00,Female,Chennai,Tamil Nadu,Salaried,3-6L,Mass,2026-04-09 00:00:00,Completed,Low
C001392,Neha Rao,1993-10-30 00:00:00,Male,Delhi,Delhi,Business,3-6L,Mass,2026-06-22 00:00:00,Completed,Low
C001393,Priya Kulkarni,1998-12-18 00:00:00,Male,Mumbai,Maharashtra,Salaried,3-6L,Affluent,2024-08-25 00:00:00,Completed,Low
C001394,Neha Joshi,1984-02-11 00:00:00,Female,Kolkata,West Bengal,Self-Employed,10-20L,Mass,2025-01-12 00:00:00,Completed,Medium
C001395,Sai Joshi,1974-01-13 00:00:00,Female,Bhubaneswar,Odisha,Salaried,6-10L,Mass,2023-02-24 00:00:00,Completed,Low
C001396,Aditya Mehta,2003-01-23 00:00:00,Female,Ahmedabad,Gujarat,Salaried,3-6L,HNI,2025-08-30 00:00:00,Completed,Low
C001397,Rahul Sharma,2002-03-19 00:00:00,Female,Bhubaneswar,Odisha,Salaried,10-20L,Mass Affluent,2025-01-07 00:00:00,Completed,Low
C001398,Arjun Iyer,1990-01-19 00:00:00,Female,Chennai,Tamil Nadu,Business,6-10L,Mass Affluent,2026-01-21 00:00:00,Completed,Low
C001399,Ishita Patil,1988-01-24 00:00:00,Male,Kolkata,West Bengal,Self-Employed,>20L,Mass,2023-03-15 00:00:00,Pending,Low
C001400,Rohan Das,1964-07-24 00:00:00,Male,Mysuru,Karnataka,Retired,6-10L,Affluent,2025-07-17 00:00:00,Completed,Low
C001401,Neha Kulkarni,1977-08-04 00:00:00,Male,Jaipur,Rajasthan,Business,6-10L,Mass Affluent,2024-02-12 00:00:00,Pending,Low
C001402,Aarav Rao,1968-09-07 00:00:00,Male,Kolkata,West Bengal,Business,6-10L,Mass Affluent,2022-11-01 00:00:00,Completed,High
C001403,Meera Nair,1982-07-22 00:00:00,Female,Pune,Maharashtra,Self-Employed,6-10L,Mass Affluent,2022-10-09 00:00:00,Completed,Low
C001404,Kiran Gupta,1996-03-11 00:00:00,Female,Delhi,Delhi,Business,3-6L,Mass,2024-07-12 00:00:00,Completed,Low
C001405,Rahul Mehta,1969-11-01 00:00:00,Male,Chennai,Tamil Nadu,Retired,<3L,Affluent,2023-06-09 00:00:00,Completed,Low
C001406,Neha Iyer,2003-08-31 00:00:00,Female,Bengaluru,Karnataka,Business,>20L,HNI,2022-06-17 00:00:00,Completed,Low
C001407,Ananya Rao,1965-09-03 00:00:00,Male,Ahmedabad,Gujarat,Salaried,6-10L,Mass Affluent,2023-12-03 00:00:00,Pending,Medium
C001408,Neha Patil,1964-04-22 00:00:00,Male,Pune,Maharashtra,Self-Employed,6-10L,Mass,2024-12-08 00:00:00,Completed,Medium
C001409,Kavya Gupta,2002-09-08 00:00:00,Female,Bengaluru,Karnataka,Salaried,6-10L,Mass Affluent,2023-06-08 00:00:00,Completed,Low
C001410,Aditya Patil,1964-05-24 00:00:00,Female,Pune,Maharashtra,Salaried,6-10L,Mass,2026-04-18 00:00:00,Completed,Medium
C001411,Meera Reddy,1992-03-15 00:00:00,Female,Jaipur,Rajasthan,Business,<3L,Mass Affluent,2025-07-04 00:00:00,Completed,Low
C001412,Neha Joshi,1993-06-10 00:00:00,Male,Pune,Maharashtra,Student,3-6L,Mass,2024-04-21 00:00:00,Completed,High
C001413,Sai Joshi,1974-06-17 00:00:00,Female,Hyderabad,Telangana,Salaried,<3L,Mass Affluent,2026-03-15 00:00:00,Completed,Low
C001414,Neha Kulkarni,1962-10-26 00:00:00,Female,Ahmedabad,Gujarat,Salaried,<3L,Affluent,2023-12-12 00:00:00,Completed,Medium
C001415,Rahul Patil,1973-07-06 00:00:00,Male,Bengaluru,Karnataka,Student,<3L,Mass,2022-08-18 00:00:00,Completed,Medium
C001416,Aditya Sharma,1963-01-01 00:00:00,Male,Ahmedabad,Gujarat,Salaried,10-20L,Mass Affluent,2022-02-28 00:00:00,Completed,Low
C001417,Kavya Nair,1989-06-12 00:00:00,Male,Pune,Maharashtra,Salaried,3-6L,Affluent,2026-03-21 00:00:00,Pending,Low
C001418,Rahul Singh,1998-12-08 00:00:00,Female,Kolkata,West Bengal,Business,10-20L,Mass,2026-04-25 00:00:00,Completed,High
C001419,Arjun Reddy,2003-09-05 00:00:00,Male,Mumbai,Maharashtra,Student,10-20L,Mass,2025-04-28 00:00:00,Completed,Low
C001420,Aditya Reddy,1995-01-24 00:00:00,Male,Mysuru,Karnataka,Self-Employed,3-6L,Mass,2022-06-19 00:00:00,Expired,Low
C001421,Pooja Nair,1993-12-07 00:00:00,Male,Ahmedabad,Gujarat,Self-Employed,6-10L,Affluent,2023-04-28 00:00:00,Completed,Low
C001422,Priya Mehta,1998-08-14 00:00:00,Male,Ahmedabad,Gujarat,Salaried,6-10L,Mass,2022-03-09 00:00:00,Completed,Low
C001423,Nikhil Iyer,1993-09-21 00:00:00,Female,Bhubaneswar,Odisha,Salaried,10-20L,Mass,2022-03-26 00:00:00,Completed,Low
C001424,Arjun Sharma,1988-06-30 00:00:00,Female,Kolkata,West Bengal,Business,6-10L,Mass,2023-02-09 00:00:00,Completed,Medium
C001425,Aditya Kulkarni,2003-08-23 00:00:00,Male,Gurugram,Haryana,Student,3-6L,Mass,2024-07-28 00:00:00,Completed,Medium
C001426,Priya Patil,1974-02-16 00:00:00,Male,Mumbai,Maharashtra,Salaried,3-6L,Mass,2022-04-18 00:00:00,Completed,Low
C001427,Rohan Iyer,1978-01-30 00:00:00,Male,Pune,Maharashtra,Salaried,10-20L,Mass Affluent,2026-06-05 00:00:00,Completed,High
C001428,Aarav Singh,1999-09-14 00:00:00,Female,Chennai,Tamil Nadu,Salaried,3-6L,Mass,2024-01-18 00:00:00,Completed,Low
C001429,Pooja Iyer,1973-08-16 00:00:00,Male,Delhi,Delhi,Salaried,10-20L,Mass Affluent,2023-03-10 00:00:00,Completed,Low
C001430,Aditya Joshi,1973-01-31 00:00:00,Female,Gurugram,Haryana,Salaried,3-6L,Mass Affluent,2024-04-27 00:00:00,Completed,Low
C001431,Priya Gupta,1966-08-30 00:00:00,Male,Mumbai,Maharashtra,Salaried,6-10L,Affluent,2025-07-21 00:00:00,Completed,Low
C001432,Nikhil Reddy,1972-01-26 00:00:00,Male,Gurugram,Haryana,Business,6-10L,Mass,2023-05-29 00:00:00,Pending,Low
C001433,Neha Reddy,1986-01-02 00:00:00,Female,Mumbai,Maharashtra,Salaried,<3L,Mass Affluent,2022-03-20 00:00:00,Completed,Low
C001434,Sai Singh,1998-10-30 00:00:00,Male,Mysuru,Karnataka,Business,<3L,Mass Affluent,2022-03-25 00:00:00,Completed,Low
C001435,Kavya Singh,1965-12-20 00:00:00,Female,Mysuru,Karnataka,Self-Employed,3-6L,Mass,2025-10-30 00:00:00,Completed,Medium
C001436,Kiran Reddy,1989-10-28 00:00:00,Female,Hyderabad,Telangana,Student,10-20L,Mass,2022-07-03 00:00:00,Completed,Low
C001437,Aditya Reddy,1993-07-27 00:00:00,Male,Delhi,Delhi,Retired,6-10L,Mass,2024-11-09 00:00:00,Pending,Low
C001438,Pooja Singh,1999-03-27 00:00:00,Female,Mysuru,Karnataka,Salaried,3-6L,Mass Affluent,2023-09-24 00:00:00,Completed,Low
C001439,Pooja Singh,1992-11-08 00:00:00,Female,Hyderabad,Telangana,Salaried,6-10L,Mass,2025-06-30 00:00:00,Completed,High
C001440,Kiran Patil,1966-10-30 00:00:00,Female,Mysuru,Karnataka,Business,<3L,Affluent,2022-04-10 00:00:00,Completed,Medium
C001441,Rahul Singh,1981-06-01 00:00:00,Male,Bengaluru,Karnataka,Salaried,6-10L,Affluent,2026-01-14 00:00:00,Completed,Medium
C001442,Ishita Joshi,2001-09-18 00:00:00,Male,Mysuru,Karnataka,Salaried,10-20L,Mass Affluent,2025-02-20 00:00:00,Completed,High
C001443,Kiran Das,1999-10-17 00:00:00,Female,Gurugram,Haryana,Salaried,10-20L,HNI,2024-01-08 00:00:00,Completed,Medium
C001444,Diya Nair,1986-11-03 00:00:00,Female,Bhubaneswar,Odisha,Student,10-20L,Mass Affluent,2022-12-06 00:00:00,Completed,Low
C001445,Arjun Reddy,2002-03-12 00:00:00,Male,Mumbai,Maharashtra,Salaried,3-6L,Mass,2026-05-24 00:00:00,Completed,Low
C001446,Kavya Sharma,1989-04-06 00:00:00,Female,Pune,Maharashtra,Self-Employed,3-6L,Mass,2023-05-12 00:00:00,Completed,Low
C001447,Neha Kulkarni,1962-11-04 00:00:00,Female,Mumbai,Maharashtra,Salaried,10-20L,Mass Affluent,2024-03-16 00:00:00,Completed,Low
C001448,Neha Kulkarni,2000-01-15 00:00:00,Female,Delhi,Delhi,Self-Employed,<3L,Mass,2023-10-10 00:00:00,Completed,Low
C001449,Sneha Kulkarni,1967-05-14 00:00:00,Female,Kolkata,West Bengal,Salaried,<3L,Affluent,2023-01-14 00:00:00,Expired,Low
C001450,Pooja Rao,1976-09-05 00:00:00,Male,Pune,Maharashtra,Student,3-6L,Mass,2023-11-16 00:00:00,Completed,Low
C001451,Sai Singh,1970-06-06 00:00:00,Female,Chennai,Tamil Nadu,Business,10-20L,Mass,2022-09-06 00:00:00,Completed,Medium
C001452,Rohan Das,1991-07-10 00:00:00,Male,Jaipur,Rajasthan,Salaried,6-10L,Mass Affluent,2022-01-03 00:00:00,Completed,Low
C001453,Diya Nair,1961-04-24 00:00:00,Male,Bhubaneswar,Odisha,Salaried,>20L,Affluent,2023-04-22 00:00:00,Completed,High
C001454,Rohan Reddy,1988-01-19 00:00:00,Female,Hyderabad,Telangana,Business,3-6L,Affluent,2022-07-04 00:00:00,Completed,Medium
C001455,Neha Kulkarni,1997-11-12 00:00:00,Male,Kolkata,West Bengal,Business,3-6L,Mass,2023-11-13 00:00:00,Completed,Medium
C001456,Kavya Joshi,1994-07-05 00:00:00,Female,Bhubaneswar,Odisha,Salaried,3-6L,Mass,2025-11-17 00:00:00,Completed,Low
C001457,Kiran Das,1973-06-12 00:00:00,Male,Ahmedabad,Gujarat,Salaried,10-20L,Mass Affluent,2022-09-24 00:00:00,Pending,High
C001458,Ishita Kulkarni,1999-04-17 00:00:00,Male,Pune,Maharashtra,Salaried,3-6L,Affluent,2022-01-03 00:00:00,Completed,Low
C001459,Neha Singh,1975-11-10 00:00:00,Male,Mysuru,Karnataka,Salaried,>20L,Mass,2022-07-02 00:00:00,Completed,Medium
C001460,Neha Kulkarni,1989-10-15 00:00:00,Female,Mysuru,Karnataka,Salaried,6-10L,Mass Affluent,2024-04-14 00:00:00,Completed,Low
C001461,Arjun Das,1982-03-12 00:00:00,Male,Jaipur,Rajasthan,Salaried,10-20L,Mass,2023-03-28 00:00:00,Completed,Low
C001462,Diya Das,1962-12-18 00:00:00,Male,Hyderabad,Telangana,Salaried,10-20L,Mass Affluent,2024-03-14 00:00:00,Completed,Low
C001463,Priya Reddy,1960-02-16 00:00:00,Male,Pune,Maharashtra,Student,6-10L,Mass,2022-02-18 00:00:00,Completed,Medium
C001464,Priya Sharma,1968-01-09 00:00:00,Male,Delhi,Delhi,Business,10-20L,HNI,2023-07-01 00:00:00,Completed,Medium
C001465,Sneha Joshi,2000-12-10 00:00:00,Female,Pune,Maharashtra,Student,3-6L,Mass,2023-11-05 00:00:00,Completed,Low
C001466,Diya Nair,2001-10-15 00:00:00,Male,Ahmedabad,Gujarat,Self-Employed,10-20L,Mass Affluent,2023-12-10 00:00:00,Completed,Medium
C001467,Kavya Joshi,1977-12-18 00:00:00,Male,Chennai,Tamil Nadu,Self-Employed,10-20L,Mass Affluent,2024-06-24 00:00:00,Completed,Low
C001468,Aditya Iyer,2002-06-07 00:00:00,Male,Jaipur,Rajasthan,Salaried,6-10L,Mass,2025-07-05 00:00:00,Completed,High
C001469,Kiran Reddy,1962-03-02 00:00:00,Male,Pune,Maharashtra,Business,3-6L,Mass,2024-02-07 00:00:00,Completed,Low
C001470,Kavya Gupta,2002-05-18 00:00:00,Male,Gurugram,Haryana,Salaried,>20L,Mass Affluent,2025-10-13 00:00:00,Completed,Medium
C001471,Meera Rao,1970-02-11 00:00:00,Female,Mysuru,Karnataka,Self-Employed,>20L,Mass Affluent,2024-05-19 00:00:00,Completed,Medium
C001472,Sai Joshi,1961-08-11 00:00:00,Male,Bhubaneswar,Odisha,Retired,6-10L,Mass Affluent,2023-03-04 00:00:00,Completed,Low
C001473,Pooja Iyer,1993-03-13 00:00:00,Male,Hyderabad,Telangana,Student,>20L,Mass Affluent,2023-01-12 00:00:00,Completed,Low
C001474,Aditya Nair,1976-10-02 00:00:00,Male,Hyderabad,Telangana,Salaried,6-10L,Mass,2023-06-14 00:00:00,Completed,Low
C001475,Kiran Das,1972-10-21 00:00:00,Female,Delhi,Delhi,Business,3-6L,Affluent,2024-09-08 00:00:00,Completed,High
C001476,Neha Mehta,1993-04-11 00:00:00,Female,Pune,Maharashtra,Salaried,6-10L,Mass,2023-02-03 00:00:00,Completed,Low
C001477,Nikhil Joshi,1974-08-03 00:00:00,Female,Bhubaneswar,Odisha,Salaried,<3L,Mass Affluent,2026-02-10 00:00:00,Completed,Medium
C001478,Pooja Mehta,1992-12-24 00:00:00,Female,Gurugram,Haryana,Salaried,6-10L,Affluent,2024-02-27 00:00:00,Completed,High
C001479,Vivaan Kulkarni,1968-07-20 00:00:00,Male,Kolkata,West Bengal,Salaried,6-10L,Affluent,2025-11-18 00:00:00,Completed,Low
C001480,Priya Das,1963-10-06 00:00:00,Female,Bengaluru,Karnataka,Business,<3L,Mass,2025-01-26 00:00:00,Pending,Low
C001481,Aditya Patil,1974-03-26 00:00:00,Female,Pune,Maharashtra,Salaried,3-6L,Mass,2023-07-02 00:00:00,Completed,Low
C001482,Ishita Rao,1986-09-12 00:00:00,Male,Ahmedabad,Gujarat,Salaried,6-10L,Mass Affluent,2023-01-10 00:00:00,Completed,Low
C001483,Rahul Reddy,1969-11-08 00:00:00,Female,Mysuru,Karnataka,Retired,10-20L,Mass,2025-05-06 00:00:00,Expired,Medium
C001484,Vivaan Das,1966-04-04 00:00:00,Female,Mysuru,Karnataka,Self-Employed,>20L,Mass Affluent,2023-06-28 00:00:00,Completed,Low
C001485,Neha Kulkarni,1992-10-25 00:00:00,Female,Ahmedabad,Gujarat,Salaried,3-6L,Mass,2023-02-10 00:00:00,Completed,Medium
C001486,Pooja Patil,1981-08-09 00:00:00,Male,Pune,Maharashtra,Self-Employed,10-20L,Mass,2026-03-08 00:00:00,Completed,Low
C001487,Aarav Patil,1978-11-25 00:00:00,Female,Pune,Maharashtra,Self-Employed,3-6L,Mass,2024-03-03 00:00:00,Completed,Medium
C001488,Meera Gupta,1970-07-01 00:00:00,Female,Hyderabad,Telangana,Salaried,<3L,Mass Affluent,2022-03-21 00:00:00,Completed,Low
C001489,Nikhil Joshi,1960-10-10 00:00:00,Male,Mumbai,Maharashtra,Self-Employed,6-10L,Mass Affluent,2024-03-23 00:00:00,Completed,Low
C001490,Nikhil Mehta,1962-04-30 00:00:00,Female,Bengaluru,Karnataka,Student,3-6L,Mass,2024-01-27 00:00:00,Completed,Low
C001491,Ishita Nair,1989-11-07 00:00:00,Female,Bengaluru,Karnataka,Salaried,10-20L,Mass,2025-11-19 00:00:00,Completed,Medium
C001492,Rahul Iyer,1963-07-04 00:00:00,Male,Bengaluru,Karnataka,Self-Employed,3-6L,Mass,2025-03-14 00:00:00,Completed,Low
C001493,Sneha Rao,1970-10-25 00:00:00,Male,Mysuru,Karnataka,Salaried,3-6L,Mass Affluent,2022-11-11 00:00:00,Completed,Low
C001494,Nikhil Reddy,1999-11-26 00:00:00,Male,Kolkata,West Bengal,Student,6-10L,Mass Affluent,2022-09-05 00:00:00,Completed,Medium
C001495,Rahul Sharma,1975-01-25 00:00:00,Female,Pune,Maharashtra,Salaried,<3L,Affluent,2024-09-18 00:00:00,Completed,Low
C001496,Kiran Patil,1992-08-14 00:00:00,Female,Bengaluru,Karnataka,Salaried,3-6L,Affluent,2022-03-19 00:00:00,Completed,Low
C001497,Kavya Iyer,1975-01-15 00:00:00,Male,Bengaluru,Karnataka,Retired,3-6L,Mass,2023-06-08 00:00:00,Completed,Low
C001498,Aditya Patil,2000-10-26 00:00:00,Female,Gurugram,Haryana,Self-Employed,3-6L,Affluent,2022-08-15 00:00:00,Completed,Low
C001499,Sai Kulkarni,1996-01-01 00:00:00,Female,Jaipur,Rajasthan,Salaried,10-20L,Mass,2022-02-03 00:00:00,Completed,Low
C001500,Kavya Kulkarni,1980-08-02 00:00:00,Female,Delhi,Delhi,Salaried,<3L,Mass Affluent,2026-02-17 00:00:00,Completed,Low
C001501,Sneha Gupta,1989-12-24 00:00:00,Female,Bengaluru,Karnataka,Salaried,6-10L,Mass,2022-05-28 00:00:00,Completed,Low
C001502,Nikhil Nair,1978-02-07 00:00:00,Female,Mumbai,Maharashtra,Retired,6-10L,Mass Affluent,2022-01-16 00:00:00,Completed,Low
C001503,Rahul Nair,2001-05-15 00:00:00,Female,Gurugram,Haryana,Salaried,6-10L,Mass Affluent,2026-03-12 00:00:00,Completed,Low
C001504,Arjun Nair,1975-09-13 00:00:00,Female,Mumbai,Maharashtra,Salaried,6-10L,Mass,2022-11-06 00:00:00,Expired,Low
C001505,Sneha Kulkarni,1996-08-22 00:00:00,Female,Bhubaneswar,Odisha,Self-Employed,6-10L,Affluent,2025-09-02 00:00:00,Completed,Low
C001506,Aditya Singh,1986-12-30 00:00:00,Male,Ahmedabad,Gujarat,Salaried,10-20L,Affluent,2022-02-21 00:00:00,Completed,Low
C001507,Vivaan Joshi,1988-03-12 00:00:00,Female,Delhi,Delhi,Salaried,3-6L,Affluent,2022-09-10 00:00:00,Completed,Low
C001508,Arjun Sharma,1975-05-26 00:00:00,Female,Bhubaneswar,Odisha,Student,10-20L,Mass,2022-07-01 00:00:00,Completed,Medium
C001509,Rohan Rao,1996-06-25 00:00:00,Female,Pune,Maharashtra,Salaried,<3L,HNI,2025-03-05 00:00:00,Completed,Low
C001510,Arjun Rao,1992-09-09 00:00:00,Male,Mysuru,Karnataka,Student,6-10L,Mass Affluent,2024-10-15 00:00:00,Completed,Medium
C001511,Ananya Joshi,1995-09-18 00:00:00,Female,Bhubaneswar,Odisha,Business,6-10L,Mass Affluent,2024-02-20 00:00:00,Completed,Low
C001512,Ishita Mehta,1995-02-07 00:00:00,Male,Bhubaneswar,Odisha,Salaried,3-6L,Mass,2023-02-01 00:00:00,Completed,Low
C001513,Ananya Mehta,1966-11-26 00:00:00,Male,Pune,Maharashtra,Business,<3L,Affluent,2022-05-26 00:00:00,Completed,Medium
C001514,Ananya Kulkarni,1998-05-14 00:00:00,Male,Chennai,Tamil Nadu,Business,<3L,Mass Affluent,2024-07-23 00:00:00,Completed,Low
C001515,Priya Iyer,1996-11-16 00:00:00,Male,Mumbai,Maharashtra,Self-Employed,<3L,Mass Affluent,2023-01-14 00:00:00,Completed,High
C001516,Sneha Gupta,1970-08-20 00:00:00,Female,Chennai,Tamil Nadu,Self-Employed,6-10L,HNI,2024-08-27 00:00:00,Completed,Low
C001517,Neha Rao,2003-01-01 00:00:00,Female,Kolkata,West Bengal,Salaried,3-6L,Mass,2025-02-02 00:00:00,Completed,Low
C001518,Ananya Reddy,1983-02-01 00:00:00,Female,Kolkata,West Bengal,Salaried,10-20L,Mass Affluent,2025-10-26 00:00:00,Completed,Low
C001519,Pooja Iyer,1974-02-06 00:00:00,Female,Hyderabad,Telangana,Business,10-20L,Mass,2024-03-22 00:00:00,Completed,Medium
C001520,Aarav Joshi,1969-10-15 00:00:00,Male,Kolkata,West Bengal,Salaried,3-6L,Mass,2022-01-08 00:00:00,Completed,Low
C001521,Diya Nair,1975-12-23 00:00:00,Female,Hyderabad,Telangana,Salaried,3-6L,Mass,2023-04-06 00:00:00,Completed,Low
C001522,Pooja Iyer,1961-08-23 00:00:00,Male,Ahmedabad,Gujarat,Self-Employed,3-6L,Mass,2025-11-02 00:00:00,Completed,Medium
C001523,Aarav Joshi,1990-04-04 00:00:00,Female,Mumbai,Maharashtra,Salaried,10-20L,Mass,2024-05-25 00:00:00,Completed,Low
C001524,Diya Gupta,1991-01-03 00:00:00,Male,Gurugram,Haryana,Business,3-6L,Mass,2024-10-13 00:00:00,Completed,Low
C001525,Meera Joshi,1989-04-02 00:00:00,Female,Delhi,Delhi,Business,<3L,Mass,2024-01-22 00:00:00,Completed,Low
C001526,Aditya Das,1984-01-18 00:00:00,Female,Hyderabad,Telangana,Student,>20L,Mass Affluent,2022-09-25 00:00:00,Completed,Low
C001527,Arjun Mehta,1975-11-21 00:00:00,Female,Mysuru,Karnataka,Salaried,6-10L,Mass,2026-01-12 00:00:00,Completed,Low
C001528,Ananya Kulkarni,1991-09-17 00:00:00,Female,Pune,Maharashtra,Salaried,3-6L,Mass,2025-06-23 00:00:00,Completed,Low
C001529,Rohan Gupta,1998-03-04 00:00:00,Female,Bhubaneswar,Odisha,Student,10-20L,Mass,2026-06-23 00:00:00,Completed,High
C001530,Sneha Patil,1963-11-02 00:00:00,Male,Mysuru,Karnataka,Salaried,10-20L,Mass,2025-11-05 00:00:00,Completed,Low
C001531,Meera Rao,1976-10-09 00:00:00,Female,Chennai,Tamil Nadu,Business,6-10L,Mass,2023-04-24 00:00:00,Completed,Low
C001532,Kiran Mehta,2003-08-11 00:00:00,Male,Chennai,Tamil Nadu,Self-Employed,3-6L,Affluent,2023-02-22 00:00:00,Completed,Low
C001533,Rohan Das,1997-10-04 00:00:00,Male,Gurugram,Haryana,Salaried,6-10L,Mass Affluent,2023-02-12 00:00:00,Completed,Low
C001534,Neha Das,2003-07-23 00:00:00,Female,Bengaluru,Karnataka,Salaried,3-6L,Mass,2026-02-17 00:00:00,Completed,Low
C001535,Neha Das,1968-01-11 00:00:00,Male,Bengaluru,Karnataka,Self-Employed,6-10L,Mass,2024-07-03 00:00:00,Completed,Low
C001536,Arjun Kulkarni,1980-05-14 00:00:00,Male,Pune,Maharashtra,Salaried,3-6L,Mass,2024-01-17 00:00:00,Completed,Medium
C001537,Rahul Nair,1965-09-16 00:00:00,Male,Mysuru,Karnataka,Student,6-10L,Mass Affluent,2026-05-09 00:00:00,Completed,Low
C001538,Ananya Rao,1997-12-08 00:00:00,Female,Mysuru,Karnataka,Self-Employed,10-20L,Affluent,2024-09-17 00:00:00,Pending,Medium
C001539,Kavya Das,1982-09-23 00:00:00,Female,Mysuru,Karnataka,Salaried,>20L,Mass,2026-02-02 00:00:00,Completed,Medium
C001540,Aditya Rao,1970-09-02 00:00:00,Male,Mumbai,Maharashtra,Business,10-20L,Mass,2026-06-05 00:00:00,Completed,Low
C001541,Sai Kulkarni,1963-12-16 00:00:00,Female,Jaipur,Rajasthan,Salaried,<3L,Mass Affluent,2022-05-11 00:00:00,Completed,Medium
C001542,Arjun Gupta,1992-04-23 00:00:00,Male,Chennai,Tamil Nadu,Salaried,3-6L,Mass,2023-08-17 00:00:00,Completed,Medium
C001543,Kavya Patil,1995-07-25 00:00:00,Male,Bengaluru,Karnataka,Retired,6-10L,Mass,2025-04-20 00:00:00,Completed,Low
C001544,Ananya Kulkarni,1998-07-07 00:00:00,Male,Chennai,Tamil Nadu,Business,3-6L,Mass Affluent,2025-08-28 00:00:00,Completed,Low
C001545,Sai Mehta,2002-07-21 00:00:00,Male,Mysuru,Karnataka,Self-Employed,<3L,Mass Affluent,2022-09-01 00:00:00,Completed,Low
C001546,Neha Iyer,1995-09-08 00:00:00,Female,Gurugram,Haryana,Student,10-20L,Mass,2023-06-07 00:00:00,Expired,Low
C001547,Sai Das,1994-06-12 00:00:00,Male,Bengaluru,Karnataka,Self-Employed,3-6L,Mass Affluent,2024-06-19 00:00:00,Completed,Medium
C001548,Neha Iyer,1995-07-24 00:00:00,Male,Mysuru,Karnataka,Salaried,<3L,Mass,2025-08-05 00:00:00,Completed,Low
C001549,Ananya Nair,2003-10-01 00:00:00,Female,Mysuru,Karnataka,Salaried,6-10L,Mass,2022-07-05 00:00:00,Completed,Low
C001550,Priya Joshi,1980-04-13 00:00:00,Male,Gurugram,Haryana,Salaried,>20L,Mass Affluent,2024-09-13 00:00:00,Completed,Low
C001551,Ananya Mehta,1993-03-25 00:00:00,Female,Gurugram,Haryana,Salaried,6-10L,Mass Affluent,2023-05-02 00:00:00,Completed,High
C001552,Ananya Nair,1995-12-02 00:00:00,Female,Delhi,Delhi,Salaried,3-6L,Mass Affluent,2022-12-22 00:00:00,Completed,Low
C001553,Kavya Reddy,1965-02-03 00:00:00,Female,Chennai,Tamil Nadu,Business,6-10L,Mass Affluent,2024-04-26 00:00:00,Expired,Low
C001554,Ananya Kulkarni,1990-04-04 00:00:00,Female,Kolkata,West Bengal,Salaried,10-20L,Mass Affluent,2023-11-11 00:00:00,Completed,Low
C001555,Sneha Das,1974-11-04 00:00:00,Male,Kolkata,West Bengal,Self-Employed,<3L,Affluent,2024-11-09 00:00:00,Completed,High
C001556,Vivaan Kulkarni,1965-10-20 00:00:00,Male,Hyderabad,Telangana,Student,6-10L,Mass Affluent,2023-06-06 00:00:00,Completed,Low
C001557,Aarav Nair,1967-06-18 00:00:00,Female,Hyderabad,Telangana,Retired,6-10L,Mass,2025-09-13 00:00:00,Completed,Low
C001558,Sai Gupta,1964-12-31 00:00:00,Male,Gurugram,Haryana,Salaried,6-10L,Mass Affluent,2022-05-09 00:00:00,Completed,Low
C001559,Neha Mehta,1999-04-29 00:00:00,Male,Mumbai,Maharashtra,Student,3-6L,Mass,2025-11-16 00:00:00,Completed,Low
C001560,Nikhil Rao,1993-10-24 00:00:00,Female,Gurugram,Haryana,Business,10-20L,Mass Affluent,2022-02-18 00:00:00,Completed,Low
C001561,Kiran Iyer,1964-06-22 00:00:00,Female,Bengaluru,Karnataka,Salaried,3-6L,Mass,2025-04-23 00:00:00,Completed,Medium
C001562,Kiran Iyer,1987-05-26 00:00:00,Male,Bhubaneswar,Odisha,Salaried,<3L,Mass,2023-07-23 00:00:00,Completed,Medium
C001563,Sneha Nair,1988-12-05 00:00:00,Female,Delhi,Delhi,Salaried,<3L,Mass Affluent,2023-09-22 00:00:00,Completed,Low
C001564,Ananya Patil,1982-10-02 00:00:00,Female,Ahmedabad,Gujarat,Business,6-10L,Mass Affluent,2022-02-01 00:00:00,Completed,High
C001565,Aarav Gupta,1986-07-20 00:00:00,Male,Bhubaneswar,Odisha,Self-Employed,<3L,Mass,2025-02-26 00:00:00,Completed,Low
C001566,Kavya Sharma,1999-09-29 00:00:00,Male,Gurugram,Haryana,Self-Employed,10-20L,Mass,2022-09-29 00:00:00,Pending,Low
C001567,Meera Gupta,1982-09-23 00:00:00,Female,Jaipur,Rajasthan,Business,10-20L,Mass Affluent,2024-12-18 00:00:00,Completed,Low
C001568,Priya Singh,1988-11-22 00:00:00,Male,Gurugram,Haryana,Salaried,<3L,HNI,2025-04-05 00:00:00,Completed,Low
C001569,Ananya Nair,1985-01-06 00:00:00,Male,Mysuru,Karnataka,Salaried,10-20L,Mass,2025-10-19 00:00:00,Completed,Low
C001570,Kiran Mehta,1977-05-09 00:00:00,Male,Bengaluru,Karnataka,Student,>20L,Mass,2025-03-08 00:00:00,Completed,Low
C001571,Nikhil Patil,1999-01-09 00:00:00,Female,Mysuru,Karnataka,Retired,<3L,Mass,2023-05-11 00:00:00,Completed,Low
C001572,Arjun Singh,1978-02-17 00:00:00,Female,Bhubaneswar,Odisha,Business,6-10L,Mass,2025-04-27 00:00:00,Completed,High
C001573,Priya Kulkarni,1995-01-16 00:00:00,Male,Gurugram,Haryana,Salaried,>20L,Mass,2025-09-18 00:00:00,Completed,Low
C001574,Priya Sharma,1986-07-06 00:00:00,Male,Pune,Maharashtra,Salaried,10-20L,Affluent,2023-06-05 00:00:00,Completed,Low
C001575,Sneha Mehta,1990-01-02 00:00:00,Female,Gurugram,Haryana,Salaried,6-10L,Mass,2022-07-23 00:00:00,Completed,Low
C001576,Diya Iyer,1993-04-21 00:00:00,Male,Pune,Maharashtra,Salaried,10-20L,Mass,2026-01-01 00:00:00,Completed,Medium
C001577,Arjun Joshi,1992-03-28 00:00:00,Female,Jaipur,Rajasthan,Salaried,6-10L,Mass,2022-08-31 00:00:00,Completed,Low
C001578,Ishita Singh,1984-09-20 00:00:00,Male,Bhubaneswar,Odisha,Student,3-6L,Mass,2024-09-02 00:00:00,Completed,Low
C001579,Vivaan Nair,1986-12-17 00:00:00,Female,Mysuru,Karnataka,Business,3-6L,Mass,2023-01-23 00:00:00,Completed,Medium
C001580,Meera Kulkarni,1982-04-15 00:00:00,Female,Kolkata,West Bengal,Salaried,6-10L,Mass,2022-07-26 00:00:00,Completed,Low
C001581,Aditya Nair,1974-11-09 00:00:00,Female,Delhi,Delhi,Salaried,3-6L,Mass,2025-06-28 00:00:00,Completed,Medium
C001582,Arjun Gupta,1991-11-04 00:00:00,Male,Bengaluru,Karnataka,Salaried,3-6L,Mass Affluent,2022-08-24 00:00:00,Completed,Low
C001583,Diya Joshi,1998-07-02 00:00:00,Male,Bhubaneswar,Odisha,Salaried,3-6L,Mass,2025-01-05 00:00:00,Completed,Medium
C001584,Rahul Joshi,1990-11-23 00:00:00,Female,Bengaluru,Karnataka,Business,10-20L,Mass Affluent,2025-02-12 00:00:00,Expired,Low
C001585,Pooja Reddy,1993-10-28 00:00:00,Male,Mumbai,Maharashtra,Salaried,6-10L,Affluent,2022-04-09 00:00:00,Completed,High
C001586,Sai Gupta,1996-05-16 00:00:00,Female,Bengaluru,Karnataka,Student,3-6L,Mass,2022-10-11 00:00:00,Completed,Low
C001587,Diya Sharma,1976-02-03 00:00:00,Female,Gurugram,Haryana,Salaried,3-6L,Mass,2025-07-28 00:00:00,Completed,Low
C001588,Rahul Mehta,1962-09-27 00:00:00,Male,Chennai,Tamil Nadu,Salaried,<3L,Affluent,2024-04-12 00:00:00,Expired,Medium
C001589,Meera Das,1974-10-15 00:00:00,Male,Pune,Maharashtra,Retired,<3L,Mass,2022-07-19 00:00:00,Completed,Low
C001590,Priya Reddy,1993-01-26 00:00:00,Female,Bengaluru,Karnataka,Salaried,6-10L,Mass,2026-06-17 00:00:00,Completed,Low
C001591,Rohan Joshi,1995-09-25 00:00:00,Female,Mysuru,Karnataka,Salaried,<3L,Mass Affluent,2023-03-12 00:00:00,Completed,Low
C001592,Kavya Singh,1982-07-04 00:00:00,Female,Bhubaneswar,Odisha,Self-Employed,>20L,Mass Affluent,2022-01-07 00:00:00,Completed,Low
C001593,Meera Mehta,1994-02-08 00:00:00,Male,Ahmedabad,Gujarat,Salaried,3-6L,Affluent,2026-02-26 00:00:00,Completed,Low
C001594,Arjun Reddy,1963-04-10 00:00:00,Male,Bhubaneswar,Odisha,Salaried,<3L,Mass,2022-01-28 00:00:00,Completed,Low
C001595,Pooja Sharma,1988-03-20 00:00:00,Male,Hyderabad,Telangana,Salaried,10-20L,Mass,2024-06-27 00:00:00,Completed,Low
C001596,Meera Rao,1989-09-29 00:00:00,Male,Hyderabad,Telangana,Salaried,3-6L,Mass,2026-06-19 00:00:00,Completed,Low
C001597,Sai Joshi,1982-03-31 00:00:00,Male,Ahmedabad,Gujarat,Self-Employed,3-6L,Mass,2024-08-06 00:00:00,Completed,Medium
C001598,Sai Gupta,1991-05-22 00:00:00,Male,Chennai,Tamil Nadu,Salaried,<3L,Mass,2024-08-17 00:00:00,Completed,Low
C001599,Sai Joshi,1981-07-12 00:00:00,Female,Gurugram,Haryana,Business,6-10L,Mass,2023-09-30 00:00:00,Completed,Low
C001600,Rohan Gupta,1982-12-09 00:00:00,Male,Pune,Maharashtra,Student,3-6L,Mass,2022-07-28 00:00:00,Completed,Low
C001601,Neha Nair,1986-06-16 00:00:00,Female,Gurugram,Haryana,Salaried,10-20L,Mass,2024-07-29 00:00:00,Completed,Low
C001602,Sai Das,1994-10-09 00:00:00,Female,Bengaluru,Karnataka,Salaried,6-10L,Mass,2026-01-13 00:00:00,Completed,Low
C001603,Meera Rao,1970-11-23 00:00:00,Male,Mumbai,Maharashtra,Salaried,10-20L,Mass,2022-05-30 00:00:00,Expired,Low
C001604,Pooja Iyer,1973-02-24 00:00:00,Female,Kolkata,West Bengal,Salaried,6-10L,Mass Affluent,2025-12-16 00:00:00,Completed,Low
C001605,Sneha Patil,1978-05-07 00:00:00,Male,Jaipur,Rajasthan,Salaried,10-20L,Mass,2023-11-13 00:00:00,Completed,Medium
C001606,Aditya Iyer,1968-11-04 00:00:00,Female,Mysuru,Karnataka,Business,6-10L,Mass Affluent,2024-05-30 00:00:00,Completed,Low
C001607,Nikhil Joshi,1974-08-22 00:00:00,Female,Mysuru,Karnataka,Salaried,6-10L,Mass,2022-09-29 00:00:00,Expired,Low
C001608,Meera Joshi,1975-05-13 00:00:00,Male,Mysuru,Karnataka,Self-Employed,6-10L,Mass,2024-10-17 00:00:00,Completed,Low
C001609,Rahul Nair,1973-10-06 00:00:00,Female,Ahmedabad,Gujarat,Business,6-10L,Affluent,2022-10-27 00:00:00,Completed,Low
C001610,Kiran Kulkarni,1977-12-17 00:00:00,Male,Pune,Maharashtra,Business,<3L,Affluent,2023-03-25 00:00:00,Completed,Medium
C001611,Aarav Joshi,1982-02-10 00:00:00,Female,Pune,Maharashtra,Salaried,6-10L,Mass,2025-03-30 00:00:00,Completed,Medium
C001612,Aditya Joshi,1990-06-26 00:00:00,Male,Bengaluru,Karnataka,Salaried,3-6L,Mass,2022-03-24 00:00:00,Completed,High
C001613,Sneha Rao,1973-04-09 00:00:00,Male,Bhubaneswar,Odisha,Retired,6-10L,Affluent,2024-01-05 00:00:00,Completed,Low
C001614,Rahul Patil,1997-01-14 00:00:00,Female,Gurugram,Haryana,Salaried,<3L,Mass,2024-09-03 00:00:00,Completed,Low
C001615,Priya Iyer,1980-12-31 00:00:00,Female,Ahmedabad,Gujarat,Business,<3L,Mass,2022-08-05 00:00:00,Completed,Medium
C001616,Diya Iyer,1991-07-31 00:00:00,Male,Kolkata,West Bengal,Business,<3L,Mass,2023-04-29 00:00:00,Completed,Medium
C001617,Diya Nair,1965-01-10 00:00:00,Female,Mysuru,Karnataka,Self-Employed,3-6L,Mass,2023-07-19 00:00:00,Completed,Low
C001618,Meera Kulkarni,1967-08-15 00:00:00,Female,Ahmedabad,Gujarat,Salaried,<3L,Mass Affluent,2024-12-25 00:00:00,Completed,Low
C001619,Kavya Kulkarni,1979-11-14 00:00:00,Male,Hyderabad,Telangana,Salaried,<3L,Mass Affluent,2026-05-23 00:00:00,Pending,Low
C001620,Priya Das,1976-01-16 00:00:00,Female,Chennai,Tamil Nadu,Self-Employed,6-10L,Mass,2025-10-05 00:00:00,Completed,Low
C001621,Sai Das,1981-09-24 00:00:00,Female,Mumbai,Maharashtra,Self-Employed,3-6L,Mass,2022-11-08 00:00:00,Completed,Low
C001622,Kiran Kulkarni,1966-12-09 00:00:00,Male,Jaipur,Rajasthan,Business,>20L,Mass,2022-01-30 00:00:00,Completed,Low
C001623,Vivaan Sharma,1980-09-29 00:00:00,Female,Bhubaneswar,Odisha,Business,10-20L,Mass Affluent,2022-03-27 00:00:00,Expired,High
C001624,Arjun Rao,1990-01-30 00:00:00,Female,Delhi,Delhi,Retired,<3L,Affluent,2024-09-05 00:00:00,Completed,Low
C001625,Sneha Sharma,1991-11-29 00:00:00,Male,Mysuru,Karnataka,Retired,3-6L,Mass,2022-09-14 00:00:00,Completed,Medium
C001626,Arjun Reddy,1970-11-14 00:00:00,Female,Jaipur,Rajasthan,Business,3-6L,Mass Affluent,2023-01-15 00:00:00,Completed,Low
C001627,Sneha Nair,1975-02-01 00:00:00,Female,Jaipur,Rajasthan,Salaried,3-6L,Mass,2025-10-23 00:00:00,Completed,Low
C001628,Aarav Iyer,1983-01-06 00:00:00,Female,Hyderabad,Telangana,Salaried,6-10L,Mass Affluent,2025-12-05 00:00:00,Completed,Medium
C001629,Diya Joshi,1982-09-09 00:00:00,Female,Hyderabad,Telangana,Self-Employed,6-10L,Mass,2025-10-09 00:00:00,Completed,Low
C001630,Sai Rao,1994-09-08 00:00:00,Male,Mumbai,Maharashtra,Self-Employed,6-10L,Mass,2023-02-21 00:00:00,Completed,Low
C001631,Kavya Reddy,1977-02-04 00:00:00,Male,Bengaluru,Karnataka,Salaried,3-6L,Mass,2024-10-14 00:00:00,Completed,Low
C001632,Meera Patil,1989-05-23 00:00:00,Male,Bhubaneswar,Odisha,Self-Employed,6-10L,Affluent,2024-09-29 00:00:00,Completed,Low
C001633,Rahul Singh,1998-09-18 00:00:00,Male,Gurugram,Haryana,Salaried,3-6L,Mass,2022-11-01 00:00:00,Completed,Medium
C001634,Aditya Kulkarni,1973-01-25 00:00:00,Female,Pune,Maharashtra,Salaried,10-20L,Mass,2024-06-27 00:00:00,Completed,Medium
C001635,Ananya Sharma,1996-01-19 00:00:00,Female,Kolkata,West Bengal,Student,>20L,Affluent,2024-05-12 00:00:00,Completed,Medium
C001636,Neha Rao,1974-07-31 00:00:00,Male,Bengaluru,Karnataka,Salaried,3-6L,Mass Affluent,2023-10-13 00:00:00,Completed,Low
C001637,Kavya Joshi,1974-08-25 00:00:00,Female,Bengaluru,Karnataka,Self-Employed,10-20L,Mass,2025-05-19 00:00:00,Completed,Medium
C001638,Ishita Iyer,1988-08-14 00:00:00,Female,Mumbai,Maharashtra,Self-Employed,10-20L,Mass,2025-01-17 00:00:00,Expired,Low
C001639,Aditya Joshi,1987-03-28 00:00:00,Male,Gurugram,Haryana,Self-Employed,6-10L,Affluent,2024-05-24 00:00:00,Completed,Low
C001640,Arjun Sharma,1984-01-26 00:00:00,Male,Delhi,Delhi,Salaried,<3L,Mass,2025-04-06 00:00:00,Completed,Medium
C001641,Diya Nair,1970-02-16 00:00:00,Male,Mumbai,Maharashtra,Self-Employed,10-20L,Mass,2025-06-07 00:00:00,Completed,Low
C001642,Aditya Reddy,1964-03-22 00:00:00,Female,Delhi,Delhi,Salaried,3-6L,Mass,2024-07-19 00:00:00,Completed,Low
C001643,Ishita Mehta,1999-10-26 00:00:00,Male,Delhi,Delhi,Self-Employed,3-6L,Mass,2023-03-16 00:00:00,Expired,Medium
C001644,Sneha Sharma,1998-04-14 00:00:00,Female,Hyderabad,Telangana,Salaried,6-10L,Mass Affluent,2025-05-30 00:00:00,Pending,Low
C001645,Aarav Joshi,1998-11-03 00:00:00,Male,Hyderabad,Telangana,Retired,3-6L,Mass Affluent,2025-03-24 00:00:00,Completed,Low
C001646,Rohan Patil,1982-06-15 00:00:00,Male,Jaipur,Rajasthan,Business,<3L,Mass,2026-06-03 00:00:00,Completed,Low
C001647,Pooja Joshi,1998-09-30 00:00:00,Male,Ahmedabad,Gujarat,Salaried,>20L,HNI,2022-09-03 00:00:00,Completed,Medium
C001648,Sai Nair,1980-09-25 00:00:00,Male,Pune,Maharashtra,Salaried,3-6L,Mass Affluent,2023-11-20 00:00:00,Completed,Low
C001649,Aditya Gupta,1963-04-23 00:00:00,Male,Jaipur,Rajasthan,Salaried,6-10L,Mass Affluent,2026-02-26 00:00:00,Completed,Low
C001650,Neha Patil,1968-09-10 00:00:00,Female,Hyderabad,Telangana,Business,6-10L,Mass,2024-04-24 00:00:00,Completed,Low
C001651,Arjun Patil,1971-12-10 00:00:00,Male,Mumbai,Maharashtra,Self-Employed,<3L,Mass,2026-03-28 00:00:00,Completed,Low
C001652,Rohan Kulkarni,1976-07-06 00:00:00,Male,Delhi,Delhi,Business,10-20L,Mass Affluent,2022-01-21 00:00:00,Completed,Low
C001653,Kavya Reddy,2001-02-18 00:00:00,Male,Kolkata,West Bengal,Student,6-10L,Mass Affluent,2022-02-27 00:00:00,Completed,Medium
C001654,Neha Reddy,1974-07-31 00:00:00,Female,Ahmedabad,Gujarat,Salaried,6-10L,Mass,2025-07-31 00:00:00,Completed,Medium
C001655,Sai Patil,1986-11-01 00:00:00,Male,Delhi,Delhi,Business,6-10L,Mass,2023-08-12 00:00:00,Completed,Medium
C001656,Nikhil Das,1971-11-10 00:00:00,Female,Mysuru,Karnataka,Salaried,>20L,Mass,2024-05-04 00:00:00,Completed,Medium
C001657,Aarav Das,1988-03-06 00:00:00,Female,Mumbai,Maharashtra,Self-Employed,10-20L,Mass,2023-12-04 00:00:00,Completed,Low
C001658,Ananya Nair,1984-11-08 00:00:00,Male,Mysuru,Karnataka,Salaried,<3L,Mass,2023-11-01 00:00:00,Completed,Low
C001659,Rahul Joshi,1966-08-03 00:00:00,Female,Kolkata,West Bengal,Business,3-6L,Mass,2026-03-23 00:00:00,Completed,Low
C001660,Diya Rao,1980-04-01 00:00:00,Female,Hyderabad,Telangana,Salaried,6-10L,Mass,2022-06-04 00:00:00,Completed,Low
C001661,Sai Iyer,1964-08-13 00:00:00,Male,Gurugram,Haryana,Salaried,10-20L,Affluent,2025-06-21 00:00:00,Completed,Low
C001662,Sneha Gupta,1998-12-14 00:00:00,Female,Kolkata,West Bengal,Salaried,10-20L,Mass Affluent,2025-12-31 00:00:00,Completed,Low
C001663,Aditya Patil,1990-11-05 00:00:00,Male,Ahmedabad,Gujarat,Retired,3-6L,Mass,2024-12-15 00:00:00,Completed,Medium
C001664,Sai Patil,2001-03-27 00:00:00,Female,Ahmedabad,Gujarat,Self-Employed,10-20L,Mass,2023-10-11 00:00:00,Completed,Low
C001665,Neha Kulkarni,1998-05-10 00:00:00,Female,Mysuru,Karnataka,Salaried,3-6L,Mass,2022-09-20 00:00:00,Completed,Low
C001666,Pooja Kulkarni,1969-08-12 00:00:00,Male,Chennai,Tamil Nadu,Salaried,3-6L,Mass,2025-01-25 00:00:00,Pending,High
C001667,Sai Gupta,1990-12-24 00:00:00,Male,Jaipur,Rajasthan,Salaried,6-10L,Mass Affluent,2024-02-09 00:00:00,Completed,Low
C001668,Meera Rao,1964-05-20 00:00:00,Male,Ahmedabad,Gujarat,Student,3-6L,Mass,2022-09-03 00:00:00,Completed,Low
C001669,Aditya Gupta,2002-01-29 00:00:00,Male,Pune,Maharashtra,Retired,6-10L,Affluent,2023-08-14 00:00:00,Completed,Low
C001670,Priya Das,1994-05-27 00:00:00,Male,Delhi,Delhi,Student,3-6L,Mass,2026-04-28 00:00:00,Completed,Low
C001671,Kavya Joshi,1989-10-22 00:00:00,Female,Jaipur,Rajasthan,Student,10-20L,HNI,2023-03-12 00:00:00,Completed,Low
C001672,Aarav Rao,2003-07-31 00:00:00,Female,Bengaluru,Karnataka,Salaried,>20L,Mass Affluent,2022-10-21 00:00:00,Completed,High
C001673,Kavya Gupta,1997-02-05 00:00:00,Male,Hyderabad,Telangana,Salaried,3-6L,Mass Affluent,2025-01-24 00:00:00,Expired,Medium
C001674,Nikhil Das,1997-10-30 00:00:00,Female,Mysuru,Karnataka,Self-Employed,6-10L,Affluent,2022-11-24 00:00:00,Completed,Medium
C001675,Nikhil Gupta,1964-05-21 00:00:00,Female,Jaipur,Rajasthan,Self-Employed,6-10L,Mass,2026-02-19 00:00:00,Completed,Medium
C001676,Neha Singh,1961-01-14 00:00:00,Female,Bengaluru,Karnataka,Salaried,3-6L,Mass,2025-11-11 00:00:00,Completed,Low
C001677,Vivaan Gupta,2002-02-06 00:00:00,Female,Bengaluru,Karnataka,Business,10-20L,Mass,2026-06-03 00:00:00,Completed,Medium
C001678,Kiran Iyer,1971-01-03 00:00:00,Male,Pune,Maharashtra,Salaried,6-10L,Mass Affluent,2026-02-07 00:00:00,Completed,Low
C001679,Arjun Gupta,1978-09-05 00:00:00,Female,Mumbai,Maharashtra,Salaried,<3L,Affluent,2023-02-05 00:00:00,Completed,Low
C001680,Kiran Rao,1961-11-24 00:00:00,Female,Gurugram,Haryana,Salaried,10-20L,Mass,2022-12-15 00:00:00,Completed,High
C001681,Aditya Mehta,1987-04-18 00:00:00,Female,Pune,Maharashtra,Student,3-6L,Mass Affluent,2023-07-17 00:00:00,Pending,Low
C001682,Aarav Kulkarni,1995-12-15 00:00:00,Female,Delhi,Delhi,Business,3-6L,Mass,2024-02-11 00:00:00,Completed,Low
C001683,Rohan Reddy,1996-11-14 00:00:00,Male,Hyderabad,Telangana,Self-Employed,3-6L,Mass,2025-12-15 00:00:00,Completed,Medium
C001684,Neha Das,1985-06-20 00:00:00,Female,Hyderabad,Telangana,Business,10-20L,Mass Affluent,2025-04-19 00:00:00,Completed,Low
C001685,Pooja Kulkarni,1988-12-20 00:00:00,Female,Bhubaneswar,Odisha,Business,>20L,Mass,2024-11-24 00:00:00,Completed,Low
C001686,Priya Rao,1982-07-03 00:00:00,Male,Gurugram,Haryana,Salaried,3-6L,Mass,2025-12-13 00:00:00,Completed,Low
C001687,Ananya Nair,1979-07-18 00:00:00,Male,Hyderabad,Telangana,Business,<3L,Mass Affluent,2024-11-26 00:00:00,Completed,Low
C001688,Aditya Sharma,1984-04-15 00:00:00,Female,Kolkata,West Bengal,Salaried,<3L,Mass,2023-09-15 00:00:00,Completed,Low
C001689,Aditya Sharma,2000-12-30 00:00:00,Male,Mumbai,Maharashtra,Self-Employed,6-10L,Mass,2023-11-10 00:00:00,Completed,Low
C001690,Meera Gupta,1971-01-22 00:00:00,Male,Kolkata,West Bengal,Salaried,3-6L,Mass,2024-04-28 00:00:00,Completed,Low
C001691,Vivaan Sharma,1980-08-06 00:00:00,Female,Jaipur,Rajasthan,Salaried,3-6L,Mass,2022-05-26 00:00:00,Expired,Low
C001692,Neha Mehta,1986-05-10 00:00:00,Male,Pune,Maharashtra,Self-Employed,3-6L,Mass Affluent,2025-05-02 00:00:00,Completed,Low
C001693,Kavya Rao,1984-12-22 00:00:00,Female,Mumbai,Maharashtra,Salaried,6-10L,Affluent,2024-12-07 00:00:00,Completed,Low
C001694,Nikhil Iyer,1961-05-05 00:00:00,Female,Delhi,Delhi,Salaried,6-10L,Mass,2025-04-15 00:00:00,Expired,Low
C001695,Pooja Joshi,1972-08-02 00:00:00,Male,Pune,Maharashtra,Self-Employed,6-10L,Mass Affluent,2024-05-26 00:00:00,Completed,Low
C001696,Neha Patil,1988-04-19 00:00:00,Male,Chennai,Tamil Nadu,Self-Employed,3-6L,Mass Affluent,2025-07-09 00:00:00,Completed,Low
C001697,Priya Mehta,1990-05-28 00:00:00,Male,Jaipur,Rajasthan,Salaried,6-10L,Mass Affluent,2026-04-09 00:00:00,Completed,Low
C001698,Sai Singh,1992-03-03 00:00:00,Male,Chennai,Tamil Nadu,Salaried,6-10L,Mass Affluent,2024-07-24 00:00:00,Completed,Medium
C001699,Aditya Singh,2003-06-05 00:00:00,Male,Mysuru,Karnataka,Salaried,6-10L,Mass,2023-12-31 00:00:00,Completed,Low
C001700,Aditya Mehta,1989-06-25 00:00:00,Female,Pune,Maharashtra,Student,<3L,Mass Affluent,2022-06-21 00:00:00,Completed,Low
C001701,Diya Reddy,1985-05-23 00:00:00,Female,Kolkata,West Bengal,Student,3-6L,Mass,2025-07-02 00:00:00,Completed,Low
C001702,Priya Kulkarni,1974-07-19 00:00:00,Female,Pune,Maharashtra,Salaried,6-10L,Mass,2026-01-24 00:00:00,Completed,Low
C001703,Neha Das,1976-03-23 00:00:00,Female,Chennai,Tamil Nadu,Business,3-6L,Mass,2025-02-22 00:00:00,Completed,Low
C001704,Aditya Singh,1996-03-12 00:00:00,Male,Kolkata,West Bengal,Self-Employed,6-10L,Mass,2025-11-22 00:00:00,Completed,Low
C001705,Pooja Joshi,1980-07-13 00:00:00,Male,Pune,Maharashtra,Retired,3-6L,Mass,2025-11-15 00:00:00,Completed,Medium
C001706,Ishita Sharma,1991-05-06 00:00:00,Female,Chennai,Tamil Nadu,Salaried,3-6L,Affluent,2025-08-03 00:00:00,Expired,Low
C001707,Ishita Patil,1965-06-08 00:00:00,Female,Delhi,Delhi,Self-Employed,6-10L,Mass,2024-04-05 00:00:00,Completed,Low
C001708,Pooja Patil,1965-08-14 00:00:00,Male,Mysuru,Karnataka,Self-Employed,3-6L,Mass,2022-06-13 00:00:00,Completed,High
C001709,Sneha Das,1969-06-09 00:00:00,Male,Delhi,Delhi,Salaried,3-6L,Affluent,2022-01-06 00:00:00,Completed,Low
C001710,Vivaan Singh,1968-07-19 00:00:00,Male,Gurugram,Haryana,Salaried,10-20L,Mass,2022-12-02 00:00:00,Completed,Low
C001711,Ananya Patil,1986-08-03 00:00:00,Male,Bengaluru,Karnataka,Salaried,3-6L,Mass,2023-12-09 00:00:00,Completed,Low
C001712,Aarav Joshi,1987-11-28 00:00:00,Male,Jaipur,Rajasthan,Salaried,10-20L,Affluent,2025-05-05 00:00:00,Completed,Low
C001713,Sai Joshi,1984-06-09 00:00:00,Male,Hyderabad,Telangana,Business,3-6L,Affluent,2024-01-19 00:00:00,Completed,Medium
C001714,Aarav Reddy,1972-09-04 00:00:00,Female,Bengaluru,Karnataka,Business,10-20L,Mass Affluent,2022-02-07 00:00:00,Pending,Low
C001715,Kiran Kulkarni,1985-04-05 00:00:00,Male,Jaipur,Rajasthan,Salaried,10-20L,Mass,2022-12-12 00:00:00,Completed,Low
C001716,Nikhil Mehta,1965-03-25 00:00:00,Male,Jaipur,Rajasthan,Student,<3L,Mass,2026-05-27 00:00:00,Completed,Low
C001717,Meera Reddy,1980-09-17 00:00:00,Female,Bengaluru,Karnataka,Salaried,6-10L,Affluent,2026-06-11 00:00:00,Completed,Medium
C001718,Rahul Reddy,1966-10-15 00:00:00,Male,Mysuru,Karnataka,Retired,6-10L,Affluent,2023-09-12 00:00:00,Completed,Low
C001719,Meera Joshi,1963-05-12 00:00:00,Male,Delhi,Delhi,Salaried,6-10L,Mass,2025-08-14 00:00:00,Completed,Low
C001720,Arjun Sharma,1967-04-03 00:00:00,Female,Hyderabad,Telangana,Student,3-6L,Affluent,2025-03-27 00:00:00,Completed,Low
C001721,Rohan Iyer,1964-11-13 00:00:00,Female,Kolkata,West Bengal,Student,>20L,Mass Affluent,2026-03-10 00:00:00,Completed,Low
C001722,Meera Mehta,1980-12-05 00:00:00,Female,Gurugram,Haryana,Business,6-10L,Mass,2025-12-28 00:00:00,Completed,Low
C001723,Aditya Singh,1983-11-29 00:00:00,Male,Chennai,Tamil Nadu,Business,>20L,Mass,2024-10-29 00:00:00,Completed,Low
C001724,Aditya Nair,1986-08-10 00:00:00,Female,Bengaluru,Karnataka,Salaried,10-20L,Mass,2023-10-10 00:00:00,Expired,High
C001725,Sneha Mehta,1979-04-06 00:00:00,Male,Chennai,Tamil Nadu,Business,10-20L,Affluent,2024-10-25 00:00:00,Completed,Medium
C001726,Rahul Sharma,1967-09-23 00:00:00,Female,Jaipur,Rajasthan,Self-Employed,6-10L,Mass,2023-06-09 00:00:00,Completed,Low
C001727,Kiran Das,1960-11-30 00:00:00,Male,Hyderabad,Telangana,Salaried,6-10L,Mass Affluent,2023-07-26 00:00:00,Completed,High
C001728,Ananya Kulkarni,1991-03-18 00:00:00,Male,Gurugram,Haryana,Retired,10-20L,Mass,2024-09-26 00:00:00,Completed,Low
C001729,Ananya Singh,2003-01-18 00:00:00,Male,Pune,Maharashtra,Salaried,6-10L,Mass Affluent,2024-07-27 00:00:00,Completed,Medium
C001730,Arjun Das,1972-04-23 00:00:00,Male,Bhubaneswar,Odisha,Salaried,<3L,Mass,2024-08-11 00:00:00,Completed,Medium
C001731,Arjun Gupta,1968-12-19 00:00:00,Female,Bengaluru,Karnataka,Student,6-10L,Affluent,2023-09-24 00:00:00,Completed,Medium
C001732,Nikhil Sharma,1973-08-24 00:00:00,Male,Pune,Maharashtra,Salaried,<3L,Mass,2023-11-03 00:00:00,Completed,Low
C001733,Vivaan Sharma,1969-05-23 00:00:00,Male,Mysuru,Karnataka,Salaried,>20L,Mass Affluent,2022-01-17 00:00:00,Completed,Medium
C001734,Ishita Sharma,1969-10-15 00:00:00,Female,Jaipur,Rajasthan,Salaried,6-10L,Mass Affluent,2024-09-15 00:00:00,Completed,Low
C001735,Kiran Kulkarni,1981-08-30 00:00:00,Male,Gurugram,Haryana,Business,6-10L,Mass,2024-08-03 00:00:00,Completed,Low
C001736,Neha Reddy,1994-05-25 00:00:00,Male,Bhubaneswar,Odisha,Student,3-6L,Affluent,2026-03-16 00:00:00,Completed,Medium
C001737,Ananya Sharma,1991-03-15 00:00:00,Female,Chennai,Tamil Nadu,Salaried,6-10L,Mass,2024-04-08 00:00:00,Completed,Low
C001738,Priya Joshi,2002-01-17 00:00:00,Male,Hyderabad,Telangana,Self-Employed,3-6L,Affluent,2024-02-07 00:00:00,Completed,Low
C001739,Pooja Gupta,1975-08-27 00:00:00,Female,Hyderabad,Telangana,Self-Employed,6-10L,Mass,2022-04-22 00:00:00,Completed,Low
C001740,Rohan Gupta,1981-07-28 00:00:00,Male,Mumbai,Maharashtra,Business,6-10L,Mass Affluent,2022-11-20 00:00:00,Completed,Low
C001741,Pooja Joshi,1976-08-28 00:00:00,Male,Hyderabad,Telangana,Business,6-10L,Affluent,2023-07-10 00:00:00,Completed,Medium
C001742,Rohan Singh,1961-11-03 00:00:00,Male,Kolkata,West Bengal,Retired,3-6L,Affluent,2023-09-12 00:00:00,Completed,Low
C001743,Aditya Das,1977-01-06 00:00:00,Male,Bhubaneswar,Odisha,Salaried,6-10L,Mass,2023-08-19 00:00:00,Pending,Low
C001744,Rahul Patil,1971-06-01 00:00:00,Female,Hyderabad,Telangana,Salaried,6-10L,Mass,2023-10-10 00:00:00,Completed,Medium
C001745,Nikhil Rao,1980-12-20 00:00:00,Male,Bhubaneswar,Odisha,Self-Employed,10-20L,Mass Affluent,2025-06-16 00:00:00,Completed,Medium
C001746,Vivaan Reddy,1966-12-03 00:00:00,Female,Bhubaneswar,Odisha,Salaried,10-20L,Mass,2022-08-04 00:00:00,Completed,Medium
C001747,Ishita Mehta,1992-06-27 00:00:00,Female,Hyderabad,Telangana,Salaried,10-20L,Affluent,2023-06-30 00:00:00,Pending,Low
C001748,Vivaan Iyer,1996-12-01 00:00:00,Male,Gurugram,Haryana,Salaried,3-6L,Mass,2022-09-25 00:00:00,Completed,Low
C001749,Aditya Nair,2002-02-01 00:00:00,Female,Mysuru,Karnataka,Salaried,<3L,Mass,2023-05-21 00:00:00,Completed,Medium
C001750,Kavya Singh,1963-09-19 00:00:00,Female,Pune,Maharashtra,Retired,10-20L,Mass Affluent,2025-01-29 00:00:00,Completed,Medium
C001751,Rohan Patil,1965-02-25 00:00:00,Male,Jaipur,Rajasthan,Salaried,>20L,Mass,2022-03-18 00:00:00,Completed,Low
C001752,Priya Nair,2002-05-03 00:00:00,Female,Mysuru,Karnataka,Self-Employed,<3L,Mass,2023-07-12 00:00:00,Completed,Low
C001753,Aarav Kulkarni,1997-02-26 00:00:00,Male,Delhi,Delhi,Business,6-10L,Mass,2022-02-08 00:00:00,Completed,Low
C001754,Diya Singh,1985-10-12 00:00:00,Male,Kolkata,West Bengal,Salaried,3-6L,HNI,2026-04-17 00:00:00,Completed,Low
C001755,Kavya Joshi,1974-01-31 00:00:00,Male,Mumbai,Maharashtra,Salaried,<3L,Mass Affluent,2025-04-09 00:00:00,Completed,Low
C001756,Ishita Nair,1982-09-05 00:00:00,Male,Bhubaneswar,Odisha,Salaried,>20L,HNI,2023-02-04 00:00:00,Completed,Low
C001757,Rahul Das,1983-06-19 00:00:00,Male,Chennai,Tamil Nadu,Self-Employed,>20L,Mass,2022-11-22 00:00:00,Completed,Low
C001758,Kiran Gupta,1997-02-12 00:00:00,Female,Bengaluru,Karnataka,Salaried,>20L,Mass,2022-06-12 00:00:00,Completed,Low
C001759,Priya Gupta,1983-03-11 00:00:00,Male,Mumbai,Maharashtra,Self-Employed,<3L,Mass,2024-02-16 00:00:00,Completed,Low
C001760,Sai Sharma,1961-03-16 00:00:00,Male,Kolkata,West Bengal,Salaried,6-10L,Mass,2025-05-22 00:00:00,Completed,Low
C001761,Pooja Sharma,1990-08-24 00:00:00,Male,Jaipur,Rajasthan,Salaried,10-20L,Mass,2024-08-17 00:00:00,Completed,Medium
C001762,Ishita Mehta,1994-01-16 00:00:00,Female,Bhubaneswar,Odisha,Salaried,6-10L,Mass,2025-12-17 00:00:00,Completed,Low
C001763,Rahul Rao,1973-01-21 00:00:00,Female,Jaipur,Rajasthan,Salaried,3-6L,Mass,2023-07-19 00:00:00,Completed,Medium
C001764,Aarav Kulkarni,1965-02-08 00:00:00,Female,Bengaluru,Karnataka,Salaried,6-10L,Mass Affluent,2023-04-02 00:00:00,Completed,Medium
C001765,Aarav Rao,1966-03-25 00:00:00,Female,Kolkata,West Bengal,Retired,<3L,Mass,2024-02-24 00:00:00,Completed,Medium
C001766,Neha Joshi,1996-10-30 00:00:00,Female,Mysuru,Karnataka,Salaried,6-10L,Mass,2022-11-28 00:00:00,Completed,Medium
C001767,Kavya Patil,1979-08-09 00:00:00,Female,Bengaluru,Karnataka,Self-Employed,10-20L,Mass,2026-05-22 00:00:00,Completed,Medium
C001768,Diya Mehta,1983-03-07 00:00:00,Female,Kolkata,West Bengal,Self-Employed,<3L,Mass,2022-11-02 00:00:00,Completed,Low
C001769,Ishita Iyer,2002-01-29 00:00:00,Female,Gurugram,Haryana,Business,3-6L,Mass Affluent,2024-02-26 00:00:00,Completed,Low
C001770,Kiran Sharma,1962-09-05 00:00:00,Female,Chennai,Tamil Nadu,Self-Employed,6-10L,Mass Affluent,2024-05-07 00:00:00,Completed,Medium
C001771,Sai Joshi,1969-01-08 00:00:00,Male,Jaipur,Rajasthan,Salaried,6-10L,Affluent,2022-04-04 00:00:00,Completed,Low
C001772,Meera Patil,1996-07-01 00:00:00,Female,Bengaluru,Karnataka,Self-Employed,3-6L,Mass,2024-02-09 00:00:00,Completed,Low
C001773,Vivaan Gupta,1983-08-30 00:00:00,Female,Hyderabad,Telangana,Salaried,<3L,Mass,2024-01-17 00:00:00,Completed,Low
C001774,Nikhil Iyer,1961-03-13 00:00:00,Male,Jaipur,Rajasthan,Business,10-20L,Affluent,2023-03-03 00:00:00,Completed,Low
C001775,Rahul Nair,1990-10-16 00:00:00,Female,Gurugram,Haryana,Salaried,3-6L,Affluent,2022-07-30 00:00:00,Completed,Low
C001776,Aditya Das,1966-01-22 00:00:00,Female,Hyderabad,Telangana,Business,6-10L,Mass,2022-03-16 00:00:00,Completed,Low
C001777,Arjun Mehta,1994-04-06 00:00:00,Female,Gurugram,Haryana,Self-Employed,6-10L,Mass,2022-01-15 00:00:00,Completed,Low
C001778,Sai Rao,1994-12-13 00:00:00,Female,Jaipur,Rajasthan,Self-Employed,3-6L,Mass Affluent,2024-03-01 00:00:00,Completed,Low
C001779,Neha Patil,1996-02-11 00:00:00,Female,Bengaluru,Karnataka,Salaried,6-10L,HNI,2022-05-28 00:00:00,Completed,Low
C001780,Vivaan Iyer,1980-05-12 00:00:00,Female,Jaipur,Rajasthan,Business,6-10L,Mass,2026-04-25 00:00:00,Completed,Medium
C001781,Sai Gupta,1971-09-25 00:00:00,Female,Ahmedabad,Gujarat,Business,6-10L,Mass,2023-02-06 00:00:00,Pending,Medium
C001782,Kavya Singh,1998-08-11 00:00:00,Female,Ahmedabad,Gujarat,Self-Employed,6-10L,Affluent,2024-12-07 00:00:00,Completed,Low
C001783,Rohan Iyer,1984-06-23 00:00:00,Male,Delhi,Delhi,Salaried,3-6L,Mass Affluent,2025-01-10 00:00:00,Completed,Low
C001784,Rohan Kulkarni,1987-11-01 00:00:00,Male,Hyderabad,Telangana,Salaried,3-6L,Mass,2024-03-24 00:00:00,Completed,Medium
C001785,Sneha Singh,1965-12-24 00:00:00,Male,Delhi,Delhi,Salaried,6-10L,Mass,2025-12-21 00:00:00,Expired,Low
C001786,Ishita Patil,1987-04-25 00:00:00,Female,Pune,Maharashtra,Business,6-10L,Mass Affluent,2022-07-01 00:00:00,Completed,Low
C001787,Diya Reddy,1985-05-30 00:00:00,Female,Jaipur,Rajasthan,Salaried,3-6L,Mass Affluent,2023-01-20 00:00:00,Completed,Low
C001788,Arjun Reddy,1972-10-19 00:00:00,Female,Hyderabad,Telangana,Business,3-6L,Mass Affluent,2023-02-19 00:00:00,Completed,Medium
C001789,Arjun Reddy,1993-08-04 00:00:00,Female,Kolkata,West Bengal,Business,6-10L,Mass,2022-08-11 00:00:00,Completed,Low
C001790,Sneha Nair,1965-11-08 00:00:00,Female,Mysuru,Karnataka,Business,<3L,Mass,2023-04-30 00:00:00,Completed,Low
C001791,Rohan Iyer,1991-07-07 00:00:00,Female,Ahmedabad,Gujarat,Business,10-20L,Mass Affluent,2023-05-29 00:00:00,Completed,Low
C001792,Arjun Mehta,2002-02-07 00:00:00,Female,Chennai,Tamil Nadu,Self-Employed,6-10L,Mass,2025-06-09 00:00:00,Completed,High
C001793,Rahul Gupta,1984-11-06 00:00:00,Male,Bhubaneswar,Odisha,Self-Employed,<3L,Mass,2023-05-11 00:00:00,Completed,Medium
C001794,Sneha Singh,1964-08-03 00:00:00,Female,Mysuru,Karnataka,Salaried,6-10L,Mass,2025-12-10 00:00:00,Completed,Low
C001795,Sneha Singh,1984-03-27 00:00:00,Male,Hyderabad,Telangana,Student,3-6L,Mass,2025-06-22 00:00:00,Completed,High
C001796,Arjun Patil,1983-03-05 00:00:00,Female,Hyderabad,Telangana,Retired,10-20L,Mass Affluent,2026-01-20 00:00:00,Completed,Low
C001797,Ananya Rao,1984-03-09 00:00:00,Female,Hyderabad,Telangana,Salaried,>20L,Mass,2022-06-22 00:00:00,Completed,Medium
C001798,Kavya Joshi,1971-12-10 00:00:00,Male,Bengaluru,Karnataka,Retired,10-20L,Mass Affluent,2026-06-05 00:00:00,Completed,Medium
C001799,Vivaan Gupta,1987-06-05 00:00:00,Male,Gurugram,Haryana,Retired,6-10L,Mass Affluent,2024-10-05 00:00:00,Completed,Medium
C001800,Rohan Reddy,1971-07-28 00:00:00,Male,Pune,Maharashtra,Self-Employed,10-20L,Mass,2026-06-02 00:00:00,Completed,Medium
C001801,Aditya Joshi,1984-06-08 00:00:00,Male,Chennai,Tamil Nadu,Business,6-10L,Affluent,2023-08-06 00:00:00,Completed,Low
C001802,Ishita Kulkarni,1986-01-17 00:00:00,Female,Mumbai,Maharashtra,Self-Employed,10-20L,Mass,2026-04-14 00:00:00,Completed,Low
C001803,Neha Mehta,1988-04-16 00:00:00,Female,Gurugram,Haryana,Salaried,3-6L,Mass Affluent,2024-08-24 00:00:00,Completed,Low
C001804,Vivaan Rao,1994-12-14 00:00:00,Female,Chennai,Tamil Nadu,Salaried,10-20L,Mass,2022-04-28 00:00:00,Completed,Medium
C001805,Kavya Singh,1998-08-29 00:00:00,Female,Bengaluru,Karnataka,Salaried,6-10L,HNI,2023-11-05 00:00:00,Completed,Low
C001806,Ananya Sharma,1994-01-16 00:00:00,Female,Ahmedabad,Gujarat,Business,3-6L,Mass,2022-08-15 00:00:00,Completed,Low
C001807,Neha Nair,1994-11-11 00:00:00,Male,Kolkata,West Bengal,Salaried,>20L,Mass Affluent,2026-03-26 00:00:00,Completed,Low
C001808,Priya Joshi,1998-01-21 00:00:00,Male,Bengaluru,Karnataka,Business,6-10L,Mass,2023-05-15 00:00:00,Completed,Low
C001809,Priya Gupta,1970-08-15 00:00:00,Male,Bengaluru,Karnataka,Self-Employed,10-20L,Mass,2023-01-01 00:00:00,Completed,Low
C001810,Arjun Nair,1972-10-30 00:00:00,Male,Jaipur,Rajasthan,Business,<3L,Mass,2024-06-26 00:00:00,Completed,Low
C001811,Arjun Reddy,1983-05-08 00:00:00,Male,Pune,Maharashtra,Salaried,6-10L,Mass,2023-11-30 00:00:00,Completed,Low
C001812,Arjun Sharma,1980-05-27 00:00:00,Male,Jaipur,Rajasthan,Salaried,6-10L,Mass,2022-06-09 00:00:00,Completed,Low
C001813,Vivaan Gupta,1990-10-04 00:00:00,Male,Gurugram,Haryana,Salaried,<3L,Mass,2025-09-02 00:00:00,Pending,Low
C001814,Sai Gupta,1960-05-29 00:00:00,Female,Delhi,Delhi,Salaried,10-20L,Mass Affluent,2025-10-20 00:00:00,Completed,High
C001815,Neha Kulkarni,1966-02-01 00:00:00,Female,Pune,Maharashtra,Salaried,6-10L,Mass,2025-05-04 00:00:00,Completed,Low
C001816,Aditya Das,1992-09-18 00:00:00,Female,Chennai,Tamil Nadu,Salaried,3-6L,Mass,2024-10-09 00:00:00,Completed,Low
C001817,Meera Patil,1996-01-03 00:00:00,Female,Mysuru,Karnataka,Salaried,6-10L,Affluent,2023-10-23 00:00:00,Completed,Medium
C001818,Aarav Patil,1973-03-30 00:00:00,Female,Delhi,Delhi,Self-Employed,<3L,Mass Affluent,2024-06-09 00:00:00,Completed,Low
C001819,Diya Rao,1973-08-15 00:00:00,Male,Delhi,Delhi,Salaried,10-20L,Mass,2024-05-05 00:00:00,Completed,Low
C001820,Sneha Reddy,1984-08-05 00:00:00,Male,Mysuru,Karnataka,Salaried,10-20L,Mass,2022-09-29 00:00:00,Completed,Low
C001821,Aditya Kulkarni,1980-11-24 00:00:00,Male,Delhi,Delhi,Student,6-10L,Mass,2022-05-15 00:00:00,Completed,Low
C001822,Arjun Sharma,1967-06-01 00:00:00,Female,Hyderabad,Telangana,Self-Employed,6-10L,Mass Affluent,2023-02-20 00:00:00,Completed,Low
C001823,Sneha Sharma,1981-12-03 00:00:00,Female,Kolkata,West Bengal,Retired,3-6L,Affluent,2024-01-17 00:00:00,Completed,Medium
C001824,Ananya Das,1995-11-23 00:00:00,Female,Mysuru,Karnataka,Self-Employed,3-6L,Mass Affluent,2022-09-21 00:00:00,Completed,Low
C001825,Pooja Joshi,1991-12-16 00:00:00,Female,Jaipur,Rajasthan,Salaried,10-20L,HNI,2022-06-25 00:00:00,Completed,Low
C001826,Neha Nair,1995-10-20 00:00:00,Male,Jaipur,Rajasthan,Retired,3-6L,Mass Affluent,2025-10-30 00:00:00,Completed,Medium
C001827,Aarav Iyer,1988-03-15 00:00:00,Female,Kolkata,West Bengal,Student,3-6L,HNI,2023-09-08 00:00:00,Completed,Low
C001828,Pooja Reddy,1998-06-09 00:00:00,Female,Bhubaneswar,Odisha,Self-Employed,3-6L,Mass Affluent,2024-08-17 00:00:00,Completed,Low
C001829,Rahul Gupta,1970-12-11 00:00:00,Female,Gurugram,Haryana,Self-Employed,6-10L,Mass Affluent,2024-05-10 00:00:00,Completed,Medium
C001830,Ananya Singh,1962-01-04 00:00:00,Female,Ahmedabad,Gujarat,Salaried,10-20L,Mass Affluent,2025-04-22 00:00:00,Completed,Low
C001831,Meera Nair,1964-12-29 00:00:00,Male,Kolkata,West Bengal,Self-Employed,3-6L,Mass Affluent,2025-04-29 00:00:00,Completed,Low
C001832,Sai Sharma,2003-06-23 00:00:00,Male,Hyderabad,Telangana,Business,3-6L,Mass,2023-05-02 00:00:00,Completed,Low
C001833,Ishita Rao,1988-01-22 00:00:00,Male,Mumbai,Maharashtra,Self-Employed,<3L,Mass,2025-10-24 00:00:00,Expired,Medium
C001834,Kavya Nair,1970-11-08 00:00:00,Male,Hyderabad,Telangana,Salaried,3-6L,Mass,2023-09-02 00:00:00,Completed,Medium
C001835,Pooja Mehta,1997-05-31 00:00:00,Male,Jaipur,Rajasthan,Salaried,3-6L,Mass,2025-10-03 00:00:00,Completed,Medium
C001836,Kiran Sharma,1973-07-21 00:00:00,Female,Bhubaneswar,Odisha,Salaried,10-20L,Affluent,2023-10-27 00:00:00,Completed,Low
C001837,Aditya Singh,1986-03-01 00:00:00,Male,Gurugram,Haryana,Salaried,6-10L,Mass Affluent,2022-07-02 00:00:00,Completed,Low
C001838,Neha Reddy,1970-12-03 00:00:00,Female,Mumbai,Maharashtra,Salaried,<3L,Mass,2025-06-01 00:00:00,Completed,Low
C001839,Pooja Gupta,1964-02-27 00:00:00,Female,Kolkata,West Bengal,Student,6-10L,Mass,2022-02-19 00:00:00,Pending,Medium
C001840,Nikhil Gupta,1971-09-20 00:00:00,Female,Bengaluru,Karnataka,Salaried,10-20L,Mass,2025-06-22 00:00:00,Completed,Low
C001841,Priya Sharma,1969-12-29 00:00:00,Female,Mysuru,Karnataka,Salaried,3-6L,Mass Affluent,2022-03-12 00:00:00,Completed,Low
C001842,Neha Joshi,1984-03-17 00:00:00,Female,Hyderabad,Telangana,Salaried,3-6L,Affluent,2022-12-06 00:00:00,Completed,Low
C001843,Rahul Nair,1960-11-27 00:00:00,Male,Bhubaneswar,Odisha,Self-Employed,10-20L,Mass,2024-09-17 00:00:00,Completed,Low
C001844,Priya Nair,1970-07-03 00:00:00,Male,Pune,Maharashtra,Self-Employed,<3L,Mass,2026-03-27 00:00:00,Pending,Medium
C001845,Rahul Das,1984-11-14 00:00:00,Male,Gurugram,Haryana,Self-Employed,10-20L,Affluent,2023-11-02 00:00:00,Completed,High
C001846,Nikhil Kulkarni,1977-04-01 00:00:00,Female,Pune,Maharashtra,Retired,10-20L,Mass Affluent,2022-07-18 00:00:00,Pending,Low
C001847,Neha Singh,1987-11-10 00:00:00,Male,Gurugram,Haryana,Retired,10-20L,Affluent,2023-01-18 00:00:00,Completed,Low
C001848,Ananya Sharma,1988-09-19 00:00:00,Female,Bengaluru,Karnataka,Student,<3L,Mass,2026-01-11 00:00:00,Completed,Low
C001849,Rohan Das,2002-04-16 00:00:00,Male,Chennai,Tamil Nadu,Business,<3L,Mass,2025-04-08 00:00:00,Completed,Low
C001850,Ishita Sharma,1996-08-15 00:00:00,Male,Chennai,Tamil Nadu,Salaried,10-20L,Mass Affluent,2022-06-14 00:00:00,Completed,Low
C001851,Meera Sharma,1969-12-30 00:00:00,Female,Pune,Maharashtra,Self-Employed,6-10L,Mass,2023-09-25 00:00:00,Completed,Low
C001852,Kiran Mehta,1990-05-06 00:00:00,Female,Pune,Maharashtra,Salaried,3-6L,Affluent,2023-03-11 00:00:00,Completed,Low
C001853,Rahul Das,1987-06-23 00:00:00,Female,Ahmedabad,Gujarat,Business,6-10L,Mass Affluent,2022-10-20 00:00:00,Completed,Medium
C001854,Ishita Reddy,1986-01-13 00:00:00,Male,Mumbai,Maharashtra,Salaried,<3L,Mass,2025-10-21 00:00:00,Completed,Low
C001855,Arjun Gupta,1994-12-31 00:00:00,Male,Bengaluru,Karnataka,Salaried,6-10L,Mass,2024-10-11 00:00:00,Completed,Low
C001856,Ishita Singh,1966-06-21 00:00:00,Male,Bengaluru,Karnataka,Salaried,>20L,Mass Affluent,2022-10-22 00:00:00,Completed,Low
C001857,Priya Joshi,1976-06-07 00:00:00,Male,Jaipur,Rajasthan,Self-Employed,6-10L,Affluent,2024-12-04 00:00:00,Completed,Low
C001858,Vivaan Gupta,1995-10-01 00:00:00,Male,Delhi,Delhi,Business,6-10L,Mass,2023-11-11 00:00:00,Completed,Low
C001859,Neha Kulkarni,1999-01-30 00:00:00,Female,Mysuru,Karnataka,Salaried,>20L,Mass Affluent,2022-04-11 00:00:00,Completed,Low
C001860,Ananya Reddy,1961-08-19 00:00:00,Female,Jaipur,Rajasthan,Self-Employed,6-10L,Mass,2024-01-09 00:00:00,Completed,Low
C001861,Ishita Das,1980-08-26 00:00:00,Female,Mysuru,Karnataka,Salaried,<3L,Affluent,2022-11-01 00:00:00,Completed,Low
C001862,Rohan Joshi,1971-07-29 00:00:00,Male,Delhi,Delhi,Business,6-10L,Mass Affluent,2023-02-07 00:00:00,Completed,High
C001863,Rahul Das,1967-05-11 00:00:00,Male,Bengaluru,Karnataka,Salaried,<3L,Mass,2025-12-14 00:00:00,Completed,High
C001864,Aarav Joshi,1962-07-01 00:00:00,Male,Kolkata,West Bengal,Salaried,3-6L,Mass Affluent,2025-03-12 00:00:00,Completed,Medium
C001865,Rahul Das,1983-07-27 00:00:00,Female,Kolkata,West Bengal,Self-Employed,6-10L,Mass Affluent,2022-08-09 00:00:00,Completed,Low
C001866,Sai Das,1989-03-27 00:00:00,Female,Ahmedabad,Gujarat,Self-Employed,3-6L,Mass Affluent,2025-10-29 00:00:00,Completed,Low
C001867,Diya Nair,1983-04-10 00:00:00,Male,Pune,Maharashtra,Student,<3L,Mass,2024-08-01 00:00:00,Completed,Low
C001868,Priya Singh,1976-02-19 00:00:00,Male,Pune,Maharashtra,Self-Employed,6-10L,Mass Affluent,2025-12-07 00:00:00,Completed,Low
C001869,Ananya Nair,1993-10-14 00:00:00,Male,Bhubaneswar,Odisha,Retired,3-6L,Mass Affluent,2025-05-11 00:00:00,Completed,Low
C001870,Vivaan Patil,1988-07-24 00:00:00,Female,Ahmedabad,Gujarat,Salaried,6-10L,Mass,2023-07-12 00:00:00,Completed,High
C001871,Vivaan Gupta,1999-10-17 00:00:00,Female,Bengaluru,Karnataka,Salaried,3-6L,Mass,2024-05-28 00:00:00,Completed,Medium
C001872,Ishita Sharma,1975-03-15 00:00:00,Female,Kolkata,West Bengal,Retired,6-10L,Affluent,2024-05-21 00:00:00,Completed,Low
C001873,Nikhil Nair,1970-06-20 00:00:00,Female,Ahmedabad,Gujarat,Salaried,10-20L,Mass Affluent,2025-03-28 00:00:00,Completed,Low
C001874,Aarav Kulkarni,1979-12-18 00:00:00,Male,Hyderabad,Telangana,Business,<3L,Mass,2023-02-12 00:00:00,Completed,Medium
C001875,Diya Reddy,1982-03-15 00:00:00,Female,Chennai,Tamil Nadu,Salaried,10-20L,Affluent,2023-07-01 00:00:00,Completed,Medium
C001876,Rohan Joshi,1980-01-23 00:00:00,Male,Bengaluru,Karnataka,Self-Employed,3-6L,Mass,2023-02-06 00:00:00,Completed,Low
C001877,Ananya Kulkarni,1996-06-18 00:00:00,Male,Bengaluru,Karnataka,Salaried,3-6L,Mass Affluent,2023-05-02 00:00:00,Completed,Low
C001878,Vivaan Sharma,1961-12-30 00:00:00,Female,Bengaluru,Karnataka,Self-Employed,3-6L,Mass,2022-09-22 00:00:00,Completed,Low
C001879,Sai Das,1983-02-13 00:00:00,Female,Mysuru,Karnataka,Business,3-6L,Mass,2022-03-02 00:00:00,Completed,Low
C001880,Sai Patil,1978-11-05 00:00:00,Male,Bhubaneswar,Odisha,Salaried,<3L,HNI,2026-03-24 00:00:00,Pending,Low
C001881,Nikhil Kulkarni,1969-03-27 00:00:00,Female,Chennai,Tamil Nadu,Salaried,10-20L,Mass Affluent,2022-05-03 00:00:00,Completed,Low
C001882,Aditya Kulkarni,1988-01-31 00:00:00,Male,Ahmedabad,Gujarat,Salaried,10-20L,Mass,2025-12-29 00:00:00,Completed,Low
C001883,Neha Das,1995-02-07 00:00:00,Male,Pune,Maharashtra,Salaried,>20L,Affluent,2022-01-06 00:00:00,Completed,Low
C001884,Arjun Kulkarni,1983-12-02 00:00:00,Female,Bhubaneswar,Odisha,Salaried,>20L,Affluent,2025-06-30 00:00:00,Completed,Medium
C001885,Kavya Kulkarni,1963-09-21 00:00:00,Male,Mumbai,Maharashtra,Retired,3-6L,Mass Affluent,2023-06-24 00:00:00,Completed,Low
C001886,Sai Reddy,1963-04-19 00:00:00,Female,Jaipur,Rajasthan,Salaried,<3L,Mass,2024-04-30 00:00:00,Completed,Low
C001887,Pooja Rao,1978-06-21 00:00:00,Female,Bengaluru,Karnataka,Salaried,<3L,Mass,2023-04-09 00:00:00,Completed,Low
C001888,Kiran Rao,1989-04-06 00:00:00,Female,Bengaluru,Karnataka,Salaried,6-10L,Mass Affluent,2024-03-16 00:00:00,Completed,Medium
C001889,Rohan Reddy,1973-09-25 00:00:00,Female,Bengaluru,Karnataka,Salaried,10-20L,Affluent,2024-01-12 00:00:00,Completed,Low
C001890,Priya Joshi,1973-07-12 00:00:00,Female,Ahmedabad,Gujarat,Salaried,3-6L,Mass,2024-05-19 00:00:00,Completed,Low
C001891,Rahul Gupta,1997-09-04 00:00:00,Male,Pune,Maharashtra,Business,3-6L,Mass,2023-10-08 00:00:00,Completed,Low
C001892,Ananya Iyer,1960-08-18 00:00:00,Female,Gurugram,Haryana,Self-Employed,3-6L,Mass,2024-05-31 00:00:00,Completed,Low
C001893,Kavya Joshi,1963-06-29 00:00:00,Male,Gurugram,Haryana,Business,10-20L,Mass,2025-09-17 00:00:00,Completed,Medium
C001894,Kavya Reddy,1966-10-25 00:00:00,Female,Ahmedabad,Gujarat,Salaried,6-10L,Mass Affluent,2023-12-15 00:00:00,Pending,Low
C001895,Ananya Joshi,2003-02-01 00:00:00,Female,Delhi,Delhi,Self-Employed,6-10L,Mass,2023-08-17 00:00:00,Completed,Low
C001896,Aarav Joshi,1981-10-17 00:00:00,Female,Bengaluru,Karnataka,Student,6-10L,Mass Affluent,2022-08-05 00:00:00,Completed,Low
C001897,Neha Das,1966-12-07 00:00:00,Male,Delhi,Delhi,Student,3-6L,Mass Affluent,2023-08-14 00:00:00,Expired,Low
C001898,Vivaan Reddy,1973-08-06 00:00:00,Female,Pune,Maharashtra,Retired,3-6L,Mass,2022-07-26 00:00:00,Completed,Medium
C001899,Rohan Das,2002-06-19 00:00:00,Male,Kolkata,West Bengal,Salaried,10-20L,Affluent,2022-10-27 00:00:00,Completed,Medium
C001900,Ishita Rao,1990-06-02 00:00:00,Female,Ahmedabad,Gujarat,Retired,10-20L,Mass,2026-04-13 00:00:00,Pending,Medium
C001901,Arjun Nair,1969-10-19 00:00:00,Female,Mysuru,Karnataka,Business,3-6L,Mass,2022-05-27 00:00:00,Completed,Low
C001902,Sai Kulkarni,1970-07-17 00:00:00,Female,Ahmedabad,Gujarat,Business,3-6L,Mass,2024-03-02 00:00:00,Completed,Low
C001903,Aditya Gupta,1963-04-14 00:00:00,Male,Bengaluru,Karnataka,Business,<3L,Mass,2025-10-01 00:00:00,Completed,High
C001904,Rahul Kulkarni,1993-11-07 00:00:00,Male,Chennai,Tamil Nadu,Retired,<3L,Mass,2026-04-15 00:00:00,Completed,Low
C001905,Ananya Rao,1966-01-07 00:00:00,Male,Delhi,Delhi,Salaried,<3L,Affluent,2022-08-29 00:00:00,Expired,Medium
C001906,Aditya Joshi,1972-07-19 00:00:00,Female,Pune,Maharashtra,Business,3-6L,Mass,2022-09-26 00:00:00,Completed,Low
C001907,Rohan Nair,1975-04-05 00:00:00,Female,Gurugram,Haryana,Business,6-10L,Mass,2023-09-04 00:00:00,Completed,Low
C001908,Aarav Singh,1987-03-13 00:00:00,Female,Pune,Maharashtra,Business,10-20L,Mass Affluent,2024-06-29 00:00:00,Completed,High
C001909,Diya Gupta,1986-07-24 00:00:00,Female,Ahmedabad,Gujarat,Business,10-20L,Affluent,2026-04-26 00:00:00,Completed,Low
C001910,Aditya Kulkarni,1995-01-04 00:00:00,Male,Bhubaneswar,Odisha,Salaried,6-10L,Mass,2022-12-08 00:00:00,Completed,Low
C001911,Meera Patil,1973-01-08 00:00:00,Male,Ahmedabad,Gujarat,Salaried,>20L,Mass,2022-09-27 00:00:00,Completed,Low
C001912,Aarav Sharma,1976-11-20 00:00:00,Male,Gurugram,Haryana,Salaried,>20L,Mass,2023-02-20 00:00:00,Completed,Low
C001913,Neha Nair,1977-01-09 00:00:00,Male,Hyderabad,Telangana,Business,3-6L,Mass,2025-12-06 00:00:00,Completed,Low
C001914,Pooja Reddy,1962-01-18 00:00:00,Female,Gurugram,Haryana,Business,<3L,Mass,2022-02-19 00:00:00,Pending,Low
C001915,Pooja Nair,1992-04-23 00:00:00,Female,Ahmedabad,Gujarat,Student,3-6L,Mass Affluent,2023-09-17 00:00:00,Expired,High
C001916,Neha Kulkarni,1983-06-16 00:00:00,Male,Hyderabad,Telangana,Business,10-20L,Mass,2022-07-15 00:00:00,Completed,Low
C001917,Priya Iyer,1980-11-01 00:00:00,Female,Gurugram,Haryana,Self-Employed,<3L,Mass,2022-09-15 00:00:00,Completed,Low
C001918,Arjun Nair,2003-08-09 00:00:00,Male,Delhi,Delhi,Salaried,3-6L,Mass Affluent,2026-02-14 00:00:00,Completed,Low
C001919,Ishita Reddy,1967-11-01 00:00:00,Male,Delhi,Delhi,Self-Employed,6-10L,Mass,2022-01-03 00:00:00,Completed,Medium
C001920,Sneha Patil,2002-06-12 00:00:00,Male,Hyderabad,Telangana,Student,6-10L,Mass,2023-06-12 00:00:00,Completed,Low
C001921,Vivaan Singh,1989-10-20 00:00:00,Male,Kolkata,West Bengal,Self-Employed,6-10L,Mass Affluent,2026-02-12 00:00:00,Completed,Low
C001922,Aarav Kulkarni,1969-09-06 00:00:00,Male,Gurugram,Haryana,Student,10-20L,Mass,2024-09-25 00:00:00,Completed,Medium
C001923,Meera Patil,1989-09-21 00:00:00,Female,Ahmedabad,Gujarat,Retired,6-10L,Mass,2022-04-28 00:00:00,Completed,Medium
C001924,Aditya Kulkarni,1993-02-07 00:00:00,Female,Ahmedabad,Gujarat,Salaried,10-20L,Mass,2024-02-03 00:00:00,Completed,High
C001925,Ananya Iyer,1975-11-17 00:00:00,Male,Gurugram,Haryana,Business,<3L,Mass Affluent,2026-05-14 00:00:00,Completed,Medium
C001926,Ananya Joshi,1975-02-10 00:00:00,Male,Jaipur,Rajasthan,Self-Employed,10-20L,Mass Affluent,2023-10-20 00:00:00,Completed,Low
C001927,Aditya Mehta,1996-08-01 00:00:00,Male,Mumbai,Maharashtra,Salaried,6-10L,Mass,2024-05-18 00:00:00,Completed,Medium
C001928,Aditya Kulkarni,1967-01-08 00:00:00,Male,Bhubaneswar,Odisha,Salaried,3-6L,Mass,2024-05-23 00:00:00,Completed,Low
C001929,Kiran Joshi,1960-08-01 00:00:00,Female,Pune,Maharashtra,Salaried,>20L,Mass,2024-12-20 00:00:00,Completed,Low
C001930,Aarav Iyer,1989-03-03 00:00:00,Female,Hyderabad,Telangana,Salaried,>20L,Mass,2022-11-04 00:00:00,Completed,Low
C001931,Ananya Das,1999-09-17 00:00:00,Male,Pune,Maharashtra,Self-Employed,10-20L,Mass Affluent,2025-10-10 00:00:00,Completed,Low
C001932,Pooja Reddy,1981-12-09 00:00:00,Male,Gurugram,Haryana,Salaried,10-20L,HNI,2026-06-12 00:00:00,Completed,Low
C001933,Vivaan Patil,1965-11-29 00:00:00,Female,Delhi,Delhi,Salaried,3-6L,Mass,2022-08-23 00:00:00,Completed,Low
C001934,Rohan Gupta,1983-08-15 00:00:00,Male,Kolkata,West Bengal,Self-Employed,3-6L,Mass,2025-09-05 00:00:00,Completed,Low
C001935,Diya Iyer,1971-01-13 00:00:00,Female,Bengaluru,Karnataka,Salaried,3-6L,Mass Affluent,2025-09-03 00:00:00,Completed,High
C001936,Priya Joshi,1996-03-30 00:00:00,Female,Jaipur,Rajasthan,Student,10-20L,Mass,2025-05-02 00:00:00,Pending,Low
C001937,Priya Singh,1986-10-24 00:00:00,Female,Jaipur,Rajasthan,Salaried,10-20L,Mass,2023-09-01 00:00:00,Completed,Low
C001938,Kavya Singh,1974-09-28 00:00:00,Female,Hyderabad,Telangana,Salaried,>20L,Affluent,2024-02-09 00:00:00,Completed,Low
C001939,Ishita Patil,1987-05-11 00:00:00,Male,Hyderabad,Telangana,Retired,10-20L,Mass,2025-10-09 00:00:00,Completed,Low
C001940,Vivaan Iyer,1989-03-22 00:00:00,Female,Kolkata,West Bengal,Student,6-10L,Mass,2022-09-09 00:00:00,Completed,High
C001941,Priya Nair,1989-09-24 00:00:00,Female,Mumbai,Maharashtra,Business,<3L,Mass,2025-09-22 00:00:00,Completed,Low
C001942,Sai Sharma,1976-01-16 00:00:00,Female,Kolkata,West Bengal,Business,3-6L,Mass Affluent,2026-02-20 00:00:00,Completed,Low
C001943,Rahul Sharma,1984-12-30 00:00:00,Female,Mumbai,Maharashtra,Salaried,6-10L,Mass Affluent,2025-01-24 00:00:00,Completed,Low
C001944,Pooja Patil,1961-11-14 00:00:00,Female,Kolkata,West Bengal,Business,10-20L,Mass,2023-07-15 00:00:00,Completed,Low
C001945,Kavya Rao,1977-09-04 00:00:00,Female,Pune,Maharashtra,Salaried,3-6L,Mass Affluent,2024-07-07 00:00:00,Completed,Low
C001946,Kiran Gupta,1976-07-23 00:00:00,Male,Kolkata,West Bengal,Self-Employed,10-20L,Mass,2022-03-24 00:00:00,Completed,High
C001947,Arjun Sharma,1983-06-03 00:00:00,Male,Ahmedabad,Gujarat,Salaried,6-10L,Affluent,2026-03-11 00:00:00,Completed,Medium
C001948,Diya Reddy,2001-08-13 00:00:00,Female,Mumbai,Maharashtra,Business,3-6L,Mass,2023-07-17 00:00:00,Completed,Low
C001949,Kavya Patil,2001-10-08 00:00:00,Male,Chennai,Tamil Nadu,Salaried,10-20L,Mass,2022-04-04 00:00:00,Completed,Medium
C001950,Kiran Patil,1981-03-03 00:00:00,Female,Gurugram,Haryana,Salaried,6-10L,Mass Affluent,2025-07-28 00:00:00,Completed,Medium
C001951,Kavya Iyer,1988-04-21 00:00:00,Male,Pune,Maharashtra,Salaried,10-20L,Mass,2024-12-15 00:00:00,Completed,Low
C001952,Kiran Nair,1964-09-27 00:00:00,Male,Chennai,Tamil Nadu,Business,3-6L,Mass Affluent,2024-10-19 00:00:00,Completed,Medium
C001953,Meera Patil,1981-02-15 00:00:00,Female,Bhubaneswar,Odisha,Salaried,3-6L,Mass,2022-03-30 00:00:00,Completed,Low
C001954,Priya Iyer,1990-02-17 00:00:00,Female,Bengaluru,Karnataka,Self-Employed,<3L,Mass,2025-05-17 00:00:00,Completed,Medium
C001955,Ananya Kulkarni,1989-11-28 00:00:00,Female,Bhubaneswar,Odisha,Salaried,6-10L,Mass,2024-11-12 00:00:00,Completed,Low
C001956,Neha Kulkarni,2002-03-15 00:00:00,Male,Jaipur,Rajasthan,Business,10-20L,Mass,2025-07-27 00:00:00,Completed,Medium
C001957,Ananya Nair,1980-06-03 00:00:00,Male,Hyderabad,Telangana,Salaried,>20L,Mass,2025-09-20 00:00:00,Completed,Medium
C001958,Vivaan Singh,1999-10-10 00:00:00,Female,Chennai,Tamil Nadu,Retired,10-20L,Mass,2022-12-15 00:00:00,Expired,Medium
C001959,Sneha Nair,2002-11-15 00:00:00,Female,Delhi,Delhi,Salaried,<3L,Mass,2022-12-12 00:00:00,Completed,Low
C001960,Meera Gupta,1985-01-20 00:00:00,Female,Mysuru,Karnataka,Salaried,>20L,Mass Affluent,2026-02-25 00:00:00,Completed,Low
C001961,Meera Das,1964-01-03 00:00:00,Female,Hyderabad,Telangana,Salaried,<3L,Mass Affluent,2024-05-21 00:00:00,Completed,Medium
C001962,Vivaan Reddy,1976-06-25 00:00:00,Female,Ahmedabad,Gujarat,Salaried,<3L,Mass,2023-12-21 00:00:00,Completed,Low
C001963,Arjun Patil,1993-07-01 00:00:00,Male,Mumbai,Maharashtra,Salaried,10-20L,Mass,2023-04-17 00:00:00,Completed,High
C001964,Rahul Mehta,1985-06-08 00:00:00,Male,Kolkata,West Bengal,Salaried,10-20L,Mass,2024-11-15 00:00:00,Completed,Low
C001965,Pooja Das,2001-01-06 00:00:00,Male,Kolkata,West Bengal,Student,>20L,Mass,2025-05-22 00:00:00,Completed,Low
C001966,Ishita Mehta,1995-09-28 00:00:00,Female,Ahmedabad,Gujarat,Self-Employed,10-20L,Mass,2022-01-04 00:00:00,Completed,Medium
C001967,Vivaan Iyer,1962-10-08 00:00:00,Male,Delhi,Delhi,Salaried,3-6L,Mass,2024-06-26 00:00:00,Completed,Medium
C001968,Nikhil Iyer,1997-09-22 00:00:00,Female,Delhi,Delhi,Salaried,3-6L,HNI,2026-06-20 00:00:00,Completed,Low
C001969,Priya Rao,1975-08-27 00:00:00,Male,Delhi,Delhi,Salaried,<3L,Mass Affluent,2023-04-06 00:00:00,Completed,Medium
C001970,Kiran Das,1995-11-14 00:00:00,Male,Jaipur,Rajasthan,Salaried,6-10L,Mass,2023-04-07 00:00:00,Completed,Low
C001971,Ishita Nair,1982-03-30 00:00:00,Female,Jaipur,Rajasthan,Salaried,6-10L,Mass,2025-12-12 00:00:00,Completed,Low
C001972,Kavya Patil,1979-12-14 00:00:00,Male,Delhi,Delhi,Salaried,<3L,Mass,2022-04-12 00:00:00,Completed,Low
C001973,Neha Joshi,1963-03-05 00:00:00,Female,Bhubaneswar,Odisha,Salaried,6-10L,Mass,2023-10-15 00:00:00,Completed,Low
C001974,Vivaan Mehta,1965-03-16 00:00:00,Female,Hyderabad,Telangana,Retired,6-10L,Mass,2024-01-23 00:00:00,Completed,Low
C001975,Nikhil Das,1986-01-28 00:00:00,Female,Delhi,Delhi,Business,6-10L,Mass,2025-08-03 00:00:00,Completed,Low
C001976,Sai Patil,1984-12-06 00:00:00,Male,Bengaluru,Karnataka,Retired,3-6L,Mass,2022-07-31 00:00:00,Completed,Medium
C001977,Sneha Reddy,1984-04-22 00:00:00,Female,Chennai,Tamil Nadu,Salaried,3-6L,Mass,2023-12-14 00:00:00,Completed,Low
C001978,Ananya Gupta,1966-11-07 00:00:00,Female,Chennai,Tamil Nadu,Student,6-10L,Mass Affluent,2022-09-08 00:00:00,Completed,Medium
C001979,Diya Reddy,1982-05-04 00:00:00,Male,Bhubaneswar,Odisha,Salaried,6-10L,Mass,2025-07-17 00:00:00,Completed,Low
C001980,Vivaan Iyer,1962-09-02 00:00:00,Female,Kolkata,West Bengal,Salaried,3-6L,Affluent,2024-11-04 00:00:00,Completed,Low
C001981,Aditya Rao,1966-04-25 00:00:00,Male,Bengaluru,Karnataka,Business,<3L,Mass,2024-03-26 00:00:00,Completed,Low
C001982,Pooja Gupta,1981-11-04 00:00:00,Male,Hyderabad,Telangana,Salaried,>20L,Mass,2023-10-08 00:00:00,Completed,High
C001983,Sai Das,1987-01-10 00:00:00,Male,Kolkata,West Bengal,Salaried,10-20L,Mass,2022-09-09 00:00:00,Completed,High
C001984,Meera Kulkarni,1988-09-15 00:00:00,Female,Gurugram,Haryana,Business,3-6L,Mass,2026-02-22 00:00:00,Completed,Low
C001985,Aditya Patil,2003-01-06 00:00:00,Female,Gurugram,Haryana,Self-Employed,6-10L,Mass,2024-11-29 00:00:00,Pending,Low
C001986,Neha Mehta,1997-06-01 00:00:00,Male,Ahmedabad,Gujarat,Self-Employed,6-10L,Mass,2023-06-09 00:00:00,Completed,Low
C001987,Neha Mehta,1976-08-20 00:00:00,Male,Chennai,Tamil Nadu,Salaried,<3L,Mass,2023-11-11 00:00:00,Completed,Low
C001988,Rohan Singh,1994-04-17 00:00:00,Female,Kolkata,West Bengal,Salaried,3-6L,Mass,2025-04-07 00:00:00,Completed,Low
C001989,Nikhil Nair,1964-03-10 00:00:00,Female,Gurugram,Haryana,Retired,>20L,Mass,2025-03-27 00:00:00,Completed,Medium
C001990,Aarav Joshi,1997-07-20 00:00:00,Female,Pune,Maharashtra,Salaried,6-10L,Mass Affluent,2024-01-28 00:00:00,Completed,Low
C001991,Nikhil Iyer,1976-12-08 00:00:00,Male,Hyderabad,Telangana,Salaried,3-6L,Mass Affluent,2023-05-13 00:00:00,Completed,Low
C001992,Arjun Iyer,1993-04-18 00:00:00,Male,Bhubaneswar,Odisha,Salaried,10-20L,Mass Affluent,2024-12-19 00:00:00,Completed,High
C001993,Sai Reddy,2002-07-09 00:00:00,Male,Chennai,Tamil Nadu,Student,6-10L,Affluent,2024-12-16 00:00:00,Completed,Medium
C001994,Arjun Patil,1990-10-21 00:00:00,Female,Kolkata,West Bengal,Business,6-10L,Mass,2024-09-11 00:00:00,Completed,Low
C001995,Arjun Singh,2000-04-23 00:00:00,Female,Mysuru,Karnataka,Salaried,3-6L,Affluent,2022-04-30 00:00:00,Completed,Medium
C001996,Priya Kulkarni,1960-06-11 00:00:00,Female,Bhubaneswar,Odisha,Retired,<3L,Mass,2024-02-16 00:00:00,Completed,Low
C001997,Pooja Singh,1967-06-21 00:00:00,Male,Mumbai,Maharashtra,Salaried,3-6L,Mass,2024-10-05 00:00:00,Completed,Low
C001998,Neha Rao,1987-06-05 00:00:00,Female,Bhubaneswar,Odisha,Student,>20L,Mass Affluent,2026-04-10 00:00:00,Completed,Low
C001999,Kiran Das,1983-09-06 00:00:00,Female,Gurugram,Haryana,Salaried,6-10L,Mass,2024-05-12 00:00:00,Completed,Low
C002000,Kiran Sharma,1965-04-11 00:00:00,Male,Bhubaneswar,Odisha,Salaried,10-20L,Mass,2023-07-17 00:00:00,Completed,Low
C002001,Ananya Singh,1991-06-20 00:00:00,Male,Jaipur,Rajasthan,Salaried,<3L,Mass,2024-07-01 00:00:00,Completed,Medium
C002002,Neha Reddy,1962-07-27 00:00:00,Female,Ahmedabad,Gujarat,Retired,10-20L,Mass,2022-10-19 00:00:00,Pending,Low
C002003,Neha Sharma,2003-05-27 00:00:00,Female,Jaipur,Rajasthan,Retired,6-10L,Mass,2022-05-29 00:00:00,Completed,Low
C002004,Neha Kulkarni,1966-11-07 00:00:00,Female,Chennai,Tamil Nadu,Self-Employed,6-10L,Mass Affluent,2025-01-18 00:00:00,Completed,High
C002005,Ishita Sharma,1979-07-07 00:00:00,Male,Jaipur,Rajasthan,Salaried,3-6L,Mass,2026-06-08 00:00:00,Completed,High
C002006,Kiran Singh,1996-01-24 00:00:00,Male,Mumbai,Maharashtra,Salaried,6-10L,Mass,2025-10-21 00:00:00,Completed,Medium
C002007,Rahul Sharma,1982-07-08 00:00:00,Female,Bengaluru,Karnataka,Salaried,<3L,Mass,2024-08-16 00:00:00,Pending,Medium
C002008,Rohan Singh,1992-08-01 00:00:00,Female,Hyderabad,Telangana,Salaried,<3L,Affluent,2022-03-08 00:00:00,Completed,High
C002009,Kavya Singh,1990-10-28 00:00:00,Male,Ahmedabad,Gujarat,Salaried,10-20L,Affluent,2026-06-11 00:00:00,Completed,Medium
C002010,Kiran Joshi,2001-07-24 00:00:00,Male,Ahmedabad,Gujarat,Self-Employed,<3L,Mass Affluent,2024-01-09 00:00:00,Completed,Low
C002011,Arjun Gupta,1980-04-28 00:00:00,Male,Hyderabad,Telangana,Self-Employed,<3L,Mass,2023-04-21 00:00:00,Pending,Low
C002012,Sai Singh,2002-11-19 00:00:00,Female,Hyderabad,Telangana,Student,10-20L,Mass,2026-01-05 00:00:00,Completed,Low
C002013,Sneha Kulkarni,1982-08-21 00:00:00,Male,Chennai,Tamil Nadu,Salaried,3-6L,Mass,2025-05-10 00:00:00,Completed,Low
C002014,Meera Joshi,1999-02-17 00:00:00,Male,Jaipur,Rajasthan,Salaried,6-10L,Mass Affluent,2025-05-15 00:00:00,Completed,Low
C002015,Pooja Das,1992-02-04 00:00:00,Female,Jaipur,Rajasthan,Self-Employed,10-20L,Mass,2023-04-02 00:00:00,Completed,Low
C002016,Aditya Gupta,1965-10-27 00:00:00,Female,Mysuru,Karnataka,Salaried,10-20L,Mass Affluent,2026-06-17 00:00:00,Completed,Low
C002017,Sneha Gupta,1988-03-12 00:00:00,Male,Chennai,Tamil Nadu,Self-Employed,<3L,Mass,2024-01-14 00:00:00,Completed,Low
C002018,Pooja Joshi,1998-06-24 00:00:00,Male,Delhi,Delhi,Business,6-10L,Affluent,2024-05-22 00:00:00,Completed,Low
C002019,Kiran Mehta,1965-08-16 00:00:00,Male,Ahmedabad,Gujarat,Salaried,6-10L,Mass,2025-05-18 00:00:00,Expired,Low
C002020,Rahul Sharma,1996-09-26 00:00:00,Male,Hyderabad,Telangana,Salaried,3-6L,Mass,2024-12-19 00:00:00,Completed,Low
C002021,Nikhil Reddy,1964-08-14 00:00:00,Male,Bhubaneswar,Odisha,Student,10-20L,Mass,2022-10-10 00:00:00,Completed,Low
C002022,Aditya Singh,1998-02-27 00:00:00,Female,Gurugram,Haryana,Self-Employed,>20L,Mass Affluent,2023-05-12 00:00:00,Completed,Low
C002023,Nikhil Iyer,1994-07-23 00:00:00,Male,Kolkata,West Bengal,Self-Employed,<3L,Affluent,2023-08-17 00:00:00,Completed,Low
C002024,Sai Mehta,1966-08-23 00:00:00,Female,Mysuru,Karnataka,Business,<3L,Mass,2026-04-05 00:00:00,Completed,Medium
C002025,Aarav Reddy,1991-10-28 00:00:00,Male,Bhubaneswar,Odisha,Self-Employed,10-20L,Affluent,2025-03-19 00:00:00,Completed,Medium
C002026,Diya Gupta,1965-02-11 00:00:00,Female,Mysuru,Karnataka,Salaried,6-10L,Mass,2023-08-25 00:00:00,Pending,Low
C002027,Vivaan Gupta,1984-11-18 00:00:00,Female,Delhi,Delhi,Business,10-20L,Mass,2025-04-21 00:00:00,Completed,Medium
C002028,Vivaan Nair,2000-06-19 00:00:00,Female,Jaipur,Rajasthan,Retired,<3L,Mass,2025-04-27 00:00:00,Completed,Medium
C002029,Vivaan Kulkarni,1969-01-08 00:00:00,Female,Bhubaneswar,Odisha,Salaried,<3L,Mass,2023-10-10 00:00:00,Completed,High
C002030,Diya Singh,1967-08-13 00:00:00,Male,Gurugram,Haryana,Salaried,6-10L,Affluent,2023-10-24 00:00:00,Completed,Medium
C002031,Rahul Nair,1978-07-11 00:00:00,Female,Gurugram,Haryana,Business,>20L,Mass,2026-01-08 00:00:00,Completed,Low
C002032,Nikhil Iyer,1976-02-23 00:00:00,Female,Bengaluru,Karnataka,Self-Employed,<3L,Mass,2024-07-11 00:00:00,Completed,Low
C002033,Arjun Rao,1962-02-14 00:00:00,Male,Bhubaneswar,Odisha,Salaried,10-20L,Mass,2022-09-03 00:00:00,Completed,Low
C002034,Aarav Gupta,1979-12-22 00:00:00,Male,Bengaluru,Karnataka,Self-Employed,3-6L,Mass Affluent,2025-03-27 00:00:00,Expired,Low
C002035,Rahul Nair,1971-05-15 00:00:00,Female,Bengaluru,Karnataka,Business,<3L,Affluent,2024-08-26 00:00:00,Completed,Low
C002036,Sneha Reddy,1965-06-14 00:00:00,Male,Gurugram,Haryana,Self-Employed,6-10L,Mass Affluent,2024-04-15 00:00:00,Completed,High
C002037,Kiran Das,1972-02-03 00:00:00,Female,Bengaluru,Karnataka,Salaried,3-6L,Mass,2025-04-05 00:00:00,Completed,Low
C002038,Priya Kulkarni,1960-11-26 00:00:00,Female,Mysuru,Karnataka,Salaried,6-10L,Mass,2026-01-29 00:00:00,Completed,Low
C002039,Rahul Reddy,2000-01-31 00:00:00,Male,Chennai,Tamil Nadu,Salaried,3-6L,Mass,2023-06-27 00:00:00,Completed,High
C002040,Meera Joshi,2003-07-19 00:00:00,Female,Kolkata,West Bengal,Retired,6-10L,Affluent,2023-11-20 00:00:00,Completed,Low
C002041,Aditya Singh,1976-02-07 00:00:00,Female,Pune,Maharashtra,Self-Employed,3-6L,Mass,2022-11-08 00:00:00,Completed,Low
C002042,Aarav Iyer,1998-05-27 00:00:00,Male,Ahmedabad,Gujarat,Salaried,10-20L,Affluent,2024-11-28 00:00:00,Completed,Low
C002043,Vivaan Reddy,1980-03-17 00:00:00,Female,Chennai,Tamil Nadu,Student,10-20L,Mass Affluent,2023-10-24 00:00:00,Completed,Low
C002044,Diya Gupta,1999-12-19 00:00:00,Male,Mumbai,Maharashtra,Salaried,3-6L,Mass Affluent,2023-07-17 00:00:00,Completed,Low
C002045,Ishita Rao,1967-08-02 00:00:00,Male,Kolkata,West Bengal,Self-Employed,3-6L,Mass Affluent,2025-02-17 00:00:00,Completed,Low
C002046,Diya Singh,1972-06-19 00:00:00,Female,Chennai,Tamil Nadu,Salaried,>20L,Mass,2023-11-02 00:00:00,Completed,Low
C002047,Pooja Mehta,1992-05-29 00:00:00,Female,Ahmedabad,Gujarat,Business,<3L,Mass,2024-02-02 00:00:00,Completed,Low
C002048,Aarav Rao,1969-08-22 00:00:00,Male,Mysuru,Karnataka,Business,10-20L,Mass,2023-12-24 00:00:00,Completed,Medium
C002049,Aarav Nair,1996-01-28 00:00:00,Male,Mumbai,Maharashtra,Business,6-10L,Mass,2023-03-01 00:00:00,Pending,Low
C002050,Sai Rao,1978-08-27 00:00:00,Male,Pune,Maharashtra,Salaried,10-20L,Mass Affluent,2022-07-26 00:00:00,Completed,Low
C002051,Ananya Das,1977-09-10 00:00:00,Male,Delhi,Delhi,Salaried,3-6L,Mass,2025-09-20 00:00:00,Completed,Low
C002052,Aarav Gupta,1979-11-10 00:00:00,Male,Jaipur,Rajasthan,Salaried,3-6L,Affluent,2022-05-31 00:00:00,Completed,Medium
C002053,Meera Das,1994-12-13 00:00:00,Female,Kolkata,West Bengal,Retired,3-6L,Affluent,2023-06-18 00:00:00,Completed,Low
C002054,Kavya Joshi,1960-03-30 00:00:00,Male,Hyderabad,Telangana,Salaried,<3L,Mass,2025-01-01 00:00:00,Completed,Low
C002055,Meera Iyer,1992-11-19 00:00:00,Male,Hyderabad,Telangana,Self-Employed,3-6L,Mass,2022-08-04 00:00:00,Completed,Low
C002056,Neha Kulkarni,1994-02-19 00:00:00,Male,Jaipur,Rajasthan,Business,>20L,Mass,2024-12-12 00:00:00,Completed,Low
C002057,Sneha Singh,1995-12-21 00:00:00,Female,Gurugram,Haryana,Salaried,3-6L,Mass,2025-04-18 00:00:00,Expired,Medium
C002058,Diya Nair,2003-08-29 00:00:00,Female,Mumbai,Maharashtra,Salaried,<3L,Mass Affluent,2024-12-24 00:00:00,Completed,High
C002059,Kavya Rao,1994-04-08 00:00:00,Female,Mysuru,Karnataka,Salaried,3-6L,Mass Affluent,2023-05-16 00:00:00,Completed,Low
C002060,Nikhil Das,1983-02-28 00:00:00,Male,Pune,Maharashtra,Self-Employed,3-6L,Mass Affluent,2022-02-02 00:00:00,Pending,Low
C002061,Neha Das,1980-06-01 00:00:00,Female,Chennai,Tamil Nadu,Retired,6-10L,Mass,2025-12-28 00:00:00,Completed,Low
C002062,Arjun Sharma,1977-01-03 00:00:00,Female,Gurugram,Haryana,Salaried,<3L,Affluent,2023-06-21 00:00:00,Pending,Medium
C002063,Nikhil Rao,1996-03-26 00:00:00,Female,Gurugram,Haryana,Retired,10-20L,Mass Affluent,2025-08-14 00:00:00,Completed,Low
C002064,Rahul Mehta,1977-03-16 00:00:00,Female,Gurugram,Haryana,Salaried,10-20L,HNI,2022-11-21 00:00:00,Completed,Low
C002065,Kavya Singh,1985-01-31 00:00:00,Female,Bhubaneswar,Odisha,Salaried,3-6L,Mass Affluent,2022-09-24 00:00:00,Completed,Medium
C002066,Arjun Nair,1964-03-17 00:00:00,Female,Bhubaneswar,Odisha,Student,10-20L,Mass Affluent,2025-07-01 00:00:00,Completed,Low
C002067,Aditya Kulkarni,1973-11-25 00:00:00,Female,Mysuru,Karnataka,Student,3-6L,Mass,2026-03-24 00:00:00,Completed,Medium
C002068,Meera Rao,1971-08-29 00:00:00,Female,Mysuru,Karnataka,Salaried,3-6L,Affluent,2025-11-14 00:00:00,Completed,Low
C002069,Rohan Singh,1979-01-21 00:00:00,Female,Mumbai,Maharashtra,Business,>20L,Mass,2025-05-18 00:00:00,Completed,Medium
C002070,Meera Rao,1981-12-30 00:00:00,Female,Jaipur,Rajasthan,Student,10-20L,Mass,2023-02-10 00:00:00,Completed,Medium
C002071,Kavya Gupta,1991-05-21 00:00:00,Male,Gurugram,Haryana,Business,3-6L,Mass,2026-02-08 00:00:00,Completed,Low
C002072,Sai Mehta,1978-12-01 00:00:00,Female,Jaipur,Rajasthan,Self-Employed,6-10L,Mass,2025-01-01 00:00:00,Completed,Low
C002073,Ishita Sharma,1966-08-02 00:00:00,Male,Chennai,Tamil Nadu,Salaried,3-6L,Mass,2022-10-10 00:00:00,Completed,Low
C002074,Neha Rao,1983-11-16 00:00:00,Female,Hyderabad,Telangana,Salaried,6-10L,Mass,2022-08-01 00:00:00,Completed,Low
C002075,Rohan Rao,1962-05-25 00:00:00,Male,Pune,Maharashtra,Self-Employed,6-10L,Mass Affluent,2025-12-01 00:00:00,Completed,Low
C002076,Sai Joshi,1997-03-12 00:00:00,Female,Delhi,Delhi,Self-Employed,<3L,Mass Affluent,2023-03-28 00:00:00,Completed,High
C002077,Aarav Rao,1993-10-03 00:00:00,Female,Mysuru,Karnataka,Salaried,10-20L,Affluent,2025-06-11 00:00:00,Completed,Medium
C002078,Kiran Singh,1969-11-12 00:00:00,Female,Hyderabad,Telangana,Salaried,6-10L,Mass Affluent,2022-08-16 00:00:00,Expired,High
C002079,Meera Iyer,1971-07-13 00:00:00,Male,Pune,Maharashtra,Salaried,<3L,Mass,2023-04-06 00:00:00,Completed,Low
C002080,Neha Iyer,1961-03-18 00:00:00,Female,Pune,Maharashtra,Self-Employed,10-20L,Mass Affluent,2023-04-11 00:00:00,Completed,Low
C002081,Vivaan Das,1975-12-18 00:00:00,Female,Bengaluru,Karnataka,Salaried,10-20L,Mass Affluent,2023-04-07 00:00:00,Pending,Low
C002082,Diya Kulkarni,1961-09-03 00:00:00,Male,Ahmedabad,Gujarat,Salaried,3-6L,Mass,2025-01-12 00:00:00,Completed,Low
C002083,Ishita Rao,2001-01-06 00:00:00,Male,Bhubaneswar,Odisha,Salaried,6-10L,HNI,2026-02-10 00:00:00,Completed,Low
C002084,Priya Rao,1965-11-16 00:00:00,Female,Gurugram,Haryana,Student,10-20L,Affluent,2026-02-03 00:00:00,Pending,Low
C002085,Kiran Rao,1988-11-18 00:00:00,Female,Hyderabad,Telangana,Self-Employed,>20L,Mass,2025-05-02 00:00:00,Completed,Low
C002086,Rahul Mehta,1984-12-27 00:00:00,Female,Bhubaneswar,Odisha,Salaried,3-6L,Affluent,2022-11-29 00:00:00,Completed,Low
C002087,Kavya Reddy,1970-05-17 00:00:00,Male,Hyderabad,Telangana,Salaried,6-10L,Mass,2026-04-27 00:00:00,Completed,Low
C002088,Priya Reddy,1995-05-27 00:00:00,Male,Chennai,Tamil Nadu,Salaried,10-20L,Affluent,2024-06-09 00:00:00,Completed,Low
C002089,Kavya Patil,1964-10-07 00:00:00,Female,Gurugram,Haryana,Self-Employed,>20L,Mass Affluent,2024-06-15 00:00:00,Completed,Medium
C002090,Kiran Reddy,1998-11-05 00:00:00,Female,Hyderabad,Telangana,Self-Employed,<3L,Mass,2025-02-25 00:00:00,Completed,Medium
C002091,Meera Joshi,1992-06-06 00:00:00,Female,Hyderabad,Telangana,Self-Employed,6-10L,Mass Affluent,2025-06-16 00:00:00,Completed,Low
C002092,Priya Reddy,1987-10-27 00:00:00,Male,Kolkata,West Bengal,Business,10-20L,Mass,2026-04-14 00:00:00,Completed,Low
C002093,Rohan Rao,1998-07-14 00:00:00,Male,Chennai,Tamil Nadu,Salaried,<3L,Mass,2024-08-14 00:00:00,Completed,Low
C002094,Aditya Gupta,1977-08-29 00:00:00,Male,Hyderabad,Telangana,Salaried,3-6L,Mass Affluent,2024-09-28 00:00:00,Completed,Low
C002095,Rahul Gupta,1972-05-03 00:00:00,Female,Bengaluru,Karnataka,Salaried,6-10L,Mass Affluent,2025-05-09 00:00:00,Completed,Low
C002096,Kavya Iyer,1966-10-08 00:00:00,Female,Jaipur,Rajasthan,Salaried,6-10L,Mass,2023-02-23 00:00:00,Completed,Low
C002097,Rohan Kulkarni,2000-06-28 00:00:00,Male,Jaipur,Rajasthan,Salaried,10-20L,Mass Affluent,2023-05-21 00:00:00,Completed,Medium
C002098,Meera Das,1977-08-01 00:00:00,Male,Mumbai,Maharashtra,Business,<3L,Mass,2024-10-24 00:00:00,Completed,Low
C002099,Kavya Nair,1996-05-01 00:00:00,Female,Pune,Maharashtra,Salaried,10-20L,Mass,2022-04-16 00:00:00,Completed,Low
C002100,Arjun Nair,1974-07-24 00:00:00,Male,Bhubaneswar,Odisha,Self-Employed,3-6L,Mass Affluent,2023-06-11 00:00:00,Completed,Low
C002101,Vivaan Rao,2001-10-31 00:00:00,Male,Pune,Maharashtra,Salaried,10-20L,Mass,2025-03-24 00:00:00,Completed,Medium
C002102,Aditya Nair,1998-02-10 00:00:00,Male,Ahmedabad,Gujarat,Salaried,3-6L,Mass,2026-05-22 00:00:00,Completed,Low
C002103,Diya Mehta,1973-06-29 00:00:00,Female,Ahmedabad,Gujarat,Business,<3L,Affluent,2024-05-03 00:00:00,Completed,High
C002104,Arjun Rao,1981-04-27 00:00:00,Female,Jaipur,Rajasthan,Salaried,>20L,Mass Affluent,2023-10-19 00:00:00,Completed,Medium
C002105,Neha Mehta,1994-10-12 00:00:00,Female,Bengaluru,Karnataka,Salaried,10-20L,Mass Affluent,2023-12-25 00:00:00,Completed,Medium
C002106,Kavya Iyer,1969-11-28 00:00:00,Male,Gurugram,Haryana,Salaried,3-6L,Mass Affluent,2025-01-30 00:00:00,Completed,Low
C002107,Vivaan Reddy,1961-01-13 00:00:00,Female,Hyderabad,Telangana,Business,3-6L,Affluent,2024-06-13 00:00:00,Completed,Low
C002108,Sai Gupta,1972-08-25 00:00:00,Female,Jaipur,Rajasthan,Salaried,6-10L,Affluent,2022-02-08 00:00:00,Completed,Medium
C002109,Rohan Iyer,1985-11-14 00:00:00,Male,Mumbai,Maharashtra,Retired,>20L,Mass,2024-06-04 00:00:00,Completed,High
C002110,Sneha Reddy,1965-12-23 00:00:00,Female,Pune,Maharashtra,Retired,3-6L,Mass,2023-10-19 00:00:00,Completed,Medium
C002111,Rohan Joshi,1974-08-09 00:00:00,Male,Mumbai,Maharashtra,Business,>20L,Mass,2025-02-24 00:00:00,Completed,High
C002112,Ananya Patil,2000-03-28 00:00:00,Female,Ahmedabad,Gujarat,Salaried,3-6L,Mass,2025-12-07 00:00:00,Completed,Low
C002113,Kiran Kulkarni,1963-04-16 00:00:00,Female,Bhubaneswar,Odisha,Business,6-10L,Mass,2026-04-30 00:00:00,Completed,Low
C002114,Ananya Kulkarni,1962-03-16 00:00:00,Female,Mysuru,Karnataka,Salaried,3-6L,Mass Affluent,2024-09-28 00:00:00,Completed,Low
C002115,Vivaan Sharma,1978-07-26 00:00:00,Female,Mumbai,Maharashtra,Student,<3L,Mass Affluent,2023-08-19 00:00:00,Completed,Low
C002116,Sneha Singh,1960-07-24 00:00:00,Female,Pune,Maharashtra,Self-Employed,>20L,Affluent,2023-12-30 00:00:00,Completed,Low
C002117,Diya Reddy,1961-03-21 00:00:00,Female,Jaipur,Rajasthan,Salaried,3-6L,Mass,2022-10-17 00:00:00,Completed,Low
C002118,Ananya Nair,1968-01-06 00:00:00,Male,Gurugram,Haryana,Salaried,>20L,Mass,2026-03-17 00:00:00,Completed,Low
C002119,Aditya Reddy,1964-06-24 00:00:00,Male,Pune,Maharashtra,Business,<3L,Mass,2025-10-23 00:00:00,Completed,Low
C002120,Pooja Rao,1995-07-09 00:00:00,Female,Pune,Maharashtra,Student,3-6L,Mass,2025-11-03 00:00:00,Completed,Low
C002121,Pooja Iyer,1965-05-17 00:00:00,Male,Chennai,Tamil Nadu,Self-Employed,10-20L,Mass,2023-06-23 00:00:00,Expired,Low
C002122,Pooja Nair,1982-12-06 00:00:00,Female,Delhi,Delhi,Self-Employed,6-10L,HNI,2023-06-14 00:00:00,Completed,Low
C002123,Neha Sharma,1990-11-23 00:00:00,Female,Mysuru,Karnataka,Business,3-6L,Mass,2025-11-07 00:00:00,Completed,Low
C002124,Vivaan Mehta,1987-06-01 00:00:00,Male,Ahmedabad,Gujarat,Business,6-10L,Mass Affluent,2024-06-13 00:00:00,Completed,Medium
C002125,Diya Joshi,1988-08-22 00:00:00,Female,Gurugram,Haryana,Business,3-6L,Mass,2025-03-03 00:00:00,Completed,Low
C002126,Rahul Sharma,1975-09-02 00:00:00,Male,Pune,Maharashtra,Salaried,10-20L,Mass,2024-03-15 00:00:00,Completed,Low
C002127,Rohan Mehta,1998-12-08 00:00:00,Male,Kolkata,West Bengal,Self-Employed,<3L,Affluent,2023-12-29 00:00:00,Completed,Low
C002128,Diya Sharma,1963-01-03 00:00:00,Female,Kolkata,West Bengal,Student,6-10L,Affluent,2024-11-04 00:00:00,Completed,Low
C002129,Aarav Rao,1964-09-13 00:00:00,Male,Mysuru,Karnataka,Salaried,<3L,Mass,2025-08-27 00:00:00,Completed,Low
C002130,Ishita Gupta,1997-07-03 00:00:00,Male,Bengaluru,Karnataka,Salaried,6-10L,Affluent,2023-07-03 00:00:00,Pending,Medium
C002131,Rahul Singh,1962-12-29 00:00:00,Male,Bengaluru,Karnataka,Salaried,>20L,Mass,2025-08-21 00:00:00,Completed,Low
C002132,Sai Patil,1968-05-28 00:00:00,Female,Ahmedabad,Gujarat,Salaried,10-20L,Mass Affluent,2023-02-05 00:00:00,Expired,Medium
C002133,Neha Mehta,1967-08-02 00:00:00,Male,Chennai,Tamil Nadu,Business,3-6L,Mass,2023-10-24 00:00:00,Completed,Low
C002134,Kavya Reddy,1961-06-12 00:00:00,Male,Ahmedabad,Gujarat,Salaried,3-6L,Mass,2026-02-07 00:00:00,Expired,Low
C002135,Aditya Sharma,1965-02-15 00:00:00,Male,Chennai,Tamil Nadu,Self-Employed,<3L,Mass Affluent,2026-04-17 00:00:00,Completed,Medium
C002136,Kavya Singh,1985-02-01 00:00:00,Female,Delhi,Delhi,Salaried,10-20L,Affluent,2026-02-26 00:00:00,Completed,Medium
C002137,Sneha Joshi,1988-12-18 00:00:00,Male,Chennai,Tamil Nadu,Student,<3L,Affluent,2023-06-03 00:00:00,Completed,Low
C002138,Nikhil Das,1963-08-25 00:00:00,Male,Kolkata,West Bengal,Business,6-10L,Mass,2025-10-16 00:00:00,Completed,Low
C002139,Nikhil Kulkarni,2001-04-13 00:00:00,Female,Delhi,Delhi,Self-Employed,3-6L,Affluent,2026-03-18 00:00:00,Completed,Low
C002140,Pooja Rao,1964-03-12 00:00:00,Female,Jaipur,Rajasthan,Business,>20L,Mass,2026-05-26 00:00:00,Completed,Medium
C002141,Sai Kulkarni,1990-02-04 00:00:00,Female,Jaipur,Rajasthan,Salaried,6-10L,Mass,2022-02-04 00:00:00,Completed,Low
C002142,Kiran Kulkarni,1995-01-23 00:00:00,Male,Ahmedabad,Gujarat,Student,6-10L,Mass,2025-05-08 00:00:00,Completed,Low
C002143,Diya Reddy,1982-10-24 00:00:00,Male,Bhubaneswar,Odisha,Business,10-20L,Mass,2026-06-25 00:00:00,Completed,Low
C002144,Neha Sharma,1981-07-14 00:00:00,Male,Delhi,Delhi,Salaried,>20L,Mass,2025-06-09 00:00:00,Completed,High
C002145,Ishita Gupta,1964-10-10 00:00:00,Male,Mysuru,Karnataka,Retired,6-10L,Mass Affluent,2023-01-18 00:00:00,Completed,Low
C002146,Sai Gupta,1970-07-31 00:00:00,Male,Gurugram,Haryana,Salaried,10-20L,Mass,2025-06-06 00:00:00,Completed,Medium
C002147,Aarav Das,1997-04-05 00:00:00,Female,Kolkata,West Bengal,Self-Employed,6-10L,Mass Affluent,2022-06-22 00:00:00,Completed,Low
C002148,Nikhil Reddy,1975-04-10 00:00:00,Male,Ahmedabad,Gujarat,Salaried,3-6L,Mass,2024-02-29 00:00:00,Completed,Low
C002149,Arjun Kulkarni,1961-07-05 00:00:00,Female,Delhi,Delhi,Business,<3L,Mass Affluent,2024-10-25 00:00:00,Completed,Low
C002150,Vivaan Iyer,1991-12-11 00:00:00,Female,Pune,Maharashtra,Salaried,6-10L,Mass,2024-01-20 00:00:00,Completed,Low
C002151,Meera Mehta,1989-12-12 00:00:00,Male,Gurugram,Haryana,Salaried,6-10L,Mass,2025-02-23 00:00:00,Completed,Low
C002152,Vivaan Das,1962-11-27 00:00:00,Female,Ahmedabad,Gujarat,Salaried,<3L,Mass Affluent,2023-01-30 00:00:00,Completed,Low
C002153,Vivaan Rao,1962-03-28 00:00:00,Female,Bengaluru,Karnataka,Retired,3-6L,Affluent,2024-09-22 00:00:00,Completed,Low
C002154,Arjun Rao,1965-02-06 00:00:00,Male,Pune,Maharashtra,Salaried,10-20L,HNI,2024-11-24 00:00:00,Completed,Medium
C002155,Aarav Sharma,1962-03-25 00:00:00,Male,Mumbai,Maharashtra,Self-Employed,<3L,Mass,2024-11-06 00:00:00,Completed,Low
C002156,Arjun Iyer,1986-12-30 00:00:00,Female,Ahmedabad,Gujarat,Self-Employed,6-10L,Affluent,2023-04-21 00:00:00,Completed,Low
C002157,Sneha Iyer,1965-10-22 00:00:00,Male,Gurugram,Haryana,Student,6-10L,Mass Affluent,2023-05-17 00:00:00,Completed,Low
C002158,Arjun Mehta,1986-08-03 00:00:00,Male,Mysuru,Karnataka,Salaried,3-6L,Affluent,2023-02-28 00:00:00,Completed,Low
C002159,Meera Nair,1967-09-19 00:00:00,Male,Pune,Maharashtra,Self-Employed,3-6L,Mass,2024-01-29 00:00:00,Completed,Low
C002160,Sai Gupta,2002-08-07 00:00:00,Male,Bengaluru,Karnataka,Retired,3-6L,Mass,2024-08-20 00:00:00,Completed,Low
C002161,Aarav Singh,1991-10-19 00:00:00,Male,Gurugram,Haryana,Salaried,3-6L,Mass,2023-08-19 00:00:00,Completed,Medium
C002162,Pooja Rao,1976-05-28 00:00:00,Female,Bhubaneswar,Odisha,Salaried,6-10L,Mass Affluent,2023-11-05 00:00:00,Completed,High
C002163,Arjun Rao,1978-10-12 00:00:00,Female,Hyderabad,Telangana,Student,10-20L,Mass,2023-04-16 00:00:00,Completed,Low
C002164,Nikhil Singh,1962-11-07 00:00:00,Female,Jaipur,Rajasthan,Salaried,10-20L,Mass,2022-12-26 00:00:00,Completed,Low
C002165,Sai Iyer,1962-05-28 00:00:00,Female,Kolkata,West Bengal,Salaried,<3L,Mass Affluent,2024-12-15 00:00:00,Completed,High
C002166,Arjun Mehta,1983-07-19 00:00:00,Female,Jaipur,Rajasthan,Salaried,6-10L,Affluent,2025-09-01 00:00:00,Completed,Low
C002167,Arjun Singh,1960-12-30 00:00:00,Female,Pune,Maharashtra,Business,3-6L,Mass Affluent,2023-04-23 00:00:00,Completed,Low
C002168,Arjun Patil,1987-12-18 00:00:00,Male,Bhubaneswar,Odisha,Retired,10-20L,Mass Affluent,2025-11-14 00:00:00,Completed,Low
C002169,Kiran Gupta,1976-10-01 00:00:00,Male,Mumbai,Maharashtra,Self-Employed,<3L,Mass,2024-07-26 00:00:00,Completed,Low
C002170,Diya Singh,1966-02-11 00:00:00,Male,Gurugram,Haryana,Self-Employed,6-10L,Affluent,2022-10-03 00:00:00,Completed,Low
C002171,Nikhil Gupta,1983-06-20 00:00:00,Female,Kolkata,West Bengal,Salaried,6-10L,Mass,2023-08-24 00:00:00,Completed,Medium
C002172,Rahul Joshi,1984-03-20 00:00:00,Female,Pune,Maharashtra,Salaried,3-6L,Mass,2022-01-13 00:00:00,Completed,Low
C002173,Pooja Singh,1992-09-09 00:00:00,Female,Pune,Maharashtra,Salaried,>20L,Mass,2022-03-06 00:00:00,Completed,Low
C002174,Ananya Sharma,1968-08-30 00:00:00,Male,Mysuru,Karnataka,Salaried,<3L,Mass,2023-07-06 00:00:00,Completed,Low
C002175,Priya Nair,1983-12-24 00:00:00,Male,Bengaluru,Karnataka,Salaried,<3L,Mass Affluent,2024-01-17 00:00:00,Completed,Low
C002176,Diya Joshi,1997-01-01 00:00:00,Male,Hyderabad,Telangana,Self-Employed,6-10L,Mass Affluent,2025-08-02 00:00:00,Completed,Medium
C002177,Kiran Kulkarni,1971-10-29 00:00:00,Male,Bhubaneswar,Odisha,Salaried,6-10L,Mass,2022-08-09 00:00:00,Completed,Medium
C002178,Ishita Sharma,1996-08-01 00:00:00,Female,Mumbai,Maharashtra,Salaried,3-6L,Mass,2025-10-09 00:00:00,Completed,Medium
C002179,Aarav Rao,1991-09-08 00:00:00,Male,Gurugram,Haryana,Salaried,3-6L,Mass,2023-01-21 00:00:00,Completed,Low
C002180,Aditya Patil,1978-10-27 00:00:00,Female,Bhubaneswar,Odisha,Salaried,3-6L,Mass,2022-08-16 00:00:00,Completed,Medium
C002181,Kiran Reddy,1998-09-09 00:00:00,Female,Ahmedabad,Gujarat,Salaried,10-20L,Affluent,2025-02-23 00:00:00,Completed,Low
C002182,Aditya Mehta,2002-05-07 00:00:00,Male,Bengaluru,Karnataka,Salaried,6-10L,Mass Affluent,2025-06-25 00:00:00,Completed,Low
C002183,Aditya Joshi,1970-05-17 00:00:00,Female,Hyderabad,Telangana,Salaried,3-6L,Mass,2024-09-20 00:00:00,Completed,Low
C002184,Arjun Singh,2002-12-02 00:00:00,Male,Mysuru,Karnataka,Self-Employed,3-6L,Mass,2022-07-09 00:00:00,Pending,Low
C002185,Ishita Nair,1960-02-08 00:00:00,Male,Mumbai,Maharashtra,Business,10-20L,Mass Affluent,2022-07-09 00:00:00,Completed,Low
C002186,Kavya Singh,1965-08-30 00:00:00,Female,Mumbai,Maharashtra,Student,10-20L,Mass Affluent,2023-10-03 00:00:00,Completed,Medium
C002187,Sneha Sharma,1961-11-21 00:00:00,Female,Chennai,Tamil Nadu,Business,<3L,Affluent,2024-01-10 00:00:00,Completed,Medium
C002188,Arjun Reddy,1976-02-09 00:00:00,Male,Mumbai,Maharashtra,Self-Employed,6-10L,Mass,2026-06-28 00:00:00,Completed,Low
C002189,Vivaan Singh,2001-01-16 00:00:00,Female,Pune,Maharashtra,Student,3-6L,Mass,2023-04-16 00:00:00,Completed,Low
C002190,Rahul Rao,1986-04-19 00:00:00,Male,Mumbai,Maharashtra,Self-Employed,3-6L,Mass,2022-11-13 00:00:00,Completed,Low
C002191,Rohan Iyer,1987-01-04 00:00:00,Male,Delhi,Delhi,Self-Employed,10-20L,Mass Affluent,2026-04-03 00:00:00,Completed,Low
C002192,Arjun Patil,1963-09-19 00:00:00,Male,Chennai,Tamil Nadu,Salaried,10-20L,Mass,2022-09-10 00:00:00,Completed,Low
C002193,Vivaan Sharma,1982-08-10 00:00:00,Male,Delhi,Delhi,Salaried,<3L,Mass Affluent,2022-02-13 00:00:00,Completed,Low
C002194,Sai Rao,1976-10-05 00:00:00,Female,Pune,Maharashtra,Salaried,10-20L,Mass,2023-11-26 00:00:00,Completed,Low
C002195,Ananya Kulkarni,1980-12-31 00:00:00,Female,Hyderabad,Telangana,Salaried,6-10L,Mass Affluent,2023-10-21 00:00:00,Completed,Low
C002196,Rahul Nair,1971-06-10 00:00:00,Female,Chennai,Tamil Nadu,Business,10-20L,Mass,2024-10-14 00:00:00,Completed,High
C002197,Meera Joshi,1968-10-30 00:00:00,Female,Bengaluru,Karnataka,Salaried,10-20L,Affluent,2025-12-12 00:00:00,Completed,Medium
C002198,Aditya Kulkarni,2001-09-14 00:00:00,Male,Jaipur,Rajasthan,Business,6-10L,Mass,2026-03-12 00:00:00,Completed,Low
C002199,Rohan Reddy,1984-06-17 00:00:00,Female,Jaipur,Rajasthan,Student,>20L,Mass Affluent,2023-04-21 00:00:00,Completed,Low
C002200,Arjun Iyer,1978-01-11 00:00:00,Male,Chennai,Tamil Nadu,Self-Employed,3-6L,Mass,2026-05-30 00:00:00,Completed,Low
C002201,Neha Nair,1963-03-26 00:00:00,Female,Hyderabad,Telangana,Salaried,6-10L,Mass Affluent,2024-11-04 00:00:00,Completed,Low
C002202,Meera Iyer,1993-05-29 00:00:00,Female,Kolkata,West Bengal,Salaried,3-6L,Mass Affluent,2022-04-25 00:00:00,Completed,Medium
C002203,Kiran Iyer,1980-09-13 00:00:00,Female,Gurugram,Haryana,Salaried,10-20L,Mass,2026-03-21 00:00:00,Completed,Low
C002204,Ananya Patil,1976-12-09 00:00:00,Female,Delhi,Delhi,Retired,<3L,Mass,2022-08-15 00:00:00,Completed,Low
C002205,Sai Joshi,1989-03-20 00:00:00,Male,Delhi,Delhi,Business,3-6L,Mass,2024-08-24 00:00:00,Completed,Low
C002206,Vivaan Reddy,1965-10-09 00:00:00,Female,Mysuru,Karnataka,Business,10-20L,Mass,2025-07-22 00:00:00,Completed,Medium
C002207,Arjun Iyer,1983-05-11 00:00:00,Female,Jaipur,Rajasthan,Self-Employed,3-6L,Mass Affluent,2023-02-14 00:00:00,Completed,Medium
C002208,Kiran Das,1997-10-23 00:00:00,Male,Pune,Maharashtra,Business,3-6L,Mass,2023-03-21 00:00:00,Completed,Low
C002209,Sneha Reddy,1980-04-28 00:00:00,Female,Pune,Maharashtra,Business,3-6L,Mass,2024-02-21 00:00:00,Completed,High
C002210,Neha Kulkarni,1960-01-07 00:00:00,Female,Bhubaneswar,Odisha,Salaried,6-10L,Mass,2025-12-23 00:00:00,Completed,Low
C002211,Aarav Rao,1970-01-26 00:00:00,Male,Hyderabad,Telangana,Salaried,3-6L,Mass,2023-01-03 00:00:00,Completed,Low
C002212,Sai Nair,1962-06-14 00:00:00,Female,Chennai,Tamil Nadu,Salaried,3-6L,Mass,2024-12-25 00:00:00,Completed,Medium
C002213,Kiran Patil,1981-11-29 00:00:00,Male,Mumbai,Maharashtra,Self-Employed,6-10L,Mass Affluent,2024-01-14 00:00:00,Completed,Low
C002214,Pooja Nair,1975-12-18 00:00:00,Female,Pune,Maharashtra,Student,>20L,Mass,2022-07-03 00:00:00,Completed,Low
C002215,Vivaan Patil,1965-10-19 00:00:00,Male,Kolkata,West Bengal,Self-Employed,10-20L,Affluent,2025-03-13 00:00:00,Completed,Low
C002216,Meera Rao,1990-02-02 00:00:00,Male,Gurugram,Haryana,Self-Employed,3-6L,Mass Affluent,2025-09-29 00:00:00,Completed,Low
C002217,Rohan Sharma,1967-09-26 00:00:00,Female,Mysuru,Karnataka,Retired,10-20L,Mass,2024-08-03 00:00:00,Completed,Low
C002218,Nikhil Joshi,1974-12-20 00:00:00,Female,Jaipur,Rajasthan,Salaried,10-20L,Affluent,2022-10-17 00:00:00,Expired,Low
C002219,Ishita Rao,2003-04-08 00:00:00,Female,Delhi,Delhi,Salaried,10-20L,Mass Affluent,2022-09-13 00:00:00,Completed,Low
C002220,Rohan Mehta,1962-11-27 00:00:00,Male,Kolkata,West Bengal,Retired,6-10L,Mass Affluent,2023-11-27 00:00:00,Completed,Low
C002221,Nikhil Joshi,1970-11-07 00:00:00,Female,Delhi,Delhi,Student,<3L,Mass,2024-04-11 00:00:00,Completed,Low
C002222,Arjun Iyer,1973-12-03 00:00:00,Male,Hyderabad,Telangana,Business,6-10L,Mass Affluent,2024-06-25 00:00:00,Completed,Medium
C002223,Ishita Nair,1982-04-14 00:00:00,Female,Ahmedabad,Gujarat,Salaried,6-10L,Mass,2023-02-05 00:00:00,Completed,High
C002224,Rahul Rao,1970-09-24 00:00:00,Male,Jaipur,Rajasthan,Retired,3-6L,Mass,2024-04-02 00:00:00,Completed,Low
C002225,Neha Reddy,2002-06-29 00:00:00,Female,Mumbai,Maharashtra,Business,<3L,Mass,2023-04-30 00:00:00,Completed,Low
C002226,Priya Das,1960-03-27 00:00:00,Female,Kolkata,West Bengal,Business,3-6L,Mass,2025-01-31 00:00:00,Completed,Low
C002227,Vivaan Sharma,2001-07-12 00:00:00,Male,Jaipur,Rajasthan,Salaried,6-10L,Mass Affluent,2025-07-31 00:00:00,Completed,Low
C002228,Ananya Mehta,1983-06-05 00:00:00,Male,Chennai,Tamil Nadu,Self-Employed,<3L,Mass,2024-12-07 00:00:00,Completed,Low
C002229,Kiran Nair,1961-09-04 00:00:00,Female,Mysuru,Karnataka,Business,6-10L,Mass,2022-01-03 00:00:00,Completed,Low
C002230,Ananya Patil,1965-02-09 00:00:00,Female,Mumbai,Maharashtra,Student,10-20L,Mass Affluent,2026-06-17 00:00:00,Completed,Medium
C002231,Kiran Kulkarni,1964-07-06 00:00:00,Male,Mumbai,Maharashtra,Self-Employed,3-6L,Mass,2022-02-09 00:00:00,Completed,High
C002232,Ishita Kulkarni,1972-08-04 00:00:00,Female,Mysuru,Karnataka,Self-Employed,<3L,Mass,2026-06-30 00:00:00,Completed,Low
C002233,Meera Sharma,1974-08-04 00:00:00,Male,Ahmedabad,Gujarat,Business,<3L,Mass,2022-02-22 00:00:00,Completed,Low
C002234,Nikhil Gupta,1988-02-02 00:00:00,Female,Bhubaneswar,Odisha,Self-Employed,3-6L,Affluent,2024-04-28 00:00:00,Completed,Medium
C002235,Priya Rao,1973-08-19 00:00:00,Male,Hyderabad,Telangana,Salaried,10-20L,Mass Affluent,2022-06-24 00:00:00,Completed,Medium
C002236,Neha Iyer,1991-10-06 00:00:00,Male,Chennai,Tamil Nadu,Salaried,6-10L,Mass Affluent,2022-06-06 00:00:00,Completed,Low
C002237,Ishita Patil,1972-11-13 00:00:00,Female,Ahmedabad,Gujarat,Salaried,10-20L,Affluent,2025-01-27 00:00:00,Completed,Low
C002238,Sneha Nair,1971-07-17 00:00:00,Female,Delhi,Delhi,Business,>20L,Mass Affluent,2025-04-10 00:00:00,Completed,Low
C002239,Sneha Patil,1972-01-23 00:00:00,Male,Gurugram,Haryana,Salaried,3-6L,Mass Affluent,2022-07-14 00:00:00,Expired,Low
C002240,Kiran Nair,1974-06-03 00:00:00,Male,Chennai,Tamil Nadu,Salaried,6-10L,Mass Affluent,2026-05-23 00:00:00,Completed,Medium
C002241,Rohan Patil,1996-09-11 00:00:00,Male,Pune,Maharashtra,Student,6-10L,Affluent,2023-06-11 00:00:00,Completed,Low
C002242,Kiran Joshi,1970-10-25 00:00:00,Male,Bengaluru,Karnataka,Business,6-10L,Mass Affluent,2023-06-07 00:00:00,Completed,Low
C002243,Aarav Patil,1971-12-21 00:00:00,Female,Hyderabad,Telangana,Salaried,3-6L,Mass,2023-05-03 00:00:00,Completed,Low
C002244,Neha Iyer,2001-12-01 00:00:00,Male,Ahmedabad,Gujarat,Salaried,3-6L,Mass,2024-01-28 00:00:00,Completed,Low
C002245,Vivaan Mehta,1988-08-20 00:00:00,Female,Bengaluru,Karnataka,Business,6-10L,Mass,2022-10-20 00:00:00,Pending,Medium
C002246,Priya Sharma,1968-05-06 00:00:00,Male,Mumbai,Maharashtra,Salaried,6-10L,Mass,2023-11-29 00:00:00,Completed,Low
C002247,Aditya Das,1998-01-11 00:00:00,Male,Pune,Maharashtra,Salaried,3-6L,HNI,2022-12-11 00:00:00,Completed,Medium
C002248,Kavya Mehta,1968-01-09 00:00:00,Female,Ahmedabad,Gujarat,Salaried,<3L,Mass Affluent,2022-03-26 00:00:00,Completed,Medium
C002249,Priya Gupta,1967-02-06 00:00:00,Male,Hyderabad,Telangana,Salaried,6-10L,Mass Affluent,2023-08-29 00:00:00,Completed,Low
C002250,Sneha Kulkarni,1979-06-30 00:00:00,Male,Hyderabad,Telangana,Business,10-20L,Mass Affluent,2025-01-08 00:00:00,Completed,Low
C002251,Rahul Sharma,1990-04-13 00:00:00,Male,Chennai,Tamil Nadu,Salaried,6-10L,Affluent,2025-06-06 00:00:00,Completed,Low
C002252,Ishita Nair,1968-04-16 00:00:00,Male,Pune,Maharashtra,Self-Employed,<3L,Mass Affluent,2023-08-04 00:00:00,Completed,Low
C002253,Rohan Mehta,1992-12-31 00:00:00,Female,Kolkata,West Bengal,Salaried,3-6L,Mass,2023-06-16 00:00:00,Completed,Low
C002254,Kiran Joshi,1966-11-12 00:00:00,Female,Bengaluru,Karnataka,Salaried,10-20L,Mass,2025-07-17 00:00:00,Pending,Low
C002255,Rahul Joshi,1994-03-31 00:00:00,Male,Mysuru,Karnataka,Salaried,10-20L,Mass,2025-01-23 00:00:00,Completed,Low
C002256,Sneha Patil,1964-03-14 00:00:00,Male,Ahmedabad,Gujarat,Student,<3L,Mass,2025-09-28 00:00:00,Completed,Medium
C002257,Arjun Rao,1980-05-05 00:00:00,Male,Chennai,Tamil Nadu,Salaried,6-10L,Mass,2026-01-27 00:00:00,Completed,Medium
C002258,Ishita Sharma,1988-01-16 00:00:00,Male,Mumbai,Maharashtra,Salaried,3-6L,Mass,2025-09-10 00:00:00,Completed,Medium
C002259,Rohan Kulkarni,1971-08-20 00:00:00,Male,Gurugram,Haryana,Salaried,6-10L,Mass,2026-03-18 00:00:00,Completed,High
C002260,Kavya Mehta,1986-10-24 00:00:00,Male,Bengaluru,Karnataka,Business,<3L,Mass,2023-11-16 00:00:00,Completed,Medium
C002261,Nikhil Kulkarni,1990-03-02 00:00:00,Female,Kolkata,West Bengal,Salaried,6-10L,Affluent,2023-10-11 00:00:00,Completed,Low
C002262,Arjun Sharma,1988-06-24 00:00:00,Male,Ahmedabad,Gujarat,Retired,>20L,Mass,2023-06-12 00:00:00,Completed,Low
C002263,Ananya Nair,1977-05-21 00:00:00,Female,Pune,Maharashtra,Business,3-6L,Mass Affluent,2023-01-22 00:00:00,Completed,Medium
C002264,Sai Joshi,1993-11-15 00:00:00,Female,Delhi,Delhi,Self-Employed,3-6L,Mass,2025-05-14 00:00:00,Completed,Medium
C002265,Pooja Patil,1992-01-19 00:00:00,Male,Mumbai,Maharashtra,Self-Employed,<3L,HNI,2025-03-19 00:00:00,Completed,Medium
C002266,Meera Das,1974-04-18 00:00:00,Male,Delhi,Delhi,Salaried,<3L,Mass Affluent,2025-08-08 00:00:00,Completed,Low
C002267,Diya Gupta,1992-02-16 00:00:00,Male,Pune,Maharashtra,Retired,>20L,Affluent,2022-10-02 00:00:00,Completed,Medium
C002268,Arjun Iyer,2000-03-25 00:00:00,Male,Mumbai,Maharashtra,Retired,>20L,Mass,2024-03-17 00:00:00,Completed,Low
C002269,Diya Nair,1995-10-11 00:00:00,Male,Gurugram,Haryana,Salaried,<3L,Mass Affluent,2022-12-31 00:00:00,Completed,Low
C002270,Diya Joshi,1992-02-13 00:00:00,Female,Jaipur,Rajasthan,Self-Employed,10-20L,Mass,2026-01-06 00:00:00,Completed,Low
C002271,Rohan Patil,1993-07-30 00:00:00,Male,Ahmedabad,Gujarat,Salaried,3-6L,Mass,2023-03-16 00:00:00,Completed,Low
C002272,Pooja Sharma,1995-04-02 00:00:00,Male,Pune,Maharashtra,Self-Employed,6-10L,Mass Affluent,2022-08-25 00:00:00,Completed,Low
C002273,Arjun Nair,1972-08-30 00:00:00,Female,Bhubaneswar,Odisha,Business,6-10L,Mass,2024-07-24 00:00:00,Completed,Medium
C002274,Sneha Rao,1991-08-01 00:00:00,Female,Mumbai,Maharashtra,Retired,3-6L,Mass,2025-12-14 00:00:00,Completed,Low
C002275,Nikhil Reddy,1968-09-25 00:00:00,Female,Jaipur,Rajasthan,Salaried,6-10L,Affluent,2026-02-12 00:00:00,Completed,Medium
C002276,Kiran Sharma,1975-09-14 00:00:00,Female,Pune,Maharashtra,Business,6-10L,Mass,2022-06-07 00:00:00,Completed,Low
C002277,Nikhil Joshi,2000-12-08 00:00:00,Male,Hyderabad,Telangana,Business,3-6L,Mass Affluent,2023-06-20 00:00:00,Completed,Low
C002278,Vivaan Mehta,1972-05-25 00:00:00,Male,Mumbai,Maharashtra,Salaried,>20L,Mass,2022-09-10 00:00:00,Completed,Low
C002279,Pooja Das,1996-12-14 00:00:00,Male,Ahmedabad,Gujarat,Self-Employed,3-6L,Mass,2023-05-21 00:00:00,Completed,Low
C002280,Kiran Mehta,1978-07-05 00:00:00,Male,Pune,Maharashtra,Self-Employed,<3L,Mass,2024-05-26 00:00:00,Completed,Low
C002281,Ananya Joshi,1969-03-11 00:00:00,Male,Jaipur,Rajasthan,Business,>20L,Mass,2023-04-06 00:00:00,Completed,Low
C002282,Ananya Joshi,1964-04-01 00:00:00,Male,Bengaluru,Karnataka,Retired,3-6L,Mass Affluent,2022-04-21 00:00:00,Completed,Low
C002283,Sai Patil,1984-01-06 00:00:00,Male,Hyderabad,Telangana,Salaried,3-6L,Affluent,2024-04-17 00:00:00,Completed,Low
C002284,Neha Rao,1979-10-08 00:00:00,Male,Mysuru,Karnataka,Salaried,3-6L,Mass,2022-03-28 00:00:00,Completed,Low
C002285,Rohan Mehta,1982-05-26 00:00:00,Female,Jaipur,Rajasthan,Salaried,<3L,Mass,2023-01-08 00:00:00,Completed,Low
C002286,Neha Iyer,1961-11-21 00:00:00,Male,Gurugram,Haryana,Salaried,3-6L,Affluent,2022-01-01 00:00:00,Completed,Low
C002287,Ishita Singh,1971-09-29 00:00:00,Male,Kolkata,West Bengal,Salaried,3-6L,Mass,2022-05-23 00:00:00,Completed,Low
C002288,Neha Kulkarni,1960-03-04 00:00:00,Female,Jaipur,Rajasthan,Student,6-10L,Mass,2023-12-18 00:00:00,Completed,Low
C002289,Kavya Nair,1973-04-01 00:00:00,Female,Hyderabad,Telangana,Salaried,6-10L,Mass,2025-10-28 00:00:00,Completed,Medium
C002290,Sai Reddy,2000-10-20 00:00:00,Male,Bengaluru,Karnataka,Business,10-20L,Mass Affluent,2025-06-25 00:00:00,Completed,Low
C002291,Pooja Das,1966-09-02 00:00:00,Male,Mumbai,Maharashtra,Salaried,10-20L,Mass,2022-06-12 00:00:00,Completed,Low
C002292,Nikhil Singh,1990-03-13 00:00:00,Male,Mumbai,Maharashtra,Salaried,3-6L,Mass,2022-02-27 00:00:00,Completed,Medium
C002293,Priya Kulkarni,1960-04-02 00:00:00,Male,Jaipur,Rajasthan,Student,>20L,Affluent,2023-07-10 00:00:00,Completed,Low
C002294,Priya Rao,1984-08-11 00:00:00,Male,Jaipur,Rajasthan,Self-Employed,10-20L,Affluent,2024-12-07 00:00:00,Completed,Medium
C002295,Diya Gupta,2000-05-04 00:00:00,Female,Gurugram,Haryana,Salaried,10-20L,Mass Affluent,2025-05-11 00:00:00,Completed,Medium
C002296,Diya Das,1974-12-10 00:00:00,Female,Jaipur,Rajasthan,Retired,6-10L,Mass Affluent,2025-09-13 00:00:00,Completed,Medium
C002297,Kavya Rao,1968-08-20 00:00:00,Male,Mumbai,Maharashtra,Self-Employed,3-6L,Affluent,2023-07-16 00:00:00,Completed,Medium
C002298,Rahul Rao,1984-12-28 00:00:00,Female,Kolkata,West Bengal,Salaried,3-6L,Mass Affluent,2022-10-03 00:00:00,Completed,Low
C002299,Sai Joshi,1972-03-21 00:00:00,Female,Delhi,Delhi,Self-Employed,10-20L,Mass Affluent,2022-02-13 00:00:00,Pending,Low
C002300,Ananya Mehta,1999-01-21 00:00:00,Male,Mumbai,Maharashtra,Business,6-10L,Mass,2022-08-30 00:00:00,Expired,Low
C002301,Priya Joshi,1997-03-10 00:00:00,Male,Pune,Maharashtra,Salaried,10-20L,Mass,2022-04-17 00:00:00,Completed,Low
C002302,Rohan Joshi,1988-07-30 00:00:00,Female,Gurugram,Haryana,Student,6-10L,Affluent,2025-11-14 00:00:00,Completed,Low
C002303,Arjun Kulkarni,1987-12-29 00:00:00,Male,Delhi,Delhi,Self-Employed,3-6L,Mass Affluent,2023-03-17 00:00:00,Completed,Low
C002304,Priya Nair,1986-05-23 00:00:00,Male,Mumbai,Maharashtra,Salaried,3-6L,Mass,2025-09-13 00:00:00,Completed,High
C002305,Pooja Rao,1992-03-17 00:00:00,Male,Delhi,Delhi,Student,>20L,Mass Affluent,2024-06-27 00:00:00,Completed,Low
C002306,Priya Singh,1980-02-28 00:00:00,Female,Mysuru,Karnataka,Salaried,<3L,Mass Affluent,2024-06-03 00:00:00,Completed,Low
C002307,Pooja Sharma,2002-06-24 00:00:00,Male,Bhubaneswar,Odisha,Salaried,6-10L,Mass,2024-01-17 00:00:00,Completed,Low
C002308,Nikhil Patil,1975-02-22 00:00:00,Female,Delhi,Delhi,Salaried,>20L,Mass Affluent,2025-09-07 00:00:00,Completed,Low
C002309,Aarav Iyer,1960-05-23 00:00:00,Male,Mysuru,Karnataka,Salaried,<3L,Mass,2022-03-13 00:00:00,Pending,Low
C002310,Sai Sharma,1990-08-07 00:00:00,Female,Hyderabad,Telangana,Salaried,3-6L,Mass Affluent,2022-06-02 00:00:00,Expired,Low
C002311,Vivaan Gupta,1989-01-03 00:00:00,Male,Jaipur,Rajasthan,Salaried,6-10L,HNI,2023-11-27 00:00:00,Completed,High
C002312,Meera Reddy,2002-12-21 00:00:00,Male,Delhi,Delhi,Self-Employed,10-20L,Affluent,2023-10-10 00:00:00,Completed,Low
C002313,Kavya Rao,1977-04-26 00:00:00,Male,Jaipur,Rajasthan,Salaried,6-10L,Affluent,2024-06-14 00:00:00,Completed,Low
C002314,Meera Reddy,1978-08-10 00:00:00,Male,Chennai,Tamil Nadu,Salaried,<3L,Mass Affluent,2025-04-26 00:00:00,Completed,Low
C002315,Vivaan Joshi,1984-08-14 00:00:00,Female,Kolkata,West Bengal,Self-Employed,<3L,Mass,2024-08-22 00:00:00,Completed,Low
C002316,Kavya Gupta,1977-03-07 00:00:00,Female,Pune,Maharashtra,Salaried,3-6L,Mass Affluent,2023-02-27 00:00:00,Completed,Low
C002317,Priya Sharma,1994-05-19 00:00:00,Male,Bengaluru,Karnataka,Self-Employed,3-6L,Mass,2023-06-22 00:00:00,Completed,Low
C002318,Rahul Nair,1978-10-02 00:00:00,Male,Delhi,Delhi,Business,3-6L,Mass Affluent,2025-05-20 00:00:00,Completed,Medium
C002319,Arjun Das,1994-04-29 00:00:00,Male,Bhubaneswar,Odisha,Salaried,10-20L,Mass,2022-11-27 00:00:00,Pending,Low
C002320,Priya Gupta,1978-08-22 00:00:00,Male,Ahmedabad,Gujarat,Salaried,<3L,Mass,2024-04-07 00:00:00,Completed,Medium
C002321,Priya Iyer,1969-11-10 00:00:00,Male,Ahmedabad,Gujarat,Self-Employed,10-20L,Mass,2024-06-03 00:00:00,Completed,Medium
C002322,Ishita Mehta,2003-05-24 00:00:00,Female,Jaipur,Rajasthan,Salaried,10-20L,Mass,2025-05-16 00:00:00,Completed,Low
C002323,Kavya Joshi,1983-01-23 00:00:00,Male,Delhi,Delhi,Self-Employed,6-10L,Mass,2025-03-18 00:00:00,Completed,Low
C002324,Vivaan Iyer,1990-12-17 00:00:00,Female,Pune,Maharashtra,Business,6-10L,Mass,2024-02-03 00:00:00,Completed,Medium
C002325,Neha Iyer,1985-11-25 00:00:00,Male,Bhubaneswar,Odisha,Self-Employed,<3L,Mass,2023-05-23 00:00:00,Completed,Low
C002326,Rohan Mehta,1975-09-25 00:00:00,Female,Hyderabad,Telangana,Salaried,6-10L,Mass,2023-08-28 00:00:00,Completed,Low
C002327,Vivaan Sharma,2002-08-02 00:00:00,Female,Pune,Maharashtra,Retired,3-6L,Affluent,2023-11-07 00:00:00,Completed,Low
C002328,Meera Gupta,1976-04-10 00:00:00,Female,Pune,Maharashtra,Salaried,3-6L,Mass,2022-12-26 00:00:00,Completed,Low
C002329,Sneha Gupta,2003-07-03 00:00:00,Female,Jaipur,Rajasthan,Student,6-10L,Affluent,2024-10-23 00:00:00,Completed,High
C002330,Rahul Das,1978-11-14 00:00:00,Female,Bengaluru,Karnataka,Business,<3L,Mass,2022-12-09 00:00:00,Expired,Low
C002331,Priya Joshi,1960-12-28 00:00:00,Male,Bengaluru,Karnataka,Salaried,3-6L,Affluent,2024-12-01 00:00:00,Completed,Low
C002332,Diya Joshi,1961-08-10 00:00:00,Male,Kolkata,West Bengal,Salaried,6-10L,Mass Affluent,2025-05-18 00:00:00,Pending,Low
C002333,Diya Singh,2002-08-26 00:00:00,Male,Bengaluru,Karnataka,Salaried,6-10L,Affluent,2026-04-29 00:00:00,Completed,Low
C002334,Sneha Reddy,1983-02-14 00:00:00,Female,Mumbai,Maharashtra,Retired,<3L,Affluent,2022-07-15 00:00:00,Pending,Medium
C002335,Aditya Reddy,1976-12-24 00:00:00,Female,Bhubaneswar,Odisha,Salaried,<3L,Mass Affluent,2025-06-01 00:00:00,Pending,Low
C002336,Ananya Joshi,1995-07-18 00:00:00,Female,Gurugram,Haryana,Student,3-6L,Mass,2022-05-22 00:00:00,Completed,Medium
C002337,Nikhil Patil,1987-01-13 00:00:00,Male,Kolkata,West Bengal,Self-Employed,6-10L,Mass,2023-07-08 00:00:00,Completed,Low
C002338,Neha Sharma,1988-12-08 00:00:00,Female,Gurugram,Haryana,Salaried,6-10L,Mass,2022-10-17 00:00:00,Completed,Medium
C002339,Pooja Singh,1990-01-10 00:00:00,Male,Mysuru,Karnataka,Self-Employed,<3L,Affluent,2022-09-24 00:00:00,Completed,Medium
C002340,Priya Singh,1968-09-09 00:00:00,Male,Mumbai,Maharashtra,Salaried,6-10L,Affluent,2022-10-15 00:00:00,Completed,Low
C002341,Sai Reddy,1963-11-13 00:00:00,Female,Ahmedabad,Gujarat,Salaried,>20L,Mass,2022-03-14 00:00:00,Completed,Medium
C002342,Meera Sharma,1991-11-22 00:00:00,Male,Mysuru,Karnataka,Retired,6-10L,Mass Affluent,2025-09-13 00:00:00,Completed,Low
C002343,Rohan Nair,1960-12-14 00:00:00,Male,Chennai,Tamil Nadu,Salaried,6-10L,Mass,2022-04-11 00:00:00,Completed,Low
C002344,Sai Sharma,1991-07-08 00:00:00,Female,Delhi,Delhi,Retired,6-10L,Mass Affluent,2023-10-17 00:00:00,Completed,Low
C002345,Sai Kulkarni,1965-09-09 00:00:00,Female,Delhi,Delhi,Retired,10-20L,Mass Affluent,2025-02-22 00:00:00,Completed,Low
C002346,Vivaan Rao,1971-07-02 00:00:00,Male,Bhubaneswar,Odisha,Salaried,>20L,Mass,2026-06-15 00:00:00,Completed,High
C002347,Kavya Nair,1991-01-02 00:00:00,Male,Chennai,Tamil Nadu,Self-Employed,<3L,Affluent,2025-11-02 00:00:00,Completed,Medium
C002348,Priya Kulkarni,1987-04-14 00:00:00,Male,Chennai,Tamil Nadu,Salaried,3-6L,Mass,2022-08-14 00:00:00,Pending,Low
C002349,Aditya Joshi,1994-03-27 00:00:00,Male,Delhi,Delhi,Self-Employed,<3L,Mass Affluent,2026-06-10 00:00:00,Completed,High
C002350,Rohan Mehta,1986-10-06 00:00:00,Female,Delhi,Delhi,Retired,10-20L,Mass Affluent,2024-12-09 00:00:00,Completed,Low
C002351,Ishita Reddy,1962-02-04 00:00:00,Female,Kolkata,West Bengal,Student,<3L,Mass,2022-10-22 00:00:00,Completed,Low
C002352,Nikhil Patil,1996-10-14 00:00:00,Female,Bengaluru,Karnataka,Retired,10-20L,Mass,2024-01-07 00:00:00,Completed,Medium
C002353,Nikhil Reddy,1969-06-13 00:00:00,Female,Mumbai,Maharashtra,Salaried,<3L,Mass,2026-02-16 00:00:00,Completed,Low
C002354,Pooja Mehta,1965-12-17 00:00:00,Male,Chennai,Tamil Nadu,Self-Employed,6-10L,Mass Affluent,2023-10-08 00:00:00,Completed,Medium
C002355,Priya Iyer,1998-06-26 00:00:00,Male,Chennai,Tamil Nadu,Salaried,3-6L,Affluent,2022-10-29 00:00:00,Expired,Low
C002356,Aditya Kulkarni,1968-07-14 00:00:00,Male,Mysuru,Karnataka,Student,6-10L,Mass,2025-12-07 00:00:00,Completed,Low
C002357,Ishita Gupta,1983-06-26 00:00:00,Female,Ahmedabad,Gujarat,Salaried,3-6L,Mass,2026-04-14 00:00:00,Completed,Low
C002358,Rohan Kulkarni,1981-04-15 00:00:00,Male,Hyderabad,Telangana,Salaried,10-20L,Mass,2026-05-21 00:00:00,Completed,Low
C002359,Rahul Singh,1993-09-16 00:00:00,Male,Mumbai,Maharashtra,Salaried,6-10L,Mass,2026-04-19 00:00:00,Completed,Low
C002360,Diya Das,1961-12-07 00:00:00,Female,Ahmedabad,Gujarat,Salaried,3-6L,Mass,2025-12-04 00:00:00,Expired,Low
C002361,Nikhil Nair,1964-09-03 00:00:00,Female,Bhubaneswar,Odisha,Salaried,10-20L,Mass Affluent,2024-01-17 00:00:00,Completed,Low
C002362,Priya Rao,1978-03-16 00:00:00,Male,Gurugram,Haryana,Salaried,10-20L,Mass,2022-11-12 00:00:00,Completed,Medium
C002363,Aarav Patil,1980-09-24 00:00:00,Male,Pune,Maharashtra,Student,10-20L,Affluent,2024-10-10 00:00:00,Completed,Low
C002364,Rahul Nair,1994-07-12 00:00:00,Male,Pune,Maharashtra,Business,10-20L,Mass,2022-12-29 00:00:00,Completed,Low
C002365,Ishita Rao,1986-07-14 00:00:00,Male,Chennai,Tamil Nadu,Salaried,6-10L,Mass Affluent,2024-02-16 00:00:00,Completed,Low
C002366,Ishita Sharma,1966-07-07 00:00:00,Male,Bengaluru,Karnataka,Business,10-20L,Mass,2024-12-13 00:00:00,Completed,Low
C002367,Rohan Iyer,2002-11-18 00:00:00,Female,Gurugram,Haryana,Salaried,6-10L,Mass,2026-04-04 00:00:00,Completed,Low
C002368,Arjun Iyer,1980-02-24 00:00:00,Male,Bengaluru,Karnataka,Business,>20L,Mass,2023-04-20 00:00:00,Completed,Low
C002369,Meera Mehta,2002-04-03 00:00:00,Male,Bengaluru,Karnataka,Salaried,10-20L,Mass Affluent,2023-02-18 00:00:00,Completed,Low
C002370,Kavya Sharma,2003-05-11 00:00:00,Male,Gurugram,Haryana,Self-Employed,3-6L,Affluent,2025-04-21 00:00:00,Completed,High
C002371,Nikhil Kulkarni,1962-04-06 00:00:00,Male,Kolkata,West Bengal,Salaried,<3L,Mass,2022-01-11 00:00:00,Completed,Low
C002372,Nikhil Mehta,1982-02-28 00:00:00,Male,Jaipur,Rajasthan,Salaried,10-20L,Mass,2024-07-19 00:00:00,Pending,Low
C002373,Sneha Nair,1978-06-27 00:00:00,Male,Mysuru,Karnataka,Self-Employed,6-10L,Mass Affluent,2025-05-09 00:00:00,Completed,Medium
C002374,Vivaan Singh,1981-10-30 00:00:00,Female,Mumbai,Maharashtra,Business,6-10L,Mass,2024-06-23 00:00:00,Expired,Low
C002375,Diya Kulkarni,1973-07-30 00:00:00,Male,Gurugram,Haryana,Business,>20L,Mass Affluent,2023-09-23 00:00:00,Completed,Low
C002376,Nikhil Patil,1984-06-23 00:00:00,Male,Hyderabad,Telangana,Salaried,6-10L,Mass,2025-09-22 00:00:00,Completed,Low
C002377,Arjun Reddy,1981-07-24 00:00:00,Female,Bhubaneswar,Odisha,Self-Employed,3-6L,Affluent,2023-09-02 00:00:00,Completed,Low
C002378,Priya Mehta,1968-02-24 00:00:00,Male,Kolkata,West Bengal,Business,6-10L,Mass Affluent,2025-03-12 00:00:00,Completed,Medium
C002379,Aarav Rao,1972-08-21 00:00:00,Male,Hyderabad,Telangana,Salaried,<3L,Mass,2024-02-02 00:00:00,Expired,Low
C002380,Aditya Gupta,1966-06-12 00:00:00,Male,Bengaluru,Karnataka,Salaried,6-10L,Mass Affluent,2022-02-13 00:00:00,Completed,Medium
C002381,Diya Rao,1996-12-14 00:00:00,Male,Bengaluru,Karnataka,Salaried,10-20L,Mass,2024-05-21 00:00:00,Completed,Low
C002382,Pooja Patil,1989-09-02 00:00:00,Male,Mysuru,Karnataka,Salaried,<3L,Mass Affluent,2022-03-23 00:00:00,Completed,Medium
C002383,Diya Mehta,1976-12-22 00:00:00,Female,Chennai,Tamil Nadu,Salaried,10-20L,Mass Affluent,2026-03-09 00:00:00,Completed,Low
C002384,Pooja Rao,1977-05-03 00:00:00,Male,Pune,Maharashtra,Salaried,10-20L,Mass Affluent,2024-09-14 00:00:00,Completed,Medium
C002385,Aditya Joshi,1963-06-19 00:00:00,Female,Mumbai,Maharashtra,Self-Employed,<3L,Mass,2023-09-03 00:00:00,Expired,Low
C002386,Sai Sharma,1972-09-12 00:00:00,Male,Kolkata,West Bengal,Business,10-20L,Mass,2024-03-09 00:00:00,Completed,Low
C002387,Sneha Joshi,2000-06-29 00:00:00,Female,Ahmedabad,Gujarat,Business,10-20L,Mass,2024-10-13 00:00:00,Completed,Low
C002388,Rohan Sharma,1961-05-17 00:00:00,Male,Gurugram,Haryana,Self-Employed,6-10L,Mass Affluent,2023-03-04 00:00:00,Completed,High
C002389,Aditya Patil,1966-05-26 00:00:00,Male,Jaipur,Rajasthan,Salaried,3-6L,Mass Affluent,2023-04-19 00:00:00,Completed,Low
C002390,Vivaan Reddy,1997-01-22 00:00:00,Male,Kolkata,West Bengal,Retired,3-6L,Mass,2023-11-19 00:00:00,Completed,Low
C002391,Meera Mehta,1982-10-17 00:00:00,Female,Kolkata,West Bengal,Business,6-10L,Mass Affluent,2023-03-01 00:00:00,Completed,High
C002392,Aditya Das,1961-06-01 00:00:00,Female,Jaipur,Rajasthan,Self-Employed,3-6L,Mass Affluent,2025-05-29 00:00:00,Completed,Medium
C002393,Ishita Singh,1981-06-15 00:00:00,Male,Mumbai,Maharashtra,Salaried,3-6L,Mass Affluent,2022-06-20 00:00:00,Completed,Low
C002394,Pooja Iyer,1992-11-07 00:00:00,Male,Ahmedabad,Gujarat,Self-Employed,>20L,Mass,2025-09-19 00:00:00,Completed,Low
C002395,Sneha Rao,1975-02-12 00:00:00,Male,Bhubaneswar,Odisha,Self-Employed,6-10L,Mass,2023-07-27 00:00:00,Completed,Low
C002396,Neha Iyer,1976-09-24 00:00:00,Female,Bhubaneswar,Odisha,Business,10-20L,Mass,2024-07-10 00:00:00,Completed,High
C002397,Rohan Sharma,1987-08-28 00:00:00,Male,Hyderabad,Telangana,Business,>20L,Mass Affluent,2022-09-17 00:00:00,Completed,Low
C002398,Neha Rao,1986-03-24 00:00:00,Female,Ahmedabad,Gujarat,Retired,<3L,Mass Affluent,2023-09-25 00:00:00,Pending,Medium
C002399,Arjun Mehta,1999-07-21 00:00:00,Male,Jaipur,Rajasthan,Retired,3-6L,Affluent,2025-05-24 00:00:00,Completed,Low
C002400,Aarav Rao,1970-11-06 00:00:00,Male,Jaipur,Rajasthan,Self-Employed,6-10L,Mass,2023-03-21 00:00:00,Pending,High
C002401,Aditya Joshi,1972-02-04 00:00:00,Female,Jaipur,Rajasthan,Retired,3-6L,Mass Affluent,2022-08-06 00:00:00,Completed,Low
C002402,Vivaan Joshi,1966-10-22 00:00:00,Male,Ahmedabad,Gujarat,Retired,<3L,Affluent,2024-05-06 00:00:00,Completed,Low
C002403,Aditya Kulkarni,1989-02-15 00:00:00,Male,Delhi,Delhi,Salaried,10-20L,Mass,2022-09-24 00:00:00,Completed,Medium
C002404,Nikhil Patil,1983-05-14 00:00:00,Male,Kolkata,West Bengal,Self-Employed,<3L,Mass,2023-06-01 00:00:00,Completed,High
C002405,Kavya Rao,1975-03-14 00:00:00,Female,Delhi,Delhi,Salaried,6-10L,Mass,2024-01-10 00:00:00,Completed,Medium
C002406,Kavya Das,1990-06-21 00:00:00,Male,Ahmedabad,Gujarat,Salaried,6-10L,Mass Affluent,2024-07-15 00:00:00,Completed,Low
C002407,Aditya Singh,1976-07-01 00:00:00,Male,Ahmedabad,Gujarat,Salaried,6-10L,Mass,2024-11-15 00:00:00,Completed,Low
C002408,Sneha Iyer,1968-07-24 00:00:00,Female,Bhubaneswar,Odisha,Self-Employed,3-6L,Mass,2025-01-16 00:00:00,Completed,Medium
C002409,Neha Rao,1983-08-25 00:00:00,Female,Chennai,Tamil Nadu,Salaried,<3L,Mass,2025-10-18 00:00:00,Completed,Low
C002410,Aarav Nair,1979-02-11 00:00:00,Male,Gurugram,Haryana,Salaried,10-20L,Mass Affluent,2022-04-19 00:00:00,Completed,Low
C002411,Ananya Mehta,1977-10-04 00:00:00,Male,Mysuru,Karnataka,Salaried,10-20L,Affluent,2023-08-18 00:00:00,Completed,Low
C002412,Ishita Reddy,1979-06-24 00:00:00,Female,Chennai,Tamil Nadu,Self-Employed,6-10L,Mass Affluent,2022-01-02 00:00:00,Completed,Low
C002413,Neha Mehta,2000-01-18 00:00:00,Male,Hyderabad,Telangana,Student,<3L,Affluent,2022-01-16 00:00:00,Completed,Low
C002414,Kavya Rao,1969-06-17 00:00:00,Male,Hyderabad,Telangana,Retired,6-10L,Mass Affluent,2022-12-15 00:00:00,Completed,Low
C002415,Sai Singh,1972-01-31 00:00:00,Female,Kolkata,West Bengal,Salaried,3-6L,Affluent,2024-09-09 00:00:00,Completed,High
C002416,Rahul Sharma,1984-10-01 00:00:00,Female,Jaipur,Rajasthan,Salaried,3-6L,Mass,2026-01-08 00:00:00,Completed,Low
C002417,Priya Mehta,1962-01-17 00:00:00,Male,Mysuru,Karnataka,Student,3-6L,Affluent,2025-06-24 00:00:00,Completed,Low
C002418,Sai Patil,1966-05-23 00:00:00,Female,Gurugram,Haryana,Salaried,3-6L,Affluent,2024-11-27 00:00:00,Completed,Low
C002419,Vivaan Sharma,1984-10-22 00:00:00,Female,Kolkata,West Bengal,Retired,3-6L,Mass Affluent,2025-07-01 00:00:00,Completed,Low
C002420,Neha Mehta,1982-04-30 00:00:00,Female,Ahmedabad,Gujarat,Business,3-6L,Mass,2022-10-10 00:00:00,Completed,Medium
C002421,Priya Patil,1988-08-06 00:00:00,Male,Ahmedabad,Gujarat,Self-Employed,10-20L,Mass,2025-10-11 00:00:00,Completed,Medium
C002422,Kavya Gupta,1964-12-19 00:00:00,Female,Ahmedabad,Gujarat,Salaried,6-10L,Mass,2026-01-01 00:00:00,Completed,Low
C002423,Rahul Gupta,1997-05-28 00:00:00,Female,Jaipur,Rajasthan,Salaried,3-6L,Mass,2022-06-06 00:00:00,Completed,High
C002424,Pooja Rao,1981-04-08 00:00:00,Female,Bhubaneswar,Odisha,Self-Employed,<3L,Mass,2024-02-11 00:00:00,Completed,Low
C002425,Nikhil Reddy,1966-10-16 00:00:00,Female,Chennai,Tamil Nadu,Salaried,10-20L,Mass,2025-09-24 00:00:00,Completed,Medium
C002426,Ananya Reddy,1973-08-25 00:00:00,Male,Mumbai,Maharashtra,Student,<3L,Mass,2024-02-21 00:00:00,Completed,Medium
C002427,Ishita Das,1969-12-18 00:00:00,Male,Hyderabad,Telangana,Self-Employed,3-6L,Affluent,2025-10-12 00:00:00,Completed,Medium
C002428,Meera Gupta,1979-10-23 00:00:00,Male,Kolkata,West Bengal,Salaried,6-10L,Mass Affluent,2026-03-17 00:00:00,Completed,Low
C002429,Arjun Reddy,1980-07-24 00:00:00,Female,Mysuru,Karnataka,Salaried,6-10L,Affluent,2024-02-19 00:00:00,Expired,Low
C002430,Vivaan Mehta,1978-12-31 00:00:00,Male,Ahmedabad,Gujarat,Self-Employed,10-20L,Mass,2022-04-08 00:00:00,Completed,Low
C002431,Sneha Rao,1980-03-12 00:00:00,Male,Hyderabad,Telangana,Salaried,3-6L,Mass,2023-07-13 00:00:00,Completed,Low
C002432,Priya Patil,1999-10-09 00:00:00,Male,Bhubaneswar,Odisha,Business,3-6L,Mass,2022-12-20 00:00:00,Completed,Low
C002433,Kavya Rao,2002-01-06 00:00:00,Male,Mumbai,Maharashtra,Self-Employed,3-6L,Affluent,2024-02-18 00:00:00,Completed,Low
C002434,Aditya Singh,1981-06-17 00:00:00,Female,Jaipur,Rajasthan,Business,6-10L,Mass,2024-08-19 00:00:00,Completed,Low
C002435,Arjun Gupta,2002-03-09 00:00:00,Female,Gurugram,Haryana,Salaried,3-6L,Mass Affluent,2024-02-01 00:00:00,Completed,Low
C002436,Kiran Kulkarni,1995-11-08 00:00:00,Male,Hyderabad,Telangana,Salaried,3-6L,Mass,2022-11-17 00:00:00,Completed,Low
C002437,Rahul Reddy,1995-12-02 00:00:00,Female,Chennai,Tamil Nadu,Student,<3L,Mass,2023-05-10 00:00:00,Completed,Medium
C002438,Ishita Patil,1969-11-19 00:00:00,Male,Hyderabad,Telangana,Business,>20L,Mass,2025-01-20 00:00:00,Completed,Low
C002439,Kavya Das,1979-03-16 00:00:00,Female,Jaipur,Rajasthan,Business,<3L,Mass,2022-02-14 00:00:00,Completed,Low
C002440,Aditya Gupta,1975-06-04 00:00:00,Female,Mumbai,Maharashtra,Self-Employed,3-6L,Mass,2022-12-18 00:00:00,Completed,Medium
C002441,Rohan Nair,1964-03-23 00:00:00,Male,Kolkata,West Bengal,Student,10-20L,Affluent,2026-01-05 00:00:00,Completed,Low
C002442,Sneha Kulkarni,1963-04-16 00:00:00,Male,Bhubaneswar,Odisha,Salaried,10-20L,Mass,2022-06-12 00:00:00,Completed,Low
C002443,Kavya Joshi,1987-04-07 00:00:00,Female,Mumbai,Maharashtra,Salaried,6-10L,Mass,2023-11-13 00:00:00,Completed,Medium
C002444,Sai Das,1978-06-06 00:00:00,Female,Pune,Maharashtra,Business,6-10L,Mass,2022-12-06 00:00:00,Completed,Low
C002445,Rahul Kulkarni,1996-03-03 00:00:00,Female,Gurugram,Haryana,Salaried,<3L,HNI,2022-06-21 00:00:00,Completed,Low
C002446,Pooja Reddy,1989-04-17 00:00:00,Male,Kolkata,West Bengal,Business,10-20L,Mass Affluent,2023-11-26 00:00:00,Completed,Medium
C002447,Aarav Kulkarni,1963-09-24 00:00:00,Male,Bhubaneswar,Odisha,Salaried,3-6L,Mass Affluent,2024-05-06 00:00:00,Completed,Medium
C002448,Ishita Gupta,1996-09-18 00:00:00,Female,Ahmedabad,Gujarat,Salaried,>20L,Mass,2022-10-17 00:00:00,Completed,Low
C002449,Pooja Singh,1981-09-24 00:00:00,Female,Ahmedabad,Gujarat,Salaried,3-6L,Affluent,2022-05-08 00:00:00,Completed,Low
C002450,Rahul Reddy,1984-10-15 00:00:00,Female,Gurugram,Haryana,Student,6-10L,Mass,2022-08-10 00:00:00,Pending,Medium
C002451,Rohan Nair,2002-04-20 00:00:00,Male,Chennai,Tamil Nadu,Business,6-10L,Mass Affluent,2024-12-05 00:00:00,Completed,Low
C002452,Sneha Nair,1988-01-15 00:00:00,Male,Mumbai,Maharashtra,Salaried,<3L,Mass Affluent,2025-11-13 00:00:00,Completed,Medium
C002453,Rahul Singh,1960-12-22 00:00:00,Female,Gurugram,Haryana,Salaried,3-6L,Mass,2022-10-24 00:00:00,Completed,Low
C002454,Kiran Mehta,1967-10-07 00:00:00,Female,Mumbai,Maharashtra,Salaried,10-20L,Mass,2023-06-11 00:00:00,Completed,Low
C002455,Arjun Reddy,1978-09-04 00:00:00,Female,Bengaluru,Karnataka,Salaried,3-6L,Mass,2023-07-19 00:00:00,Completed,Low
C002456,Aditya Singh,1961-08-18 00:00:00,Male,Jaipur,Rajasthan,Business,>20L,Mass,2023-08-16 00:00:00,Completed,Medium
C002457,Sai Mehta,1967-05-03 00:00:00,Female,Ahmedabad,Gujarat,Salaried,3-6L,Mass,2023-02-06 00:00:00,Completed,Low
C002458,Diya Singh,1994-09-06 00:00:00,Female,Hyderabad,Telangana,Salaried,6-10L,Mass,2022-04-01 00:00:00,Completed,High
C002459,Aditya Joshi,1966-04-03 00:00:00,Female,Bengaluru,Karnataka,Salaried,6-10L,Mass,2024-05-12 00:00:00,Completed,Medium
C002460,Aditya Sharma,1967-04-26 00:00:00,Female,Mysuru,Karnataka,Self-Employed,6-10L,Mass Affluent,2023-08-10 00:00:00,Completed,Medium
C002461,Nikhil Rao,1982-02-08 00:00:00,Female,Mysuru,Karnataka,Business,6-10L,Mass,2023-07-16 00:00:00,Completed,Medium
C002462,Aarav Das,1963-12-29 00:00:00,Male,Kolkata,West Bengal,Self-Employed,10-20L,Mass Affluent,2023-03-11 00:00:00,Completed,Low
C002463,Neha Das,1971-03-14 00:00:00,Female,Mumbai,Maharashtra,Self-Employed,6-10L,Mass,2026-03-06 00:00:00,Completed,Low
C002464,Diya Sharma,2001-01-25 00:00:00,Female,Pune,Maharashtra,Retired,6-10L,Mass,2024-09-29 00:00:00,Completed,Low
C002465,Priya Singh,1987-08-30 00:00:00,Female,Jaipur,Rajasthan,Salaried,6-10L,Mass,2023-11-19 00:00:00,Completed,Low
C002466,Priya Mehta,2002-03-17 00:00:00,Female,Jaipur,Rajasthan,Student,3-6L,Affluent,2022-12-04 00:00:00,Pending,Low
C002467,Kiran Rao,1975-07-09 00:00:00,Male,Ahmedabad,Gujarat,Self-Employed,<3L,Mass,2025-08-08 00:00:00,Completed,Medium
C002468,Sai Kulkarni,1986-12-30 00:00:00,Female,Pune,Maharashtra,Salaried,3-6L,Mass Affluent,2025-12-29 00:00:00,Completed,Medium
C002469,Neha Gupta,1970-06-13 00:00:00,Female,Hyderabad,Telangana,Business,6-10L,Affluent,2022-02-23 00:00:00,Completed,Low
C002470,Kavya Reddy,1976-08-02 00:00:00,Female,Mumbai,Maharashtra,Self-Employed,10-20L,Mass Affluent,2026-03-07 00:00:00,Completed,Low
C002471,Sneha Mehta,1967-08-26 00:00:00,Female,Jaipur,Rajasthan,Self-Employed,<3L,Mass,2025-02-22 00:00:00,Completed,Low
C002472,Nikhil Patil,1996-07-01 00:00:00,Female,Mysuru,Karnataka,Salaried,6-10L,Mass,2022-06-13 00:00:00,Completed,Medium
C002473,Neha Kulkarni,1968-01-23 00:00:00,Male,Kolkata,West Bengal,Salaried,3-6L,Mass Affluent,2025-05-21 00:00:00,Completed,High
C002474,Nikhil Sharma,1968-12-19 00:00:00,Male,Hyderabad,Telangana,Student,6-10L,Mass Affluent,2022-06-26 00:00:00,Completed,Low
C002475,Ishita Das,1980-04-25 00:00:00,Female,Ahmedabad,Gujarat,Salaried,10-20L,Mass Affluent,2022-03-25 00:00:00,Pending,Low
C002476,Ananya Mehta,1978-10-23 00:00:00,Female,Gurugram,Haryana,Salaried,10-20L,Mass Affluent,2022-07-09 00:00:00,Completed,Medium
C002477,Sai Nair,1973-09-30 00:00:00,Male,Mysuru,Karnataka,Salaried,6-10L,Mass,2024-01-26 00:00:00,Completed,Low
C002478,Ananya Reddy,1975-08-22 00:00:00,Female,Ahmedabad,Gujarat,Self-Employed,10-20L,Mass Affluent,2024-10-14 00:00:00,Completed,Medium
C002479,Sai Joshi,1972-12-03 00:00:00,Male,Chennai,Tamil Nadu,Business,<3L,Mass Affluent,2023-10-31 00:00:00,Completed,Low
C002480,Kiran Kulkarni,1999-12-25 00:00:00,Male,Gurugram,Haryana,Self-Employed,6-10L,HNI,2022-07-20 00:00:00,Completed,Low
C002481,Vivaan Gupta,1985-06-03 00:00:00,Female,Delhi,Delhi,Retired,3-6L,Mass Affluent,2022-11-24 00:00:00,Completed,Low
C002482,Kiran Gupta,2000-04-16 00:00:00,Male,Delhi,Delhi,Salaried,10-20L,Mass,2025-10-31 00:00:00,Completed,Medium
C002483,Aditya Singh,2003-03-25 00:00:00,Male,Gurugram,Haryana,Salaried,10-20L,Mass Affluent,2026-04-30 00:00:00,Completed,Low
C002484,Rahul Gupta,1988-07-06 00:00:00,Male,Pune,Maharashtra,Salaried,<3L,Mass Affluent,2025-05-23 00:00:00,Completed,Medium
C002485,Vivaan Rao,1996-03-02 00:00:00,Male,Pune,Maharashtra,Salaried,3-6L,Mass,2022-06-19 00:00:00,Completed,Medium
C002486,Diya Mehta,1964-11-06 00:00:00,Male,Pune,Maharashtra,Business,6-10L,Mass,2025-09-08 00:00:00,Completed,Medium
C002487,Rahul Iyer,2001-08-03 00:00:00,Male,Bengaluru,Karnataka,Salaried,>20L,Mass,2025-02-10 00:00:00,Completed,High
C002488,Kiran Nair,1981-02-14 00:00:00,Male,Bhubaneswar,Odisha,Salaried,<3L,Mass,2024-05-13 00:00:00,Completed,Medium
C002489,Vivaan Sharma,1991-04-02 00:00:00,Male,Mumbai,Maharashtra,Student,6-10L,Mass Affluent,2022-08-24 00:00:00,Completed,Medium
C002490,Rohan Patil,1970-09-30 00:00:00,Male,Mysuru,Karnataka,Self-Employed,3-6L,Mass,2026-06-25 00:00:00,Completed,Low
C002491,Nikhil Rao,1964-03-08 00:00:00,Female,Mysuru,Karnataka,Salaried,6-10L,Mass Affluent,2023-12-28 00:00:00,Pending,Medium
C002492,Meera Joshi,1998-10-06 00:00:00,Female,Bhubaneswar,Odisha,Business,6-10L,Mass,2022-03-14 00:00:00,Completed,High
C002493,Meera Das,1979-09-09 00:00:00,Male,Gurugram,Haryana,Self-Employed,3-6L,Mass Affluent,2022-12-11 00:00:00,Completed,Low
C002494,Priya Das,1966-01-23 00:00:00,Male,Pune,Maharashtra,Student,10-20L,Mass Affluent,2023-10-21 00:00:00,Completed,Low
C002495,Ananya Iyer,1988-11-04 00:00:00,Female,Delhi,Delhi,Business,<3L,Mass Affluent,2022-04-13 00:00:00,Completed,Low
C002496,Neha Kulkarni,1962-05-18 00:00:00,Male,Mysuru,Karnataka,Salaried,10-20L,Mass,2023-06-16 00:00:00,Pending,Medium
C002497,Aditya Mehta,1979-09-25 00:00:00,Male,Pune,Maharashtra,Salaried,3-6L,Affluent,2024-02-09 00:00:00,Completed,High
C002498,Meera Iyer,1990-11-09 00:00:00,Female,Mumbai,Maharashtra,Salaried,6-10L,Mass,2026-04-07 00:00:00,Completed,Low
C002499,Ishita Mehta,1991-07-23 00:00:00,Female,Ahmedabad,Gujarat,Business,3-6L,Mass Affluent,2022-05-22 00:00:00,Completed,High
C002500,Neha Kulkarni,1979-11-09 00:00:00,Male,Bengaluru,Karnataka,Self-Employed,6-10L,Mass,2024-08-05 00:00:00,Completed,Low
C002501,Rahul Nair,1976-03-16 00:00:00,Female,Gurugram,Haryana,Business,3-6L,Mass,2026-02-12 00:00:00,Completed,Low
C002502,Kiran Das,1996-09-21 00:00:00,Male,Ahmedabad,Gujarat,Self-Employed,6-10L,Mass Affluent,2025-08-16 00:00:00,Completed,Medium
C002503,Aarav Mehta,1968-02-03 00:00:00,Male,Jaipur,Rajasthan,Salaried,<3L,Mass,2026-02-27 00:00:00,Completed,High
C002504,Sai Nair,1963-04-09 00:00:00,Female,Hyderabad,Telangana,Salaried,3-6L,Mass,2022-10-07 00:00:00,Pending,Low
C002505,Ananya Gupta,1966-11-14 00:00:00,Female,Mumbai,Maharashtra,Salaried,10-20L,Mass,2025-08-08 00:00:00,Completed,High
C002506,Aditya Mehta,1995-02-03 00:00:00,Female,Delhi,Delhi,Salaried,6-10L,Mass,2026-05-26 00:00:00,Completed,Medium
C002507,Meera Gupta,1980-08-01 00:00:00,Male,Mumbai,Maharashtra,Self-Employed,6-10L,HNI,2023-06-20 00:00:00,Completed,Medium
C002508,Sai Reddy,1961-08-20 00:00:00,Female,Chennai,Tamil Nadu,Retired,6-10L,Mass Affluent,2024-03-29 00:00:00,Completed,Medium
C002509,Ananya Kulkarni,1967-05-24 00:00:00,Female,Pune,Maharashtra,Salaried,3-6L,Mass,2024-05-21 00:00:00,Completed,Low
C002510,Arjun Rao,1961-03-25 00:00:00,Male,Chennai,Tamil Nadu,Business,10-20L,Mass Affluent,2024-03-21 00:00:00,Expired,Low
C002511,Ishita Iyer,1995-09-04 00:00:00,Female,Chennai,Tamil Nadu,Salaried,3-6L,Mass Affluent,2023-04-21 00:00:00,Completed,Low
C002512,Rohan Joshi,1980-03-17 00:00:00,Male,Bhubaneswar,Odisha,Business,>20L,Mass Affluent,2026-05-14 00:00:00,Completed,Low
C002513,Arjun Nair,1962-12-24 00:00:00,Male,Delhi,Delhi,Salaried,10-20L,Mass Affluent,2026-04-20 00:00:00,Completed,Low
C002514,Kiran Nair,1969-09-10 00:00:00,Female,Bhubaneswar,Odisha,Self-Employed,3-6L,Mass,2023-09-18 00:00:00,Completed,Low
C002515,Diya Das,1987-01-02 00:00:00,Female,Delhi,Delhi,Salaried,3-6L,Mass,2025-08-15 00:00:00,Pending,Low
C002516,Ananya Rao,1986-01-03 00:00:00,Female,Kolkata,West Bengal,Salaried,6-10L,Mass Affluent,2023-10-15 00:00:00,Completed,Low
C002517,Pooja Sharma,1995-11-21 00:00:00,Male,Chennai,Tamil Nadu,Self-Employed,10-20L,Mass Affluent,2025-07-29 00:00:00,Completed,Low
C002518,Ishita Sharma,1961-02-17 00:00:00,Female,Ahmedabad,Gujarat,Salaried,3-6L,Mass Affluent,2024-08-18 00:00:00,Completed,Low
C002519,Sai Das,1963-01-15 00:00:00,Male,Gurugram,Haryana,Salaried,3-6L,Mass,2024-02-12 00:00:00,Completed,Low
C002520,Ananya Reddy,1961-07-20 00:00:00,Female,Ahmedabad,Gujarat,Salaried,<3L,Mass Affluent,2022-07-30 00:00:00,Completed,Low
C002521,Nikhil Sharma,1977-04-06 00:00:00,Male,Delhi,Delhi,Retired,10-20L,Mass,2024-12-10 00:00:00,Completed,Low
C002522,Sai Sharma,1991-11-08 00:00:00,Male,Gurugram,Haryana,Salaried,6-10L,Mass Affluent,2023-06-12 00:00:00,Completed,Medium
C002523,Ananya Singh,1989-01-16 00:00:00,Female,Gurugram,Haryana,Self-Employed,3-6L,Mass,2022-12-23 00:00:00,Completed,Medium
C002524,Ananya Mehta,1969-03-16 00:00:00,Male,Kolkata,West Bengal,Student,6-10L,Mass Affluent,2022-11-14 00:00:00,Completed,Medium
C002525,Neha Das,1988-10-15 00:00:00,Male,Chennai,Tamil Nadu,Business,10-20L,HNI,2026-06-01 00:00:00,Completed,High
C002526,Aarav Joshi,1988-10-02 00:00:00,Female,Bengaluru,Karnataka,Salaried,>20L,Mass,2022-06-19 00:00:00,Completed,Medium
C002527,Kavya Patil,1968-05-20 00:00:00,Male,Ahmedabad,Gujarat,Self-Employed,3-6L,Mass Affluent,2025-08-04 00:00:00,Completed,Low
C002528,Diya Nair,1992-11-06 00:00:00,Female,Ahmedabad,Gujarat,Salaried,3-6L,Mass Affluent,2025-11-23 00:00:00,Completed,Low
C002529,Kiran Nair,1978-07-01 00:00:00,Male,Mysuru,Karnataka,Self-Employed,3-6L,Mass,2022-02-20 00:00:00,Completed,Low
C002530,Ananya Gupta,1962-08-07 00:00:00,Male,Bhubaneswar,Odisha,Salaried,6-10L,Mass,2024-08-25 00:00:00,Completed,Low
C002531,Pooja Das,1977-02-09 00:00:00,Male,Chennai,Tamil Nadu,Business,<3L,Mass Affluent,2024-08-06 00:00:00,Expired,Medium
C002532,Sai Das,1993-09-20 00:00:00,Female,Mysuru,Karnataka,Student,3-6L,Mass,2023-08-12 00:00:00,Completed,Low
C002533,Ananya Das,1990-07-01 00:00:00,Male,Gurugram,Haryana,Salaried,10-20L,Mass,2024-12-30 00:00:00,Completed,High
C002534,Nikhil Singh,1971-10-04 00:00:00,Male,Jaipur,Rajasthan,Salaried,6-10L,Affluent,2023-11-03 00:00:00,Completed,Low
C002535,Ananya Joshi,1993-02-26 00:00:00,Female,Pune,Maharashtra,Salaried,3-6L,Mass Affluent,2023-12-23 00:00:00,Completed,Medium
C002536,Rohan Nair,1977-01-23 00:00:00,Female,Bhubaneswar,Odisha,Self-Employed,3-6L,Mass Affluent,2023-12-10 00:00:00,Completed,Low
C002537,Aditya Gupta,1980-02-28 00:00:00,Male,Gurugram,Haryana,Salaried,<3L,Mass Affluent,2025-08-07 00:00:00,Completed,Low
C002538,Neha Iyer,1963-10-18 00:00:00,Male,Mumbai,Maharashtra,Self-Employed,3-6L,Mass,2024-11-05 00:00:00,Completed,Low
C002539,Sai Patil,2003-09-05 00:00:00,Male,Delhi,Delhi,Self-Employed,3-6L,Mass Affluent,2023-09-15 00:00:00,Completed,Low
C002540,Aarav Gupta,1996-09-26 00:00:00,Female,Hyderabad,Telangana,Retired,<3L,Mass,2026-03-02 00:00:00,Completed,Low
C002541,Nikhil Mehta,1968-07-15 00:00:00,Male,Kolkata,West Bengal,Salaried,<3L,Mass,2025-08-09 00:00:00,Completed,Medium
C002542,Pooja Reddy,1984-07-24 00:00:00,Male,Bhubaneswar,Odisha,Salaried,10-20L,Mass Affluent,2026-03-12 00:00:00,Completed,Low
C002543,Arjun Reddy,1994-03-08 00:00:00,Male,Mumbai,Maharashtra,Salaried,10-20L,Affluent,2025-04-14 00:00:00,Completed,Low
C002544,Kiran Das,1982-02-08 00:00:00,Female,Bhubaneswar,Odisha,Self-Employed,<3L,Mass,2023-10-05 00:00:00,Completed,Low
C002545,Vivaan Mehta,1969-03-26 00:00:00,Male,Hyderabad,Telangana,Salaried,6-10L,HNI,2025-06-23 00:00:00,Completed,Low
C002546,Nikhil Patil,2002-06-05 00:00:00,Female,Mysuru,Karnataka,Salaried,<3L,Mass Affluent,2023-06-25 00:00:00,Completed,Low
C002547,Aditya Nair,1971-10-10 00:00:00,Male,Bhubaneswar,Odisha,Salaried,10-20L,Mass,2023-03-21 00:00:00,Completed,Low
C002548,Sai Das,1974-08-27 00:00:00,Male,Delhi,Delhi,Business,10-20L,Mass,2024-01-11 00:00:00,Completed,Medium
C002549,Priya Sharma,1976-04-11 00:00:00,Female,Chennai,Tamil Nadu,Retired,6-10L,Mass,2026-05-11 00:00:00,Completed,Low
C002550,Pooja Mehta,1999-01-08 00:00:00,Female,Kolkata,West Bengal,Salaried,6-10L,Mass Affluent,2024-07-21 00:00:00,Completed,High
C002551,Pooja Kulkarni,1981-11-26 00:00:00,Female,Bengaluru,Karnataka,Salaried,3-6L,Mass,2023-09-23 00:00:00,Completed,Low
C002552,Vivaan Joshi,1991-07-12 00:00:00,Female,Mumbai,Maharashtra,Salaried,3-6L,Mass,2024-01-29 00:00:00,Completed,Low
C002553,Nikhil Iyer,1999-06-24 00:00:00,Male,Kolkata,West Bengal,Salaried,6-10L,Mass,2023-04-24 00:00:00,Completed,Low
C002554,Ishita Nair,2000-09-03 00:00:00,Female,Pune,Maharashtra,Retired,<3L,Affluent,2024-12-17 00:00:00,Completed,Low
C002555,Neha Kulkarni,1997-07-07 00:00:00,Male,Bengaluru,Karnataka,Salaried,6-10L,Mass,2023-07-30 00:00:00,Completed,Low
C002556,Arjun Iyer,1999-10-07 00:00:00,Male,Bengaluru,Karnataka,Business,6-10L,Mass,2024-06-29 00:00:00,Completed,Low
C002557,Sai Singh,2001-07-15 00:00:00,Female,Ahmedabad,Gujarat,Retired,3-6L,Mass,2023-08-31 00:00:00,Completed,Low
C002558,Kiran Gupta,2003-05-31 00:00:00,Female,Mysuru,Karnataka,Self-Employed,6-10L,Mass,2023-06-11 00:00:00,Completed,Medium
C002559,Aditya Singh,1988-03-03 00:00:00,Female,Mysuru,Karnataka,Salaried,10-20L,Mass,2026-05-13 00:00:00,Completed,High
C002560,Priya Iyer,1965-10-07 00:00:00,Female,Hyderabad,Telangana,Self-Employed,6-10L,Mass Affluent,2023-07-22 00:00:00,Completed,Low
C002561,Meera Gupta,1964-12-18 00:00:00,Male,Mysuru,Karnataka,Salaried,6-10L,Mass Affluent,2022-04-26 00:00:00,Completed,Medium
C002562,Aarav Joshi,1994-11-14 00:00:00,Female,Chennai,Tamil Nadu,Salaried,10-20L,Mass,2023-09-14 00:00:00,Completed,Low
C002563,Aarav Das,1973-11-06 00:00:00,Male,Hyderabad,Telangana,Retired,<3L,Mass Affluent,2024-05-23 00:00:00,Completed,Low
C002564,Nikhil Patil,1995-03-29 00:00:00,Male,Chennai,Tamil Nadu,Salaried,6-10L,Mass,2022-06-05 00:00:00,Completed,Low
C002565,Nikhil Sharma,2000-12-11 00:00:00,Female,Gurugram,Haryana,Salaried,3-6L,Mass Affluent,2023-05-17 00:00:00,Completed,Low
C002566,Neha Rao,1988-03-23 00:00:00,Female,Ahmedabad,Gujarat,Salaried,3-6L,Mass,2022-09-30 00:00:00,Expired,Medium
C002567,Diya Joshi,1993-06-24 00:00:00,Male,Chennai,Tamil Nadu,Salaried,>20L,Affluent,2024-04-02 00:00:00,Completed,Low
C002568,Rohan Iyer,1972-03-19 00:00:00,Male,Delhi,Delhi,Self-Employed,3-6L,Affluent,2025-04-02 00:00:00,Completed,High
C002569,Rahul Patil,1979-01-13 00:00:00,Male,Bengaluru,Karnataka,Business,3-6L,Mass Affluent,2026-05-10 00:00:00,Completed,Medium
C002570,Sai Iyer,2002-04-12 00:00:00,Male,Pune,Maharashtra,Self-Employed,3-6L,Mass,2023-10-01 00:00:00,Expired,Low
C002571,Meera Singh,1995-10-13 00:00:00,Male,Mysuru,Karnataka,Salaried,>20L,Mass,2025-11-18 00:00:00,Completed,Low
C002572,Priya Iyer,1968-12-14 00:00:00,Male,Bengaluru,Karnataka,Salaried,10-20L,Mass Affluent,2022-12-19 00:00:00,Completed,Low
C002573,Rahul Das,2001-01-06 00:00:00,Female,Pune,Maharashtra,Salaried,<3L,Mass,2025-07-05 00:00:00,Completed,Low
C002574,Meera Rao,1981-11-19 00:00:00,Male,Mumbai,Maharashtra,Self-Employed,6-10L,Mass,2024-07-12 00:00:00,Completed,Low
C002575,Neha Gupta,1996-12-18 00:00:00,Female,Bengaluru,Karnataka,Business,<3L,Mass,2025-05-29 00:00:00,Completed,Low
C002576,Pooja Mehta,1982-11-04 00:00:00,Male,Pune,Maharashtra,Self-Employed,6-10L,Mass,2025-05-25 00:00:00,Completed,Low
C002577,Priya Nair,1986-06-15 00:00:00,Female,Hyderabad,Telangana,Student,6-10L,Mass,2024-05-24 00:00:00,Completed,Low
C002578,Ananya Kulkarni,1967-02-02 00:00:00,Male,Mumbai,Maharashtra,Business,<3L,Mass,2023-02-27 00:00:00,Completed,Low
C002579,Priya Mehta,1974-11-01 00:00:00,Male,Pune,Maharashtra,Salaried,6-10L,Mass Affluent,2024-05-13 00:00:00,Expired,Medium
C002580,Kiran Singh,1991-08-26 00:00:00,Female,Bengaluru,Karnataka,Self-Employed,10-20L,Mass,2025-09-19 00:00:00,Pending,High
C002581,Kavya Das,1996-11-25 00:00:00,Male,Bengaluru,Karnataka,Business,3-6L,Mass,2026-05-13 00:00:00,Completed,Medium
C002582,Rahul Joshi,1963-11-22 00:00:00,Female,Mysuru,Karnataka,Retired,<3L,Mass,2026-03-03 00:00:00,Completed,Low
C002583,Neha Joshi,1963-05-14 00:00:00,Female,Gurugram,Haryana,Salaried,>20L,Affluent,2022-10-25 00:00:00,Completed,Low
C002584,Sai Rao,1990-05-12 00:00:00,Male,Chennai,Tamil Nadu,Self-Employed,<3L,Mass Affluent,2024-09-07 00:00:00,Completed,Low
C002585,Arjun Joshi,1979-08-02 00:00:00,Male,Ahmedabad,Gujarat,Salaried,6-10L,Mass Affluent,2022-06-21 00:00:00,Pending,High
C002586,Ishita Nair,1997-03-04 00:00:00,Female,Chennai,Tamil Nadu,Business,6-10L,Mass Affluent,2025-01-03 00:00:00,Completed,Low
C002587,Ananya Patil,1962-12-27 00:00:00,Male,Chennai,Tamil Nadu,Retired,3-6L,Mass Affluent,2026-06-18 00:00:00,Completed,Low
C002588,Diya Mehta,1975-04-22 00:00:00,Female,Bhubaneswar,Odisha,Retired,3-6L,Mass,2022-03-28 00:00:00,Completed,Medium
C002589,Neha Kulkarni,1961-07-21 00:00:00,Female,Pune,Maharashtra,Salaried,<3L,Mass Affluent,2024-12-14 00:00:00,Completed,Low
C002590,Priya Das,1991-01-28 00:00:00,Female,Ahmedabad,Gujarat,Salaried,<3L,Mass,2026-04-02 00:00:00,Completed,High
C002591,Vivaan Reddy,1997-07-30 00:00:00,Female,Bhubaneswar,Odisha,Business,6-10L,Mass Affluent,2025-10-23 00:00:00,Completed,Low
C002592,Neha Rao,1966-11-13 00:00:00,Female,Hyderabad,Telangana,Self-Employed,10-20L,Mass,2023-10-07 00:00:00,Completed,Low
C002593,Aarav Patil,1974-03-11 00:00:00,Male,Jaipur,Rajasthan,Student,<3L,Affluent,2022-06-20 00:00:00,Completed,High
C002594,Sai Nair,1997-01-21 00:00:00,Female,Mysuru,Karnataka,Salaried,6-10L,Mass,2026-02-26 00:00:00,Completed,Low
C002595,Pooja Patil,1961-10-24 00:00:00,Male,Jaipur,Rajasthan,Student,3-6L,Mass,2026-02-21 00:00:00,Completed,Low
C002596,Aditya Singh,2001-09-14 00:00:00,Female,Hyderabad,Telangana,Business,<3L,Mass Affluent,2024-08-08 00:00:00,Completed,Low
C002597,Ishita Kulkarni,1998-11-08 00:00:00,Male,Mumbai,Maharashtra,Salaried,6-10L,Mass,2026-05-27 00:00:00,Completed,Low
C002598,Aditya Das,1966-09-09 00:00:00,Female,Bengaluru,Karnataka,Salaried,3-6L,Mass,2022-01-08 00:00:00,Completed,Low
C002599,Vivaan Joshi,1966-01-31 00:00:00,Female,Kolkata,West Bengal,Business,6-10L,Affluent,2024-10-09 00:00:00,Completed,Low
C002600,Neha Iyer,1990-04-22 00:00:00,Female,Gurugram,Haryana,Salaried,3-6L,Mass Affluent,2022-03-05 00:00:00,Completed,Low
C002601,Nikhil Singh,1960-06-10 00:00:00,Male,Pune,Maharashtra,Business,6-10L,Mass Affluent,2026-03-17 00:00:00,Completed,Low
C002602,Vivaan Reddy,1982-02-27 00:00:00,Male,Delhi,Delhi,Self-Employed,10-20L,Mass,2025-01-22 00:00:00,Completed,Low
C002603,Kiran Nair,1962-11-20 00:00:00,Female,Bhubaneswar,Odisha,Salaried,3-6L,Mass,2026-02-08 00:00:00,Completed,Low
C002604,Aarav Gupta,1983-04-13 00:00:00,Female,Gurugram,Haryana,Salaried,>20L,Mass,2024-07-12 00:00:00,Completed,Medium
C002605,Nikhil Singh,1975-05-05 00:00:00,Female,Bengaluru,Karnataka,Retired,3-6L,Mass Affluent,2022-05-17 00:00:00,Completed,Low
C002606,Diya Sharma,1990-12-12 00:00:00,Female,Pune,Maharashtra,Business,<3L,Mass Affluent,2022-02-13 00:00:00,Completed,Low
C002607,Nikhil Mehta,1998-07-31 00:00:00,Male,Mysuru,Karnataka,Business,3-6L,Mass,2023-07-06 00:00:00,Completed,Low
C002608,Ishita Das,1981-05-29 00:00:00,Female,Kolkata,West Bengal,Business,10-20L,Mass,2025-05-05 00:00:00,Completed,Low
C002609,Ananya Rao,1988-02-11 00:00:00,Female,Ahmedabad,Gujarat,Self-Employed,6-10L,Mass,2022-09-05 00:00:00,Completed,Low
C002610,Vivaan Kulkarni,1986-04-19 00:00:00,Female,Jaipur,Rajasthan,Retired,>20L,Mass,2025-10-31 00:00:00,Completed,High
C002611,Ishita Rao,2003-02-22 00:00:00,Male,Chennai,Tamil Nadu,Self-Employed,6-10L,Mass,2023-01-29 00:00:00,Completed,Low
C002612,Aarav Reddy,1970-02-11 00:00:00,Male,Ahmedabad,Gujarat,Self-Employed,3-6L,Mass,2024-03-26 00:00:00,Completed,Medium
C002613,Aditya Singh,1970-06-19 00:00:00,Male,Gurugram,Haryana,Salaried,10-20L,Mass,2022-11-30 00:00:00,Completed,Low
C002614,Neha Kulkarni,1976-07-31 00:00:00,Male,Chennai,Tamil Nadu,Salaried,>20L,Mass,2024-02-04 00:00:00,Completed,Medium
C002615,Neha Iyer,1992-04-09 00:00:00,Female,Mysuru,Karnataka,Business,10-20L,Mass,2024-01-13 00:00:00,Completed,Medium
C002616,Diya Mehta,1997-11-25 00:00:00,Female,Hyderabad,Telangana,Salaried,6-10L,Mass,2022-01-09 00:00:00,Completed,Medium
C002617,Aarav Joshi,1972-03-07 00:00:00,Female,Hyderabad,Telangana,Business,10-20L,Mass Affluent,2024-07-21 00:00:00,Completed,Low
C002618,Aditya Patil,1964-10-24 00:00:00,Female,Bengaluru,Karnataka,Retired,3-6L,Mass,2025-07-15 00:00:00,Completed,Low
C002619,Priya Singh,1986-08-30 00:00:00,Female,Hyderabad,Telangana,Salaried,10-20L,Mass,2026-03-18 00:00:00,Expired,Low
C002620,Priya Das,1986-03-06 00:00:00,Female,Kolkata,West Bengal,Salaried,>20L,Mass,2023-06-28 00:00:00,Completed,Low
C002621,Rahul Kulkarni,1976-06-01 00:00:00,Female,Delhi,Delhi,Business,6-10L,Mass,2025-12-16 00:00:00,Pending,Low
C002622,Meera Gupta,1968-01-27 00:00:00,Female,Hyderabad,Telangana,Salaried,3-6L,Mass,2025-12-13 00:00:00,Completed,Medium
C002623,Diya Nair,1997-03-24 00:00:00,Male,Pune,Maharashtra,Business,<3L,Mass,2026-06-11 00:00:00,Completed,Low
C002624,Neha Das,1997-01-30 00:00:00,Female,Pune,Maharashtra,Self-Employed,>20L,Mass,2023-09-05 00:00:00,Completed,Low
C002625,Aarav Singh,1992-09-29 00:00:00,Female,Mysuru,Karnataka,Self-Employed,10-20L,Mass Affluent,2025-10-29 00:00:00,Expired,Medium
C002626,Ananya Iyer,1985-05-13 00:00:00,Female,Pune,Maharashtra,Self-Employed,10-20L,Affluent,2024-07-16 00:00:00,Completed,Low
C002627,Nikhil Patil,1971-06-14 00:00:00,Female,Ahmedabad,Gujarat,Self-Employed,>20L,Mass,2022-04-06 00:00:00,Completed,Medium
C002628,Priya Patil,1977-08-27 00:00:00,Male,Bhubaneswar,Odisha,Salaried,6-10L,Mass,2023-03-20 00:00:00,Completed,Medium
C002629,Nikhil Singh,1962-12-30 00:00:00,Female,Chennai,Tamil Nadu,Salaried,10-20L,Affluent,2025-01-08 00:00:00,Completed,Low
C002630,Rohan Patil,1970-12-11 00:00:00,Female,Chennai,Tamil Nadu,Salaried,3-6L,Mass,2022-09-21 00:00:00,Completed,Low
C002631,Nikhil Singh,1979-09-25 00:00:00,Male,Chennai,Tamil Nadu,Student,3-6L,HNI,2023-12-15 00:00:00,Completed,High
C002632,Priya Das,1979-02-19 00:00:00,Male,Gurugram,Haryana,Salaried,6-10L,Mass Affluent,2025-06-26 00:00:00,Completed,Low
C002633,Meera Joshi,1963-07-10 00:00:00,Female,Gurugram,Haryana,Salaried,3-6L,Mass,2022-09-03 00:00:00,Completed,High
C002634,Sneha Iyer,2001-12-12 00:00:00,Female,Chennai,Tamil Nadu,Salaried,3-6L,Mass,2024-03-26 00:00:00,Pending,Low
C002635,Kiran Gupta,1971-10-01 00:00:00,Female,Ahmedabad,Gujarat,Salaried,10-20L,Mass,2022-12-19 00:00:00,Completed,Low
C002636,Rohan Nair,1982-04-22 00:00:00,Male,Delhi,Delhi,Salaried,<3L,Mass Affluent,2024-05-30 00:00:00,Completed,Low
C002637,Sneha Das,1980-05-19 00:00:00,Female,Hyderabad,Telangana,Business,6-10L,Mass,2023-01-31 00:00:00,Completed,Low
C002638,Aarav Nair,1980-07-25 00:00:00,Female,Gurugram,Haryana,Salaried,<3L,Mass Affluent,2026-05-05 00:00:00,Completed,Low
C002639,Arjun Singh,1997-01-06 00:00:00,Female,Pune,Maharashtra,Business,10-20L,Mass,2022-05-06 00:00:00,Completed,Low
C002640,Aditya Iyer,1992-09-09 00:00:00,Male,Pune,Maharashtra,Salaried,3-6L,Mass Affluent,2026-05-02 00:00:00,Completed,Low
C002641,Ishita Rao,1998-01-03 00:00:00,Male,Bengaluru,Karnataka,Salaried,10-20L,Mass Affluent,2025-07-24 00:00:00,Completed,Low
C002642,Ishita Kulkarni,1976-08-08 00:00:00,Male,Gurugram,Haryana,Salaried,6-10L,Mass,2025-11-05 00:00:00,Completed,Medium
C002643,Pooja Kulkarni,1971-08-13 00:00:00,Female,Kolkata,West Bengal,Business,3-6L,Mass,2025-10-30 00:00:00,Completed,Low
C002644,Nikhil Mehta,1978-09-21 00:00:00,Female,Kolkata,West Bengal,Retired,3-6L,Mass,2022-11-05 00:00:00,Completed,Medium
C002645,Aarav Joshi,1984-08-05 00:00:00,Male,Bhubaneswar,Odisha,Salaried,<3L,Mass Affluent,2026-03-09 00:00:00,Completed,Low
C002646,Meera Gupta,1974-10-05 00:00:00,Female,Bengaluru,Karnataka,Retired,3-6L,Mass Affluent,2024-09-02 00:00:00,Completed,Low
C002647,Kavya Patil,1980-02-25 00:00:00,Female,Ahmedabad,Gujarat,Salaried,3-6L,Mass,2026-04-29 00:00:00,Completed,Low
C002648,Neha Rao,1966-08-11 00:00:00,Male,Ahmedabad,Gujarat,Self-Employed,<3L,Mass Affluent,2025-12-12 00:00:00,Expired,High
C002649,Rohan Patil,1985-07-29 00:00:00,Female,Gurugram,Haryana,Business,10-20L,Mass,2024-08-09 00:00:00,Completed,Low
C002650,Priya Reddy,1991-04-08 00:00:00,Female,Pune,Maharashtra,Salaried,3-6L,Mass,2023-09-07 00:00:00,Completed,Medium
C002651,Kiran Kulkarni,1983-02-03 00:00:00,Male,Delhi,Delhi,Salaried,3-6L,Affluent,2022-07-12 00:00:00,Pending,Medium
C002652,Rahul Gupta,1998-03-30 00:00:00,Male,Kolkata,West Bengal,Salaried,3-6L,Mass,2022-06-16 00:00:00,Completed,Medium
C002653,Meera Reddy,2003-08-13 00:00:00,Male,Jaipur,Rajasthan,Business,6-10L,Mass Affluent,2023-10-02 00:00:00,Pending,Low
C002654,Diya Nair,1999-09-02 00:00:00,Male,Chennai,Tamil Nadu,Salaried,6-10L,Mass,2025-08-24 00:00:00,Completed,Low
C002655,Diya Gupta,1964-01-27 00:00:00,Male,Hyderabad,Telangana,Student,6-10L,Mass Affluent,2024-04-09 00:00:00,Completed,Low
C002656,Ishita Singh,1998-08-01 00:00:00,Male,Chennai,Tamil Nadu,Salaried,6-10L,Mass,2024-03-02 00:00:00,Completed,Low
C002657,Diya Gupta,1974-08-14 00:00:00,Female,Bengaluru,Karnataka,Retired,6-10L,Mass,2023-02-06 00:00:00,Completed,Low
C002658,Diya Gupta,1979-10-16 00:00:00,Female,Chennai,Tamil Nadu,Salaried,3-6L,Mass,2024-07-15 00:00:00,Completed,Low
C002659,Rahul Reddy,1978-01-17 00:00:00,Male,Bengaluru,Karnataka,Self-Employed,3-6L,Mass Affluent,2024-11-13 00:00:00,Completed,Low
C002660,Arjun Patil,1972-06-11 00:00:00,Female,Bhubaneswar,Odisha,Salaried,6-10L,Mass,2026-06-01 00:00:00,Completed,Low
C002661,Aditya Rao,1998-06-05 00:00:00,Male,Jaipur,Rajasthan,Salaried,3-6L,Mass,2025-04-12 00:00:00,Completed,Low
C002662,Kiran Das,1987-12-11 00:00:00,Female,Hyderabad,Telangana,Salaried,10-20L,Mass,2024-09-24 00:00:00,Completed,Low
C002663,Aarav Mehta,2002-05-11 00:00:00,Female,Delhi,Delhi,Self-Employed,6-10L,Mass,2026-02-03 00:00:00,Pending,Low
C002664,Vivaan Nair,2001-10-27 00:00:00,Female,Kolkata,West Bengal,Salaried,6-10L,Mass Affluent,2023-11-29 00:00:00,Completed,Low
C002665,Rahul Das,1978-05-22 00:00:00,Male,Chennai,Tamil Nadu,Self-Employed,6-10L,Mass Affluent,2026-03-16 00:00:00,Completed,Low
C002666,Rohan Nair,1991-11-06 00:00:00,Female,Kolkata,West Bengal,Retired,10-20L,Mass Affluent,2023-08-31 00:00:00,Completed,Low
C002667,Meera Nair,1982-01-02 00:00:00,Female,Hyderabad,Telangana,Salaried,3-6L,Mass,2022-07-29 00:00:00,Completed,High
C002668,Ananya Mehta,1981-09-04 00:00:00,Female,Mumbai,Maharashtra,Salaried,3-6L,Mass,2023-11-17 00:00:00,Completed,Low
C002669,Meera Iyer,1992-05-26 00:00:00,Male,Bengaluru,Karnataka,Salaried,10-20L,Mass,2022-07-31 00:00:00,Completed,Medium
C002670,Ishita Das,1990-03-04 00:00:00,Female,Pune,Maharashtra,Salaried,6-10L,Mass,2022-07-14 00:00:00,Completed,Low
C002671,Sai Sharma,1999-12-09 00:00:00,Male,Hyderabad,Telangana,Salaried,3-6L,Affluent,2025-12-17 00:00:00,Completed,Low
C002672,Nikhil Iyer,1993-11-03 00:00:00,Male,Gurugram,Haryana,Business,3-6L,Mass,2025-07-28 00:00:00,Completed,Low
C002673,Kiran Mehta,1987-04-03 00:00:00,Male,Hyderabad,Telangana,Salaried,3-6L,Affluent,2022-12-30 00:00:00,Completed,Medium
C002674,Vivaan Mehta,2000-04-08 00:00:00,Male,Pune,Maharashtra,Salaried,10-20L,Mass,2025-10-07 00:00:00,Completed,Medium
C002675,Rahul Iyer,1964-06-26 00:00:00,Male,Bhubaneswar,Odisha,Self-Employed,3-6L,Mass Affluent,2022-04-24 00:00:00,Completed,Medium
C002676,Ananya Nair,1993-06-07 00:00:00,Male,Delhi,Delhi,Salaried,<3L,Mass Affluent,2023-04-12 00:00:00,Completed,Low
C002677,Arjun Joshi,1977-03-08 00:00:00,Female,Jaipur,Rajasthan,Self-Employed,<3L,Mass Affluent,2025-03-05 00:00:00,Completed,Medium
C002678,Nikhil Nair,1978-12-23 00:00:00,Female,Delhi,Delhi,Retired,>20L,Mass Affluent,2023-05-14 00:00:00,Completed,Low
C002679,Rohan Joshi,1994-03-29 00:00:00,Male,Gurugram,Haryana,Salaried,6-10L,Mass,2025-04-14 00:00:00,Expired,Low
C002680,Aarav Sharma,1971-12-26 00:00:00,Female,Chennai,Tamil Nadu,Self-Employed,6-10L,Mass Affluent,2025-12-06 00:00:00,Completed,Medium
C002681,Diya Iyer,1998-09-16 00:00:00,Female,Pune,Maharashtra,Business,10-20L,Mass,2022-04-19 00:00:00,Pending,Low
C002682,Arjun Kulkarni,1981-11-24 00:00:00,Male,Mumbai,Maharashtra,Business,3-6L,Mass,2022-02-09 00:00:00,Completed,Medium
C002683,Rahul Das,1975-04-16 00:00:00,Male,Delhi,Delhi,Business,10-20L,Mass,2026-03-24 00:00:00,Completed,Medium
C002684,Meera Reddy,1974-05-17 00:00:00,Female,Ahmedabad,Gujarat,Business,6-10L,Mass,2024-05-04 00:00:00,Completed,Medium
C002685,Priya Singh,1978-06-09 00:00:00,Male,Mysuru,Karnataka,Self-Employed,6-10L,Affluent,2024-04-11 00:00:00,Completed,Low
C002686,Ishita Singh,2001-04-19 00:00:00,Female,Gurugram,Haryana,Self-Employed,10-20L,Mass,2024-02-01 00:00:00,Completed,Low
C002687,Kiran Das,1964-06-30 00:00:00,Female,Kolkata,West Bengal,Business,>20L,Mass,2023-12-13 00:00:00,Completed,Low
C002688,Rohan Kulkarni,1982-04-02 00:00:00,Male,Kolkata,West Bengal,Business,3-6L,Mass,2025-02-07 00:00:00,Completed,Low
C002689,Ananya Nair,1996-07-30 00:00:00,Male,Gurugram,Haryana,Business,<3L,Mass Affluent,2024-08-09 00:00:00,Completed,Medium
C002690,Pooja Gupta,1980-09-04 00:00:00,Male,Bengaluru,Karnataka,Salaried,10-20L,Mass Affluent,2022-09-26 00:00:00,Completed,Low
C002691,Pooja Joshi,1984-10-17 00:00:00,Female,Bengaluru,Karnataka,Business,3-6L,Affluent,2024-10-25 00:00:00,Completed,Medium
C002692,Rahul Kulkarni,1975-04-03 00:00:00,Male,Gurugram,Haryana,Salaried,6-10L,Mass Affluent,2025-01-02 00:00:00,Completed,Low
C002693,Neha Singh,1965-12-19 00:00:00,Female,Ahmedabad,Gujarat,Salaried,3-6L,Mass,2022-07-06 00:00:00,Completed,Low
C002694,Sneha Reddy,1988-01-04 00:00:00,Male,Bengaluru,Karnataka,Salaried,10-20L,Mass,2023-09-11 00:00:00,Completed,Medium
C002695,Sai Das,2000-04-19 00:00:00,Female,Jaipur,Rajasthan,Salaried,6-10L,Mass,2025-07-22 00:00:00,Completed,Low
C002696,Ishita Patil,1982-10-12 00:00:00,Female,Kolkata,West Bengal,Business,>20L,Mass Affluent,2024-10-12 00:00:00,Expired,Low
C002697,Meera Gupta,1978-12-04 00:00:00,Male,Bengaluru,Karnataka,Salaried,6-10L,HNI,2022-08-12 00:00:00,Completed,Medium
C002698,Priya Iyer,1965-08-26 00:00:00,Female,Delhi,Delhi,Self-Employed,>20L,Mass,2022-03-07 00:00:00,Completed,Low
C002699,Neha Gupta,2001-05-20 00:00:00,Male,Mumbai,Maharashtra,Self-Employed,6-10L,Mass,2024-08-12 00:00:00,Completed,Low
C002700,Sai Joshi,1998-01-28 00:00:00,Male,Bhubaneswar,Odisha,Salaried,6-10L,Mass Affluent,2024-01-29 00:00:00,Completed,Medium
C002701,Sai Nair,1999-07-06 00:00:00,Female,Hyderabad,Telangana,Salaried,6-10L,Mass Affluent,2026-04-28 00:00:00,Completed,Low
C002702,Aarav Reddy,1975-09-23 00:00:00,Male,Pune,Maharashtra,Self-Employed,6-10L,Mass Affluent,2024-05-07 00:00:00,Pending,Medium
C002703,Pooja Nair,1987-05-23 00:00:00,Male,Pune,Maharashtra,Business,6-10L,Mass,2026-03-10 00:00:00,Completed,Medium
C002704,Sai Rao,1978-12-13 00:00:00,Male,Hyderabad,Telangana,Salaried,3-6L,Mass,2022-12-18 00:00:00,Completed,Low
C002705,Nikhil Mehta,1970-04-12 00:00:00,Female,Bengaluru,Karnataka,Salaried,3-6L,Mass,2024-01-05 00:00:00,Completed,High
C002706,Rohan Nair,1969-01-03 00:00:00,Male,Pune,Maharashtra,Salaried,6-10L,Mass,2022-08-18 00:00:00,Completed,Low
C002707,Kavya Singh,1976-10-24 00:00:00,Male,Mysuru,Karnataka,Salaried,<3L,Mass Affluent,2024-07-31 00:00:00,Completed,Low
C002708,Priya Das,1984-03-29 00:00:00,Male,Chennai,Tamil Nadu,Salaried,6-10L,Mass,2022-11-06 00:00:00,Completed,Low
C002709,Vivaan Iyer,1965-05-06 00:00:00,Male,Kolkata,West Bengal,Retired,3-6L,Mass,2024-03-19 00:00:00,Completed,Low
C002710,Arjun Joshi,1990-10-02 00:00:00,Female,Gurugram,Haryana,Salaried,3-6L,Affluent,2023-07-20 00:00:00,Completed,Low
C002711,Ananya Sharma,1980-01-20 00:00:00,Female,Mysuru,Karnataka,Salaried,6-10L,Mass,2022-11-01 00:00:00,Completed,Low
C002712,Diya Singh,1998-08-07 00:00:00,Female,Delhi,Delhi,Student,3-6L,Mass,2022-06-08 00:00:00,Pending,Low
C002713,Kiran Rao,1972-03-18 00:00:00,Male,Jaipur,Rajasthan,Business,>20L,Affluent,2024-04-20 00:00:00,Completed,Low
C002714,Arjun Nair,1962-04-05 00:00:00,Female,Mumbai,Maharashtra,Salaried,>20L,Mass,2026-04-05 00:00:00,Completed,Low
C002715,Rohan Singh,1973-09-01 00:00:00,Male,Mysuru,Karnataka,Self-Employed,6-10L,Mass Affluent,2022-11-23 00:00:00,Completed,Medium
C002716,Rahul Kulkarni,2002-08-21 00:00:00,Male,Mysuru,Karnataka,Retired,3-6L,Mass,2023-10-28 00:00:00,Completed,Medium
C002717,Priya Mehta,1974-02-07 00:00:00,Male,Ahmedabad,Gujarat,Salaried,<3L,Affluent,2023-01-04 00:00:00,Completed,Low
C002718,Meera Kulkarni,1990-10-31 00:00:00,Female,Mysuru,Karnataka,Salaried,10-20L,Mass,2025-08-21 00:00:00,Completed,Low
C002719,Aarav Iyer,1996-12-09 00:00:00,Male,Hyderabad,Telangana,Student,3-6L,Mass,2023-11-13 00:00:00,Completed,Low
C002720,Arjun Kulkarni,1972-06-14 00:00:00,Male,Bhubaneswar,Odisha,Business,>20L,Affluent,2026-05-19 00:00:00,Completed,Low
C002721,Diya Das,1988-02-24 00:00:00,Female,Chennai,Tamil Nadu,Retired,>20L,Mass Affluent,2023-02-07 00:00:00,Completed,Low
C002722,Priya Reddy,1968-12-15 00:00:00,Male,Delhi,Delhi,Salaried,<3L,Mass,2022-05-13 00:00:00,Completed,Medium
C002723,Kavya Kulkarni,1975-11-13 00:00:00,Female,Mumbai,Maharashtra,Retired,6-10L,Mass,2024-08-14 00:00:00,Completed,Low
C002724,Rohan Rao,1972-12-20 00:00:00,Female,Bengaluru,Karnataka,Salaried,6-10L,Mass,2024-12-06 00:00:00,Pending,Medium
C002725,Nikhil Nair,1989-06-15 00:00:00,Male,Mysuru,Karnataka,Business,6-10L,Mass,2026-06-15 00:00:00,Completed,Medium
C002726,Sneha Patil,1998-05-12 00:00:00,Female,Bhubaneswar,Odisha,Student,3-6L,Mass,2025-12-01 00:00:00,Completed,Low
C002727,Neha Das,1971-01-21 00:00:00,Female,Mysuru,Karnataka,Salaried,6-10L,Mass,2025-12-22 00:00:00,Completed,Medium
C002728,Kavya Nair,1972-10-06 00:00:00,Male,Bengaluru,Karnataka,Salaried,3-6L,Affluent,2024-11-07 00:00:00,Completed,Low
C002729,Sai Reddy,1995-12-18 00:00:00,Male,Ahmedabad,Gujarat,Self-Employed,10-20L,Mass Affluent,2023-08-14 00:00:00,Completed,Medium
C002730,Rohan Iyer,1980-04-10 00:00:00,Male,Gurugram,Haryana,Student,6-10L,Affluent,2023-12-06 00:00:00,Completed,Low
C002731,Neha Patil,1982-06-23 00:00:00,Male,Delhi,Delhi,Salaried,6-10L,Mass,2022-08-08 00:00:00,Completed,Low
C002732,Aditya Reddy,1990-11-30 00:00:00,Female,Kolkata,West Bengal,Student,10-20L,Mass,2023-12-09 00:00:00,Completed,Low
C002733,Rohan Gupta,1966-01-10 00:00:00,Male,Hyderabad,Telangana,Salaried,10-20L,Mass Affluent,2023-08-22 00:00:00,Completed,Low
C002734,Rohan Kulkarni,1998-03-13 00:00:00,Female,Jaipur,Rajasthan,Salaried,6-10L,Mass,2022-02-28 00:00:00,Completed,Medium
C002735,Kavya Joshi,1975-12-31 00:00:00,Female,Gurugram,Haryana,Salaried,3-6L,Mass,2022-12-02 00:00:00,Pending,Medium
C002736,Meera Das,1988-11-06 00:00:00,Female,Kolkata,West Bengal,Retired,6-10L,Affluent,2024-05-27 00:00:00,Completed,Low
C002737,Neha Singh,1978-12-06 00:00:00,Male,Jaipur,Rajasthan,Salaried,3-6L,Mass Affluent,2023-08-30 00:00:00,Completed,Medium
C002738,Sneha Kulkarni,1992-12-27 00:00:00,Male,Gurugram,Haryana,Self-Employed,>20L,Mass,2026-06-20 00:00:00,Completed,Low
C002739,Nikhil Nair,1986-10-16 00:00:00,Male,Pune,Maharashtra,Salaried,3-6L,Mass,2024-02-25 00:00:00,Completed,Low
C002740,Pooja Reddy,1967-08-05 00:00:00,Male,Bhubaneswar,Odisha,Retired,3-6L,Mass,2026-04-24 00:00:00,Completed,Low
C002741,Ananya Sharma,1968-03-24 00:00:00,Female,Mumbai,Maharashtra,Business,10-20L,Mass Affluent,2024-12-20 00:00:00,Completed,Medium
C002742,Sai Joshi,1998-06-08 00:00:00,Male,Bengaluru,Karnataka,Salaried,3-6L,Mass,2022-03-08 00:00:00,Completed,Low
C002743,Ishita Rao,1982-10-05 00:00:00,Female,Hyderabad,Telangana,Salaried,10-20L,Affluent,2022-12-01 00:00:00,Pending,Low
C002744,Meera Joshi,1972-01-29 00:00:00,Male,Bhubaneswar,Odisha,Salaried,3-6L,Mass,2025-03-04 00:00:00,Completed,Low
C002745,Aditya Gupta,1966-04-11 00:00:00,Male,Mysuru,Karnataka,Salaried,<3L,Mass,2024-06-14 00:00:00,Completed,Medium
C002746,Ananya Iyer,1965-08-16 00:00:00,Female,Jaipur,Rajasthan,Business,6-10L,Mass Affluent,2023-05-11 00:00:00,Completed,Low
C002747,Arjun Patil,2000-04-18 00:00:00,Female,Ahmedabad,Gujarat,Self-Employed,6-10L,Affluent,2024-05-07 00:00:00,Completed,Low
C002748,Aditya Nair,2002-10-06 00:00:00,Female,Bhubaneswar,Odisha,Salaried,>20L,Mass Affluent,2026-01-22 00:00:00,Completed,Low
C002749,Priya Sharma,1977-03-27 00:00:00,Female,Gurugram,Haryana,Business,3-6L,Mass,2023-10-01 00:00:00,Completed,Low
C002750,Aarav Iyer,1968-10-31 00:00:00,Male,Pune,Maharashtra,Salaried,<3L,Mass,2022-03-16 00:00:00,Completed,Low
C002751,Nikhil Patil,1978-05-08 00:00:00,Male,Hyderabad,Telangana,Salaried,3-6L,Mass Affluent,2023-05-26 00:00:00,Completed,Medium
C002752,Arjun Singh,1965-12-26 00:00:00,Female,Mysuru,Karnataka,Salaried,3-6L,Mass Affluent,2026-03-17 00:00:00,Completed,Low
C002753,Sai Patil,1984-01-29 00:00:00,Male,Jaipur,Rajasthan,Salaried,6-10L,HNI,2025-06-04 00:00:00,Completed,Medium
C002754,Neha Singh,1987-06-04 00:00:00,Female,Chennai,Tamil Nadu,Self-Employed,3-6L,Mass,2025-10-07 00:00:00,Completed,High
C002755,Ishita Gupta,2003-02-28 00:00:00,Female,Gurugram,Haryana,Salaried,6-10L,Mass Affluent,2026-02-05 00:00:00,Completed,Low
C002756,Kavya Nair,1973-12-19 00:00:00,Female,Hyderabad,Telangana,Self-Employed,10-20L,Mass,2022-07-12 00:00:00,Completed,Low
C002757,Sai Reddy,1968-08-31 00:00:00,Male,Kolkata,West Bengal,Salaried,3-6L,Mass,2023-04-10 00:00:00,Completed,Low
C002758,Nikhil Reddy,1965-11-03 00:00:00,Male,Hyderabad,Telangana,Business,6-10L,Mass,2022-04-09 00:00:00,Completed,Medium
C002759,Aarav Sharma,1976-07-09 00:00:00,Male,Jaipur,Rajasthan,Salaried,3-6L,Mass,2022-01-08 00:00:00,Completed,Low
C002760,Rahul Kulkarni,1986-05-01 00:00:00,Male,Bhubaneswar,Odisha,Salaried,10-20L,Mass,2025-10-02 00:00:00,Completed,Low
C002761,Kiran Nair,1962-12-02 00:00:00,Female,Bhubaneswar,Odisha,Salaried,3-6L,Mass,2026-03-19 00:00:00,Completed,Medium
C002762,Priya Singh,1993-03-31 00:00:00,Male,Chennai,Tamil Nadu,Salaried,6-10L,Mass Affluent,2022-09-13 00:00:00,Pending,Medium
C002763,Priya Nair,1980-02-26 00:00:00,Female,Kolkata,West Bengal,Salaried,3-6L,Mass Affluent,2025-03-31 00:00:00,Completed,Low
C002764,Sai Joshi,1994-09-30 00:00:00,Male,Pune,Maharashtra,Salaried,<3L,Mass,2024-05-28 00:00:00,Completed,Medium
C002765,Priya Reddy,1980-04-22 00:00:00,Female,Bengaluru,Karnataka,Business,3-6L,Mass Affluent,2022-04-24 00:00:00,Completed,High
C002766,Sneha Rao,1966-10-24 00:00:00,Male,Delhi,Delhi,Salaried,3-6L,Mass,2026-02-12 00:00:00,Completed,Low
C002767,Pooja Mehta,1960-12-09 00:00:00,Female,Jaipur,Rajasthan,Business,10-20L,Mass,2025-12-01 00:00:00,Completed,Low
C002768,Priya Singh,1984-05-23 00:00:00,Male,Mysuru,Karnataka,Self-Employed,3-6L,HNI,2024-07-20 00:00:00,Completed,Medium
C002769,Rahul Nair,1983-08-19 00:00:00,Female,Hyderabad,Telangana,Self-Employed,>20L,Mass,2025-03-08 00:00:00,Completed,Medium
C002770,Priya Gupta,1995-08-23 00:00:00,Male,Mumbai,Maharashtra,Self-Employed,6-10L,Mass,2023-10-15 00:00:00,Completed,Low
C002771,Aditya Nair,1998-06-06 00:00:00,Male,Gurugram,Haryana,Salaried,3-6L,Mass Affluent,2025-07-25 00:00:00,Completed,Medium
C002772,Kavya Kulkarni,1967-01-21 00:00:00,Male,Mysuru,Karnataka,Business,3-6L,Mass,2024-01-01 00:00:00,Completed,Low
C002773,Pooja Singh,1973-10-13 00:00:00,Male,Kolkata,West Bengal,Business,3-6L,Mass,2026-06-13 00:00:00,Completed,Low
C002774,Sai Singh,1969-02-04 00:00:00,Female,Ahmedabad,Gujarat,Business,10-20L,Mass Affluent,2022-04-14 00:00:00,Completed,Medium
C002775,Aarav Sharma,1964-09-03 00:00:00,Male,Ahmedabad,Gujarat,Salaried,<3L,Mass Affluent,2022-10-10 00:00:00,Completed,Medium
C002776,Nikhil Reddy,1960-02-08 00:00:00,Female,Kolkata,West Bengal,Self-Employed,10-20L,Mass,2026-05-10 00:00:00,Expired,Low
C002777,Rahul Singh,1963-08-09 00:00:00,Female,Mumbai,Maharashtra,Salaried,<3L,Affluent,2023-04-20 00:00:00,Completed,Low
C002778,Kiran Mehta,1982-12-25 00:00:00,Male,Hyderabad,Telangana,Self-Employed,3-6L,Mass,2023-05-26 00:00:00,Completed,Low
C002779,Aarav Joshi,1966-08-26 00:00:00,Male,Mysuru,Karnataka,Salaried,<3L,Mass,2025-07-23 00:00:00,Completed,Low
C002780,Kiran Nair,1968-07-11 00:00:00,Female,Delhi,Delhi,Salaried,6-10L,Mass,2022-11-07 00:00:00,Completed,Medium
C002781,Kavya Sharma,1965-02-28 00:00:00,Female,Hyderabad,Telangana,Self-Employed,6-10L,Mass,2024-04-23 00:00:00,Completed,Low
C002782,Pooja Singh,1991-09-22 00:00:00,Male,Kolkata,West Bengal,Student,>20L,HNI,2023-04-15 00:00:00,Completed,Medium
C002783,Ishita Sharma,1987-11-05 00:00:00,Female,Mysuru,Karnataka,Salaried,3-6L,Mass Affluent,2022-11-22 00:00:00,Completed,Low
C002784,Priya Kulkarni,2002-02-24 00:00:00,Male,Ahmedabad,Gujarat,Self-Employed,<3L,Mass,2026-05-03 00:00:00,Completed,Medium
C002785,Diya Iyer,1964-11-18 00:00:00,Male,Gurugram,Haryana,Self-Employed,10-20L,Mass,2022-11-25 00:00:00,Completed,Low
C002786,Priya Iyer,1969-02-22 00:00:00,Female,Jaipur,Rajasthan,Retired,6-10L,Mass,2022-06-04 00:00:00,Completed,Medium
C002787,Neha Gupta,1979-12-18 00:00:00,Female,Hyderabad,Telangana,Self-Employed,10-20L,Mass Affluent,2025-01-11 00:00:00,Completed,Low
C002788,Ananya Joshi,1988-06-07 00:00:00,Male,Hyderabad,Telangana,Salaried,3-6L,Mass,2025-11-25 00:00:00,Completed,Low
C002789,Neha Iyer,1965-09-12 00:00:00,Female,Kolkata,West Bengal,Salaried,10-20L,Affluent,2022-07-29 00:00:00,Completed,Low
C002790,Ishita Singh,1969-04-12 00:00:00,Male,Ahmedabad,Gujarat,Self-Employed,3-6L,Mass,2025-03-08 00:00:00,Completed,Low
C002791,Aditya Iyer,1978-06-19 00:00:00,Female,Mysuru,Karnataka,Salaried,>20L,Mass,2024-06-06 00:00:00,Completed,Low
C002792,Ishita Mehta,1960-10-15 00:00:00,Male,Hyderabad,Telangana,Retired,3-6L,Affluent,2025-09-24 00:00:00,Completed,Medium
C002793,Meera Singh,1977-04-25 00:00:00,Male,Bengaluru,Karnataka,Retired,10-20L,Affluent,2022-07-28 00:00:00,Completed,Medium
C002794,Priya Singh,1993-03-24 00:00:00,Female,Gurugram,Haryana,Retired,3-6L,Mass,2026-05-22 00:00:00,Completed,Low
C002795,Pooja Gupta,1983-01-26 00:00:00,Male,Ahmedabad,Gujarat,Salaried,10-20L,Mass,2024-10-13 00:00:00,Completed,Medium
C002796,Aditya Reddy,1979-01-05 00:00:00,Female,Jaipur,Rajasthan,Business,10-20L,Affluent,2025-10-14 00:00:00,Completed,Low
C002797,Sai Singh,1981-05-16 00:00:00,Female,Pune,Maharashtra,Business,10-20L,Mass Affluent,2023-08-18 00:00:00,Completed,Low
C002798,Arjun Rao,2001-06-22 00:00:00,Male,Delhi,Delhi,Salaried,6-10L,Mass Affluent,2026-03-30 00:00:00,Completed,Low
C002799,Sneha Das,1982-10-18 00:00:00,Female,Hyderabad,Telangana,Salaried,3-6L,Mass Affluent,2024-10-25 00:00:00,Completed,Low
C002800,Sneha Singh,1983-05-28 00:00:00,Male,Delhi,Delhi,Salaried,10-20L,Affluent,2022-07-28 00:00:00,Completed,Low
C002801,Kiran Gupta,2000-10-10 00:00:00,Female,Mumbai,Maharashtra,Salaried,6-10L,Mass,2026-02-24 00:00:00,Completed,Low
C002802,Rohan Sharma,1966-11-24 00:00:00,Male,Pune,Maharashtra,Retired,6-10L,Mass,2025-07-30 00:00:00,Completed,Low
C002803,Sai Sharma,1964-03-15 00:00:00,Female,Delhi,Delhi,Student,3-6L,Mass,2023-05-08 00:00:00,Completed,Low
C002804,Priya Sharma,1979-09-14 00:00:00,Female,Hyderabad,Telangana,Salaried,3-6L,Mass Affluent,2024-06-14 00:00:00,Completed,Low
C002805,Ananya Patil,1973-12-15 00:00:00,Female,Bhubaneswar,Odisha,Self-Employed,3-6L,Mass,2023-09-30 00:00:00,Completed,Low
C002806,Kavya Singh,1968-11-20 00:00:00,Male,Hyderabad,Telangana,Salaried,6-10L,Mass,2024-06-11 00:00:00,Completed,Low
C002807,Sai Joshi,1965-03-27 00:00:00,Male,Delhi,Delhi,Salaried,3-6L,Mass Affluent,2026-05-05 00:00:00,Expired,Low
C002808,Sneha Joshi,1998-06-18 00:00:00,Female,Chennai,Tamil Nadu,Salaried,3-6L,Mass,2026-01-16 00:00:00,Completed,Low
C002809,Aarav Gupta,1986-11-28 00:00:00,Female,Ahmedabad,Gujarat,Self-Employed,10-20L,Affluent,2022-12-20 00:00:00,Expired,Low
C002810,Aditya Reddy,1990-04-07 00:00:00,Female,Gurugram,Haryana,Self-Employed,6-10L,Mass,2026-05-15 00:00:00,Pending,Low
C002811,Aarav Nair,1965-03-04 00:00:00,Male,Gurugram,Haryana,Student,10-20L,Mass Affluent,2023-12-21 00:00:00,Completed,Medium
C002812,Diya Kulkarni,1974-12-12 00:00:00,Male,Mumbai,Maharashtra,Student,3-6L,Mass Affluent,2025-03-03 00:00:00,Completed,Low
C002813,Pooja Singh,1987-03-13 00:00:00,Female,Jaipur,Rajasthan,Salaried,3-6L,Mass,2025-06-08 00:00:00,Completed,Medium
C002814,Kiran Kulkarni,1983-02-14 00:00:00,Female,Jaipur,Rajasthan,Business,6-10L,Mass,2024-03-03 00:00:00,Completed,Low
C002815,Sneha Joshi,1990-06-10 00:00:00,Male,Mumbai,Maharashtra,Salaried,3-6L,Mass,2024-01-20 00:00:00,Completed,Low
C002816,Vivaan Kulkarni,1989-04-29 00:00:00,Male,Delhi,Delhi,Salaried,6-10L,Mass Affluent,2024-01-20 00:00:00,Completed,Low
C002817,Aditya Reddy,1978-02-08 00:00:00,Male,Pune,Maharashtra,Self-Employed,<3L,Mass Affluent,2025-11-17 00:00:00,Completed,High
C002818,Vivaan Singh,1994-04-17 00:00:00,Male,Bhubaneswar,Odisha,Salaried,6-10L,Mass,2023-09-27 00:00:00,Completed,Low
C002819,Neha Patil,1971-05-17 00:00:00,Female,Bengaluru,Karnataka,Salaried,<3L,Mass,2023-04-05 00:00:00,Completed,Low
C002820,Priya Nair,1963-07-06 00:00:00,Male,Mumbai,Maharashtra,Salaried,6-10L,Affluent,2023-08-17 00:00:00,Completed,Low
C002821,Ananya Gupta,2000-01-05 00:00:00,Female,Pune,Maharashtra,Salaried,10-20L,Mass,2022-11-16 00:00:00,Completed,High
C002822,Meera Iyer,1960-12-26 00:00:00,Male,Hyderabad,Telangana,Retired,<3L,Affluent,2023-10-05 00:00:00,Pending,Low
C002823,Aarav Patil,1972-06-04 00:00:00,Male,Mumbai,Maharashtra,Salaried,6-10L,Mass,2022-07-07 00:00:00,Completed,Low
C002824,Ishita Iyer,1965-01-05 00:00:00,Female,Hyderabad,Telangana,Self-Employed,6-10L,Mass,2022-05-28 00:00:00,Completed,Low
C002825,Sneha Gupta,1970-02-26 00:00:00,Female,Kolkata,West Bengal,Retired,6-10L,Mass,2025-04-03 00:00:00,Completed,Medium
C002826,Vivaan Gupta,1977-04-20 00:00:00,Female,Ahmedabad,Gujarat,Self-Employed,<3L,Mass,2022-05-08 00:00:00,Completed,Medium
C002827,Sneha Joshi,1965-09-04 00:00:00,Female,Mysuru,Karnataka,Salaried,3-6L,Affluent,2024-07-21 00:00:00,Completed,Medium
C002828,Arjun Mehta,1980-06-11 00:00:00,Male,Mysuru,Karnataka,Retired,10-20L,Mass Affluent,2025-07-04 00:00:00,Completed,Medium
C002829,Diya Nair,2000-08-15 00:00:00,Female,Mysuru,Karnataka,Salaried,6-10L,Mass Affluent,2025-04-04 00:00:00,Expired,Low
C002830,Neha Rao,1965-12-23 00:00:00,Male,Jaipur,Rajasthan,Salaried,10-20L,Mass Affluent,2024-01-03 00:00:00,Completed,Low
C002831,Kavya Kulkarni,2000-08-03 00:00:00,Female,Chennai,Tamil Nadu,Self-Employed,3-6L,Mass Affluent,2022-11-14 00:00:00,Pending,Medium
C002832,Ananya Rao,1978-01-04 00:00:00,Female,Hyderabad,Telangana,Salaried,10-20L,Mass Affluent,2026-03-09 00:00:00,Completed,Low
C002833,Vivaan Joshi,1985-12-14 00:00:00,Female,Ahmedabad,Gujarat,Business,<3L,Mass Affluent,2025-10-03 00:00:00,Completed,Low
C002834,Priya Mehta,1979-05-06 00:00:00,Male,Chennai,Tamil Nadu,Salaried,<3L,Affluent,2024-10-02 00:00:00,Pending,Low
C002835,Arjun Singh,1973-11-14 00:00:00,Male,Mumbai,Maharashtra,Self-Employed,6-10L,Mass Affluent,2022-05-23 00:00:00,Completed,Low
C002836,Kiran Rao,1964-10-11 00:00:00,Male,Hyderabad,Telangana,Business,6-10L,Mass,2022-02-27 00:00:00,Completed,Low
C002837,Kavya Gupta,1985-12-28 00:00:00,Female,Kolkata,West Bengal,Retired,6-10L,Mass,2023-06-02 00:00:00,Completed,Low
C002838,Rahul Sharma,2000-02-26 00:00:00,Female,Bengaluru,Karnataka,Salaried,3-6L,Mass,2022-09-16 00:00:00,Completed,Low
C002839,Diya Patil,1982-10-24 00:00:00,Female,Chennai,Tamil Nadu,Salaried,3-6L,Mass,2025-11-13 00:00:00,Completed,Low
C002840,Ishita Rao,1986-03-31 00:00:00,Female,Gurugram,Haryana,Retired,10-20L,Mass,2022-12-04 00:00:00,Completed,Low
C002841,Pooja Kulkarni,1988-03-13 00:00:00,Male,Bengaluru,Karnataka,Self-Employed,3-6L,Mass,2023-04-10 00:00:00,Completed,Medium
C002842,Aarav Reddy,1977-01-07 00:00:00,Female,Pune,Maharashtra,Salaried,6-10L,Mass,2026-05-22 00:00:00,Completed,Medium
C002843,Meera Das,1965-04-13 00:00:00,Female,Gurugram,Haryana,Salaried,6-10L,Affluent,2025-09-05 00:00:00,Completed,Medium
C002844,Arjun Iyer,1982-03-16 00:00:00,Male,Delhi,Delhi,Business,<3L,Mass Affluent,2022-12-26 00:00:00,Completed,Low
C002845,Ishita Sharma,1998-01-23 00:00:00,Female,Pune,Maharashtra,Self-Employed,6-10L,Mass,2023-09-22 00:00:00,Completed,Medium
C002846,Vivaan Das,1973-10-06 00:00:00,Male,Chennai,Tamil Nadu,Self-Employed,10-20L,Affluent,2024-04-26 00:00:00,Completed,Medium
C002847,Kiran Joshi,1998-03-05 00:00:00,Female,Delhi,Delhi,Student,10-20L,Affluent,2024-12-26 00:00:00,Completed,Low
C002848,Sai Kulkarni,1997-06-04 00:00:00,Male,Gurugram,Haryana,Salaried,<3L,Affluent,2026-03-18 00:00:00,Completed,Low
C002849,Aditya Gupta,1970-09-21 00:00:00,Male,Ahmedabad,Gujarat,Salaried,6-10L,Mass,2025-12-01 00:00:00,Completed,Low
C002850,Ananya Nair,1985-03-10 00:00:00,Female,Mysuru,Karnataka,Self-Employed,10-20L,Mass,2026-05-24 00:00:00,Completed,Low
C002851,Aditya Rao,1992-09-29 00:00:00,Female,Delhi,Delhi,Student,6-10L,Mass,2022-03-08 00:00:00,Completed,Medium
C002852,Rohan Rao,1981-09-05 00:00:00,Male,Bengaluru,Karnataka,Salaried,3-6L,Mass Affluent,2023-01-24 00:00:00,Completed,Low
C002853,Vivaan Sharma,1990-08-20 00:00:00,Male,Bhubaneswar,Odisha,Business,3-6L,Mass Affluent,2024-07-13 00:00:00,Completed,Low
C002854,Rahul Rao,1999-11-26 00:00:00,Male,Mumbai,Maharashtra,Salaried,6-10L,Mass Affluent,2022-03-22 00:00:00,Pending,Low
C002855,Sai Joshi,1987-06-24 00:00:00,Male,Ahmedabad,Gujarat,Salaried,10-20L,Mass Affluent,2023-08-07 00:00:00,Completed,Medium
C002856,Priya Patil,1996-09-15 00:00:00,Male,Mumbai,Maharashtra,Student,10-20L,Affluent,2022-09-10 00:00:00,Completed,Medium
C002857,Sai Nair,1995-02-01 00:00:00,Male,Pune,Maharashtra,Salaried,10-20L,Mass Affluent,2026-03-12 00:00:00,Completed,Low
C002858,Ishita Kulkarni,1995-08-09 00:00:00,Female,Chennai,Tamil Nadu,Salaried,3-6L,Affluent,2022-04-14 00:00:00,Completed,High
C002859,Priya Rao,1997-05-03 00:00:00,Female,Ahmedabad,Gujarat,Business,6-10L,Mass Affluent,2022-09-01 00:00:00,Completed,Low
C002860,Rahul Nair,1969-11-18 00:00:00,Female,Mumbai,Maharashtra,Salaried,<3L,Mass,2022-11-17 00:00:00,Completed,Low
C002861,Diya Sharma,1960-10-20 00:00:00,Male,Mumbai,Maharashtra,Salaried,<3L,Mass Affluent,2022-09-01 00:00:00,Completed,Low
C002862,Neha Kulkarni,1966-09-15 00:00:00,Female,Jaipur,Rajasthan,Business,<3L,Mass,2024-07-22 00:00:00,Completed,Medium
C002863,Sai Singh,1970-12-08 00:00:00,Female,Pune,Maharashtra,Salaried,10-20L,Mass,2023-08-22 00:00:00,Completed,Medium
C002864,Vivaan Nair,1990-03-25 00:00:00,Male,Mumbai,Maharashtra,Self-Employed,3-6L,HNI,2026-02-07 00:00:00,Completed,Medium
C002865,Sneha Mehta,1982-05-04 00:00:00,Female,Kolkata,West Bengal,Salaried,6-10L,Mass,2023-03-05 00:00:00,Completed,Medium
C002866,Kavya Mehta,1980-07-12 00:00:00,Female,Mysuru,Karnataka,Salaried,3-6L,Mass,2024-06-01 00:00:00,Pending,Low
C002867,Kiran Gupta,1960-05-25 00:00:00,Male,Jaipur,Rajasthan,Business,3-6L,Affluent,2024-12-19 00:00:00,Completed,Low
C002868,Ananya Mehta,1989-12-13 00:00:00,Male,Jaipur,Rajasthan,Salaried,6-10L,Mass,2024-10-24 00:00:00,Completed,Low
C002869,Rahul Kulkarni,1975-12-15 00:00:00,Male,Jaipur,Rajasthan,Student,<3L,Mass,2025-07-31 00:00:00,Completed,Low
C002870,Sneha Singh,1993-04-27 00:00:00,Male,Pune,Maharashtra,Retired,3-6L,Mass,2022-11-28 00:00:00,Completed,Low
C002871,Priya Reddy,1964-12-09 00:00:00,Male,Mysuru,Karnataka,Student,6-10L,Mass,2024-04-13 00:00:00,Completed,Low
C002872,Aditya Mehta,1972-12-08 00:00:00,Male,Gurugram,Haryana,Salaried,10-20L,Mass,2025-08-07 00:00:00,Completed,Low
C002873,Sai Nair,1962-05-25 00:00:00,Male,Delhi,Delhi,Salaried,6-10L,Mass,2025-11-18 00:00:00,Completed,Low
C002874,Kavya Singh,1972-06-20 00:00:00,Female,Bhubaneswar,Odisha,Student,10-20L,Mass Affluent,2024-10-11 00:00:00,Completed,Low
C002875,Priya Kulkarni,2000-06-12 00:00:00,Male,Chennai,Tamil Nadu,Salaried,3-6L,Mass,2024-12-06 00:00:00,Completed,High
C002876,Sneha Sharma,1981-07-02 00:00:00,Male,Bhubaneswar,Odisha,Business,<3L,Mass Affluent,2025-11-19 00:00:00,Completed,Low
C002877,Nikhil Iyer,1979-04-03 00:00:00,Male,Ahmedabad,Gujarat,Business,3-6L,Mass,2024-10-23 00:00:00,Completed,Medium
C002878,Ananya Sharma,1971-12-25 00:00:00,Female,Kolkata,West Bengal,Salaried,>20L,Mass,2026-04-08 00:00:00,Completed,Low
C002879,Rahul Das,1971-08-08 00:00:00,Female,Mysuru,Karnataka,Salaried,3-6L,Mass Affluent,2022-07-29 00:00:00,Completed,Medium
C002880,Ishita Kulkarni,1989-03-25 00:00:00,Male,Bengaluru,Karnataka,Self-Employed,3-6L,Mass,2023-07-26 00:00:00,Completed,Low
C002881,Aditya Rao,2003-02-26 00:00:00,Female,Bengaluru,Karnataka,Self-Employed,>20L,Mass,2022-07-04 00:00:00,Completed,Low
C002882,Priya Iyer,1992-09-16 00:00:00,Male,Chennai,Tamil Nadu,Salaried,>20L,Mass,2022-05-29 00:00:00,Completed,Low
C002883,Diya Mehta,1992-04-13 00:00:00,Male,Mumbai,Maharashtra,Self-Employed,<3L,Mass,2024-02-14 00:00:00,Completed,Low
C002884,Kiran Mehta,1980-09-04 00:00:00,Female,Bhubaneswar,Odisha,Business,10-20L,Mass,2023-01-06 00:00:00,Completed,Medium
C002885,Sai Das,1964-04-27 00:00:00,Female,Mysuru,Karnataka,Salaried,3-6L,Mass,2023-10-31 00:00:00,Completed,Low
C002886,Kavya Kulkarni,1991-09-15 00:00:00,Female,Bhubaneswar,Odisha,Salaried,6-10L,Mass,2023-12-20 00:00:00,Completed,Low
C002887,Pooja Rao,1995-06-05 00:00:00,Female,Kolkata,West Bengal,Business,6-10L,Mass,2024-10-16 00:00:00,Completed,Medium
C002888,Rohan Patil,1982-05-12 00:00:00,Male,Mysuru,Karnataka,Business,>20L,Mass,2026-04-02 00:00:00,Completed,Low
C002889,Arjun Mehta,1964-01-04 00:00:00,Female,Bengaluru,Karnataka,Retired,3-6L,Mass Affluent,2025-10-26 00:00:00,Completed,Low
C002890,Aditya Sharma,1991-03-24 00:00:00,Female,Delhi,Delhi,Salaried,10-20L,Mass,2023-09-14 00:00:00,Completed,Low
C002891,Sai Reddy,2000-05-07 00:00:00,Male,Delhi,Delhi,Student,<3L,Mass Affluent,2023-06-19 00:00:00,Completed,Low
C002892,Vivaan Gupta,1969-11-08 00:00:00,Male,Pune,Maharashtra,Business,6-10L,Mass Affluent,2025-06-19 00:00:00,Completed,Low
C002893,Arjun Nair,1966-12-26 00:00:00,Female,Hyderabad,Telangana,Business,6-10L,Mass,2022-07-23 00:00:00,Completed,Low
C002894,Diya Patil,1992-05-13 00:00:00,Male,Mysuru,Karnataka,Salaried,10-20L,Mass,2024-06-06 00:00:00,Completed,Low
C002895,Vivaan Das,1974-07-15 00:00:00,Male,Mysuru,Karnataka,Salaried,10-20L,Mass,2023-11-26 00:00:00,Completed,High
C002896,Neha Rao,1991-04-29 00:00:00,Female,Kolkata,West Bengal,Self-Employed,10-20L,Mass,2022-10-28 00:00:00,Completed,Low
C002897,Kiran Mehta,1990-10-20 00:00:00,Male,Bhubaneswar,Odisha,Salaried,10-20L,Mass,2024-10-09 00:00:00,Completed,Low
C002898,Meera Sharma,1971-09-05 00:00:00,Female,Pune,Maharashtra,Salaried,3-6L,Mass,2023-06-11 00:00:00,Completed,Medium
C002899,Rahul Gupta,1961-11-07 00:00:00,Female,Bhubaneswar,Odisha,Retired,>20L,Affluent,2022-11-01 00:00:00,Completed,High
C002900,Aditya Sharma,1984-05-09 00:00:00,Male,Delhi,Delhi,Salaried,6-10L,Mass Affluent,2024-12-08 00:00:00,Completed,Medium
C002901,Diya Rao,1977-11-11 00:00:00,Male,Delhi,Delhi,Retired,3-6L,Mass,2022-10-14 00:00:00,Completed,Low
C002902,Kiran Patil,1997-06-19 00:00:00,Male,Mysuru,Karnataka,Self-Employed,6-10L,Affluent,2025-01-09 00:00:00,Completed,Medium
C002903,Sneha Rao,1975-09-06 00:00:00,Female,Gurugram,Haryana,Student,3-6L,Mass,2022-09-24 00:00:00,Completed,Low
C002904,Vivaan Kulkarni,1970-12-06 00:00:00,Female,Gurugram,Haryana,Salaried,6-10L,Mass,2023-12-15 00:00:00,Completed,Medium
C002905,Priya Joshi,1997-09-05 00:00:00,Male,Chennai,Tamil Nadu,Self-Employed,3-6L,Mass,2025-08-19 00:00:00,Completed,Low
C002906,Pooja Kulkarni,1992-03-28 00:00:00,Male,Mysuru,Karnataka,Self-Employed,3-6L,Affluent,2023-01-11 00:00:00,Completed,Low
C002907,Vivaan Das,1987-02-01 00:00:00,Female,Mumbai,Maharashtra,Retired,10-20L,Mass,2025-06-14 00:00:00,Completed,Medium
C002908,Meera Mehta,2001-10-15 00:00:00,Female,Gurugram,Haryana,Salaried,10-20L,Mass Affluent,2025-03-31 00:00:00,Completed,Medium
C002909,Vivaan Joshi,1994-04-19 00:00:00,Female,Bengaluru,Karnataka,Salaried,6-10L,Mass Affluent,2026-01-22 00:00:00,Completed,Medium
C002910,Aditya Singh,1997-12-11 00:00:00,Female,Mysuru,Karnataka,Retired,>20L,Mass,2022-10-05 00:00:00,Completed,Medium
C002911,Aditya Gupta,1995-01-01 00:00:00,Male,Chennai,Tamil Nadu,Salaried,3-6L,Mass,2025-03-20 00:00:00,Completed,Medium
C002912,Nikhil Patil,1977-08-03 00:00:00,Female,Bhubaneswar,Odisha,Self-Employed,3-6L,Mass,2026-03-19 00:00:00,Completed,Low
C002913,Arjun Joshi,1962-09-24 00:00:00,Female,Hyderabad,Telangana,Salaried,10-20L,Mass Affluent,2025-06-06 00:00:00,Completed,Low
C002914,Ishita Mehta,1986-08-07 00:00:00,Male,Mysuru,Karnataka,Salaried,6-10L,Mass,2022-11-05 00:00:00,Completed,Low
C002915,Neha Gupta,1993-07-04 00:00:00,Female,Bhubaneswar,Odisha,Self-Employed,10-20L,Mass,2025-09-11 00:00:00,Completed,Low
C002916,Diya Mehta,2003-06-12 00:00:00,Female,Hyderabad,Telangana,Self-Employed,3-6L,Mass,2022-06-26 00:00:00,Completed,Medium
C002917,Ishita Das,1989-11-09 00:00:00,Female,Kolkata,West Bengal,Self-Employed,3-6L,Mass Affluent,2024-08-24 00:00:00,Completed,Medium
C002918,Ananya Mehta,1984-11-24 00:00:00,Male,Mumbai,Maharashtra,Salaried,<3L,Mass Affluent,2024-03-28 00:00:00,Completed,Low
C002919,Priya Iyer,1985-03-21 00:00:00,Male,Hyderabad,Telangana,Business,>20L,Mass,2024-05-22 00:00:00,Completed,Medium
C002920,Arjun Rao,1965-01-14 00:00:00,Male,Bengaluru,Karnataka,Retired,3-6L,Mass,2024-05-03 00:00:00,Completed,Medium
C002921,Rahul Rao,1960-04-27 00:00:00,Female,Chennai,Tamil Nadu,Salaried,6-10L,Mass,2022-02-21 00:00:00,Completed,High
C002922,Sneha Joshi,1961-12-27 00:00:00,Male,Mumbai,Maharashtra,Salaried,<3L,Mass,2024-04-14 00:00:00,Completed,Low
C002923,Pooja Patil,1999-08-22 00:00:00,Male,Jaipur,Rajasthan,Salaried,6-10L,Mass,2026-03-19 00:00:00,Completed,Low
C002924,Ananya Reddy,1994-08-15 00:00:00,Male,Bengaluru,Karnataka,Business,3-6L,Mass Affluent,2023-12-19 00:00:00,Completed,Low
C002925,Priya Iyer,1971-05-25 00:00:00,Male,Chennai,Tamil Nadu,Salaried,10-20L,Mass,2023-03-31 00:00:00,Completed,Medium
C002926,Nikhil Kulkarni,1978-07-23 00:00:00,Female,Mysuru,Karnataka,Business,6-10L,Mass,2026-06-22 00:00:00,Completed,Medium
C002927,Ananya Mehta,1981-03-08 00:00:00,Female,Kolkata,West Bengal,Salaried,<3L,Mass,2022-06-12 00:00:00,Completed,Medium
C002928,Sneha Kulkarni,1970-10-24 00:00:00,Female,Gurugram,Haryana,Self-Employed,<3L,Mass,2024-03-09 00:00:00,Completed,Low
C002929,Rohan Mehta,1978-07-07 00:00:00,Male,Bhubaneswar,Odisha,Business,3-6L,Mass Affluent,2024-04-21 00:00:00,Completed,Low
C002930,Rohan Kulkarni,1975-03-25 00:00:00,Female,Chennai,Tamil Nadu,Self-Employed,6-10L,Mass Affluent,2024-02-24 00:00:00,Completed,Medium
C002931,Pooja Rao,1990-06-08 00:00:00,Female,Delhi,Delhi,Salaried,10-20L,Mass,2026-02-22 00:00:00,Completed,Low
C002932,Pooja Joshi,1993-03-05 00:00:00,Female,Mysuru,Karnataka,Salaried,3-6L,Mass,2023-11-24 00:00:00,Completed,High
C002933,Rohan Das,1964-04-23 00:00:00,Female,Chennai,Tamil Nadu,Self-Employed,6-10L,Mass Affluent,2026-05-18 00:00:00,Completed,Medium
C002934,Ishita Das,1980-05-18 00:00:00,Female,Gurugram,Haryana,Salaried,3-6L,Mass Affluent,2022-04-20 00:00:00,Completed,Medium
C002935,Priya Gupta,2003-06-03 00:00:00,Male,Bengaluru,Karnataka,Student,10-20L,Affluent,2025-04-20 00:00:00,Completed,Medium
C002936,Neha Mehta,1998-01-16 00:00:00,Female,Hyderabad,Telangana,Salaried,>20L,Mass Affluent,2024-08-31 00:00:00,Completed,Low
C002937,Meera Kulkarni,1994-10-09 00:00:00,Female,Mumbai,Maharashtra,Salaried,10-20L,Mass Affluent,2023-01-30 00:00:00,Completed,Low
C002938,Sneha Nair,1992-03-11 00:00:00,Female,Mumbai,Maharashtra,Salaried,<3L,Affluent,2023-01-10 00:00:00,Completed,Low
C002939,Neha Sharma,1960-03-10 00:00:00,Male,Bengaluru,Karnataka,Self-Employed,3-6L,Affluent,2025-03-27 00:00:00,Completed,Medium
C002940,Vivaan Singh,2002-09-01 00:00:00,Female,Delhi,Delhi,Retired,>20L,Mass Affluent,2024-11-12 00:00:00,Completed,Medium
C002941,Aarav Mehta,1992-03-16 00:00:00,Female,Mumbai,Maharashtra,Salaried,3-6L,Mass Affluent,2024-09-30 00:00:00,Completed,Low
C002942,Sai Singh,1998-12-03 00:00:00,Female,Bengaluru,Karnataka,Salaried,6-10L,Mass Affluent,2022-03-25 00:00:00,Completed,Low
C002943,Aarav Singh,1999-10-25 00:00:00,Female,Gurugram,Haryana,Salaried,>20L,Mass,2024-09-08 00:00:00,Completed,Low
C002944,Ishita Gupta,1971-02-24 00:00:00,Male,Mumbai,Maharashtra,Retired,10-20L,Mass,2026-05-31 00:00:00,Completed,Low
C002945,Rohan Sharma,1960-08-09 00:00:00,Female,Mysuru,Karnataka,Student,6-10L,Affluent,2022-01-29 00:00:00,Completed,High
C002946,Meera Mehta,1988-11-13 00:00:00,Female,Gurugram,Haryana,Salaried,6-10L,Mass,2024-02-10 00:00:00,Completed,Low
C002947,Nikhil Mehta,1980-02-08 00:00:00,Male,Bengaluru,Karnataka,Self-Employed,10-20L,Mass,2024-03-22 00:00:00,Completed,Low
C002948,Sai Patil,1960-11-24 00:00:00,Male,Bhubaneswar,Odisha,Business,3-6L,Mass,2026-01-12 00:00:00,Completed,Low
C002949,Vivaan Nair,1971-11-11 00:00:00,Male,Gurugram,Haryana,Business,10-20L,Mass,2023-04-10 00:00:00,Completed,Medium
C002950,Rahul Reddy,2003-06-01 00:00:00,Male,Bhubaneswar,Odisha,Self-Employed,3-6L,Mass,2024-02-20 00:00:00,Completed,Low
C002951,Sai Singh,1975-12-01 00:00:00,Male,Jaipur,Rajasthan,Business,10-20L,Mass,2025-03-23 00:00:00,Completed,Low
C002952,Rahul Das,1971-06-08 00:00:00,Female,Bhubaneswar,Odisha,Self-Employed,10-20L,Mass,2022-04-10 00:00:00,Completed,Low
C002953,Ishita Gupta,1988-09-02 00:00:00,Female,Hyderabad,Telangana,Salaried,6-10L,Mass,2025-08-08 00:00:00,Completed,Low
C002954,Meera Singh,1989-02-13 00:00:00,Male,Gurugram,Haryana,Salaried,3-6L,Mass,2025-09-12 00:00:00,Completed,Low
C002955,Aditya Das,1974-07-19 00:00:00,Female,Kolkata,West Bengal,Salaried,<3L,Mass,2025-03-27 00:00:00,Completed,Medium
C002956,Neha Das,1997-03-13 00:00:00,Male,Bengaluru,Karnataka,Salaried,10-20L,Mass,2024-11-30 00:00:00,Completed,Medium
C002957,Diya Joshi,1985-06-02 00:00:00,Female,Jaipur,Rajasthan,Salaried,6-10L,Mass,2025-05-12 00:00:00,Completed,Low
C002958,Aditya Joshi,1967-01-11 00:00:00,Male,Pune,Maharashtra,Business,3-6L,Mass Affluent,2025-07-07 00:00:00,Pending,Low
C002959,Rohan Nair,1974-03-27 00:00:00,Male,Bengaluru,Karnataka,Student,10-20L,Mass,2026-01-23 00:00:00,Completed,Low
C002960,Ananya Nair,1997-02-21 00:00:00,Male,Mumbai,Maharashtra,Salaried,10-20L,Affluent,2023-12-05 00:00:00,Completed,Low
C002961,Arjun Das,1963-11-30 00:00:00,Female,Mumbai,Maharashtra,Salaried,10-20L,Mass Affluent,2024-01-19 00:00:00,Completed,Low
C002962,Kavya Sharma,1960-07-14 00:00:00,Female,Bengaluru,Karnataka,Business,6-10L,Mass,2024-11-13 00:00:00,Completed,Medium
C002963,Neha Patil,1988-10-04 00:00:00,Male,Kolkata,West Bengal,Self-Employed,>20L,Mass,2022-11-14 00:00:00,Completed,Low
C002964,Vivaan Kulkarni,1979-05-12 00:00:00,Female,Mysuru,Karnataka,Salaried,10-20L,Mass,2025-11-06 00:00:00,Completed,Low
C002965,Rahul Iyer,1971-01-28 00:00:00,Male,Jaipur,Rajasthan,Business,<3L,Mass,2025-06-19 00:00:00,Pending,Low
C002966,Pooja Patil,1980-09-04 00:00:00,Male,Gurugram,Haryana,Salaried,>20L,Affluent,2024-11-02 00:00:00,Completed,Low
C002967,Ishita Joshi,1968-01-16 00:00:00,Male,Kolkata,West Bengal,Salaried,6-10L,Mass Affluent,2023-05-11 00:00:00,Completed,Low
C002968,Aarav Rao,1976-05-21 00:00:00,Female,Delhi,Delhi,Business,10-20L,Mass Affluent,2023-07-25 00:00:00,Completed,Low
C002969,Neha Sharma,1970-03-31 00:00:00,Female,Mysuru,Karnataka,Self-Employed,10-20L,Mass Affluent,2023-12-16 00:00:00,Completed,Medium
C002970,Kavya Mehta,1985-09-08 00:00:00,Female,Mumbai,Maharashtra,Salaried,6-10L,Affluent,2024-12-23 00:00:00,Completed,Low
C002971,Vivaan Kulkarni,1989-07-05 00:00:00,Female,Chennai,Tamil Nadu,Business,3-6L,Affluent,2025-07-01 00:00:00,Expired,Low
C002972,Priya Das,2000-01-28 00:00:00,Female,Kolkata,West Bengal,Retired,<3L,Mass,2025-01-08 00:00:00,Completed,Medium
C002973,Sai Kulkarni,1962-12-19 00:00:00,Male,Pune,Maharashtra,Salaried,3-6L,Mass,2026-03-07 00:00:00,Completed,Low
C002974,Nikhil Joshi,1974-04-28 00:00:00,Male,Delhi,Delhi,Self-Employed,6-10L,Mass,2026-04-27 00:00:00,Completed,Medium
C002975,Ishita Reddy,1971-08-02 00:00:00,Male,Bhubaneswar,Odisha,Salaried,10-20L,Mass,2025-03-03 00:00:00,Completed,Low
C002976,Vivaan Rao,1985-05-17 00:00:00,Male,Jaipur,Rajasthan,Salaried,<3L,Mass,2023-09-02 00:00:00,Completed,Low
C002977,Neha Nair,1983-05-10 00:00:00,Male,Delhi,Delhi,Salaried,3-6L,Mass,2024-09-10 00:00:00,Completed,Low
C002978,Nikhil Patil,1998-06-09 00:00:00,Male,Mumbai,Maharashtra,Salaried,6-10L,Mass Affluent,2023-11-29 00:00:00,Completed,Medium
C002979,Ishita Iyer,2000-04-04 00:00:00,Female,Pune,Maharashtra,Salaried,3-6L,Mass,2024-10-29 00:00:00,Pending,Medium
C002980,Kavya Iyer,1993-11-10 00:00:00,Male,Hyderabad,Telangana,Business,<3L,Mass Affluent,2025-08-26 00:00:00,Completed,Low
C002981,Sai Reddy,1968-09-17 00:00:00,Female,Hyderabad,Telangana,Salaried,<3L,Mass,2023-08-30 00:00:00,Completed,Low
C002982,Rohan Patil,1961-10-13 00:00:00,Female,Mumbai,Maharashtra,Student,6-10L,Mass,2024-04-10 00:00:00,Completed,Low
C002983,Kiran Das,1999-05-22 00:00:00,Female,Bengaluru,Karnataka,Salaried,6-10L,Affluent,2022-03-16 00:00:00,Completed,Low
C002984,Vivaan Mehta,2001-04-19 00:00:00,Male,Gurugram,Haryana,Student,10-20L,Mass,2025-04-24 00:00:00,Completed,Low
C002985,Neha Singh,1970-12-20 00:00:00,Female,Ahmedabad,Gujarat,Self-Employed,3-6L,Mass Affluent,2024-03-15 00:00:00,Completed,High
C002986,Aditya Iyer,1962-01-16 00:00:00,Female,Mysuru,Karnataka,Salaried,<3L,Affluent,2024-01-25 00:00:00,Completed,Low
C002987,Nikhil Iyer,1989-10-24 00:00:00,Female,Delhi,Delhi,Business,10-20L,Mass,2024-05-24 00:00:00,Completed,Low
C002988,Sai Reddy,1985-10-16 00:00:00,Female,Mysuru,Karnataka,Business,>20L,Mass,2022-12-20 00:00:00,Completed,Medium
C002989,Kiran Mehta,1998-12-08 00:00:00,Female,Mumbai,Maharashtra,Self-Employed,3-6L,Mass,2024-09-08 00:00:00,Completed,Low
C002990,Diya Nair,1985-03-15 00:00:00,Male,Chennai,Tamil Nadu,Salaried,10-20L,Mass,2025-05-08 00:00:00,Pending,High
C002991,Neha Rao,1993-04-22 00:00:00,Female,Pune,Maharashtra,Self-Employed,10-20L,Affluent,2023-07-29 00:00:00,Completed,Low
C002992,Diya Mehta,1994-06-13 00:00:00,Male,Pune,Maharashtra,Self-Employed,10-20L,Mass Affluent,2022-08-04 00:00:00,Completed,Medium
C002993,Nikhil Gupta,1960-06-05 00:00:00,Female,Bhubaneswar,Odisha,Salaried,3-6L,Mass,2023-09-28 00:00:00,Completed,Low
C002994,Ishita Patil,1966-07-03 00:00:00,Female,Mumbai,Maharashtra,Business,<3L,Mass Affluent,2022-11-23 00:00:00,Completed,Low
C002995,Meera Iyer,1994-03-03 00:00:00,Male,Mumbai,Maharashtra,Salaried,<3L,Affluent,2023-09-07 00:00:00,Completed,Low
C002996,Rohan Rao,1967-11-09 00:00:00,Female,Bhubaneswar,Odisha,Salaried,10-20L,Mass,2024-10-26 00:00:00,Completed,Medium
C002997,Aditya Patil,1969-01-11 00:00:00,Male,Hyderabad,Telangana,Self-Employed,10-20L,Mass,2022-07-06 00:00:00,Completed,Low
C002998,Pooja Iyer,1992-12-11 00:00:00,Male,Bengaluru,Karnataka,Retired,6-10L,Mass Affluent,2025-05-12 00:00:00,Completed,Low
C002999,Rahul Kulkarni,1968-12-16 00:00:00,Male,Gurugram,Haryana,Salaried,<3L,Mass Affluent,2023-01-04 00:00:00,Completed,Low
C003000,Diya Kulkarni,1966-07-20 00:00:00,Female,Hyderabad,Telangana,Salaried,<3L,Mass,2026-01-09 00:00:00,Pending,Low
C003001,Rahul Das,1960-08-03 00:00:00,Male,Pune,Maharashtra,Salaried,6-10L,Mass,2025-04-17 00:00:00,Completed,Medium
C003002,Aarav Singh,1980-07-25 00:00:00,Female,Hyderabad,Telangana,Business,10-20L,Mass,2023-03-24 00:00:00,Completed,Medium
C003003,Ananya Kulkarni,1987-11-23 00:00:00,Male,Chennai,Tamil Nadu,Salaried,3-6L,Mass Affluent,2024-07-13 00:00:00,Completed,Low
C003004,Sneha Das,1992-01-19 00:00:00,Female,Pune,Maharashtra,Salaried,6-10L,Mass Affluent,2022-07-01 00:00:00,Completed,Low
C003005,Sai Nair,1999-09-02 00:00:00,Male,Ahmedabad,Gujarat,Salaried,6-10L,Mass,2022-06-13 00:00:00,Completed,Low
C003006,Vivaan Gupta,1988-07-11 00:00:00,Male,Gurugram,Haryana,Student,10-20L,Mass Affluent,2026-04-19 00:00:00,Completed,Low
C003007,Diya Rao,1993-02-19 00:00:00,Female,Bhubaneswar,Odisha,Salaried,10-20L,Mass,2025-08-10 00:00:00,Completed,Low
C003008,Rahul Reddy,1969-03-23 00:00:00,Female,Mysuru,Karnataka,Self-Employed,3-6L,Mass Affluent,2022-09-11 00:00:00,Completed,Low
C003009,Aditya Patil,1974-11-30 00:00:00,Female,Pune,Maharashtra,Salaried,6-10L,Mass Affluent,2023-04-10 00:00:00,Completed,Low
C003010,Vivaan Gupta,1973-04-25 00:00:00,Female,Kolkata,West Bengal,Salaried,10-20L,Mass,2022-11-21 00:00:00,Completed,Medium
C003011,Sai Singh,1962-11-06 00:00:00,Female,Jaipur,Rajasthan,Salaried,>20L,Mass,2023-10-11 00:00:00,Completed,Low
C003012,Aarav Kulkarni,2002-06-12 00:00:00,Male,Mumbai,Maharashtra,Salaried,6-10L,Mass,2023-04-24 00:00:00,Completed,Medium
C003013,Arjun Singh,1970-07-27 00:00:00,Male,Bhubaneswar,Odisha,Salaried,3-6L,Mass Affluent,2023-06-23 00:00:00,Completed,Medium
C003014,Sneha Nair,1979-08-27 00:00:00,Female,Mumbai,Maharashtra,Salaried,6-10L,Mass Affluent,2024-05-19 00:00:00,Completed,Medium
C003015,Aarav Kulkarni,1975-08-21 00:00:00,Female,Delhi,Delhi,Salaried,6-10L,Mass,2022-11-07 00:00:00,Completed,High
C003016,Diya Joshi,1961-12-12 00:00:00,Female,Pune,Maharashtra,Salaried,3-6L,Affluent,2025-12-20 00:00:00,Completed,Low
C003017,Priya Gupta,1999-07-28 00:00:00,Male,Gurugram,Haryana,Salaried,>20L,Mass Affluent,2025-04-09 00:00:00,Completed,Low
C003018,Diya Mehta,1969-08-14 00:00:00,Male,Jaipur,Rajasthan,Salaried,3-6L,Mass,2025-06-02 00:00:00,Completed,Medium
C003019,Nikhil Singh,1964-05-25 00:00:00,Female,Kolkata,West Bengal,Salaried,10-20L,Mass,2022-10-06 00:00:00,Pending,Medium
C003020,Priya Nair,1974-12-31 00:00:00,Female,Ahmedabad,Gujarat,Salaried,3-6L,Mass,2025-03-08 00:00:00,Completed,Low
C003021,Sai Joshi,1966-04-19 00:00:00,Male,Pune,Maharashtra,Business,<3L,Mass,2025-10-05 00:00:00,Completed,Low
C003022,Aarav Iyer,2003-10-13 00:00:00,Female,Bhubaneswar,Odisha,Retired,6-10L,Affluent,2022-10-15 00:00:00,Completed,Medium
C003023,Nikhil Sharma,1968-04-11 00:00:00,Male,Gurugram,Haryana,Self-Employed,6-10L,Mass Affluent,2025-05-18 00:00:00,Completed,Low
C003024,Meera Reddy,1973-04-05 00:00:00,Female,Chennai,Tamil Nadu,Salaried,10-20L,Mass,2023-08-11 00:00:00,Completed,Low
C003025,Vivaan Singh,1971-11-18 00:00:00,Male,Kolkata,West Bengal,Retired,6-10L,Mass,2025-07-17 00:00:00,Completed,Low
C003026,Diya Joshi,1961-02-26 00:00:00,Female,Chennai,Tamil Nadu,Retired,<3L,Mass,2024-02-25 00:00:00,Completed,Low
C003027,Meera Sharma,1960-07-25 00:00:00,Female,Chennai,Tamil Nadu,Salaried,10-20L,Mass,2025-08-10 00:00:00,Completed,Low
C003028,Sneha Rao,1982-06-20 00:00:00,Male,Gurugram,Haryana,Salaried,6-10L,Mass,2022-08-31 00:00:00,Completed,Low
C003029,Aarav Patil,1970-03-12 00:00:00,Female,Chennai,Tamil Nadu,Business,3-6L,Affluent,2023-10-01 00:00:00,Completed,Medium
C003030,Neha Rao,1963-08-30 00:00:00,Male,Jaipur,Rajasthan,Retired,10-20L,Mass Affluent,2023-03-25 00:00:00,Completed,Low
C003031,Meera Rao,1972-10-06 00:00:00,Male,Delhi,Delhi,Business,<3L,Affluent,2023-02-12 00:00:00,Completed,Medium
C003032,Rahul Patil,1972-01-03 00:00:00,Male,Hyderabad,Telangana,Self-Employed,<3L,Mass,2023-05-22 00:00:00,Completed,Low
C003033,Aarav Singh,1978-07-30 00:00:00,Female,Mumbai,Maharashtra,Self-Employed,6-10L,Mass,2023-09-20 00:00:00,Completed,Medium
C003034,Neha Gupta,2003-06-22 00:00:00,Female,Delhi,Delhi,Retired,6-10L,Mass Affluent,2022-07-28 00:00:00,Completed,Low
C003035,Neha Mehta,1973-06-11 00:00:00,Male,Ahmedabad,Gujarat,Salaried,6-10L,Mass,2025-03-07 00:00:00,Pending,Low
C003036,Arjun Kulkarni,1990-11-13 00:00:00,Male,Chennai,Tamil Nadu,Salaried,10-20L,Mass,2024-06-22 00:00:00,Completed,Low
C003037,Kiran Das,1993-08-30 00:00:00,Male,Mumbai,Maharashtra,Student,3-6L,HNI,2025-09-23 00:00:00,Completed,Low
C003038,Priya Patil,1962-03-21 00:00:00,Female,Hyderabad,Telangana,Salaried,>20L,Mass Affluent,2025-03-03 00:00:00,Completed,Low
C003039,Ananya Gupta,1981-12-17 00:00:00,Male,Ahmedabad,Gujarat,Salaried,<3L,Affluent,2022-09-02 00:00:00,Completed,Low
C003040,Nikhil Nair,1979-08-27 00:00:00,Male,Mysuru,Karnataka,Salaried,<3L,Mass,2022-04-25 00:00:00,Completed,Medium
C003041,Priya Joshi,1982-03-29 00:00:00,Male,Bengaluru,Karnataka,Salaried,3-6L,Mass Affluent,2023-11-26 00:00:00,Completed,Low
C003042,Aarav Sharma,1967-07-09 00:00:00,Male,Delhi,Delhi,Salaried,<3L,Mass,2024-03-01 00:00:00,Completed,High
C003043,Ishita Mehta,1980-05-16 00:00:00,Female,Chennai,Tamil Nadu,Self-Employed,3-6L,Mass,2023-01-30 00:00:00,Completed,Low
C003044,Kavya Kulkarni,1965-05-21 00:00:00,Female,Pune,Maharashtra,Salaried,10-20L,Mass,2025-07-08 00:00:00,Completed,Low
C003045,Kiran Iyer,2001-06-07 00:00:00,Male,Ahmedabad,Gujarat,Self-Employed,10-20L,Affluent,2024-08-12 00:00:00,Completed,High
C003046,Ananya Sharma,1985-09-19 00:00:00,Female,Jaipur,Rajasthan,Salaried,10-20L,Mass,2025-05-13 00:00:00,Completed,Low
C003047,Rahul Rao,1961-07-06 00:00:00,Female,Hyderabad,Telangana,Retired,<3L,Mass Affluent,2022-06-28 00:00:00,Completed,Medium
C003048,Rahul Kulkarni,1982-02-24 00:00:00,Male,Delhi,Delhi,Self-Employed,10-20L,Affluent,2025-08-31 00:00:00,Completed,Low
C003049,Kavya Gupta,2000-07-30 00:00:00,Male,Bengaluru,Karnataka,Retired,3-6L,Mass Affluent,2022-12-05 00:00:00,Completed,Low
C003050,Nikhil Singh,1992-07-16 00:00:00,Male,Ahmedabad,Gujarat,Salaried,10-20L,Mass,2024-01-07 00:00:00,Pending,Medium
C003051,Vivaan Rao,1971-12-16 00:00:00,Female,Jaipur,Rajasthan,Salaried,6-10L,Mass Affluent,2023-12-23 00:00:00,Completed,Low
C003052,Meera Iyer,1999-02-01 00:00:00,Male,Gurugram,Haryana,Business,3-6L,Mass,2025-09-09 00:00:00,Completed,Medium
C003053,Aarav Mehta,1968-02-16 00:00:00,Male,Hyderabad,Telangana,Business,6-10L,Mass,2023-03-31 00:00:00,Completed,Low
C003054,Meera Gupta,1970-10-21 00:00:00,Male,Ahmedabad,Gujarat,Salaried,10-20L,Mass,2023-01-31 00:00:00,Completed,Medium
C003055,Sai Kulkarni,1966-10-15 00:00:00,Female,Kolkata,West Bengal,Self-Employed,3-6L,Mass Affluent,2023-07-12 00:00:00,Expired,Low
C003056,Neha Rao,2000-06-06 00:00:00,Male,Mysuru,Karnataka,Business,6-10L,Mass Affluent,2023-08-16 00:00:00,Pending,Low
C003057,Sai Patil,1991-05-28 00:00:00,Female,Kolkata,West Bengal,Salaried,>20L,Affluent,2022-10-26 00:00:00,Completed,Low
C003058,Neha Mehta,1982-09-09 00:00:00,Female,Bhubaneswar,Odisha,Self-Employed,3-6L,Mass,2022-10-17 00:00:00,Completed,Low
C003059,Ishita Iyer,1989-04-04 00:00:00,Male,Ahmedabad,Gujarat,Salaried,3-6L,Mass,2023-01-15 00:00:00,Completed,High
C003060,Ishita Das,1971-05-04 00:00:00,Male,Gurugram,Haryana,Salaried,6-10L,Mass,2024-02-07 00:00:00,Completed,High
C003061,Sai Iyer,1963-02-04 00:00:00,Male,Hyderabad,Telangana,Student,10-20L,HNI,2023-07-18 00:00:00,Completed,Medium
C003062,Kavya Das,1997-01-18 00:00:00,Male,Pune,Maharashtra,Self-Employed,3-6L,Affluent,2023-10-06 00:00:00,Completed,Medium
C003063,Rohan Nair,2002-03-28 00:00:00,Male,Chennai,Tamil Nadu,Business,6-10L,Affluent,2025-03-26 00:00:00,Completed,Medium
C003064,Priya Reddy,1961-07-22 00:00:00,Male,Mumbai,Maharashtra,Business,3-6L,Mass,2023-01-31 00:00:00,Completed,Low
C003065,Diya Rao,1962-04-06 00:00:00,Male,Delhi,Delhi,Retired,>20L,Mass,2026-02-03 00:00:00,Pending,Low
C003066,Sai Das,1984-07-05 00:00:00,Male,Pune,Maharashtra,Salaried,10-20L,Mass Affluent,2025-05-19 00:00:00,Completed,Low
C003067,Priya Rao,1961-11-19 00:00:00,Male,Delhi,Delhi,Salaried,6-10L,Mass,2022-10-14 00:00:00,Completed,Low
C003068,Diya Reddy,1991-08-11 00:00:00,Female,Delhi,Delhi,Salaried,>20L,Mass,2023-05-31 00:00:00,Completed,Medium
C003069,Kavya Joshi,2001-05-30 00:00:00,Female,Bengaluru,Karnataka,Self-Employed,6-10L,Mass,2022-10-29 00:00:00,Completed,Low
C003070,Nikhil Reddy,1972-04-06 00:00:00,Male,Kolkata,West Bengal,Self-Employed,>20L,Mass,2023-03-24 00:00:00,Pending,Low
C003071,Pooja Reddy,1972-11-22 00:00:00,Male,Gurugram,Haryana,Business,3-6L,Mass,2023-08-24 00:00:00,Completed,Medium
C003072,Ananya Kulkarni,1997-10-28 00:00:00,Male,Bhubaneswar,Odisha,Salaried,3-6L,Affluent,2022-08-03 00:00:00,Completed,Low
C003073,Aditya Mehta,1975-08-08 00:00:00,Male,Mumbai,Maharashtra,Salaried,10-20L,Mass Affluent,2022-01-24 00:00:00,Completed,High
C003074,Priya Joshi,1970-07-11 00:00:00,Female,Kolkata,West Bengal,Student,3-6L,Mass Affluent,2023-12-22 00:00:00,Completed,High
C003075,Arjun Reddy,1963-09-10 00:00:00,Male,Mumbai,Maharashtra,Business,3-6L,Mass,2025-02-25 00:00:00,Completed,Low
C003076,Rohan Reddy,1996-10-15 00:00:00,Female,Hyderabad,Telangana,Salaried,10-20L,Mass Affluent,2023-05-13 00:00:00,Completed,Medium
C003077,Aarav Kulkarni,2000-07-23 00:00:00,Female,Gurugram,Haryana,Business,6-10L,Mass,2025-11-13 00:00:00,Completed,Low
C003078,Pooja Iyer,1963-06-10 00:00:00,Female,Gurugram,Haryana,Self-Employed,3-6L,Mass,2023-08-30 00:00:00,Completed,Low
C003079,Kavya Nair,1995-03-05 00:00:00,Male,Chennai,Tamil Nadu,Business,3-6L,Mass,2026-01-19 00:00:00,Completed,Medium
C003080,Meera Reddy,1967-01-02 00:00:00,Female,Ahmedabad,Gujarat,Salaried,3-6L,Mass,2023-01-23 00:00:00,Completed,Low
C003081,Diya Patil,1966-01-30 00:00:00,Male,Pune,Maharashtra,Self-Employed,<3L,Affluent,2024-06-04 00:00:00,Completed,Low
C003082,Sai Reddy,1976-09-08 00:00:00,Female,Jaipur,Rajasthan,Salaried,3-6L,Affluent,2025-06-07 00:00:00,Completed,Low
C003083,Aarav Das,1979-02-17 00:00:00,Female,Mumbai,Maharashtra,Salaried,6-10L,Mass,2022-04-07 00:00:00,Completed,Low
C003084,Meera Das,1997-05-30 00:00:00,Female,Pune,Maharashtra,Business,10-20L,Mass Affluent,2026-03-08 00:00:00,Completed,Medium
C003085,Ishita Das,1990-08-26 00:00:00,Male,Pune,Maharashtra,Salaried,3-6L,Mass,2023-08-23 00:00:00,Pending,Low
C003086,Ishita Gupta,1966-05-02 00:00:00,Female,Bhubaneswar,Odisha,Salaried,3-6L,Mass,2024-03-28 00:00:00,Completed,Low
C003087,Aarav Kulkarni,1985-08-02 00:00:00,Male,Mysuru,Karnataka,Salaried,6-10L,Mass Affluent,2024-10-28 00:00:00,Completed,Medium
C003088,Aditya Joshi,1998-05-08 00:00:00,Male,Delhi,Delhi,Salaried,3-6L,Mass Affluent,2024-11-21 00:00:00,Pending,Low
C003089,Kiran Reddy,1989-01-01 00:00:00,Male,Gurugram,Haryana,Business,3-6L,Mass Affluent,2022-02-08 00:00:00,Completed,Low
C003090,Nikhil Das,1970-01-23 00:00:00,Female,Ahmedabad,Gujarat,Salaried,3-6L,Mass,2025-11-24 00:00:00,Completed,Low
C003091,Kiran Joshi,1965-08-23 00:00:00,Female,Gurugram,Haryana,Business,6-10L,Mass,2024-10-20 00:00:00,Completed,Medium
C003092,Rahul Reddy,1979-10-28 00:00:00,Female,Bhubaneswar,Odisha,Student,<3L,Mass,2026-06-29 00:00:00,Completed,Low
C003093,Neha Nair,1980-09-07 00:00:00,Female,Kolkata,West Bengal,Salaried,3-6L,Mass,2024-02-14 00:00:00,Completed,Low
C003094,Kiran Reddy,1975-06-14 00:00:00,Female,Kolkata,West Bengal,Business,6-10L,Mass,2024-10-04 00:00:00,Completed,Low
C003095,Ananya Gupta,1964-10-14 00:00:00,Male,Ahmedabad,Gujarat,Salaried,10-20L,Mass,2023-12-26 00:00:00,Completed,Low
C003096,Ishita Sharma,1965-03-05 00:00:00,Male,Mysuru,Karnataka,Salaried,6-10L,Mass,2026-01-01 00:00:00,Completed,High
C003097,Pooja Sharma,1983-03-04 00:00:00,Male,Gurugram,Haryana,Salaried,>20L,Mass,2025-09-28 00:00:00,Completed,Medium
C003098,Meera Iyer,2001-05-13 00:00:00,Female,Chennai,Tamil Nadu,Salaried,6-10L,Mass Affluent,2026-01-31 00:00:00,Completed,Low
C003099,Ishita Joshi,1986-03-11 00:00:00,Male,Mumbai,Maharashtra,Salaried,3-6L,Mass,2024-04-08 00:00:00,Completed,Low
C003100,Diya Gupta,1979-03-12 00:00:00,Male,Mysuru,Karnataka,Salaried,3-6L,Mass,2025-07-23 00:00:00,Completed,Low
C003101,Aditya Reddy,2000-10-17 00:00:00,Male,Mysuru,Karnataka,Student,<3L,Affluent,2023-08-13 00:00:00,Completed,Low
C003102,Sneha Das,1990-03-29 00:00:00,Female,Ahmedabad,Gujarat,Self-Employed,3-6L,Affluent,2024-01-27 00:00:00,Completed,Low
C003103,Kiran Joshi,1991-06-13 00:00:00,Male,Chennai,Tamil Nadu,Retired,<3L,Mass,2025-06-02 00:00:00,Completed,Low
C003104,Rohan Nair,1985-03-14 00:00:00,Male,Pune,Maharashtra,Self-Employed,3-6L,Mass,2022-05-14 00:00:00,Completed,Low
C003105,Ishita Iyer,1993-06-02 00:00:00,Male,Kolkata,West Bengal,Self-Employed,6-10L,Mass,2025-03-12 00:00:00,Completed,Medium
C003106,Neha Sharma,1981-12-23 00:00:00,Female,Kolkata,West Bengal,Salaried,6-10L,Affluent,2022-01-26 00:00:00,Completed,Low
C003107,Neha Joshi,1987-04-02 00:00:00,Female,Ahmedabad,Gujarat,Self-Employed,3-6L,Mass,2024-08-11 00:00:00,Completed,Low
C003108,Rohan Iyer,1987-01-04 00:00:00,Female,Jaipur,Rajasthan,Salaried,6-10L,Mass,2024-02-23 00:00:00,Completed,Low
C003109,Priya Mehta,1992-12-20 00:00:00,Male,Jaipur,Rajasthan,Retired,3-6L,Mass Affluent,2024-02-09 00:00:00,Completed,Low
C003110,Vivaan Mehta,1999-05-09 00:00:00,Male,Mumbai,Maharashtra,Retired,6-10L,Mass Affluent,2024-03-22 00:00:00,Completed,Low
C003111,Arjun Nair,1972-11-21 00:00:00,Female,Ahmedabad,Gujarat,Salaried,6-10L,Mass,2024-03-18 00:00:00,Completed,Low
C003112,Sneha Sharma,1990-08-19 00:00:00,Male,Delhi,Delhi,Self-Employed,3-6L,Mass,2023-10-31 00:00:00,Completed,High
C003113,Ishita Mehta,1961-05-21 00:00:00,Male,Delhi,Delhi,Self-Employed,3-6L,Mass,2024-01-12 00:00:00,Completed,Low
C003114,Priya Iyer,1983-04-29 00:00:00,Male,Chennai,Tamil Nadu,Self-Employed,>20L,Mass,2024-07-21 00:00:00,Completed,Low
C003115,Vivaan Mehta,1999-05-15 00:00:00,Female,Chennai,Tamil Nadu,Salaried,6-10L,Mass,2025-06-07 00:00:00,Completed,Low
C003116,Neha Mehta,1988-04-05 00:00:00,Female,Gurugram,Haryana,Self-Employed,6-10L,Mass Affluent,2024-06-25 00:00:00,Completed,Low
C003117,Vivaan Gupta,1971-09-23 00:00:00,Male,Bhubaneswar,Odisha,Business,<3L,Mass Affluent,2024-11-21 00:00:00,Completed,Medium
C003118,Kavya Nair,1986-07-25 00:00:00,Female,Mumbai,Maharashtra,Salaried,3-6L,Mass Affluent,2025-10-05 00:00:00,Completed,Low
C003119,Neha Singh,1975-09-02 00:00:00,Male,Mysuru,Karnataka,Self-Employed,3-6L,Mass Affluent,2026-06-13 00:00:00,Completed,Medium
C003120,Kavya Nair,1978-12-21 00:00:00,Female,Bengaluru,Karnataka,Salaried,>20L,Mass,2022-06-28 00:00:00,Completed,Low
C003121,Ananya Iyer,1969-12-28 00:00:00,Female,Ahmedabad,Gujarat,Retired,3-6L,Mass,2025-03-16 00:00:00,Completed,Low
C003122,Kavya Das,1987-05-15 00:00:00,Male,Delhi,Delhi,Salaried,3-6L,Mass Affluent,2023-01-05 00:00:00,Completed,Low
C003123,Vivaan Joshi,1968-09-08 00:00:00,Male,Gurugram,Haryana,Salaried,>20L,Mass,2022-11-20 00:00:00,Completed,Low
C003124,Nikhil Reddy,1979-06-07 00:00:00,Female,Chennai,Tamil Nadu,Salaried,6-10L,Mass,2025-07-26 00:00:00,Completed,Low
C003125,Sneha Rao,2001-02-21 00:00:00,Male,Gurugram,Haryana,Business,3-6L,Mass,2022-04-23 00:00:00,Completed,Low
C003126,Sneha Patil,1993-03-09 00:00:00,Female,Hyderabad,Telangana,Business,6-10L,Mass Affluent,2025-10-24 00:00:00,Completed,Low
C003127,Nikhil Patil,1978-02-24 00:00:00,Female,Bengaluru,Karnataka,Salaried,6-10L,Mass Affluent,2025-06-19 00:00:00,Completed,Medium
C003128,Ananya Das,2002-06-11 00:00:00,Male,Mysuru,Karnataka,Salaried,>20L,Mass,2026-06-22 00:00:00,Completed,Low
C003129,Priya Reddy,1960-08-11 00:00:00,Female,Bhubaneswar,Odisha,Business,<3L,Mass,2025-01-01 00:00:00,Completed,Low
C003130,Neha Iyer,2002-01-17 00:00:00,Male,Gurugram,Haryana,Salaried,10-20L,Mass Affluent,2025-12-04 00:00:00,Completed,Medium
C003131,Rohan Nair,1975-06-05 00:00:00,Female,Mumbai,Maharashtra,Salaried,3-6L,Mass,2022-07-14 00:00:00,Completed,Low
C003132,Aarav Reddy,1995-12-14 00:00:00,Male,Delhi,Delhi,Retired,10-20L,Mass,2026-01-01 00:00:00,Completed,Low
C003133,Sneha Das,2001-07-04 00:00:00,Female,Delhi,Delhi,Salaried,10-20L,Mass Affluent,2022-09-21 00:00:00,Completed,Low
C003134,Diya Nair,1986-05-12 00:00:00,Male,Pune,Maharashtra,Self-Employed,10-20L,Mass Affluent,2023-06-01 00:00:00,Completed,Low
C003135,Aditya Singh,1986-09-28 00:00:00,Female,Pune,Maharashtra,Salaried,10-20L,Mass,2022-07-30 00:00:00,Completed,Low
C003136,Rohan Joshi,1992-10-28 00:00:00,Male,Kolkata,West Bengal,Business,6-10L,Mass,2023-10-22 00:00:00,Completed,Low
C003137,Ananya Joshi,1970-07-02 00:00:00,Female,Mysuru,Karnataka,Business,<3L,Affluent,2025-05-14 00:00:00,Completed,Medium
C003138,Arjun Patil,1967-10-19 00:00:00,Male,Pune,Maharashtra,Salaried,<3L,Mass,2023-03-17 00:00:00,Pending,Low
C003139,Arjun Joshi,1975-01-20 00:00:00,Female,Gurugram,Haryana,Self-Employed,3-6L,Affluent,2025-09-12 00:00:00,Completed,Medium
C003140,Sneha Rao,1980-12-25 00:00:00,Male,Hyderabad,Telangana,Student,6-10L,Mass Affluent,2024-09-22 00:00:00,Completed,Low
C003141,Rahul Patil,1992-07-17 00:00:00,Male,Jaipur,Rajasthan,Business,3-6L,Affluent,2024-10-29 00:00:00,Completed,Low
C003142,Nikhil Joshi,1971-04-09 00:00:00,Male,Bhubaneswar,Odisha,Salaried,10-20L,Mass,2026-03-22 00:00:00,Completed,Low
C003143,Neha Joshi,1984-09-27 00:00:00,Female,Pune,Maharashtra,Salaried,6-10L,Mass,2023-12-11 00:00:00,Pending,Low
C003144,Nikhil Das,1960-02-25 00:00:00,Male,Hyderabad,Telangana,Student,>20L,Mass,2023-07-20 00:00:00,Completed,Low
C003145,Ananya Iyer,1961-05-09 00:00:00,Female,Bengaluru,Karnataka,Salaried,3-6L,Mass,2026-06-22 00:00:00,Completed,Low
C003146,Priya Iyer,2002-05-07 00:00:00,Female,Chennai,Tamil Nadu,Salaried,10-20L,Mass,2024-07-03 00:00:00,Completed,Low
C003147,Vivaan Reddy,1997-03-31 00:00:00,Male,Mysuru,Karnataka,Salaried,10-20L,Mass,2024-10-06 00:00:00,Completed,Low
C003148,Rohan Das,1997-11-03 00:00:00,Female,Bengaluru,Karnataka,Business,>20L,Mass,2023-05-02 00:00:00,Pending,Low
C003149,Sai Reddy,1974-05-26 00:00:00,Female,Kolkata,West Bengal,Salaried,10-20L,Mass Affluent,2022-12-20 00:00:00,Pending,Low
C003150,Sai Reddy,1982-07-03 00:00:00,Male,Mumbai,Maharashtra,Salaried,3-6L,Mass,2022-10-06 00:00:00,Completed,Low
C003151,Vivaan Iyer,1989-07-22 00:00:00,Female,Gurugram,Haryana,Self-Employed,<3L,Mass,2023-01-03 00:00:00,Completed,Low
C003152,Kavya Singh,1971-02-18 00:00:00,Female,Mysuru,Karnataka,Salaried,>20L,Mass,2022-11-17 00:00:00,Completed,Low
C003153,Sneha Singh,1992-08-11 00:00:00,Male,Kolkata,West Bengal,Salaried,6-10L,Mass Affluent,2025-05-11 00:00:00,Completed,Low
C003154,Ananya Patil,1990-05-10 00:00:00,Female,Ahmedabad,Gujarat,Salaried,10-20L,Mass,2022-04-06 00:00:00,Completed,Low
C003155,Sai Gupta,1977-11-03 00:00:00,Male,Hyderabad,Telangana,Salaried,10-20L,Mass Affluent,2024-10-30 00:00:00,Completed,Medium
C003156,Aarav Das,1979-01-17 00:00:00,Male,Jaipur,Rajasthan,Retired,10-20L,Mass,2026-04-08 00:00:00,Completed,Medium
C003157,Meera Sharma,1973-06-18 00:00:00,Female,Gurugram,Haryana,Salaried,10-20L,Mass Affluent,2025-06-11 00:00:00,Completed,Low
C003158,Sneha Nair,1995-03-11 00:00:00,Male,Mumbai,Maharashtra,Student,10-20L,Mass Affluent,2023-10-24 00:00:00,Completed,Low
C003159,Kiran Mehta,2003-03-26 00:00:00,Male,Mysuru,Karnataka,Salaried,10-20L,Mass,2022-04-08 00:00:00,Completed,Medium
C003160,Aarav Das,2003-10-14 00:00:00,Male,Mumbai,Maharashtra,Salaried,3-6L,Mass Affluent,2025-10-01 00:00:00,Completed,Low
C003161,Kiran Gupta,1993-10-16 00:00:00,Female,Mumbai,Maharashtra,Salaried,<3L,Affluent,2022-01-06 00:00:00,Completed,Low
C003162,Diya Das,1975-04-17 00:00:00,Female,Pune,Maharashtra,Self-Employed,<3L,Mass,2025-01-23 00:00:00,Completed,Low
C003163,Kiran Nair,1994-03-20 00:00:00,Female,Mumbai,Maharashtra,Salaried,3-6L,Mass,2025-01-06 00:00:00,Completed,Low
C003164,Pooja Nair,1970-09-15 00:00:00,Male,Chennai,Tamil Nadu,Salaried,10-20L,Affluent,2022-11-12 00:00:00,Completed,Low
C003165,Aditya Das,1999-04-11 00:00:00,Male,Mysuru,Karnataka,Retired,10-20L,Affluent,2025-04-29 00:00:00,Completed,Low
C003166,Aarav Gupta,1971-09-18 00:00:00,Male,Chennai,Tamil Nadu,Salaried,3-6L,Mass Affluent,2022-10-16 00:00:00,Completed,Low
C003167,Priya Singh,1977-08-24 00:00:00,Male,Delhi,Delhi,Retired,3-6L,Mass,2023-01-06 00:00:00,Completed,Low
C003168,Priya Gupta,1964-02-02 00:00:00,Female,Kolkata,West Bengal,Salaried,6-10L,Mass,2025-08-26 00:00:00,Completed,Low
C003169,Vivaan Reddy,1963-07-25 00:00:00,Male,Hyderabad,Telangana,Salaried,10-20L,Affluent,2026-05-27 00:00:00,Expired,Low
C003170,Sai Sharma,1977-04-05 00:00:00,Female,Jaipur,Rajasthan,Self-Employed,6-10L,Mass Affluent,2023-03-11 00:00:00,Completed,Low
C003171,Rahul Sharma,1984-02-07 00:00:00,Male,Gurugram,Haryana,Salaried,<3L,Mass,2026-02-21 00:00:00,Completed,Low
C003172,Sai Sharma,1960-10-05 00:00:00,Male,Pune,Maharashtra,Salaried,3-6L,Mass,2026-02-08 00:00:00,Completed,Low
C003173,Kavya Kulkarni,1997-01-24 00:00:00,Female,Chennai,Tamil Nadu,Salaried,6-10L,Mass Affluent,2025-06-17 00:00:00,Completed,High
C003174,Aditya Sharma,1965-01-04 00:00:00,Female,Chennai,Tamil Nadu,Salaried,6-10L,Mass Affluent,2022-08-18 00:00:00,Completed,Low
C003175,Arjun Iyer,2003-09-26 00:00:00,Male,Gurugram,Haryana,Business,10-20L,Affluent,2023-05-07 00:00:00,Completed,Low
C003176,Ananya Reddy,1971-11-26 00:00:00,Male,Hyderabad,Telangana,Salaried,>20L,Mass,2025-01-17 00:00:00,Completed,Low
C003177,Kavya Das,1976-08-07 00:00:00,Male,Gurugram,Haryana,Retired,<3L,Mass,2026-06-29 00:00:00,Completed,Low
C003178,Priya Reddy,1967-01-01 00:00:00,Female,Pune,Maharashtra,Salaried,3-6L,Mass,2025-08-30 00:00:00,Completed,Low
C003179,Sneha Joshi,1996-02-11 00:00:00,Female,Pune,Maharashtra,Salaried,3-6L,Mass,2023-11-22 00:00:00,Completed,Low
C003180,Rahul Sharma,1992-01-27 00:00:00,Female,Jaipur,Rajasthan,Salaried,3-6L,Mass,2023-01-22 00:00:00,Completed,High
C003181,Aditya Singh,1963-06-10 00:00:00,Female,Kolkata,West Bengal,Self-Employed,3-6L,Mass,2026-04-26 00:00:00,Completed,Low
C003182,Rohan Kulkarni,1964-08-16 00:00:00,Female,Mysuru,Karnataka,Student,<3L,Mass,2023-03-30 00:00:00,Completed,Low
C003183,Neha Patil,1986-09-06 00:00:00,Male,Bhubaneswar,Odisha,Student,<3L,Mass,2023-07-16 00:00:00,Expired,Medium
C003184,Pooja Mehta,1997-12-07 00:00:00,Male,Kolkata,West Bengal,Salaried,10-20L,Mass Affluent,2026-05-03 00:00:00,Pending,Low
C003185,Aditya Singh,1964-10-23 00:00:00,Female,Bengaluru,Karnataka,Salaried,<3L,Mass,2024-07-11 00:00:00,Completed,Low
C003186,Kiran Reddy,1969-09-07 00:00:00,Male,Kolkata,West Bengal,Business,10-20L,Mass,2023-03-11 00:00:00,Completed,Low
C003187,Arjun Joshi,1983-11-21 00:00:00,Male,Chennai,Tamil Nadu,Salaried,3-6L,Mass Affluent,2022-01-09 00:00:00,Completed,Low
C003188,Meera Kulkarni,1964-10-03 00:00:00,Female,Jaipur,Rajasthan,Self-Employed,3-6L,Mass,2023-12-07 00:00:00,Completed,Low
C003189,Nikhil Iyer,1973-05-04 00:00:00,Female,Gurugram,Haryana,Salaried,<3L,Mass,2026-06-08 00:00:00,Completed,Medium
C003190,Nikhil Gupta,1960-06-10 00:00:00,Male,Hyderabad,Telangana,Salaried,<3L,Affluent,2023-12-12 00:00:00,Completed,Low
C003191,Diya Das,1981-11-12 00:00:00,Female,Pune,Maharashtra,Salaried,3-6L,Mass Affluent,2025-02-22 00:00:00,Completed,Low
C003192,Vivaan Patil,1991-05-01 00:00:00,Female,Pune,Maharashtra,Salaried,10-20L,Mass,2023-02-20 00:00:00,Completed,Low
C003193,Nikhil Patil,1978-01-17 00:00:00,Male,Chennai,Tamil Nadu,Student,10-20L,Affluent,2025-06-27 00:00:00,Pending,Low
C003194,Kiran Joshi,1971-03-29 00:00:00,Male,Ahmedabad,Gujarat,Self-Employed,<3L,Affluent,2025-06-27 00:00:00,Expired,High
C003195,Kavya Iyer,1978-08-03 00:00:00,Female,Jaipur,Rajasthan,Student,<3L,Mass Affluent,2024-09-25 00:00:00,Completed,Low
C003196,Rohan Singh,1982-04-26 00:00:00,Male,Ahmedabad,Gujarat,Business,3-6L,Mass,2025-06-21 00:00:00,Completed,Low
C003197,Nikhil Das,1967-04-05 00:00:00,Female,Chennai,Tamil Nadu,Salaried,10-20L,Mass Affluent,2024-08-08 00:00:00,Completed,Low
C003198,Rahul Reddy,1964-11-20 00:00:00,Male,Hyderabad,Telangana,Self-Employed,3-6L,Mass,2023-09-14 00:00:00,Completed,Medium
C003199,Kiran Mehta,1967-12-19 00:00:00,Male,Delhi,Delhi,Salaried,3-6L,Mass,2025-04-26 00:00:00,Completed,Low
C003200,Kiran Nair,2003-02-28 00:00:00,Male,Ahmedabad,Gujarat,Business,10-20L,Mass,2025-10-03 00:00:00,Completed,Low
C003201,Ananya Das,1991-09-02 00:00:00,Male,Pune,Maharashtra,Salaried,10-20L,Mass Affluent,2025-10-13 00:00:00,Completed,Medium
C003202,Ishita Joshi,1965-06-29 00:00:00,Female,Pune,Maharashtra,Retired,6-10L,Mass,2022-12-16 00:00:00,Completed,Low
C003203,Kavya Gupta,1973-03-14 00:00:00,Male,Jaipur,Rajasthan,Self-Employed,3-6L,Affluent,2025-01-15 00:00:00,Completed,Low
C003204,Aarav Patil,1978-01-16 00:00:00,Male,Chennai,Tamil Nadu,Self-Employed,3-6L,HNI,2022-01-08 00:00:00,Completed,Low
C003205,Aarav Nair,1967-12-09 00:00:00,Male,Delhi,Delhi,Self-Employed,3-6L,Mass,2024-07-28 00:00:00,Completed,Medium
C003206,Arjun Joshi,1997-04-22 00:00:00,Female,Jaipur,Rajasthan,Self-Employed,6-10L,Mass,2024-07-26 00:00:00,Completed,Medium
C003207,Diya Das,2001-03-15 00:00:00,Female,Bhubaneswar,Odisha,Business,10-20L,Affluent,2023-08-20 00:00:00,Completed,High
C003208,Pooja Iyer,1970-09-23 00:00:00,Female,Pune,Maharashtra,Self-Employed,<3L,Mass,2026-06-21 00:00:00,Completed,Low
C003209,Vivaan Kulkarni,1960-09-21 00:00:00,Female,Hyderabad,Telangana,Salaried,10-20L,Mass Affluent,2025-12-20 00:00:00,Completed,Medium
C003210,Rahul Mehta,1971-09-11 00:00:00,Female,Gurugram,Haryana,Self-Employed,6-10L,Mass,2022-03-05 00:00:00,Completed,Low
C003211,Diya Sharma,1985-07-08 00:00:00,Female,Kolkata,West Bengal,Salaried,10-20L,Mass,2022-12-09 00:00:00,Completed,Low
C003212,Diya Joshi,1995-06-01 00:00:00,Female,Bhubaneswar,Odisha,Self-Employed,<3L,Mass,2022-12-08 00:00:00,Pending,Medium
C003213,Kavya Singh,1974-11-15 00:00:00,Male,Hyderabad,Telangana,Self-Employed,3-6L,Mass,2026-01-13 00:00:00,Completed,Medium
C003214,Aditya Singh,1971-12-22 00:00:00,Female,Ahmedabad,Gujarat,Salaried,<3L,Affluent,2024-05-02 00:00:00,Completed,Medium
C003215,Kavya Mehta,1970-11-25 00:00:00,Female,Chennai,Tamil Nadu,Business,6-10L,Mass,2025-04-11 00:00:00,Completed,Low
C003216,Priya Kulkarni,1960-02-15 00:00:00,Female,Jaipur,Rajasthan,Salaried,<3L,Mass,2025-08-22 00:00:00,Completed,Low
C003217,Aarav Patil,1960-08-12 00:00:00,Female,Delhi,Delhi,Self-Employed,3-6L,Mass Affluent,2025-06-14 00:00:00,Expired,Medium
C003218,Rohan Kulkarni,1978-09-29 00:00:00,Male,Delhi,Delhi,Business,10-20L,Affluent,2022-05-27 00:00:00,Completed,High
C003219,Neha Joshi,1987-01-19 00:00:00,Male,Gurugram,Haryana,Self-Employed,10-20L,Mass,2022-08-19 00:00:00,Completed,Low
C003220,Aarav Reddy,1960-07-19 00:00:00,Female,Bhubaneswar,Odisha,Business,6-10L,Mass Affluent,2023-10-11 00:00:00,Completed,Low
C003221,Diya Kulkarni,1968-10-09 00:00:00,Male,Chennai,Tamil Nadu,Salaried,6-10L,Mass,2023-07-10 00:00:00,Completed,Low
C003222,Rohan Rao,1999-11-08 00:00:00,Female,Mysuru,Karnataka,Salaried,6-10L,Mass Affluent,2025-05-11 00:00:00,Completed,Low
C003223,Kiran Nair,2003-05-16 00:00:00,Female,Bengaluru,Karnataka,Business,6-10L,Mass Affluent,2022-09-14 00:00:00,Expired,Low
C003224,Vivaan Rao,1988-02-12 00:00:00,Male,Hyderabad,Telangana,Salaried,3-6L,Affluent,2023-09-03 00:00:00,Pending,High
C003225,Sai Nair,1982-11-07 00:00:00,Male,Ahmedabad,Gujarat,Salaried,<3L,Mass Affluent,2023-01-24 00:00:00,Completed,Low
C003226,Sai Rao,1985-07-16 00:00:00,Female,Gurugram,Haryana,Salaried,3-6L,Affluent,2022-11-07 00:00:00,Completed,Medium
C003227,Sneha Mehta,1976-03-24 00:00:00,Male,Hyderabad,Telangana,Salaried,<3L,Mass,2022-10-11 00:00:00,Completed,Low
C003228,Rohan Nair,1968-10-30 00:00:00,Male,Ahmedabad,Gujarat,Retired,6-10L,Mass Affluent,2022-11-18 00:00:00,Completed,Low
C003229,Pooja Joshi,1976-06-20 00:00:00,Male,Hyderabad,Telangana,Salaried,6-10L,Mass Affluent,2024-07-15 00:00:00,Completed,Low
C003230,Vivaan Mehta,1990-08-30 00:00:00,Female,Jaipur,Rajasthan,Salaried,3-6L,Mass,2023-11-05 00:00:00,Completed,Low
C003231,Kavya Das,1989-01-10 00:00:00,Male,Chennai,Tamil Nadu,Retired,10-20L,Affluent,2023-12-16 00:00:00,Completed,Medium
C003232,Rohan Mehta,1989-09-01 00:00:00,Male,Kolkata,West Bengal,Retired,6-10L,Mass Affluent,2024-02-27 00:00:00,Completed,Low
C003233,Priya Sharma,1986-08-31 00:00:00,Male,Ahmedabad,Gujarat,Salaried,6-10L,Affluent,2025-05-01 00:00:00,Completed,Medium
C003234,Diya Das,1962-08-25 00:00:00,Female,Chennai,Tamil Nadu,Student,10-20L,Mass,2025-11-16 00:00:00,Completed,Low
C003235,Rohan Kulkarni,1987-06-11 00:00:00,Male,Bengaluru,Karnataka,Salaried,3-6L,Affluent,2024-05-14 00:00:00,Completed,High
C003236,Aditya Reddy,1998-08-02 00:00:00,Male,Gurugram,Haryana,Business,3-6L,Mass,2024-11-20 00:00:00,Completed,Low
C003237,Meera Sharma,1988-06-04 00:00:00,Male,Mysuru,Karnataka,Salaried,3-6L,Affluent,2025-04-27 00:00:00,Completed,Low
C003238,Rohan Iyer,1985-05-19 00:00:00,Female,Hyderabad,Telangana,Salaried,6-10L,Mass,2025-02-07 00:00:00,Completed,Low
C003239,Priya Reddy,1969-10-23 00:00:00,Male,Mysuru,Karnataka,Salaried,3-6L,Mass Affluent,2022-08-09 00:00:00,Completed,Low
C003240,Neha Reddy,1994-09-18 00:00:00,Male,Hyderabad,Telangana,Business,10-20L,Mass,2026-06-03 00:00:00,Expired,Low
C003241,Arjun Singh,1979-10-13 00:00:00,Male,Delhi,Delhi,Salaried,3-6L,Mass Affluent,2022-09-28 00:00:00,Pending,High
C003242,Rohan Joshi,1971-07-08 00:00:00,Female,Bengaluru,Karnataka,Salaried,6-10L,Mass,2023-11-08 00:00:00,Completed,Medium
C003243,Vivaan Singh,1981-06-16 00:00:00,Male,Mysuru,Karnataka,Business,6-10L,Affluent,2024-12-07 00:00:00,Completed,Low
C003244,Pooja Patil,1965-05-06 00:00:00,Male,Hyderabad,Telangana,Salaried,3-6L,Affluent,2023-10-25 00:00:00,Completed,Low
C003245,Kiran Gupta,2000-07-31 00:00:00,Female,Bengaluru,Karnataka,Student,10-20L,Mass,2023-02-04 00:00:00,Completed,Low
C003246,Rahul Nair,1990-10-09 00:00:00,Female,Jaipur,Rajasthan,Salaried,6-10L,Mass Affluent,2026-02-25 00:00:00,Completed,Medium
C003247,Kavya Gupta,1974-04-21 00:00:00,Female,Ahmedabad,Gujarat,Salaried,10-20L,Mass Affluent,2022-04-28 00:00:00,Expired,Medium
C003248,Nikhil Singh,1994-10-11 00:00:00,Male,Kolkata,West Bengal,Salaried,6-10L,Mass,2023-02-08 00:00:00,Completed,Low
C003249,Ananya Patil,1962-05-16 00:00:00,Female,Mumbai,Maharashtra,Salaried,6-10L,Mass,2026-06-19 00:00:00,Completed,Low
C003250,Rahul Sharma,1976-11-28 00:00:00,Male,Ahmedabad,Gujarat,Salaried,3-6L,Mass,2025-04-13 00:00:00,Completed,Low
C003251,Diya Patil,1988-07-14 00:00:00,Female,Chennai,Tamil Nadu,Self-Employed,6-10L,Mass,2022-05-23 00:00:00,Completed,Low
C003252,Sneha Mehta,1961-01-14 00:00:00,Male,Delhi,Delhi,Self-Employed,3-6L,Mass,2025-05-24 00:00:00,Completed,Low
C003253,Aarav Nair,1991-01-17 00:00:00,Male,Bengaluru,Karnataka,Salaried,3-6L,Mass,2026-05-11 00:00:00,Completed,Low
C003254,Nikhil Reddy,1995-11-05 00:00:00,Female,Hyderabad,Telangana,Salaried,3-6L,Mass,2022-06-10 00:00:00,Completed,Medium
C003255,Diya Kulkarni,1986-01-10 00:00:00,Female,Ahmedabad,Gujarat,Business,6-10L,Affluent,2023-11-11 00:00:00,Pending,Low
C003256,Kiran Joshi,1969-01-10 00:00:00,Male,Bengaluru,Karnataka,Salaried,<3L,Mass,2024-02-08 00:00:00,Completed,High
C003257,Nikhil Singh,1992-10-24 00:00:00,Male,Bengaluru,Karnataka,Self-Employed,>20L,Affluent,2022-08-04 00:00:00,Completed,Medium
C003258,Rohan Reddy,1974-11-07 00:00:00,Female,Delhi,Delhi,Student,<3L,Mass Affluent,2022-11-26 00:00:00,Completed,Low
C003259,Arjun Mehta,1992-03-27 00:00:00,Female,Hyderabad,Telangana,Salaried,3-6L,Mass Affluent,2022-10-13 00:00:00,Completed,Low
C003260,Sai Gupta,1987-07-09 00:00:00,Male,Gurugram,Haryana,Self-Employed,3-6L,Mass,2022-11-01 00:00:00,Completed,Low
C003261,Vivaan Nair,1964-02-03 00:00:00,Female,Gurugram,Haryana,Retired,3-6L,Mass,2023-10-25 00:00:00,Completed,Medium
C003262,Neha Joshi,1964-05-18 00:00:00,Female,Pune,Maharashtra,Self-Employed,3-6L,Affluent,2024-02-01 00:00:00,Completed,Low
C003263,Nikhil Patil,1960-08-30 00:00:00,Male,Bengaluru,Karnataka,Retired,6-10L,Mass Affluent,2023-01-26 00:00:00,Completed,Medium
C003264,Aarav Singh,1963-02-25 00:00:00,Male,Bengaluru,Karnataka,Salaried,3-6L,Affluent,2023-04-21 00:00:00,Pending,Medium
C003265,Vivaan Rao,1973-02-15 00:00:00,Male,Mysuru,Karnataka,Self-Employed,3-6L,Mass,2022-11-12 00:00:00,Expired,Low
C003266,Aditya Kulkarni,1961-02-15 00:00:00,Male,Kolkata,West Bengal,Salaried,<3L,Mass Affluent,2025-07-31 00:00:00,Completed,Low
C003267,Sneha Sharma,2001-02-09 00:00:00,Male,Ahmedabad,Gujarat,Salaried,3-6L,Mass,2022-12-14 00:00:00,Completed,Low
C003268,Arjun Mehta,2000-02-26 00:00:00,Male,Gurugram,Haryana,Retired,>20L,Mass Affluent,2026-01-30 00:00:00,Completed,Low
C003269,Kavya Sharma,1967-07-24 00:00:00,Male,Bengaluru,Karnataka,Salaried,3-6L,Mass Affluent,2024-06-03 00:00:00,Completed,Low
C003270,Kavya Rao,1973-08-22 00:00:00,Male,Delhi,Delhi,Retired,10-20L,Mass,2025-08-11 00:00:00,Completed,Medium
C003271,Diya Kulkarni,1992-07-06 00:00:00,Male,Bhubaneswar,Odisha,Self-Employed,6-10L,Mass,2024-11-10 00:00:00,Completed,Low
C003272,Diya Gupta,1988-12-09 00:00:00,Male,Mumbai,Maharashtra,Student,3-6L,Mass,2023-03-13 00:00:00,Completed,Low
C003273,Kavya Singh,1985-06-23 00:00:00,Male,Gurugram,Haryana,Retired,10-20L,Mass,2024-09-14 00:00:00,Completed,Medium
C003274,Priya Kulkarni,2003-05-02 00:00:00,Male,Hyderabad,Telangana,Self-Employed,<3L,Mass,2023-03-27 00:00:00,Completed,Low
C003275,Sneha Rao,1987-08-03 00:00:00,Female,Pune,Maharashtra,Retired,10-20L,Mass,2022-07-14 00:00:00,Expired,Low
C003276,Arjun Singh,1989-04-29 00:00:00,Female,Gurugram,Haryana,Business,6-10L,Mass,2023-02-23 00:00:00,Completed,Low
C003277,Sai Reddy,1981-12-29 00:00:00,Male,Gurugram,Haryana,Self-Employed,3-6L,Mass Affluent,2023-03-29 00:00:00,Completed,Medium
C003278,Meera Patil,1983-01-01 00:00:00,Female,Gurugram,Haryana,Self-Employed,10-20L,Mass Affluent,2022-08-10 00:00:00,Completed,Low
C003279,Aarav Das,1972-09-30 00:00:00,Female,Kolkata,West Bengal,Salaried,3-6L,Mass,2022-02-08 00:00:00,Completed,Low
C003280,Priya Mehta,1982-10-26 00:00:00,Male,Hyderabad,Telangana,Salaried,>20L,Mass,2026-03-30 00:00:00,Completed,Medium
C003281,Arjun Gupta,2000-03-21 00:00:00,Male,Bengaluru,Karnataka,Salaried,>20L,Mass Affluent,2024-04-23 00:00:00,Completed,Medium
C003282,Priya Kulkarni,1976-07-05 00:00:00,Female,Bengaluru,Karnataka,Salaried,3-6L,Mass,2023-10-23 00:00:00,Completed,Low
C003283,Priya Kulkarni,1965-11-01 00:00:00,Female,Delhi,Delhi,Salaried,3-6L,Mass,2026-03-07 00:00:00,Completed,Low
C003284,Meera Reddy,1986-04-10 00:00:00,Male,Jaipur,Rajasthan,Self-Employed,10-20L,Mass,2023-01-04 00:00:00,Pending,Low
C003285,Kavya Das,1994-05-25 00:00:00,Male,Bengaluru,Karnataka,Self-Employed,3-6L,Affluent,2023-10-24 00:00:00,Completed,Low
C003286,Ishita Reddy,2001-12-31 00:00:00,Male,Bengaluru,Karnataka,Self-Employed,10-20L,Mass,2025-10-22 00:00:00,Completed,High
C003287,Aditya Singh,1983-10-01 00:00:00,Male,Kolkata,West Bengal,Student,<3L,Affluent,2024-11-03 00:00:00,Completed,Low
C003288,Rohan Mehta,1994-07-09 00:00:00,Male,Gurugram,Haryana,Retired,3-6L,Mass,2023-10-18 00:00:00,Completed,Medium
C003289,Sneha Sharma,1970-12-21 00:00:00,Male,Mumbai,Maharashtra,Student,6-10L,Mass,2023-02-25 00:00:00,Completed,High
C003290,Sai Sharma,1978-08-01 00:00:00,Male,Mumbai,Maharashtra,Self-Employed,10-20L,Mass,2022-02-27 00:00:00,Completed,Low
C003291,Kiran Rao,1978-05-10 00:00:00,Male,Chennai,Tamil Nadu,Salaried,10-20L,Mass Affluent,2022-05-20 00:00:00,Completed,Low
C003292,Vivaan Patil,1974-07-25 00:00:00,Male,Hyderabad,Telangana,Retired,6-10L,Mass,2022-09-23 00:00:00,Pending,Low
C003293,Neha Sharma,1991-05-16 00:00:00,Female,Chennai,Tamil Nadu,Salaried,3-6L,Mass Affluent,2025-07-15 00:00:00,Completed,Low
C003294,Aditya Iyer,1998-09-14 00:00:00,Female,Pune,Maharashtra,Salaried,3-6L,Affluent,2024-11-15 00:00:00,Completed,High
C003295,Neha Reddy,1974-04-22 00:00:00,Male,Hyderabad,Telangana,Salaried,3-6L,Mass,2023-12-13 00:00:00,Completed,High
C003296,Sneha Das,1965-12-12 00:00:00,Female,Jaipur,Rajasthan,Self-Employed,3-6L,Mass,2025-07-09 00:00:00,Completed,Low
C003297,Rahul Singh,1996-02-27 00:00:00,Female,Pune,Maharashtra,Business,3-6L,Mass Affluent,2022-09-22 00:00:00,Completed,Medium
C003298,Rohan Gupta,1997-03-20 00:00:00,Female,Delhi,Delhi,Salaried,6-10L,Mass,2022-12-13 00:00:00,Completed,Medium
C003299,Priya Patil,2000-12-14 00:00:00,Male,Mysuru,Karnataka,Business,3-6L,Mass Affluent,2023-10-07 00:00:00,Completed,Low
C003300,Sneha Das,1971-03-05 00:00:00,Male,Chennai,Tamil Nadu,Salaried,<3L,Affluent,2026-02-15 00:00:00,Pending,Medium
C003301,Sai Patil,1991-07-01 00:00:00,Male,Bengaluru,Karnataka,Salaried,6-10L,Mass,2024-10-05 00:00:00,Completed,Low
C003302,Sneha Patil,1991-05-08 00:00:00,Male,Mumbai,Maharashtra,Salaried,<3L,Mass,2025-10-29 00:00:00,Completed,High
C003303,Sneha Singh,1994-08-10 00:00:00,Female,Kolkata,West Bengal,Salaried,>20L,Mass Affluent,2023-02-12 00:00:00,Completed,Medium
C003304,Sneha Nair,1995-04-26 00:00:00,Female,Bengaluru,Karnataka,Business,3-6L,Mass,2025-10-25 00:00:00,Completed,Low
C003305,Ishita Gupta,2001-09-22 00:00:00,Male,Bhubaneswar,Odisha,Salaried,<3L,Mass,2022-04-30 00:00:00,Completed,Low
C003306,Sai Das,1980-11-22 00:00:00,Male,Delhi,Delhi,Salaried,10-20L,Mass,2023-01-09 00:00:00,Completed,High
C003307,Meera Kulkarni,1963-04-29 00:00:00,Female,Delhi,Delhi,Salaried,6-10L,Mass,2024-05-08 00:00:00,Completed,Low
C003308,Neha Reddy,1968-06-03 00:00:00,Male,Hyderabad,Telangana,Business,10-20L,Mass,2022-03-24 00:00:00,Completed,Low
C003309,Rohan Kulkarni,1998-11-02 00:00:00,Female,Chennai,Tamil Nadu,Retired,3-6L,Mass Affluent,2025-11-10 00:00:00,Completed,Low
C003310,Sneha Nair,1997-01-02 00:00:00,Male,Gurugram,Haryana,Self-Employed,3-6L,Mass,2025-11-25 00:00:00,Completed,Low
C003311,Aarav Patil,1960-06-26 00:00:00,Male,Jaipur,Rajasthan,Self-Employed,6-10L,Mass,2024-06-08 00:00:00,Completed,Low
C003312,Kiran Patil,1976-02-06 00:00:00,Male,Bhubaneswar,Odisha,Student,3-6L,HNI,2023-05-18 00:00:00,Pending,Low
C003313,Rahul Nair,1970-09-27 00:00:00,Male,Mumbai,Maharashtra,Salaried,6-10L,Mass,2022-06-12 00:00:00,Completed,High
C003314,Sneha Reddy,1974-01-17 00:00:00,Female,Kolkata,West Bengal,Salaried,3-6L,Mass,2024-10-13 00:00:00,Pending,Medium
C003315,Kavya Kulkarni,1987-12-25 00:00:00,Male,Pune,Maharashtra,Self-Employed,3-6L,Affluent,2024-06-01 00:00:00,Completed,Medium
C003316,Sai Mehta,1982-05-05 00:00:00,Male,Bhubaneswar,Odisha,Salaried,<3L,Mass,2025-06-01 00:00:00,Completed,Low
C003317,Arjun Iyer,1981-01-24 00:00:00,Male,Pune,Maharashtra,Salaried,10-20L,Affluent,2024-09-16 00:00:00,Completed,Low
C003318,Arjun Kulkarni,1979-01-22 00:00:00,Male,Pune,Maharashtra,Salaried,3-6L,Mass Affluent,2022-07-30 00:00:00,Pending,Low
C003319,Priya Rao,1988-02-08 00:00:00,Male,Kolkata,West Bengal,Salaried,>20L,Mass,2022-07-19 00:00:00,Completed,Low
C003320,Aditya Singh,1989-12-02 00:00:00,Female,Ahmedabad,Gujarat,Self-Employed,3-6L,Mass,2025-07-06 00:00:00,Completed,Medium
C003321,Priya Nair,1961-11-26 00:00:00,Female,Mysuru,Karnataka,Salaried,6-10L,Mass,2022-09-19 00:00:00,Completed,Low
C003322,Neha Das,1966-01-04 00:00:00,Female,Hyderabad,Telangana,Salaried,3-6L,Mass Affluent,2026-03-22 00:00:00,Completed,High
C003323,Pooja Gupta,1974-12-11 00:00:00,Male,Delhi,Delhi,Student,6-10L,Mass,2022-06-23 00:00:00,Completed,Medium
C003324,Ishita Mehta,1979-02-01 00:00:00,Male,Chennai,Tamil Nadu,Business,10-20L,Mass Affluent,2025-04-10 00:00:00,Completed,Low
C003325,Ananya Nair,2003-08-22 00:00:00,Male,Hyderabad,Telangana,Salaried,6-10L,Mass Affluent,2026-05-21 00:00:00,Completed,High
C003326,Neha Patil,1999-01-23 00:00:00,Male,Bhubaneswar,Odisha,Salaried,3-6L,Mass Affluent,2023-12-26 00:00:00,Completed,Medium
C003327,Rohan Gupta,1988-06-02 00:00:00,Female,Bhubaneswar,Odisha,Salaried,10-20L,Mass,2022-04-04 00:00:00,Completed,Low
C003328,Pooja Iyer,1961-07-31 00:00:00,Female,Chennai,Tamil Nadu,Salaried,3-6L,Mass Affluent,2025-12-10 00:00:00,Completed,Low
C003329,Rohan Mehta,1964-05-30 00:00:00,Male,Kolkata,West Bengal,Salaried,6-10L,Mass Affluent,2022-11-04 00:00:00,Completed,Medium
C003330,Ishita Reddy,1980-01-13 00:00:00,Male,Jaipur,Rajasthan,Salaried,10-20L,Mass,2024-05-16 00:00:00,Completed,Medium
C003331,Aditya Joshi,1985-09-18 00:00:00,Male,Mumbai,Maharashtra,Student,3-6L,Affluent,2026-06-05 00:00:00,Completed,Low
C003332,Kiran Patil,1988-12-07 00:00:00,Male,Kolkata,West Bengal,Business,6-10L,Mass,2025-05-07 00:00:00,Completed,Low
C003333,Sneha Kulkarni,1966-03-20 00:00:00,Female,Ahmedabad,Gujarat,Business,10-20L,Affluent,2022-03-18 00:00:00,Completed,Low
C003334,Priya Patil,1998-11-20 00:00:00,Male,Mysuru,Karnataka,Self-Employed,<3L,Mass,2025-09-09 00:00:00,Completed,Low
C003335,Sneha Reddy,1981-08-09 00:00:00,Female,Jaipur,Rajasthan,Business,3-6L,Mass,2022-09-22 00:00:00,Completed,Low
C003336,Kavya Iyer,1986-01-04 00:00:00,Male,Kolkata,West Bengal,Business,3-6L,Mass Affluent,2025-05-15 00:00:00,Completed,Low
C003337,Aditya Das,1961-09-20 00:00:00,Female,Delhi,Delhi,Student,10-20L,Mass,2024-10-16 00:00:00,Completed,Medium
C003338,Arjun Rao,1996-02-12 00:00:00,Female,Gurugram,Haryana,Business,6-10L,Mass,2023-04-18 00:00:00,Completed,Low
C003339,Neha Kulkarni,1983-10-15 00:00:00,Male,Gurugram,Haryana,Business,3-6L,Mass,2023-11-27 00:00:00,Completed,Low
C003340,Kiran Rao,1969-10-03 00:00:00,Female,Bhubaneswar,Odisha,Business,3-6L,Mass Affluent,2022-07-13 00:00:00,Completed,Low
C003341,Vivaan Patil,1973-12-19 00:00:00,Male,Bhubaneswar,Odisha,Self-Employed,<3L,Mass,2026-06-09 00:00:00,Completed,High
C003342,Diya Reddy,1975-06-15 00:00:00,Female,Ahmedabad,Gujarat,Salaried,<3L,Mass Affluent,2023-01-27 00:00:00,Completed,High
C003343,Aarav Reddy,1961-03-08 00:00:00,Male,Chennai,Tamil Nadu,Salaried,3-6L,Mass Affluent,2023-05-22 00:00:00,Completed,High
C003344,Sai Nair,2001-04-09 00:00:00,Female,Mysuru,Karnataka,Salaried,<3L,Mass,2024-04-05 00:00:00,Completed,Low
C003345,Priya Singh,1995-03-05 00:00:00,Female,Jaipur,Rajasthan,Salaried,<3L,Mass,2025-01-09 00:00:00,Completed,Low
C003346,Neha Das,1998-10-23 00:00:00,Female,Mysuru,Karnataka,Salaried,6-10L,Mass,2024-04-09 00:00:00,Completed,Low
C003347,Sneha Gupta,1975-06-29 00:00:00,Male,Mumbai,Maharashtra,Salaried,6-10L,Affluent,2024-04-09 00:00:00,Completed,Low
C003348,Diya Rao,1984-06-10 00:00:00,Female,Bengaluru,Karnataka,Salaried,<3L,Mass Affluent,2024-08-14 00:00:00,Completed,Low
C003349,Rohan Singh,1980-01-28 00:00:00,Male,Bhubaneswar,Odisha,Retired,6-10L,Affluent,2025-11-09 00:00:00,Completed,Low
C003350,Kavya Iyer,1980-10-29 00:00:00,Female,Gurugram,Haryana,Salaried,<3L,Mass Affluent,2023-10-11 00:00:00,Completed,Low
C003351,Rahul Patil,1985-10-18 00:00:00,Female,Mumbai,Maharashtra,Salaried,3-6L,Mass Affluent,2025-09-28 00:00:00,Completed,Low
C003352,Aarav Das,1979-10-05 00:00:00,Male,Bengaluru,Karnataka,Salaried,>20L,Affluent,2025-07-16 00:00:00,Completed,Low
C003353,Nikhil Iyer,1993-11-14 00:00:00,Male,Delhi,Delhi,Salaried,6-10L,Mass,2026-04-27 00:00:00,Completed,High
C003354,Sai Singh,1962-07-29 00:00:00,Male,Kolkata,West Bengal,Business,<3L,Affluent,2026-02-08 00:00:00,Completed,Low
C003355,Vivaan Kulkarni,1968-06-09 00:00:00,Female,Bhubaneswar,Odisha,Self-Employed,3-6L,Mass,2025-08-03 00:00:00,Completed,Low
C003356,Priya Sharma,1999-02-03 00:00:00,Female,Hyderabad,Telangana,Salaried,6-10L,Mass,2023-02-10 00:00:00,Completed,Low
C003357,Aarav Joshi,1998-08-26 00:00:00,Female,Chennai,Tamil Nadu,Self-Employed,3-6L,Mass,2025-06-25 00:00:00,Completed,Low
C003358,Priya Kulkarni,1995-11-03 00:00:00,Male,Jaipur,Rajasthan,Salaried,>20L,Mass,2025-04-24 00:00:00,Completed,Medium
C003359,Arjun Singh,1976-02-26 00:00:00,Female,Jaipur,Rajasthan,Business,3-6L,Mass,2023-04-21 00:00:00,Completed,Low
C003360,Aarav Gupta,1979-12-27 00:00:00,Male,Pune,Maharashtra,Retired,<3L,Mass,2025-01-18 00:00:00,Completed,Low
C003361,Pooja Joshi,1961-02-08 00:00:00,Male,Bhubaneswar,Odisha,Student,6-10L,Mass,2023-02-20 00:00:00,Completed,Medium
C003362,Neha Rao,1972-03-29 00:00:00,Male,Hyderabad,Telangana,Salaried,6-10L,Affluent,2024-05-08 00:00:00,Completed,Low
C003363,Rohan Joshi,1991-10-27 00:00:00,Male,Bhubaneswar,Odisha,Business,6-10L,Mass,2025-08-01 00:00:00,Completed,Low
C003364,Neha Iyer,1975-01-08 00:00:00,Female,Mysuru,Karnataka,Business,10-20L,Mass,2022-11-06 00:00:00,Completed,Low
C003365,Neha Iyer,1981-01-14 00:00:00,Male,Mysuru,Karnataka,Student,10-20L,Mass Affluent,2023-07-08 00:00:00,Completed,Low
C003366,Priya Gupta,1965-05-24 00:00:00,Male,Jaipur,Rajasthan,Salaried,<3L,Mass Affluent,2025-07-29 00:00:00,Completed,Low
C003367,Ananya Nair,1981-09-29 00:00:00,Male,Kolkata,West Bengal,Salaried,<3L,Mass Affluent,2024-01-16 00:00:00,Completed,Medium
C003368,Sai Gupta,1991-08-14 00:00:00,Male,Mumbai,Maharashtra,Salaried,3-6L,Mass,2026-04-27 00:00:00,Completed,Low
C003369,Priya Iyer,1985-01-23 00:00:00,Female,Jaipur,Rajasthan,Salaried,6-10L,Mass,2022-01-14 00:00:00,Completed,Low
C003370,Rahul Iyer,1984-05-20 00:00:00,Male,Mysuru,Karnataka,Self-Employed,6-10L,Affluent,2025-03-31 00:00:00,Completed,Low
C003371,Sai Singh,2000-01-24 00:00:00,Male,Kolkata,West Bengal,Salaried,3-6L,Mass,2025-08-29 00:00:00,Completed,Low
C003372,Sai Reddy,1970-04-03 00:00:00,Male,Mumbai,Maharashtra,Salaried,>20L,Mass Affluent,2026-02-16 00:00:00,Completed,Low
C003373,Aarav Patil,1973-02-12 00:00:00,Female,Bengaluru,Karnataka,Student,3-6L,Mass,2022-09-15 00:00:00,Completed,High
C003374,Aarav Reddy,1987-04-17 00:00:00,Female,Ahmedabad,Gujarat,Self-Employed,10-20L,Mass,2026-06-05 00:00:00,Completed,Low
C003375,Kiran Rao,1981-01-13 00:00:00,Female,Jaipur,Rajasthan,Retired,10-20L,Affluent,2023-10-07 00:00:00,Completed,Medium
C003376,Pooja Reddy,2002-11-23 00:00:00,Male,Mysuru,Karnataka,Business,<3L,Mass,2023-08-02 00:00:00,Completed,Low
C003377,Aditya Reddy,1962-08-12 00:00:00,Male,Mysuru,Karnataka,Student,3-6L,Mass,2023-08-07 00:00:00,Completed,Low
C003378,Pooja Nair,1965-05-12 00:00:00,Male,Chennai,Tamil Nadu,Business,3-6L,Mass Affluent,2024-11-13 00:00:00,Completed,Low
C003379,Pooja Das,1974-12-24 00:00:00,Male,Bengaluru,Karnataka,Salaried,10-20L,Mass,2024-12-18 00:00:00,Completed,Low
C003380,Ananya Nair,1980-01-31 00:00:00,Male,Kolkata,West Bengal,Salaried,3-6L,Mass,2024-02-18 00:00:00,Completed,Low
C003381,Nikhil Iyer,1999-01-03 00:00:00,Female,Jaipur,Rajasthan,Retired,10-20L,Mass,2022-04-27 00:00:00,Completed,Low
C003382,Priya Nair,1981-08-24 00:00:00,Female,Ahmedabad,Gujarat,Salaried,6-10L,Mass,2026-06-09 00:00:00,Completed,Medium
C003383,Neha Kulkarni,1979-02-24 00:00:00,Female,Mumbai,Maharashtra,Salaried,6-10L,Mass Affluent,2022-12-31 00:00:00,Pending,Medium
C003384,Ishita Reddy,1967-04-22 00:00:00,Female,Mumbai,Maharashtra,Self-Employed,10-20L,Mass,2022-06-04 00:00:00,Completed,Low
C003385,Pooja Das,1979-01-08 00:00:00,Female,Kolkata,West Bengal,Salaried,3-6L,Mass,2024-09-07 00:00:00,Completed,Low
C003386,Aarav Das,1983-04-15 00:00:00,Male,Bengaluru,Karnataka,Salaried,10-20L,Mass,2023-11-09 00:00:00,Completed,Low
C003387,Kiran Joshi,1985-07-28 00:00:00,Male,Hyderabad,Telangana,Salaried,3-6L,Affluent,2024-10-07 00:00:00,Completed,Low
C003388,Ishita Joshi,1986-07-18 00:00:00,Male,Gurugram,Haryana,Salaried,<3L,Mass,2025-12-08 00:00:00,Completed,Low
C003389,Nikhil Singh,1978-10-27 00:00:00,Male,Kolkata,West Bengal,Business,<3L,Affluent,2022-06-09 00:00:00,Completed,Medium
C003390,Pooja Mehta,1966-11-22 00:00:00,Female,Mumbai,Maharashtra,Salaried,3-6L,Mass,2023-04-12 00:00:00,Completed,Low
C003391,Rahul Sharma,1966-09-09 00:00:00,Male,Ahmedabad,Gujarat,Self-Employed,6-10L,Mass,2024-04-28 00:00:00,Completed,Medium
C003392,Vivaan Das,1966-10-11 00:00:00,Female,Kolkata,West Bengal,Salaried,3-6L,Mass Affluent,2025-07-17 00:00:00,Completed,Medium
C003393,Kiran Joshi,1987-02-05 00:00:00,Female,Mumbai,Maharashtra,Self-Employed,6-10L,Mass,2024-09-13 00:00:00,Completed,Low
C003394,Rahul Patil,1997-07-06 00:00:00,Male,Delhi,Delhi,Salaried,<3L,Mass Affluent,2023-09-21 00:00:00,Expired,Medium
C003395,Kiran Joshi,1998-09-07 00:00:00,Female,Bengaluru,Karnataka,Salaried,6-10L,Affluent,2024-09-28 00:00:00,Completed,Medium
C003396,Aditya Reddy,1973-08-22 00:00:00,Male,Gurugram,Haryana,Business,10-20L,Affluent,2026-05-29 00:00:00,Completed,Low
C003397,Nikhil Singh,1963-06-28 00:00:00,Male,Pune,Maharashtra,Salaried,6-10L,Mass,2024-02-28 00:00:00,Completed,Low
C003398,Sneha Mehta,1987-08-12 00:00:00,Male,Mysuru,Karnataka,Business,>20L,Mass Affluent,2025-12-21 00:00:00,Completed,Low
C003399,Aditya Mehta,1961-09-06 00:00:00,Male,Hyderabad,Telangana,Salaried,<3L,Mass,2025-07-04 00:00:00,Completed,Low
C003400,Aditya Gupta,1987-06-16 00:00:00,Male,Hyderabad,Telangana,Salaried,<3L,Mass Affluent,2023-05-10 00:00:00,Completed,High
C003401,Kiran Rao,1976-10-12 00:00:00,Female,Mysuru,Karnataka,Salaried,6-10L,Mass,2023-02-14 00:00:00,Completed,Low
C003402,Aditya Rao,1996-10-04 00:00:00,Female,Mumbai,Maharashtra,Student,3-6L,Mass,2025-06-18 00:00:00,Completed,Medium
C003403,Priya Das,1987-05-24 00:00:00,Female,Bengaluru,Karnataka,Salaried,6-10L,Mass,2022-12-07 00:00:00,Completed,Low
C003404,Kavya Das,1992-05-30 00:00:00,Female,Kolkata,West Bengal,Salaried,10-20L,Mass,2023-07-08 00:00:00,Completed,Low
C003405,Vivaan Kulkarni,1977-10-09 00:00:00,Female,Delhi,Delhi,Self-Employed,<3L,Mass Affluent,2023-01-22 00:00:00,Completed,Low
C003406,Priya Sharma,1996-10-27 00:00:00,Female,Bengaluru,Karnataka,Salaried,10-20L,Mass,2024-09-22 00:00:00,Completed,Medium
C003407,Kiran Nair,1983-01-02 00:00:00,Male,Mumbai,Maharashtra,Business,<3L,Mass,2023-04-28 00:00:00,Completed,Low
C003408,Nikhil Nair,1987-05-22 00:00:00,Female,Bhubaneswar,Odisha,Retired,6-10L,Mass Affluent,2024-12-17 00:00:00,Completed,Low
C003409,Rohan Iyer,1975-10-19 00:00:00,Female,Pune,Maharashtra,Self-Employed,3-6L,Mass,2026-03-16 00:00:00,Completed,High
C003410,Rahul Singh,1979-09-09 00:00:00,Male,Kolkata,West Bengal,Salaried,6-10L,Affluent,2025-09-24 00:00:00,Completed,Low
C003411,Kavya Reddy,1996-10-20 00:00:00,Male,Gurugram,Haryana,Salaried,<3L,Mass,2026-04-06 00:00:00,Completed,Medium
C003412,Vivaan Joshi,1977-03-29 00:00:00,Female,Mumbai,Maharashtra,Retired,>20L,Mass,2022-02-10 00:00:00,Completed,Low
C003413,Kavya Joshi,1960-12-08 00:00:00,Female,Pune,Maharashtra,Self-Employed,>20L,Mass,2024-01-18 00:00:00,Completed,Medium
C003414,Meera Sharma,1976-08-08 00:00:00,Male,Bengaluru,Karnataka,Salaried,6-10L,Mass,2022-12-28 00:00:00,Completed,Low
C003415,Kiran Das,1977-03-03 00:00:00,Male,Kolkata,West Bengal,Retired,6-10L,Mass,2026-02-16 00:00:00,Completed,Low
C003416,Ananya Das,1978-04-30 00:00:00,Male,Delhi,Delhi,Retired,6-10L,Mass Affluent,2025-03-14 00:00:00,Completed,Low
C003417,Vivaan Rao,1963-02-04 00:00:00,Male,Gurugram,Haryana,Salaried,6-10L,Mass,2023-06-10 00:00:00,Completed,Low
C003418,Kavya Joshi,1965-08-30 00:00:00,Female,Mysuru,Karnataka,Salaried,6-10L,Affluent,2024-07-14 00:00:00,Completed,Low
C003419,Aarav Singh,1974-03-12 00:00:00,Male,Ahmedabad,Gujarat,Business,6-10L,Mass,2024-09-21 00:00:00,Expired,Low
C003420,Kiran Patil,1978-07-28 00:00:00,Male,Mumbai,Maharashtra,Business,10-20L,Mass Affluent,2024-03-24 00:00:00,Completed,Low
C003421,Sai Mehta,1961-04-09 00:00:00,Female,Hyderabad,Telangana,Self-Employed,6-10L,Mass,2024-02-18 00:00:00,Completed,Low
C003422,Aditya Singh,1977-01-22 00:00:00,Female,Jaipur,Rajasthan,Salaried,3-6L,Mass,2022-04-01 00:00:00,Expired,High
C003423,Meera Reddy,1974-01-09 00:00:00,Female,Kolkata,West Bengal,Salaried,10-20L,Mass,2024-01-13 00:00:00,Completed,Low
C003424,Meera Singh,1961-07-07 00:00:00,Female,Chennai,Tamil Nadu,Salaried,3-6L,Mass,2023-07-26 00:00:00,Expired,Low
C003425,Meera Sharma,1970-12-20 00:00:00,Male,Jaipur,Rajasthan,Salaried,3-6L,Mass Affluent,2025-09-05 00:00:00,Completed,Medium
C003426,Arjun Das,1972-01-20 00:00:00,Female,Mumbai,Maharashtra,Business,>20L,Mass,2025-11-21 00:00:00,Completed,Low
C003427,Ananya Das,1966-04-15 00:00:00,Female,Bhubaneswar,Odisha,Salaried,3-6L,Mass,2025-05-17 00:00:00,Completed,High
C003428,Sai Rao,1992-12-08 00:00:00,Female,Hyderabad,Telangana,Salaried,<3L,HNI,2022-02-20 00:00:00,Completed,Low
C003429,Sneha Kulkarni,1963-03-03 00:00:00,Male,Delhi,Delhi,Student,6-10L,Mass,2025-10-13 00:00:00,Completed,Low
C003430,Ananya Singh,1985-04-26 00:00:00,Male,Pune,Maharashtra,Salaried,10-20L,Mass,2023-10-13 00:00:00,Completed,Medium
C003431,Ishita Nair,1989-02-22 00:00:00,Female,Kolkata,West Bengal,Salaried,<3L,Mass,2023-11-15 00:00:00,Completed,Low
C003432,Ananya Mehta,1995-04-25 00:00:00,Male,Bhubaneswar,Odisha,Retired,6-10L,Mass,2026-04-01 00:00:00,Completed,Low
C003433,Vivaan Kulkarni,1983-11-25 00:00:00,Female,Kolkata,West Bengal,Salaried,<3L,Mass,2025-11-25 00:00:00,Completed,Low
C003434,Aditya Reddy,1983-10-10 00:00:00,Female,Bengaluru,Karnataka,Student,3-6L,Mass Affluent,2022-03-25 00:00:00,Completed,Low
C003435,Sai Nair,1993-04-29 00:00:00,Female,Gurugram,Haryana,Salaried,3-6L,Mass Affluent,2023-08-14 00:00:00,Completed,Low
C003436,Pooja Iyer,1997-05-31 00:00:00,Female,Kolkata,West Bengal,Salaried,<3L,Mass Affluent,2025-05-16 00:00:00,Completed,Medium
C003437,Ishita Rao,1969-03-29 00:00:00,Female,Delhi,Delhi,Self-Employed,>20L,Mass,2024-06-03 00:00:00,Completed,Low
C003438,Sneha Joshi,1994-11-15 00:00:00,Female,Ahmedabad,Gujarat,Salaried,6-10L,Mass,2023-02-27 00:00:00,Completed,Low
C003439,Ananya Gupta,1980-04-02 00:00:00,Female,Kolkata,West Bengal,Self-Employed,10-20L,Mass Affluent,2024-05-11 00:00:00,Completed,Low
C003440,Rahul Sharma,1964-04-21 00:00:00,Male,Bengaluru,Karnataka,Salaried,10-20L,Mass,2025-11-23 00:00:00,Completed,Low
C003441,Meera Patil,1986-10-29 00:00:00,Male,Hyderabad,Telangana,Self-Employed,>20L,Mass,2023-01-02 00:00:00,Completed,Low
C003442,Vivaan Reddy,2002-10-19 00:00:00,Male,Mumbai,Maharashtra,Salaried,10-20L,Mass,2025-05-10 00:00:00,Completed,Low
C003443,Sneha Iyer,1966-03-01 00:00:00,Male,Gurugram,Haryana,Business,3-6L,Mass Affluent,2025-04-21 00:00:00,Completed,Low
C003444,Kiran Singh,1960-08-23 00:00:00,Male,Delhi,Delhi,Self-Employed,10-20L,Mass,2025-12-25 00:00:00,Completed,Low
C003445,Kiran Joshi,2000-02-24 00:00:00,Male,Ahmedabad,Gujarat,Self-Employed,6-10L,Affluent,2023-05-05 00:00:00,Completed,Medium
C003446,Priya Gupta,1986-02-22 00:00:00,Female,Jaipur,Rajasthan,Salaried,3-6L,Mass,2022-12-21 00:00:00,Completed,Medium
C003447,Neha Rao,1969-08-06 00:00:00,Male,Gurugram,Haryana,Self-Employed,3-6L,HNI,2024-06-18 00:00:00,Completed,Low
C003448,Neha Nair,1994-09-19 00:00:00,Female,Hyderabad,Telangana,Self-Employed,3-6L,Mass,2024-05-22 00:00:00,Completed,Low
C003449,Meera Reddy,1977-03-30 00:00:00,Female,Chennai,Tamil Nadu,Salaried,6-10L,Mass Affluent,2023-11-04 00:00:00,Completed,Low
C003450,Nikhil Iyer,1974-07-16 00:00:00,Female,Chennai,Tamil Nadu,Business,10-20L,Mass,2025-07-03 00:00:00,Completed,Low
C003451,Aarav Singh,1972-09-10 00:00:00,Male,Chennai,Tamil Nadu,Salaried,6-10L,Affluent,2025-08-05 00:00:00,Completed,Medium
C003452,Sneha Iyer,1986-03-22 00:00:00,Male,Ahmedabad,Gujarat,Salaried,3-6L,Mass,2023-02-08 00:00:00,Completed,Low
C003453,Rohan Mehta,1965-11-22 00:00:00,Female,Bhubaneswar,Odisha,Business,<3L,Affluent,2025-07-30 00:00:00,Completed,Low
C003454,Vivaan Patil,1975-11-11 00:00:00,Male,Ahmedabad,Gujarat,Salaried,10-20L,Mass Affluent,2023-01-14 00:00:00,Completed,Medium
C003455,Priya Rao,1973-05-13 00:00:00,Female,Mysuru,Karnataka,Salaried,3-6L,Mass Affluent,2023-11-01 00:00:00,Completed,Medium
C003456,Rahul Iyer,1962-08-27 00:00:00,Male,Gurugram,Haryana,Self-Employed,3-6L,Mass,2022-02-14 00:00:00,Completed,Low
C003457,Meera Kulkarni,1993-06-06 00:00:00,Female,Gurugram,Haryana,Business,10-20L,Mass,2023-07-13 00:00:00,Completed,Low
C003458,Meera Singh,1960-05-15 00:00:00,Male,Hyderabad,Telangana,Salaried,10-20L,HNI,2026-04-23 00:00:00,Expired,Low
C003459,Arjun Singh,2002-01-15 00:00:00,Female,Hyderabad,Telangana,Salaried,6-10L,Affluent,2023-12-28 00:00:00,Completed,Low
C003460,Neha Nair,1964-02-26 00:00:00,Male,Kolkata,West Bengal,Salaried,6-10L,Mass,2025-03-11 00:00:00,Completed,Low
C003461,Ishita Joshi,1975-09-10 00:00:00,Male,Gurugram,Haryana,Self-Employed,3-6L,Mass,2022-06-27 00:00:00,Completed,Low
C003462,Diya Mehta,1964-04-23 00:00:00,Female,Pune,Maharashtra,Salaried,>20L,Mass,2024-11-09 00:00:00,Pending,Low
C003463,Rohan Rao,1976-01-27 00:00:00,Male,Gurugram,Haryana,Self-Employed,6-10L,Mass,2023-09-03 00:00:00,Completed,Low
C003464,Ananya Kulkarni,1986-10-05 00:00:00,Male,Jaipur,Rajasthan,Business,6-10L,Mass,2025-05-06 00:00:00,Completed,Low
C003465,Priya Sharma,1963-10-31 00:00:00,Female,Pune,Maharashtra,Retired,<3L,Affluent,2026-03-04 00:00:00,Completed,Medium
C003466,Aarav Patil,1983-01-13 00:00:00,Male,Bengaluru,Karnataka,Salaried,6-10L,Mass,2024-05-22 00:00:00,Completed,Low
C003467,Aarav Iyer,1993-10-24 00:00:00,Male,Bhubaneswar,Odisha,Salaried,3-6L,Affluent,2022-06-18 00:00:00,Completed,High
C003468,Arjun Mehta,1979-12-14 00:00:00,Female,Mumbai,Maharashtra,Salaried,6-10L,HNI,2024-02-21 00:00:00,Completed,Low
C003469,Arjun Rao,1964-12-04 00:00:00,Male,Chennai,Tamil Nadu,Salaried,6-10L,Mass,2022-07-22 00:00:00,Completed,High
C003470,Sneha Kulkarni,1990-04-23 00:00:00,Female,Ahmedabad,Gujarat,Salaried,10-20L,Mass,2024-01-09 00:00:00,Completed,Low
C003471,Ishita Joshi,1968-03-02 00:00:00,Male,Pune,Maharashtra,Student,3-6L,Mass,2022-04-11 00:00:00,Completed,Low
C003472,Kavya Singh,1960-09-26 00:00:00,Male,Delhi,Delhi,Salaried,10-20L,Mass,2024-11-17 00:00:00,Completed,Low
C003473,Diya Sharma,1979-02-18 00:00:00,Male,Pune,Maharashtra,Salaried,3-6L,Mass Affluent,2023-05-25 00:00:00,Completed,Low
C003474,Aarav Das,1971-11-14 00:00:00,Male,Mysuru,Karnataka,Self-Employed,6-10L,Mass Affluent,2022-11-27 00:00:00,Completed,Low
C003475,Aditya Sharma,1961-03-31 00:00:00,Female,Mysuru,Karnataka,Retired,3-6L,Mass,2022-01-29 00:00:00,Completed,Low
C003476,Diya Das,1994-01-20 00:00:00,Female,Mumbai,Maharashtra,Salaried,3-6L,Affluent,2025-12-29 00:00:00,Completed,Low
C003477,Arjun Joshi,1986-04-09 00:00:00,Female,Gurugram,Haryana,Business,10-20L,Mass,2025-10-06 00:00:00,Completed,Low
C003478,Arjun Patil,1999-11-11 00:00:00,Female,Hyderabad,Telangana,Business,<3L,Mass,2025-08-25 00:00:00,Completed,Low
C003479,Sai Iyer,1981-01-15 00:00:00,Male,Bengaluru,Karnataka,Salaried,10-20L,HNI,2022-04-06 00:00:00,Completed,Low
C003480,Ananya Patil,1979-03-15 00:00:00,Female,Jaipur,Rajasthan,Self-Employed,3-6L,Mass,2023-07-28 00:00:00,Completed,Low
C003481,Ananya Singh,1996-11-29 00:00:00,Male,Kolkata,West Bengal,Salaried,6-10L,Mass,2026-05-14 00:00:00,Completed,Low
C003482,Kavya Nair,1963-07-27 00:00:00,Male,Bengaluru,Karnataka,Salaried,<3L,Mass,2024-08-08 00:00:00,Completed,Low
C003483,Aditya Rao,1975-11-04 00:00:00,Male,Jaipur,Rajasthan,Salaried,6-10L,Mass,2022-07-30 00:00:00,Completed,Medium
C003484,Sneha Singh,1994-12-27 00:00:00,Female,Bengaluru,Karnataka,Salaried,10-20L,Mass,2022-08-20 00:00:00,Completed,Medium
C003485,Pooja Joshi,1972-10-24 00:00:00,Male,Hyderabad,Telangana,Business,6-10L,Mass Affluent,2023-03-09 00:00:00,Completed,Low
C003486,Rohan Singh,1998-10-10 00:00:00,Female,Gurugram,Haryana,Business,3-6L,Mass,2026-05-16 00:00:00,Completed,Low
C003487,Ananya Patil,1972-06-10 00:00:00,Male,Hyderabad,Telangana,Salaried,10-20L,Mass Affluent,2022-10-06 00:00:00,Completed,Low
C003488,Meera Sharma,1978-02-13 00:00:00,Male,Bhubaneswar,Odisha,Self-Employed,6-10L,Mass,2026-01-22 00:00:00,Completed,Low
C003489,Neha Iyer,1999-04-23 00:00:00,Female,Bhubaneswar,Odisha,Salaried,<3L,Mass,2025-01-18 00:00:00,Completed,Medium
C003490,Rohan Sharma,1970-08-29 00:00:00,Male,Pune,Maharashtra,Salaried,6-10L,Affluent,2026-02-22 00:00:00,Completed,Medium
C003491,Meera Singh,2002-05-29 00:00:00,Male,Hyderabad,Telangana,Business,6-10L,Mass Affluent,2025-09-18 00:00:00,Completed,Low
C003492,Ananya Nair,1961-12-04 00:00:00,Female,Bhubaneswar,Odisha,Salaried,10-20L,Mass Affluent,2023-06-30 00:00:00,Completed,Low
C003493,Aditya Nair,1971-08-23 00:00:00,Male,Kolkata,West Bengal,Business,3-6L,Mass,2025-09-21 00:00:00,Completed,Low
C003494,Diya Das,1985-11-22 00:00:00,Male,Jaipur,Rajasthan,Salaried,3-6L,Mass,2022-10-05 00:00:00,Expired,Medium
C003495,Neha Reddy,1986-01-09 00:00:00,Female,Gurugram,Haryana,Business,>20L,Affluent,2023-04-23 00:00:00,Completed,Medium
C003496,Kiran Patil,1999-11-09 00:00:00,Female,Pune,Maharashtra,Salaried,6-10L,Affluent,2022-12-14 00:00:00,Completed,Medium
C003497,Sai Mehta,2002-01-17 00:00:00,Male,Hyderabad,Telangana,Salaried,6-10L,Mass Affluent,2022-08-07 00:00:00,Completed,Low
C003498,Pooja Gupta,1989-09-11 00:00:00,Female,Ahmedabad,Gujarat,Business,>20L,Mass,2022-05-28 00:00:00,Completed,Low
C003499,Arjun Nair,1988-11-24 00:00:00,Male,Bhubaneswar,Odisha,Self-Employed,3-6L,Mass,2022-11-04 00:00:00,Completed,Low
C003500,Meera Patil,1973-11-23 00:00:00,Male,Kolkata,West Bengal,Salaried,3-6L,Mass,2022-07-17 00:00:00,Completed,Low
C003501,Vivaan Patil,1995-04-17 00:00:00,Male,Kolkata,West Bengal,Student,10-20L,Mass,2023-09-17 00:00:00,Completed,Low
C003502,Aditya Das,1988-02-29 00:00:00,Female,Hyderabad,Telangana,Salaried,6-10L,Mass,2022-04-28 00:00:00,Expired,Low
C003503,Meera Nair,1961-01-20 00:00:00,Male,Pune,Maharashtra,Salaried,>20L,Mass,2022-04-11 00:00:00,Completed,Low
C003504,Aarav Nair,1996-06-13 00:00:00,Male,Gurugram,Haryana,Salaried,6-10L,Mass,2026-06-14 00:00:00,Pending,Low
C003505,Sai Rao,1975-10-03 00:00:00,Female,Gurugram,Haryana,Self-Employed,3-6L,Mass Affluent,2022-05-24 00:00:00,Completed,Low
C003506,Aarav Sharma,1980-11-04 00:00:00,Female,Ahmedabad,Gujarat,Self-Employed,3-6L,Mass Affluent,2022-05-02 00:00:00,Expired,Low
C003507,Neha Singh,1981-04-17 00:00:00,Male,Hyderabad,Telangana,Student,<3L,Mass Affluent,2022-02-19 00:00:00,Completed,Low
C003508,Sai Joshi,1995-11-28 00:00:00,Female,Ahmedabad,Gujarat,Self-Employed,10-20L,Mass,2022-08-06 00:00:00,Completed,Low
C003509,Rohan Iyer,1971-09-26 00:00:00,Male,Bengaluru,Karnataka,Salaried,<3L,Mass,2024-05-16 00:00:00,Completed,Medium
C003510,Aarav Mehta,1977-03-02 00:00:00,Female,Ahmedabad,Gujarat,Salaried,6-10L,HNI,2025-09-20 00:00:00,Completed,Low
C003511,Kiran Nair,1961-09-17 00:00:00,Male,Hyderabad,Telangana,Salaried,3-6L,Mass,2025-04-21 00:00:00,Completed,Low
C003512,Pooja Iyer,1975-04-08 00:00:00,Male,Bhubaneswar,Odisha,Business,<3L,Affluent,2024-08-10 00:00:00,Completed,Low
C003513,Aditya Mehta,1963-11-14 00:00:00,Female,Gurugram,Haryana,Salaried,3-6L,Mass,2022-05-20 00:00:00,Completed,Low
C003514,Ishita Sharma,1985-07-15 00:00:00,Female,Gurugram,Haryana,Self-Employed,6-10L,Mass Affluent,2025-06-25 00:00:00,Completed,Medium
C003515,Neha Joshi,1999-02-16 00:00:00,Female,Mysuru,Karnataka,Self-Employed,<3L,Mass,2022-03-03 00:00:00,Completed,Medium
C003516,Kiran Patil,1980-05-09 00:00:00,Female,Ahmedabad,Gujarat,Business,>20L,Mass Affluent,2024-11-01 00:00:00,Completed,Low
C003517,Priya Kulkarni,1999-12-15 00:00:00,Male,Kolkata,West Bengal,Salaried,10-20L,Affluent,2023-11-04 00:00:00,Completed,Low
C003518,Rohan Rao,2002-10-20 00:00:00,Female,Jaipur,Rajasthan,Salaried,<3L,Mass,2025-12-19 00:00:00,Completed,Low
C003519,Kavya Iyer,1962-05-10 00:00:00,Female,Mysuru,Karnataka,Student,10-20L,Mass Affluent,2023-05-20 00:00:00,Completed,Medium
C003520,Vivaan Rao,1982-08-15 00:00:00,Female,Mumbai,Maharashtra,Self-Employed,3-6L,Affluent,2024-11-14 00:00:00,Completed,Low
C003521,Aditya Kulkarni,1983-02-21 00:00:00,Male,Jaipur,Rajasthan,Salaried,<3L,Mass Affluent,2023-12-24 00:00:00,Completed,Low
C003522,Priya Kulkarni,1976-11-14 00:00:00,Male,Bengaluru,Karnataka,Business,3-6L,Mass,2024-05-07 00:00:00,Completed,Low
C003523,Aditya Nair,1996-05-18 00:00:00,Female,Hyderabad,Telangana,Student,10-20L,Mass,2026-03-22 00:00:00,Expired,Low
C003524,Kavya Rao,1977-04-19 00:00:00,Female,Delhi,Delhi,Salaried,6-10L,Affluent,2025-03-16 00:00:00,Completed,High
C003525,Diya Reddy,1962-06-02 00:00:00,Male,Bhubaneswar,Odisha,Student,3-6L,Mass Affluent,2023-11-12 00:00:00,Completed,Low
C003526,Priya Sharma,1984-01-02 00:00:00,Male,Jaipur,Rajasthan,Salaried,6-10L,Affluent,2024-01-05 00:00:00,Completed,High
C003527,Neha Rao,1968-11-04 00:00:00,Male,Jaipur,Rajasthan,Retired,6-10L,Mass,2025-03-02 00:00:00,Completed,Low
C003528,Diya Singh,1975-07-19 00:00:00,Male,Pune,Maharashtra,Salaried,10-20L,Mass Affluent,2023-07-23 00:00:00,Pending,Low
C003529,Neha Patil,1981-12-26 00:00:00,Female,Chennai,Tamil Nadu,Salaried,6-10L,Mass Affluent,2022-10-03 00:00:00,Pending,Medium
C003530,Rahul Nair,1991-09-01 00:00:00,Female,Kolkata,West Bengal,Salaried,10-20L,Affluent,2024-02-07 00:00:00,Completed,Low
C003531,Aditya Rao,1972-03-08 00:00:00,Female,Bhubaneswar,Odisha,Business,6-10L,Mass Affluent,2022-04-23 00:00:00,Completed,Medium
C003532,Sneha Joshi,1976-09-03 00:00:00,Female,Bengaluru,Karnataka,Retired,<3L,Mass,2022-10-06 00:00:00,Completed,Low
C003533,Diya Reddy,1962-12-22 00:00:00,Male,Bhubaneswar,Odisha,Salaried,10-20L,Mass Affluent,2023-11-22 00:00:00,Completed,Low
C003534,Vivaan Gupta,1976-10-29 00:00:00,Female,Delhi,Delhi,Salaried,3-6L,Mass Affluent,2025-07-31 00:00:00,Completed,Low
C003535,Aarav Joshi,1985-06-01 00:00:00,Male,Mysuru,Karnataka,Salaried,6-10L,Mass,2025-07-07 00:00:00,Pending,High
C003536,Ishita Nair,1987-01-10 00:00:00,Male,Chennai,Tamil Nadu,Salaried,6-10L,Mass,2023-03-05 00:00:00,Completed,Low
C003537,Neha Patil,1972-11-04 00:00:00,Male,Ahmedabad,Gujarat,Business,3-6L,Affluent,2023-11-24 00:00:00,Completed,Low
C003538,Priya Rao,1962-08-31 00:00:00,Male,Mysuru,Karnataka,Salaried,3-6L,Mass,2022-09-10 00:00:00,Completed,Medium
C003539,Kavya Nair,1985-04-15 00:00:00,Male,Bengaluru,Karnataka,Retired,6-10L,Mass,2025-05-25 00:00:00,Completed,Low
C003540,Priya Nair,1988-09-15 00:00:00,Male,Jaipur,Rajasthan,Retired,10-20L,Mass Affluent,2023-02-09 00:00:00,Completed,Medium
C003541,Aarav Sharma,1963-09-24 00:00:00,Male,Bhubaneswar,Odisha,Salaried,10-20L,HNI,2025-08-05 00:00:00,Completed,Low
C003542,Rohan Sharma,1982-02-13 00:00:00,Male,Mysuru,Karnataka,Self-Employed,6-10L,Mass Affluent,2025-10-14 00:00:00,Completed,Medium
C003543,Rohan Joshi,1964-03-01 00:00:00,Female,Jaipur,Rajasthan,Retired,3-6L,Mass,2025-02-05 00:00:00,Completed,Medium
C003544,Vivaan Iyer,1979-11-05 00:00:00,Female,Jaipur,Rajasthan,Student,3-6L,Mass,2023-06-27 00:00:00,Completed,Low
C003545,Arjun Gupta,1988-01-27 00:00:00,Male,Bhubaneswar,Odisha,Business,10-20L,Mass,2026-04-14 00:00:00,Completed,Medium
C003546,Nikhil Nair,1991-07-05 00:00:00,Female,Mumbai,Maharashtra,Salaried,3-6L,Mass,2025-01-31 00:00:00,Completed,Medium
C003547,Priya Reddy,1991-04-08 00:00:00,Female,Hyderabad,Telangana,Salaried,10-20L,Mass Affluent,2024-11-26 00:00:00,Completed,Low
C003548,Ishita Patil,1993-03-20 00:00:00,Male,Bhubaneswar,Odisha,Business,3-6L,Mass,2025-11-07 00:00:00,Completed,Medium
C003549,Vivaan Joshi,1970-07-26 00:00:00,Male,Jaipur,Rajasthan,Salaried,<3L,Mass,2025-12-18 00:00:00,Completed,Low
C003550,Sai Nair,1997-01-26 00:00:00,Male,Chennai,Tamil Nadu,Business,6-10L,Affluent,2022-05-08 00:00:00,Completed,Medium
C003551,Aarav Nair,1975-04-26 00:00:00,Female,Mumbai,Maharashtra,Business,6-10L,Mass,2025-12-18 00:00:00,Completed,Medium
C003552,Vivaan Gupta,1976-06-01 00:00:00,Male,Mysuru,Karnataka,Salaried,6-10L,Mass,2025-06-10 00:00:00,Completed,Low
C003553,Sai Sharma,1994-07-02 00:00:00,Male,Pune,Maharashtra,Salaried,3-6L,Mass,2022-12-06 00:00:00,Completed,Low
C003554,Ananya Rao,1974-04-29 00:00:00,Female,Bengaluru,Karnataka,Salaried,10-20L,Mass,2023-05-21 00:00:00,Completed,Low
C003555,Vivaan Singh,1963-04-12 00:00:00,Female,Mumbai,Maharashtra,Student,6-10L,Mass,2025-05-20 00:00:00,Completed,Medium
C003556,Arjun Nair,1991-04-17 00:00:00,Female,Bengaluru,Karnataka,Salaried,10-20L,HNI,2022-12-22 00:00:00,Completed,Medium
C003557,Ananya Das,1989-01-01 00:00:00,Male,Ahmedabad,Gujarat,Salaried,6-10L,Affluent,2024-01-13 00:00:00,Completed,Medium
C003558,Aditya Patil,1985-06-26 00:00:00,Male,Chennai,Tamil Nadu,Retired,3-6L,Mass Affluent,2025-02-05 00:00:00,Completed,Medium
C003559,Arjun Nair,1966-04-11 00:00:00,Male,Hyderabad,Telangana,Business,6-10L,Mass Affluent,2024-12-04 00:00:00,Completed,Low
C003560,Ishita Patil,1987-09-04 00:00:00,Male,Ahmedabad,Gujarat,Self-Employed,6-10L,Mass,2026-02-02 00:00:00,Completed,Low
C003561,Diya Iyer,1968-09-09 00:00:00,Female,Delhi,Delhi,Business,6-10L,Affluent,2022-07-03 00:00:00,Completed,High
C003562,Rohan Joshi,1984-05-02 00:00:00,Male,Delhi,Delhi,Salaried,6-10L,Mass,2023-04-30 00:00:00,Completed,Low
C003563,Neha Kulkarni,1982-04-01 00:00:00,Female,Mumbai,Maharashtra,Retired,<3L,Mass,2026-06-06 00:00:00,Completed,Low
C003564,Arjun Rao,1993-11-06 00:00:00,Male,Gurugram,Haryana,Student,10-20L,Mass,2024-07-23 00:00:00,Completed,Low
C003565,Priya Reddy,2002-10-12 00:00:00,Female,Mumbai,Maharashtra,Salaried,3-6L,Mass,2023-02-13 00:00:00,Completed,Low
C003566,Rohan Gupta,1968-04-28 00:00:00,Female,Chennai,Tamil Nadu,Salaried,3-6L,Mass,2023-04-21 00:00:00,Completed,Low
C003567,Vivaan Das,1965-01-09 00:00:00,Male,Bhubaneswar,Odisha,Salaried,10-20L,Mass,2023-07-11 00:00:00,Completed,Low
C003568,Ananya Kulkarni,1984-05-05 00:00:00,Female,Hyderabad,Telangana,Self-Employed,3-6L,Mass,2024-06-29 00:00:00,Completed,Low
C003569,Aditya Patil,2001-09-13 00:00:00,Female,Pune,Maharashtra,Self-Employed,>20L,Mass,2023-04-13 00:00:00,Completed,Low
C003570,Meera Reddy,1966-12-04 00:00:00,Male,Kolkata,West Bengal,Self-Employed,3-6L,Mass,2024-10-18 00:00:00,Completed,Low
C003571,Pooja Reddy,1981-05-08 00:00:00,Male,Ahmedabad,Gujarat,Retired,3-6L,Mass Affluent,2024-01-02 00:00:00,Completed,Low
C003572,Rahul Mehta,1977-11-03 00:00:00,Female,Gurugram,Haryana,Salaried,<3L,Mass,2024-09-29 00:00:00,Completed,Medium
C003573,Ananya Nair,1973-12-06 00:00:00,Female,Pune,Maharashtra,Business,<3L,Mass Affluent,2022-09-12 00:00:00,Completed,Low
C003574,Ishita Das,1989-01-31 00:00:00,Male,Kolkata,West Bengal,Self-Employed,<3L,Mass,2024-10-20 00:00:00,Completed,Medium
C003575,Vivaan Reddy,1972-12-10 00:00:00,Male,Mumbai,Maharashtra,Self-Employed,<3L,Mass,2026-02-27 00:00:00,Completed,Low
C003576,Arjun Rao,1981-08-07 00:00:00,Male,Bhubaneswar,Odisha,Salaried,3-6L,Mass Affluent,2022-08-10 00:00:00,Completed,Low
C003577,Neha Reddy,1997-01-12 00:00:00,Female,Pune,Maharashtra,Self-Employed,3-6L,Mass Affluent,2023-06-22 00:00:00,Completed,Medium
C003578,Aarav Nair,1976-08-17 00:00:00,Female,Delhi,Delhi,Self-Employed,3-6L,Mass,2025-02-12 00:00:00,Completed,Low
C003579,Aditya Sharma,1960-12-03 00:00:00,Male,Kolkata,West Bengal,Salaried,3-6L,Mass,2024-10-10 00:00:00,Completed,Low
C003580,Aarav Reddy,1998-10-07 00:00:00,Male,Bengaluru,Karnataka,Business,<3L,Mass Affluent,2025-01-12 00:00:00,Completed,Low
C003581,Aditya Joshi,1972-01-10 00:00:00,Female,Mumbai,Maharashtra,Salaried,<3L,Mass,2024-07-07 00:00:00,Completed,Medium
C003582,Kavya Iyer,1993-11-08 00:00:00,Male,Mysuru,Karnataka,Salaried,3-6L,Mass,2025-01-25 00:00:00,Completed,Medium
C003583,Kiran Joshi,1993-05-31 00:00:00,Female,Delhi,Delhi,Business,3-6L,Mass,2024-09-27 00:00:00,Completed,Low
C003584,Sai Gupta,1983-01-20 00:00:00,Female,Hyderabad,Telangana,Salaried,<3L,Affluent,2022-05-02 00:00:00,Completed,Low
C003585,Sai Rao,1963-11-06 00:00:00,Female,Mumbai,Maharashtra,Self-Employed,3-6L,Mass,2025-05-18 00:00:00,Completed,Low
C003586,Meera Mehta,2001-08-13 00:00:00,Female,Delhi,Delhi,Self-Employed,10-20L,Affluent,2024-01-04 00:00:00,Completed,Medium
C003587,Sneha Iyer,1989-10-28 00:00:00,Female,Ahmedabad,Gujarat,Salaried,3-6L,Mass Affluent,2022-03-26 00:00:00,Completed,High
C003588,Ishita Reddy,1978-08-03 00:00:00,Male,Bhubaneswar,Odisha,Salaried,3-6L,Mass Affluent,2023-11-03 00:00:00,Completed,Low
C003589,Vivaan Das,1997-05-28 00:00:00,Female,Bengaluru,Karnataka,Salaried,6-10L,Mass,2023-12-16 00:00:00,Completed,Low
C003590,Ananya Joshi,1994-07-10 00:00:00,Female,Chennai,Tamil Nadu,Salaried,6-10L,Mass Affluent,2022-05-23 00:00:00,Completed,Medium
C003591,Kiran Das,1993-04-21 00:00:00,Female,Bengaluru,Karnataka,Self-Employed,<3L,Mass,2026-06-24 00:00:00,Completed,Low
C003592,Aditya Rao,1967-05-10 00:00:00,Male,Hyderabad,Telangana,Salaried,10-20L,Mass,2023-01-01 00:00:00,Completed,Medium
C003593,Kavya Kulkarni,1987-09-21 00:00:00,Female,Jaipur,Rajasthan,Retired,6-10L,Mass,2023-06-27 00:00:00,Completed,Low
C003594,Pooja Sharma,1972-07-08 00:00:00,Female,Ahmedabad,Gujarat,Salaried,>20L,Mass Affluent,2023-12-26 00:00:00,Completed,High
C003595,Priya Gupta,1963-06-09 00:00:00,Male,Mumbai,Maharashtra,Salaried,>20L,Mass Affluent,2025-09-28 00:00:00,Completed,Low
C003596,Diya Patil,1974-10-23 00:00:00,Male,Pune,Maharashtra,Retired,6-10L,Affluent,2025-05-04 00:00:00,Completed,Medium
C003597,Nikhil Patil,1964-07-22 00:00:00,Female,Ahmedabad,Gujarat,Self-Employed,6-10L,Mass,2025-06-19 00:00:00,Completed,Low
C003598,Rahul Mehta,1964-08-20 00:00:00,Female,Ahmedabad,Gujarat,Self-Employed,3-6L,Affluent,2023-01-25 00:00:00,Completed,Low
C003599,Nikhil Gupta,1991-11-06 00:00:00,Female,Pune,Maharashtra,Business,10-20L,Affluent,2025-10-20 00:00:00,Completed,High
C003600,Sneha Rao,1981-12-24 00:00:00,Male,Bengaluru,Karnataka,Student,6-10L,Affluent,2025-09-24 00:00:00,Pending,Low
C003601,Diya Singh,1977-06-05 00:00:00,Male,Gurugram,Haryana,Salaried,3-6L,Mass Affluent,2024-02-01 00:00:00,Completed,Medium
C003602,Vivaan Gupta,1968-06-03 00:00:00,Female,Chennai,Tamil Nadu,Salaried,<3L,Mass,2024-06-15 00:00:00,Completed,Low
C003603,Arjun Reddy,1993-10-09 00:00:00,Male,Gurugram,Haryana,Retired,6-10L,Affluent,2022-03-02 00:00:00,Completed,Low
C003604,Kiran Nair,1987-10-12 00:00:00,Female,Bhubaneswar,Odisha,Salaried,6-10L,Mass Affluent,2025-06-02 00:00:00,Completed,Low
C003605,Ananya Reddy,1985-08-26 00:00:00,Female,Ahmedabad,Gujarat,Business,10-20L,Mass Affluent,2026-04-27 00:00:00,Completed,Low
C003606,Vivaan Sharma,1968-04-29 00:00:00,Male,Ahmedabad,Gujarat,Self-Employed,3-6L,Mass,2024-02-15 00:00:00,Pending,Low
C003607,Rahul Singh,1965-05-30 00:00:00,Female,Bengaluru,Karnataka,Self-Employed,10-20L,Mass,2024-06-06 00:00:00,Completed,Medium
C003608,Diya Iyer,1965-05-30 00:00:00,Female,Jaipur,Rajasthan,Business,<3L,Mass,2024-03-30 00:00:00,Completed,Medium
C003609,Meera Kulkarni,1961-02-04 00:00:00,Male,Ahmedabad,Gujarat,Retired,6-10L,Mass,2022-05-16 00:00:00,Completed,Low
C003610,Sneha Sharma,2002-06-14 00:00:00,Male,Delhi,Delhi,Salaried,3-6L,Mass,2024-10-14 00:00:00,Completed,Low
C003611,Arjun Joshi,1976-02-09 00:00:00,Male,Chennai,Tamil Nadu,Self-Employed,3-6L,Affluent,2025-03-30 00:00:00,Completed,Low
C003612,Vivaan Mehta,1988-10-31 00:00:00,Female,Ahmedabad,Gujarat,Business,3-6L,Mass,2026-03-04 00:00:00,Completed,Low
C003613,Ananya Reddy,2003-01-10 00:00:00,Male,Jaipur,Rajasthan,Salaried,3-6L,Mass,2026-03-07 00:00:00,Pending,Medium
C003614,Aarav Nair,2001-01-08 00:00:00,Male,Hyderabad,Telangana,Student,3-6L,Mass,2024-03-18 00:00:00,Completed,Low
C003615,Nikhil Patil,1974-01-16 00:00:00,Male,Bengaluru,Karnataka,Salaried,10-20L,Mass,2026-04-24 00:00:00,Completed,Low
C003616,Aditya Gupta,1981-06-17 00:00:00,Male,Chennai,Tamil Nadu,Salaried,3-6L,Mass,2024-05-18 00:00:00,Completed,Medium
C003617,Sneha Das,1980-04-13 00:00:00,Male,Kolkata,West Bengal,Student,10-20L,Mass Affluent,2024-11-20 00:00:00,Completed,Low
C003618,Rohan Iyer,1961-06-18 00:00:00,Female,Bengaluru,Karnataka,Retired,6-10L,HNI,2024-09-15 00:00:00,Completed,Low
C003619,Diya Joshi,1993-08-27 00:00:00,Female,Ahmedabad,Gujarat,Salaried,<3L,Mass,2026-06-28 00:00:00,Completed,Low
C003620,Rohan Gupta,1985-02-27 00:00:00,Male,Mumbai,Maharashtra,Business,10-20L,Mass,2025-04-25 00:00:00,Completed,Medium
C003621,Arjun Kulkarni,1976-04-09 00:00:00,Female,Jaipur,Rajasthan,Salaried,10-20L,Mass Affluent,2022-07-17 00:00:00,Completed,Medium
C003622,Ishita Patil,1984-06-16 00:00:00,Female,Hyderabad,Telangana,Salaried,10-20L,Mass,2022-04-28 00:00:00,Pending,Low
C003623,Ishita Joshi,1992-03-20 00:00:00,Male,Pune,Maharashtra,Salaried,10-20L,Mass Affluent,2023-11-05 00:00:00,Completed,Low
C003624,Pooja Gupta,1960-08-27 00:00:00,Female,Bengaluru,Karnataka,Student,6-10L,Mass Affluent,2024-04-26 00:00:00,Completed,Low
C003625,Neha Gupta,1988-04-19 00:00:00,Female,Bengaluru,Karnataka,Salaried,>20L,Affluent,2025-01-02 00:00:00,Completed,Low
C003626,Aditya Nair,1997-09-22 00:00:00,Male,Kolkata,West Bengal,Salaried,3-6L,Mass,2024-03-01 00:00:00,Completed,Low
C003627,Kiran Sharma,1991-10-27 00:00:00,Female,Delhi,Delhi,Business,<3L,HNI,2024-04-25 00:00:00,Completed,Low
C003628,Pooja Reddy,1987-02-27 00:00:00,Male,Jaipur,Rajasthan,Salaried,6-10L,Affluent,2026-02-22 00:00:00,Completed,Medium
C003629,Diya Das,1963-12-19 00:00:00,Female,Mumbai,Maharashtra,Salaried,3-6L,Mass,2023-07-04 00:00:00,Pending,Low
C003630,Sneha Reddy,1992-08-15 00:00:00,Female,Bhubaneswar,Odisha,Salaried,6-10L,Mass,2024-03-21 00:00:00,Completed,Low
C003631,Neha Kulkarni,1992-11-18 00:00:00,Male,Bhubaneswar,Odisha,Business,3-6L,Mass,2024-07-04 00:00:00,Completed,Medium
C003632,Sai Nair,1981-08-20 00:00:00,Female,Mysuru,Karnataka,Self-Employed,3-6L,Mass,2024-02-08 00:00:00,Completed,Low
C003633,Diya Rao,1985-07-10 00:00:00,Male,Chennai,Tamil Nadu,Business,10-20L,HNI,2026-05-09 00:00:00,Completed,Low
C003634,Rahul Singh,1987-02-02 00:00:00,Male,Bhubaneswar,Odisha,Salaried,<3L,Mass,2026-04-29 00:00:00,Completed,Medium
C003635,Diya Kulkarni,1965-04-21 00:00:00,Female,Pune,Maharashtra,Salaried,3-6L,Mass,2024-04-22 00:00:00,Completed,Medium
C003636,Sai Sharma,1971-04-12 00:00:00,Male,Bengaluru,Karnataka,Business,6-10L,Mass,2024-01-10 00:00:00,Completed,Low
C003637,Vivaan Singh,1994-09-15 00:00:00,Male,Jaipur,Rajasthan,Salaried,10-20L,Mass Affluent,2024-08-25 00:00:00,Completed,High
C003638,Sai Patil,2002-08-28 00:00:00,Female,Gurugram,Haryana,Salaried,10-20L,Affluent,2022-10-25 00:00:00,Completed,Low
C003639,Sneha Nair,1971-10-31 00:00:00,Male,Bengaluru,Karnataka,Salaried,3-6L,Mass Affluent,2023-12-01 00:00:00,Completed,Low
C003640,Pooja Reddy,1977-07-21 00:00:00,Female,Jaipur,Rajasthan,Salaried,10-20L,Mass Affluent,2022-12-23 00:00:00,Completed,Low
C003641,Rohan Gupta,2000-02-04 00:00:00,Male,Kolkata,West Bengal,Salaried,6-10L,Mass,2022-08-25 00:00:00,Completed,Low
C003642,Kavya Das,1967-02-10 00:00:00,Female,Bengaluru,Karnataka,Retired,10-20L,Mass Affluent,2022-06-06 00:00:00,Completed,Low
C003643,Ananya Rao,1971-06-10 00:00:00,Male,Pune,Maharashtra,Self-Employed,<3L,Mass,2024-08-21 00:00:00,Completed,Low
C003644,Ananya Das,1962-06-13 00:00:00,Male,Bengaluru,Karnataka,Self-Employed,3-6L,Mass,2022-01-01 00:00:00,Pending,Medium
C003645,Priya Gupta,1970-04-14 00:00:00,Female,Bhubaneswar,Odisha,Salaried,6-10L,Mass Affluent,2024-11-27 00:00:00,Completed,Low
C003646,Aditya Iyer,1987-11-13 00:00:00,Female,Bengaluru,Karnataka,Self-Employed,6-10L,HNI,2023-12-11 00:00:00,Completed,Medium
C003647,Nikhil Nair,1975-04-03 00:00:00,Male,Ahmedabad,Gujarat,Self-Employed,<3L,Mass Affluent,2023-08-25 00:00:00,Completed,Low
C003648,Diya Das,2003-01-29 00:00:00,Female,Hyderabad,Telangana,Retired,6-10L,Mass Affluent,2025-06-17 00:00:00,Completed,Low
C003649,Kiran Nair,1999-01-20 00:00:00,Female,Hyderabad,Telangana,Salaried,6-10L,Mass,2024-06-03 00:00:00,Completed,Low
C003650,Meera Sharma,1999-03-29 00:00:00,Male,Ahmedabad,Gujarat,Business,3-6L,Mass,2025-04-19 00:00:00,Completed,Low
C003651,Pooja Joshi,1991-10-26 00:00:00,Male,Jaipur,Rajasthan,Salaried,6-10L,Mass,2025-03-10 00:00:00,Completed,Medium
C003652,Ishita Gupta,1990-10-03 00:00:00,Male,Mysuru,Karnataka,Self-Employed,3-6L,Mass Affluent,2022-02-22 00:00:00,Completed,Low
C003653,Rohan Iyer,1982-04-29 00:00:00,Female,Bengaluru,Karnataka,Retired,10-20L,Mass Affluent,2022-12-20 00:00:00,Completed,Medium
C003654,Ishita Das,2003-05-24 00:00:00,Male,Mysuru,Karnataka,Self-Employed,6-10L,Mass Affluent,2024-07-24 00:00:00,Completed,Medium
C003655,Sai Das,1964-03-05 00:00:00,Female,Kolkata,West Bengal,Business,6-10L,Mass,2026-05-21 00:00:00,Completed,Low
C003656,Aarav Iyer,1991-08-31 00:00:00,Female,Hyderabad,Telangana,Student,>20L,Mass,2022-09-11 00:00:00,Completed,Low
C003657,Vivaan Sharma,1966-02-22 00:00:00,Male,Mysuru,Karnataka,Retired,6-10L,Mass,2022-06-23 00:00:00,Completed,Medium
C003658,Kiran Joshi,1974-11-11 00:00:00,Male,Mumbai,Maharashtra,Salaried,3-6L,Mass Affluent,2026-03-26 00:00:00,Completed,Low
C003659,Nikhil Sharma,1971-03-13 00:00:00,Female,Hyderabad,Telangana,Salaried,6-10L,HNI,2026-05-07 00:00:00,Completed,High
C003660,Pooja Mehta,1986-05-03 00:00:00,Female,Kolkata,West Bengal,Self-Employed,>20L,Mass,2022-10-02 00:00:00,Completed,Low
C003661,Neha Nair,1994-06-26 00:00:00,Male,Delhi,Delhi,Retired,<3L,Mass Affluent,2023-10-22 00:00:00,Completed,Low
C003662,Arjun Nair,1963-06-30 00:00:00,Female,Bhubaneswar,Odisha,Self-Employed,6-10L,Mass Affluent,2024-10-25 00:00:00,Pending,Medium
C003663,Kiran Gupta,1986-05-10 00:00:00,Male,Bhubaneswar,Odisha,Salaried,3-6L,Mass,2022-11-17 00:00:00,Completed,Low
C003664,Aditya Mehta,1969-09-16 00:00:00,Male,Ahmedabad,Gujarat,Self-Employed,10-20L,Mass,2023-06-20 00:00:00,Completed,Medium
C003665,Aarav Joshi,1963-05-16 00:00:00,Male,Gurugram,Haryana,Salaried,6-10L,Mass,2023-10-12 00:00:00,Completed,Low
C003666,Pooja Gupta,1978-04-16 00:00:00,Female,Jaipur,Rajasthan,Salaried,>20L,Affluent,2024-11-19 00:00:00,Completed,Medium
C003667,Sai Kulkarni,1985-06-18 00:00:00,Female,Kolkata,West Bengal,Salaried,6-10L,Mass,2023-05-21 00:00:00,Completed,Low
C003668,Kavya Gupta,1968-11-03 00:00:00,Female,Hyderabad,Telangana,Salaried,<3L,Mass,2023-11-08 00:00:00,Completed,Low
C003669,Aditya Sharma,1977-01-27 00:00:00,Female,Gurugram,Haryana,Business,6-10L,Mass,2023-04-21 00:00:00,Completed,Low
C003670,Kiran Rao,2001-10-08 00:00:00,Male,Ahmedabad,Gujarat,Salaried,10-20L,Mass Affluent,2025-06-01 00:00:00,Completed,Low
C003671,Kavya Reddy,1975-03-11 00:00:00,Male,Hyderabad,Telangana,Salaried,3-6L,Mass,2022-09-09 00:00:00,Completed,Medium
C003672,Sneha Das,2003-08-12 00:00:00,Female,Mumbai,Maharashtra,Self-Employed,<3L,Affluent,2023-01-14 00:00:00,Completed,Medium
C003673,Aarav Nair,1996-07-17 00:00:00,Male,Bhubaneswar,Odisha,Salaried,6-10L,Mass,2023-02-15 00:00:00,Completed,Medium
C003674,Sneha Reddy,1976-03-31 00:00:00,Female,Bengaluru,Karnataka,Salaried,6-10L,Affluent,2026-01-27 00:00:00,Completed,Medium
C003675,Neha Reddy,1985-04-07 00:00:00,Female,Kolkata,West Bengal,Salaried,<3L,Mass Affluent,2026-03-31 00:00:00,Completed,Medium
C003676,Rahul Rao,1991-01-25 00:00:00,Male,Chennai,Tamil Nadu,Salaried,3-6L,Mass,2024-04-01 00:00:00,Completed,Low
C003677,Sneha Joshi,1980-05-09 00:00:00,Female,Chennai,Tamil Nadu,Business,3-6L,Mass Affluent,2022-09-14 00:00:00,Completed,Low
C003678,Aarav Rao,1977-11-11 00:00:00,Female,Bengaluru,Karnataka,Salaried,6-10L,Mass Affluent,2025-05-26 00:00:00,Completed,Medium
C003679,Aditya Iyer,1974-06-11 00:00:00,Male,Gurugram,Haryana,Salaried,6-10L,Mass,2024-03-19 00:00:00,Completed,Low
C003680,Rohan Mehta,1966-02-10 00:00:00,Female,Jaipur,Rajasthan,Salaried,6-10L,Mass Affluent,2025-10-27 00:00:00,Pending,Low
C003681,Vivaan Singh,1961-02-02 00:00:00,Male,Mumbai,Maharashtra,Salaried,10-20L,Mass Affluent,2023-08-15 00:00:00,Completed,Low
C003682,Pooja Singh,1974-10-04 00:00:00,Male,Kolkata,West Bengal,Salaried,3-6L,Mass Affluent,2026-06-29 00:00:00,Completed,Low
C003683,Priya Das,1994-11-09 00:00:00,Female,Jaipur,Rajasthan,Salaried,6-10L,Mass Affluent,2025-08-18 00:00:00,Completed,Medium
C003684,Diya Rao,1970-03-22 00:00:00,Female,Bhubaneswar,Odisha,Salaried,3-6L,Mass Affluent,2023-01-03 00:00:00,Completed,Low
C003685,Aditya Das,1967-11-15 00:00:00,Male,Hyderabad,Telangana,Salaried,3-6L,Mass,2025-04-06 00:00:00,Completed,Low
C003686,Rohan Joshi,1974-05-16 00:00:00,Female,Pune,Maharashtra,Student,6-10L,Mass,2023-04-17 00:00:00,Completed,Medium
C003687,Vivaan Mehta,1986-03-27 00:00:00,Female,Kolkata,West Bengal,Salaried,6-10L,Mass,2023-07-29 00:00:00,Completed,High
C003688,Rahul Sharma,1969-06-02 00:00:00,Female,Gurugram,Haryana,Salaried,>20L,Mass Affluent,2023-02-16 00:00:00,Completed,Low
C003689,Arjun Iyer,1969-08-27 00:00:00,Female,Chennai,Tamil Nadu,Self-Employed,3-6L,Mass,2025-01-25 00:00:00,Completed,Medium
C003690,Rahul Nair,1964-12-02 00:00:00,Male,Kolkata,West Bengal,Salaried,<3L,Mass,2023-03-08 00:00:00,Completed,Low
C003691,Vivaan Kulkarni,1974-07-21 00:00:00,Female,Kolkata,West Bengal,Business,3-6L,Mass Affluent,2024-11-14 00:00:00,Completed,Low
C003692,Rahul Reddy,1969-07-10 00:00:00,Male,Mumbai,Maharashtra,Salaried,6-10L,Mass,2024-08-14 00:00:00,Completed,Low
C003693,Priya Joshi,1996-05-30 00:00:00,Male,Ahmedabad,Gujarat,Salaried,3-6L,Mass,2025-05-17 00:00:00,Completed,Low
C003694,Aditya Mehta,1999-09-05 00:00:00,Male,Hyderabad,Telangana,Retired,10-20L,Affluent,2026-06-20 00:00:00,Completed,Low
C003695,Diya Reddy,1976-03-25 00:00:00,Male,Bhubaneswar,Odisha,Salaried,10-20L,Mass Affluent,2022-01-15 00:00:00,Completed,Low
C003696,Rohan Gupta,1963-09-25 00:00:00,Female,Chennai,Tamil Nadu,Salaried,6-10L,Mass Affluent,2026-06-15 00:00:00,Completed,Low
C003697,Priya Patil,1963-10-31 00:00:00,Female,Jaipur,Rajasthan,Self-Employed,6-10L,Mass,2022-06-29 00:00:00,Completed,Medium
C003698,Kiran Joshi,1974-03-24 00:00:00,Female,Bhubaneswar,Odisha,Retired,<3L,Mass Affluent,2024-05-14 00:00:00,Completed,Low
C003699,Diya Joshi,1980-04-20 00:00:00,Male,Bhubaneswar,Odisha,Salaried,6-10L,Affluent,2023-07-14 00:00:00,Completed,Low
C003700,Ishita Kulkarni,1983-02-24 00:00:00,Female,Kolkata,West Bengal,Self-Employed,6-10L,Mass,2024-11-15 00:00:00,Completed,Low
C003701,Rahul Singh,1973-04-28 00:00:00,Male,Chennai,Tamil Nadu,Salaried,10-20L,Mass,2025-03-31 00:00:00,Completed,Medium
C003702,Nikhil Rao,1975-07-13 00:00:00,Male,Mysuru,Karnataka,Self-Employed,6-10L,Mass,2025-11-13 00:00:00,Completed,High
C003703,Pooja Singh,1972-06-04 00:00:00,Male,Delhi,Delhi,Salaried,3-6L,Affluent,2023-10-23 00:00:00,Completed,Medium
C003704,Vivaan Patil,1982-09-03 00:00:00,Female,Gurugram,Haryana,Self-Employed,3-6L,Mass,2026-03-12 00:00:00,Completed,Medium
C003705,Rahul Kulkarni,1990-07-12 00:00:00,Male,Ahmedabad,Gujarat,Salaried,3-6L,Mass,2023-06-14 00:00:00,Completed,Low
C003706,Sneha Nair,1961-11-25 00:00:00,Female,Chennai,Tamil Nadu,Self-Employed,>20L,Mass,2022-12-01 00:00:00,Completed,Low
C003707,Nikhil Mehta,1980-12-20 00:00:00,Female,Gurugram,Haryana,Salaried,10-20L,Affluent,2023-09-15 00:00:00,Completed,Low
C003708,Arjun Nair,1988-05-30 00:00:00,Female,Mysuru,Karnataka,Business,10-20L,Mass,2024-05-17 00:00:00,Completed,Medium
C003709,Priya Rao,1989-06-17 00:00:00,Male,Kolkata,West Bengal,Business,10-20L,Mass,2025-01-02 00:00:00,Pending,Low
C003710,Priya Singh,1984-09-06 00:00:00,Female,Gurugram,Haryana,Student,<3L,Affluent,2025-09-29 00:00:00,Completed,Low
C003711,Sneha Das,1983-01-02 00:00:00,Male,Bengaluru,Karnataka,Retired,6-10L,Mass,2023-01-05 00:00:00,Completed,Low
C003712,Rahul Rao,1989-10-30 00:00:00,Female,Pune,Maharashtra,Salaried,6-10L,Mass Affluent,2023-05-13 00:00:00,Completed,Medium
C003713,Aditya Gupta,1976-07-28 00:00:00,Female,Jaipur,Rajasthan,Business,3-6L,Mass,2026-03-22 00:00:00,Completed,Low
C003714,Sneha Patil,1984-11-06 00:00:00,Male,Mysuru,Karnataka,Salaried,6-10L,Mass,2023-12-24 00:00:00,Completed,Medium
C003715,Aditya Iyer,1973-12-29 00:00:00,Male,Delhi,Delhi,Student,6-10L,Mass,2023-02-01 00:00:00,Completed,Medium
C003716,Ananya Singh,1979-03-08 00:00:00,Female,Hyderabad,Telangana,Self-Employed,10-20L,Mass,2026-06-07 00:00:00,Completed,Low
C003717,Aditya Patil,1965-06-08 00:00:00,Male,Mysuru,Karnataka,Salaried,<3L,Mass,2024-01-08 00:00:00,Completed,Medium
C003718,Ananya Singh,1975-05-04 00:00:00,Female,Mysuru,Karnataka,Salaried,10-20L,Mass Affluent,2026-06-06 00:00:00,Completed,Low
C003719,Arjun Joshi,1966-03-23 00:00:00,Female,Bhubaneswar,Odisha,Business,10-20L,Mass,2026-02-18 00:00:00,Completed,Low
C003720,Sai Nair,1969-12-01 00:00:00,Female,Chennai,Tamil Nadu,Student,10-20L,Mass,2026-01-27 00:00:00,Completed,Low
C003721,Sai Gupta,1978-05-17 00:00:00,Female,Mumbai,Maharashtra,Business,<3L,Mass Affluent,2024-08-13 00:00:00,Completed,Low
C003722,Nikhil Rao,1981-11-27 00:00:00,Male,Mumbai,Maharashtra,Self-Employed,3-6L,Affluent,2025-08-04 00:00:00,Completed,Low
C003723,Aarav Singh,2001-04-06 00:00:00,Female,Gurugram,Haryana,Salaried,6-10L,Mass,2026-04-27 00:00:00,Completed,Medium
C003724,Pooja Rao,1961-02-20 00:00:00,Female,Kolkata,West Bengal,Retired,3-6L,Mass,2023-03-18 00:00:00,Completed,Medium
C003725,Priya Reddy,1999-05-12 00:00:00,Male,Kolkata,West Bengal,Self-Employed,<3L,Mass,2022-03-03 00:00:00,Completed,Low
C003726,Kiran Kulkarni,1974-05-18 00:00:00,Male,Mumbai,Maharashtra,Self-Employed,10-20L,Affluent,2023-06-11 00:00:00,Completed,Low
C003727,Pooja Nair,1991-09-21 00:00:00,Male,Kolkata,West Bengal,Self-Employed,<3L,Affluent,2024-11-11 00:00:00,Completed,Low
C003728,Aarav Singh,1989-09-10 00:00:00,Male,Jaipur,Rajasthan,Self-Employed,3-6L,Mass,2024-06-17 00:00:00,Completed,Low
C003729,Diya Patil,2002-07-12 00:00:00,Male,Mumbai,Maharashtra,Business,>20L,Mass,2022-05-13 00:00:00,Completed,High
C003730,Aarav Gupta,1964-10-05 00:00:00,Male,Bengaluru,Karnataka,Self-Employed,3-6L,Mass,2024-07-09 00:00:00,Completed,Low
C003731,Nikhil Rao,2002-05-14 00:00:00,Female,Bhubaneswar,Odisha,Student,10-20L,Mass Affluent,2022-10-14 00:00:00,Completed,Medium
C003732,Rohan Iyer,1962-10-03 00:00:00,Male,Hyderabad,Telangana,Student,3-6L,Mass,2024-04-10 00:00:00,Pending,High
C003733,Rohan Rao,1998-06-06 00:00:00,Male,Ahmedabad,Gujarat,Salaried,3-6L,Mass,2024-08-03 00:00:00,Completed,Low
C003734,Rohan Nair,1988-07-26 00:00:00,Male,Pune,Maharashtra,Salaried,<3L,Mass,2024-11-11 00:00:00,Completed,Low
C003735,Nikhil Mehta,1981-02-09 00:00:00,Female,Pune,Maharashtra,Self-Employed,3-6L,Mass Affluent,2023-11-09 00:00:00,Completed,Medium
C003736,Sneha Nair,1977-06-04 00:00:00,Male,Mumbai,Maharashtra,Self-Employed,3-6L,HNI,2023-11-02 00:00:00,Completed,Low
C003737,Kavya Das,1964-02-06 00:00:00,Male,Mumbai,Maharashtra,Self-Employed,10-20L,Mass,2025-01-19 00:00:00,Completed,Low
C003738,Sai Singh,1995-02-15 00:00:00,Female,Gurugram,Haryana,Student,10-20L,Affluent,2025-05-15 00:00:00,Completed,Medium
C003739,Ananya Singh,1991-11-21 00:00:00,Male,Mysuru,Karnataka,Salaried,<3L,Mass,2025-08-19 00:00:00,Completed,Medium
C003740,Ishita Nair,2001-01-21 00:00:00,Male,Jaipur,Rajasthan,Salaried,<3L,Mass Affluent,2023-07-02 00:00:00,Completed,Medium
C003741,Rahul Singh,1991-12-30 00:00:00,Female,Hyderabad,Telangana,Student,6-10L,Affluent,2023-11-28 00:00:00,Completed,Medium
C003742,Vivaan Reddy,2001-12-03 00:00:00,Female,Jaipur,Rajasthan,Retired,6-10L,Mass Affluent,2023-06-27 00:00:00,Completed,Medium
C003743,Rahul Singh,1998-11-05 00:00:00,Female,Hyderabad,Telangana,Salaried,3-6L,Mass,2024-05-16 00:00:00,Completed,Low
C003744,Sneha Reddy,1978-08-23 00:00:00,Female,Pune,Maharashtra,Salaried,3-6L,Mass,2022-07-28 00:00:00,Completed,Low
C003745,Ananya Joshi,1990-10-29 00:00:00,Male,Hyderabad,Telangana,Salaried,3-6L,Mass Affluent,2023-12-08 00:00:00,Completed,Medium
C003746,Priya Singh,1971-07-31 00:00:00,Female,Mysuru,Karnataka,Salaried,6-10L,Mass Affluent,2022-11-06 00:00:00,Completed,Low
C003747,Ananya Reddy,1994-11-01 00:00:00,Male,Ahmedabad,Gujarat,Self-Employed,<3L,Mass,2024-05-24 00:00:00,Completed,Medium
C003748,Sai Reddy,1986-08-29 00:00:00,Male,Kolkata,West Bengal,Salaried,10-20L,Mass Affluent,2025-10-28 00:00:00,Completed,Low
C003749,Ishita Patil,1979-04-16 00:00:00,Female,Mysuru,Karnataka,Salaried,3-6L,Mass,2026-06-07 00:00:00,Completed,Low
C003750,Vivaan Kulkarni,1987-07-09 00:00:00,Male,Hyderabad,Telangana,Self-Employed,3-6L,Mass,2024-01-03 00:00:00,Completed,Medium
C003751,Sai Nair,1972-02-21 00:00:00,Male,Hyderabad,Telangana,Self-Employed,6-10L,Mass Affluent,2022-04-03 00:00:00,Completed,Medium
C003752,Meera Kulkarni,1987-04-06 00:00:00,Female,Mumbai,Maharashtra,Business,3-6L,Mass,2023-01-10 00:00:00,Completed,Low
C003753,Ananya Gupta,1980-10-18 00:00:00,Male,Mysuru,Karnataka,Salaried,10-20L,Mass,2022-06-22 00:00:00,Completed,Low
C003754,Priya Joshi,1974-02-04 00:00:00,Female,Ahmedabad,Gujarat,Salaried,6-10L,Mass,2025-05-31 00:00:00,Completed,Low
C003755,Vivaan Rao,2002-09-25 00:00:00,Male,Pune,Maharashtra,Salaried,10-20L,Affluent,2026-06-05 00:00:00,Completed,Low
C003756,Rohan Kulkarni,1962-10-17 00:00:00,Female,Hyderabad,Telangana,Retired,6-10L,Mass,2024-06-28 00:00:00,Completed,Low
C003757,Sai Kulkarni,1993-03-11 00:00:00,Male,Mumbai,Maharashtra,Salaried,3-6L,Mass,2022-10-18 00:00:00,Completed,High
C003758,Sneha Mehta,1969-03-14 00:00:00,Male,Chennai,Tamil Nadu,Self-Employed,3-6L,Mass,2022-02-04 00:00:00,Completed,High
C003759,Ananya Mehta,1969-09-30 00:00:00,Male,Bengaluru,Karnataka,Self-Employed,6-10L,Mass,2026-05-22 00:00:00,Completed,Low
C003760,Kavya Patil,1966-10-06 00:00:00,Female,Delhi,Delhi,Student,6-10L,Mass,2023-06-04 00:00:00,Completed,Medium
C003761,Aarav Iyer,1964-06-26 00:00:00,Male,Hyderabad,Telangana,Salaried,3-6L,Mass,2022-07-03 00:00:00,Completed,Low
C003762,Kiran Reddy,1965-06-05 00:00:00,Female,Gurugram,Haryana,Salaried,<3L,Mass,2022-10-18 00:00:00,Completed,Low
C003763,Sneha Kulkarni,1996-06-22 00:00:00,Male,Chennai,Tamil Nadu,Student,3-6L,Mass Affluent,2023-02-24 00:00:00,Completed,Medium
C003764,Sai Sharma,2000-07-29 00:00:00,Female,Mumbai,Maharashtra,Salaried,<3L,Mass,2024-12-12 00:00:00,Completed,Medium
C003765,Priya Mehta,1985-08-13 00:00:00,Female,Gurugram,Haryana,Self-Employed,3-6L,Mass,2026-01-04 00:00:00,Completed,Medium
C003766,Rohan Rao,1960-08-09 00:00:00,Female,Ahmedabad,Gujarat,Salaried,6-10L,Mass Affluent,2023-03-28 00:00:00,Completed,Low
C003767,Kavya Nair,1997-11-13 00:00:00,Male,Delhi,Delhi,Retired,>20L,Mass,2025-02-02 00:00:00,Completed,Low
C003768,Kavya Das,1986-05-13 00:00:00,Female,Mysuru,Karnataka,Business,3-6L,Mass,2022-04-17 00:00:00,Completed,Low
C003769,Sai Das,1982-10-25 00:00:00,Female,Jaipur,Rajasthan,Salaried,<3L,HNI,2022-01-17 00:00:00,Completed,Medium
C003770,Sneha Kulkarni,2001-07-03 00:00:00,Female,Ahmedabad,Gujarat,Student,3-6L,Mass Affluent,2022-04-01 00:00:00,Completed,Low
C003771,Arjun Joshi,1977-12-13 00:00:00,Male,Kolkata,West Bengal,Business,3-6L,Mass Affluent,2026-02-24 00:00:00,Completed,Low
C003772,Kiran Sharma,1975-10-09 00:00:00,Female,Ahmedabad,Gujarat,Self-Employed,6-10L,Mass,2024-08-13 00:00:00,Completed,Low
C003773,Sai Rao,1994-02-28 00:00:00,Female,Ahmedabad,Gujarat,Salaried,<3L,Affluent,2025-08-15 00:00:00,Completed,Low
C003774,Priya Patil,1983-02-02 00:00:00,Female,Kolkata,West Bengal,Salaried,>20L,Mass,2022-02-05 00:00:00,Completed,Low
C003775,Kavya Sharma,1991-05-28 00:00:00,Male,Hyderabad,Telangana,Self-Employed,10-20L,Mass,2022-02-06 00:00:00,Completed,Medium
C003776,Neha Das,1990-06-24 00:00:00,Female,Bengaluru,Karnataka,Salaried,6-10L,Mass Affluent,2025-10-25 00:00:00,Completed,Low
C003777,Ishita Nair,1996-10-09 00:00:00,Female,Chennai,Tamil Nadu,Student,10-20L,Mass,2022-06-18 00:00:00,Completed,Low
C003778,Rahul Patil,1973-11-22 00:00:00,Male,Pune,Maharashtra,Salaried,6-10L,Mass Affluent,2022-09-13 00:00:00,Completed,High
C003779,Rohan Sharma,1963-02-26 00:00:00,Female,Ahmedabad,Gujarat,Self-Employed,>20L,Mass,2024-05-02 00:00:00,Completed,Low
C003780,Diya Das,1980-12-03 00:00:00,Female,Gurugram,Haryana,Salaried,3-6L,Mass,2024-09-22 00:00:00,Completed,Low
C003781,Nikhil Gupta,1988-05-13 00:00:00,Male,Jaipur,Rajasthan,Self-Employed,>20L,Mass Affluent,2023-01-11 00:00:00,Completed,Medium
C003782,Meera Gupta,1995-10-17 00:00:00,Female,Chennai,Tamil Nadu,Salaried,3-6L,Mass,2024-01-01 00:00:00,Completed,Low
C003783,Aarav Patil,1971-09-12 00:00:00,Female,Hyderabad,Telangana,Salaried,3-6L,Mass Affluent,2025-01-13 00:00:00,Completed,High
C003784,Priya Nair,1992-08-25 00:00:00,Male,Bhubaneswar,Odisha,Salaried,>20L,Mass,2023-12-29 00:00:00,Completed,Low
C003785,Aditya Mehta,1996-06-15 00:00:00,Female,Gurugram,Haryana,Self-Employed,3-6L,Mass,2023-09-21 00:00:00,Expired,Medium
C003786,Neha Gupta,1995-06-01 00:00:00,Male,Delhi,Delhi,Salaried,3-6L,Mass Affluent,2022-04-28 00:00:00,Completed,Low
C003787,Kiran Kulkarni,1995-05-26 00:00:00,Male,Delhi,Delhi,Business,<3L,Mass,2024-01-12 00:00:00,Completed,Low
C003788,Nikhil Sharma,2003-04-02 00:00:00,Female,Jaipur,Rajasthan,Salaried,<3L,Mass Affluent,2025-08-11 00:00:00,Completed,Low
C003789,Rahul Iyer,1988-12-17 00:00:00,Female,Ahmedabad,Gujarat,Self-Employed,3-6L,Mass,2024-10-26 00:00:00,Completed,Low
C003790,Sai Joshi,1976-03-22 00:00:00,Female,Mysuru,Karnataka,Self-Employed,3-6L,Mass,2026-01-06 00:00:00,Completed,Low
C003791,Pooja Kulkarni,1979-02-13 00:00:00,Female,Gurugram,Haryana,Salaried,6-10L,Mass,2022-07-27 00:00:00,Completed,Low
C003792,Neha Kulkarni,1992-09-22 00:00:00,Male,Delhi,Delhi,Salaried,10-20L,Mass Affluent,2022-01-19 00:00:00,Completed,Low
C003793,Aarav Singh,1970-05-12 00:00:00,Female,Chennai,Tamil Nadu,Salaried,<3L,Mass,2024-06-19 00:00:00,Completed,Low
C003794,Rahul Kulkarni,1986-05-28 00:00:00,Male,Bengaluru,Karnataka,Self-Employed,10-20L,Mass,2022-10-21 00:00:00,Completed,Low
C003795,Kavya Nair,1985-02-01 00:00:00,Male,Kolkata,West Bengal,Retired,6-10L,Affluent,2024-09-02 00:00:00,Completed,Low
C003796,Priya Patil,1989-03-14 00:00:00,Male,Kolkata,West Bengal,Salaried,10-20L,Mass,2026-01-24 00:00:00,Completed,Low
C003797,Diya Joshi,1978-06-15 00:00:00,Female,Mumbai,Maharashtra,Business,10-20L,Mass Affluent,2023-07-08 00:00:00,Completed,Medium
C003798,Sneha Joshi,1992-05-29 00:00:00,Female,Mysuru,Karnataka,Business,10-20L,Mass,2024-06-21 00:00:00,Completed,High
C003799,Pooja Nair,1963-02-16 00:00:00,Male,Chennai,Tamil Nadu,Business,<3L,Mass,2025-01-24 00:00:00,Completed,Low
C003800,Kavya Reddy,1992-11-03 00:00:00,Female,Pune,Maharashtra,Self-Employed,6-10L,Mass,2022-09-04 00:00:00,Completed,High
C003801,Pooja Joshi,1995-07-26 00:00:00,Female,Bhubaneswar,Odisha,Retired,10-20L,Mass,2026-01-13 00:00:00,Completed,Medium
C003802,Pooja Reddy,1998-10-19 00:00:00,Female,Ahmedabad,Gujarat,Self-Employed,6-10L,Mass Affluent,2022-11-29 00:00:00,Completed,Medium
C003803,Aditya Reddy,2000-06-03 00:00:00,Female,Bhubaneswar,Odisha,Student,<3L,Mass,2025-08-20 00:00:00,Completed,Low
C003804,Diya Singh,1975-04-21 00:00:00,Male,Hyderabad,Telangana,Salaried,6-10L,Mass,2024-12-19 00:00:00,Completed,Low
C003805,Kiran Mehta,1962-01-12 00:00:00,Male,Bhubaneswar,Odisha,Business,10-20L,Mass Affluent,2022-08-20 00:00:00,Expired,Medium
C003806,Rohan Patil,1988-08-16 00:00:00,Female,Bengaluru,Karnataka,Retired,3-6L,Mass Affluent,2025-04-05 00:00:00,Completed,Low
C003807,Neha Patil,1963-12-14 00:00:00,Female,Pune,Maharashtra,Retired,6-10L,Mass,2022-11-19 00:00:00,Completed,Medium
C003808,Aarav Iyer,1972-04-11 00:00:00,Female,Bengaluru,Karnataka,Salaried,10-20L,Mass,2024-09-11 00:00:00,Expired,Medium
C003809,Meera Iyer,1990-10-09 00:00:00,Male,Kolkata,West Bengal,Student,6-10L,Mass,2026-04-25 00:00:00,Pending,Low
C003810,Ananya Mehta,1986-01-17 00:00:00,Female,Hyderabad,Telangana,Salaried,3-6L,Affluent,2026-04-15 00:00:00,Pending,Low
C003811,Sneha Joshi,1986-07-29 00:00:00,Male,Pune,Maharashtra,Business,6-10L,Mass Affluent,2025-12-01 00:00:00,Completed,Low
C003812,Sai Gupta,1992-11-26 00:00:00,Male,Pune,Maharashtra,Salaried,6-10L,Mass Affluent,2024-03-22 00:00:00,Completed,Medium
C003813,Ananya Iyer,1967-03-20 00:00:00,Male,Chennai,Tamil Nadu,Self-Employed,3-6L,Mass,2024-07-07 00:00:00,Pending,Medium
C003814,Kavya Mehta,1994-08-26 00:00:00,Male,Mumbai,Maharashtra,Salaried,6-10L,Mass,2023-05-09 00:00:00,Completed,Low
C003815,Kiran Sharma,1985-09-10 00:00:00,Male,Hyderabad,Telangana,Salaried,3-6L,Mass,2026-02-21 00:00:00,Completed,Low
C003816,Kavya Das,1978-05-27 00:00:00,Female,Chennai,Tamil Nadu,Salaried,10-20L,Mass,2024-02-23 00:00:00,Expired,High
C003817,Kavya Nair,1980-04-23 00:00:00,Male,Mumbai,Maharashtra,Salaried,10-20L,Mass,2025-06-21 00:00:00,Completed,Low
C003818,Priya Joshi,1982-04-14 00:00:00,Male,Mumbai,Maharashtra,Salaried,10-20L,Mass,2023-08-14 00:00:00,Completed,Low
C003819,Sneha Gupta,1984-02-09 00:00:00,Male,Delhi,Delhi,Student,6-10L,Mass,2025-04-30 00:00:00,Completed,Low
C003820,Aarav Sharma,1974-08-16 00:00:00,Female,Chennai,Tamil Nadu,Business,3-6L,Mass,2023-01-04 00:00:00,Completed,Low
C003821,Sai Singh,1969-10-08 00:00:00,Female,Pune,Maharashtra,Business,6-10L,Mass,2025-04-19 00:00:00,Completed,Low
C003822,Kavya Rao,1967-05-28 00:00:00,Female,Delhi,Delhi,Business,<3L,Mass,2022-03-17 00:00:00,Completed,Low
C003823,Kiran Patil,1974-12-04 00:00:00,Female,Hyderabad,Telangana,Salaried,6-10L,Mass Affluent,2022-06-22 00:00:00,Completed,Low
C003824,Kavya Iyer,1971-05-31 00:00:00,Male,Mumbai,Maharashtra,Self-Employed,<3L,Mass Affluent,2023-08-02 00:00:00,Completed,Low
C003825,Ananya Nair,1982-08-11 00:00:00,Male,Hyderabad,Telangana,Self-Employed,6-10L,Mass,2024-03-02 00:00:00,Completed,Low
C003826,Ishita Sharma,1999-12-16 00:00:00,Male,Mysuru,Karnataka,Salaried,6-10L,Mass Affluent,2025-03-14 00:00:00,Expired,High
C003827,Arjun Singh,1964-09-25 00:00:00,Male,Mysuru,Karnataka,Self-Employed,3-6L,Mass,2023-08-13 00:00:00,Completed,Low
C003828,Kiran Patil,1973-07-14 00:00:00,Female,Mumbai,Maharashtra,Business,3-6L,Mass,2022-01-31 00:00:00,Completed,Low
C003829,Rahul Das,1962-02-25 00:00:00,Male,Pune,Maharashtra,Self-Employed,<3L,Affluent,2023-06-19 00:00:00,Completed,Low
C003830,Kiran Das,2002-09-13 00:00:00,Female,Bengaluru,Karnataka,Business,3-6L,Mass,2023-12-23 00:00:00,Completed,Low
C003831,Pooja Singh,1990-09-12 00:00:00,Male,Bhubaneswar,Odisha,Salaried,3-6L,Mass Affluent,2024-06-11 00:00:00,Pending,Low
C003832,Kiran Joshi,1970-07-30 00:00:00,Male,Pune,Maharashtra,Business,10-20L,Mass,2024-11-23 00:00:00,Completed,Low
C003833,Arjun Kulkarni,1978-02-22 00:00:00,Female,Ahmedabad,Gujarat,Salaried,10-20L,Mass,2023-02-11 00:00:00,Pending,Low
C003834,Nikhil Joshi,1991-09-04 00:00:00,Male,Jaipur,Rajasthan,Student,>20L,Mass,2024-09-29 00:00:00,Completed,Low
C003835,Aarav Singh,2001-12-14 00:00:00,Female,Ahmedabad,Gujarat,Salaried,<3L,Mass,2024-11-03 00:00:00,Completed,Low
C003836,Ananya Das,1985-02-20 00:00:00,Female,Ahmedabad,Gujarat,Self-Employed,3-6L,Mass,2025-06-29 00:00:00,Completed,High
C003837,Vivaan Reddy,1971-11-13 00:00:00,Female,Mysuru,Karnataka,Self-Employed,6-10L,Mass,2024-05-07 00:00:00,Expired,Low
C003838,Rohan Nair,1990-07-11 00:00:00,Male,Delhi,Delhi,Salaried,6-10L,Mass,2025-08-23 00:00:00,Completed,Low
C003839,Sai Kulkarni,1990-01-14 00:00:00,Female,Kolkata,West Bengal,Salaried,6-10L,Mass,2022-12-30 00:00:00,Completed,Low
C003840,Ananya Sharma,1988-03-17 00:00:00,Female,Hyderabad,Telangana,Salaried,10-20L,Mass,2025-03-14 00:00:00,Completed,Medium
C003841,Meera Kulkarni,1962-01-05 00:00:00,Male,Bengaluru,Karnataka,Self-Employed,6-10L,Mass,2022-03-17 00:00:00,Completed,Low
C003842,Pooja Rao,1990-12-16 00:00:00,Female,Hyderabad,Telangana,Retired,6-10L,Mass,2022-06-18 00:00:00,Completed,Low
C003843,Rahul Sharma,1960-11-09 00:00:00,Female,Ahmedabad,Gujarat,Salaried,>20L,Mass,2025-11-20 00:00:00,Completed,Low
C003844,Kavya Singh,1999-09-01 00:00:00,Male,Ahmedabad,Gujarat,Self-Employed,3-6L,Mass Affluent,2024-02-19 00:00:00,Completed,Low
C003845,Nikhil Rao,1998-08-20 00:00:00,Female,Delhi,Delhi,Student,10-20L,HNI,2024-10-16 00:00:00,Completed,Low
C003846,Aditya Mehta,1984-09-06 00:00:00,Female,Mumbai,Maharashtra,Salaried,6-10L,Mass,2024-09-17 00:00:00,Completed,Low
C003847,Diya Rao,1988-04-20 00:00:00,Male,Pune,Maharashtra,Student,<3L,Mass,2025-02-14 00:00:00,Completed,Low
C003848,Ananya Patil,1962-12-21 00:00:00,Female,Pune,Maharashtra,Salaried,10-20L,Affluent,2023-02-08 00:00:00,Completed,Low
C003849,Ananya Mehta,1998-04-21 00:00:00,Female,Delhi,Delhi,Salaried,10-20L,Mass Affluent,2022-10-20 00:00:00,Pending,High
C003850,Rohan Kulkarni,1971-11-12 00:00:00,Male,Pune,Maharashtra,Salaried,10-20L,HNI,2022-03-11 00:00:00,Completed,Low
C003851,Kavya Singh,1971-06-25 00:00:00,Male,Gurugram,Haryana,Salaried,<3L,Mass Affluent,2025-11-20 00:00:00,Completed,Low
C003852,Rahul Patil,1991-01-09 00:00:00,Female,Bengaluru,Karnataka,Self-Employed,<3L,Mass Affluent,2023-01-03 00:00:00,Pending,Low
C003853,Priya Das,2001-02-16 00:00:00,Male,Pune,Maharashtra,Business,6-10L,Mass,2024-08-02 00:00:00,Completed,Medium
C003854,Rahul Reddy,1981-08-23 00:00:00,Female,Pune,Maharashtra,Salaried,<3L,Mass,2024-01-17 00:00:00,Completed,Medium
C003855,Aarav Reddy,1982-03-26 00:00:00,Female,Mysuru,Karnataka,Retired,<3L,Mass Affluent,2022-09-24 00:00:00,Completed,Low
C003856,Nikhil Singh,1984-01-11 00:00:00,Female,Jaipur,Rajasthan,Salaried,3-6L,Mass,2023-11-11 00:00:00,Completed,Low
C003857,Rahul Nair,1972-10-02 00:00:00,Male,Kolkata,West Bengal,Salaried,<3L,Mass Affluent,2022-05-17 00:00:00,Completed,Low
C003858,Pooja Kulkarni,1986-02-18 00:00:00,Male,Jaipur,Rajasthan,Student,6-10L,HNI,2022-10-18 00:00:00,Completed,Low
C003859,Ananya Patil,2002-02-04 00:00:00,Male,Hyderabad,Telangana,Student,6-10L,Mass,2022-08-18 00:00:00,Completed,Low
C003860,Diya Reddy,1976-10-05 00:00:00,Female,Mysuru,Karnataka,Self-Employed,<3L,Mass,2025-09-15 00:00:00,Completed,Low
C003861,Nikhil Gupta,1993-11-12 00:00:00,Male,Jaipur,Rajasthan,Salaried,6-10L,Affluent,2024-07-20 00:00:00,Completed,Medium
C003862,Diya Mehta,1993-11-25 00:00:00,Male,Gurugram,Haryana,Salaried,<3L,Affluent,2026-02-28 00:00:00,Completed,Low
C003863,Nikhil Mehta,1997-04-09 00:00:00,Male,Kolkata,West Bengal,Salaried,<3L,Mass Affluent,2023-12-17 00:00:00,Completed,Low
C003864,Priya Joshi,1991-09-11 00:00:00,Female,Delhi,Delhi,Business,6-10L,Mass Affluent,2022-11-27 00:00:00,Completed,Low
C003865,Arjun Iyer,2000-05-13 00:00:00,Female,Gurugram,Haryana,Salaried,6-10L,HNI,2024-09-26 00:00:00,Completed,Low
C003866,Sneha Patil,1991-04-16 00:00:00,Female,Gurugram,Haryana,Business,3-6L,Mass,2026-03-07 00:00:00,Completed,Low
C003867,Arjun Reddy,2002-10-05 00:00:00,Male,Pune,Maharashtra,Salaried,6-10L,Mass,2024-05-24 00:00:00,Completed,Low
C003868,Aarav Nair,1991-05-02 00:00:00,Male,Hyderabad,Telangana,Salaried,3-6L,Mass,2022-01-30 00:00:00,Completed,Low
C003869,Rahul Singh,1996-08-29 00:00:00,Male,Kolkata,West Bengal,Salaried,6-10L,Mass,2023-05-14 00:00:00,Completed,Low
C003870,Rahul Reddy,1999-01-01 00:00:00,Male,Bengaluru,Karnataka,Self-Employed,3-6L,Mass Affluent,2026-02-27 00:00:00,Completed,Low
C003871,Sneha Das,2003-01-29 00:00:00,Male,Mysuru,Karnataka,Self-Employed,6-10L,Mass,2024-05-01 00:00:00,Completed,High
C003872,Nikhil Kulkarni,1986-01-30 00:00:00,Female,Jaipur,Rajasthan,Retired,6-10L,Mass Affluent,2026-04-13 00:00:00,Completed,Medium
C003873,Ananya Joshi,1991-02-10 00:00:00,Male,Hyderabad,Telangana,Student,3-6L,Mass,2024-04-16 00:00:00,Completed,Low
C003874,Kavya Sharma,2002-05-13 00:00:00,Male,Bhubaneswar,Odisha,Business,6-10L,Mass Affluent,2022-01-20 00:00:00,Completed,Low
C003875,Arjun Gupta,1976-08-27 00:00:00,Female,Chennai,Tamil Nadu,Salaried,10-20L,Mass,2025-12-04 00:00:00,Completed,Low
C003876,Sai Joshi,1965-03-22 00:00:00,Female,Chennai,Tamil Nadu,Retired,<3L,Mass,2025-06-06 00:00:00,Completed,Low
C003877,Sai Joshi,1998-09-26 00:00:00,Male,Jaipur,Rajasthan,Student,6-10L,Mass,2025-03-20 00:00:00,Completed,Low
C003878,Ishita Singh,1987-09-07 00:00:00,Female,Chennai,Tamil Nadu,Student,10-20L,Mass,2026-05-13 00:00:00,Completed,Medium
C003879,Sai Gupta,1978-10-08 00:00:00,Male,Pune,Maharashtra,Salaried,<3L,Mass,2022-11-19 00:00:00,Completed,Medium
C003880,Sai Patil,1991-05-28 00:00:00,Female,Hyderabad,Telangana,Salaried,10-20L,Mass Affluent,2026-01-27 00:00:00,Completed,Medium
C003881,Pooja Joshi,1961-06-06 00:00:00,Male,Mumbai,Maharashtra,Business,3-6L,Mass,2023-01-17 00:00:00,Completed,Medium
C003882,Arjun Patil,1980-11-26 00:00:00,Male,Delhi,Delhi,Salaried,10-20L,HNI,2026-05-13 00:00:00,Completed,Low
C003883,Aarav Nair,1971-08-18 00:00:00,Female,Kolkata,West Bengal,Salaried,10-20L,Affluent,2022-11-11 00:00:00,Completed,High
C003884,Pooja Sharma,1972-08-16 00:00:00,Male,Mysuru,Karnataka,Salaried,>20L,Mass,2024-06-22 00:00:00,Completed,Low
C003885,Diya Patil,2002-06-18 00:00:00,Male,Kolkata,West Bengal,Self-Employed,6-10L,Mass,2025-07-20 00:00:00,Completed,High
C003886,Vivaan Rao,1984-02-04 00:00:00,Male,Chennai,Tamil Nadu,Salaried,6-10L,Mass,2022-05-09 00:00:00,Completed,Low
C003887,Nikhil Das,1966-02-24 00:00:00,Female,Pune,Maharashtra,Business,3-6L,Mass,2022-04-20 00:00:00,Completed,Low
C003888,Vivaan Nair,1975-12-23 00:00:00,Female,Bengaluru,Karnataka,Self-Employed,3-6L,Mass,2025-10-27 00:00:00,Completed,Low
C003889,Arjun Singh,1970-08-18 00:00:00,Male,Kolkata,West Bengal,Self-Employed,10-20L,Affluent,2022-04-10 00:00:00,Completed,Low
C003890,Vivaan Patil,1999-10-28 00:00:00,Female,Ahmedabad,Gujarat,Salaried,3-6L,Affluent,2024-10-04 00:00:00,Completed,Low
C003891,Kavya Rao,1972-10-04 00:00:00,Male,Kolkata,West Bengal,Retired,10-20L,Mass,2026-03-21 00:00:00,Completed,Low
C003892,Aarav Patil,1975-08-18 00:00:00,Female,Gurugram,Haryana,Salaried,<3L,Mass Affluent,2024-10-06 00:00:00,Completed,Medium
C003893,Arjun Das,1974-08-21 00:00:00,Male,Chennai,Tamil Nadu,Salaried,3-6L,Affluent,2024-02-29 00:00:00,Completed,Low
C003894,Diya Das,1967-09-12 00:00:00,Male,Delhi,Delhi,Salaried,3-6L,Mass,2023-11-17 00:00:00,Completed,Low
C003895,Diya Reddy,1994-03-05 00:00:00,Male,Delhi,Delhi,Salaried,6-10L,Affluent,2024-11-13 00:00:00,Completed,Low
C003896,Rahul Sharma,1985-04-01 00:00:00,Male,Pune,Maharashtra,Business,<3L,HNI,2024-07-27 00:00:00,Completed,Low
C003897,Aditya Reddy,1979-02-21 00:00:00,Male,Mumbai,Maharashtra,Salaried,3-6L,Affluent,2024-04-03 00:00:00,Completed,Low
C003898,Meera Das,1977-05-06 00:00:00,Male,Bhubaneswar,Odisha,Student,>20L,Mass Affluent,2022-09-10 00:00:00,Completed,Low
C003899,Rahul Kulkarni,1989-03-15 00:00:00,Male,Chennai,Tamil Nadu,Salaried,10-20L,Mass,2024-12-24 00:00:00,Completed,Medium
C003900,Ananya Mehta,1964-03-14 00:00:00,Female,Mumbai,Maharashtra,Retired,10-20L,Mass,2025-04-29 00:00:00,Completed,Low
C003901,Ishita Mehta,2000-10-25 00:00:00,Male,Jaipur,Rajasthan,Self-Employed,<3L,HNI,2025-03-09 00:00:00,Completed,Medium
C003902,Aditya Patil,1984-09-28 00:00:00,Male,Mysuru,Karnataka,Salaried,3-6L,Mass,2022-05-04 00:00:00,Completed,Low
C003903,Aarav Mehta,1969-12-21 00:00:00,Female,Chennai,Tamil Nadu,Self-Employed,6-10L,Mass,2025-02-28 00:00:00,Completed,Medium
C003904,Diya Joshi,1983-07-24 00:00:00,Male,Mysuru,Karnataka,Salaried,<3L,Mass,2025-04-13 00:00:00,Completed,Medium
C003905,Diya Singh,1997-04-28 00:00:00,Female,Delhi,Delhi,Retired,3-6L,Mass,2022-10-29 00:00:00,Completed,Low
C003906,Ananya Mehta,1967-08-03 00:00:00,Female,Chennai,Tamil Nadu,Business,10-20L,Mass,2025-10-26 00:00:00,Completed,Low
C003907,Aarav Joshi,1982-12-12 00:00:00,Female,Bhubaneswar,Odisha,Self-Employed,<3L,Mass Affluent,2024-05-10 00:00:00,Completed,Medium
C003908,Arjun Gupta,1986-03-07 00:00:00,Female,Bhubaneswar,Odisha,Salaried,10-20L,Mass,2024-02-15 00:00:00,Completed,Low
C003909,Nikhil Joshi,1995-06-26 00:00:00,Female,Jaipur,Rajasthan,Retired,3-6L,Mass,2025-04-01 00:00:00,Completed,Low
C003910,Kiran Kulkarni,1984-11-07 00:00:00,Male,Mumbai,Maharashtra,Business,3-6L,Mass,2024-04-17 00:00:00,Completed,Low
C003911,Ananya Nair,1992-04-04 00:00:00,Female,Mysuru,Karnataka,Self-Employed,3-6L,Mass Affluent,2024-06-13 00:00:00,Completed,Low
C003912,Arjun Reddy,1993-11-20 00:00:00,Female,Jaipur,Rajasthan,Salaried,>20L,Mass Affluent,2023-05-28 00:00:00,Completed,Low
C003913,Rahul Iyer,1999-01-14 00:00:00,Female,Bhubaneswar,Odisha,Salaried,6-10L,Affluent,2026-03-04 00:00:00,Completed,Low
C003914,Pooja Gupta,1975-11-03 00:00:00,Male,Pune,Maharashtra,Business,10-20L,Affluent,2026-05-11 00:00:00,Completed,Low
C003915,Nikhil Gupta,1990-10-31 00:00:00,Male,Bengaluru,Karnataka,Self-Employed,3-6L,Mass,2022-08-03 00:00:00,Completed,Low
C003916,Pooja Patil,1970-11-24 00:00:00,Male,Chennai,Tamil Nadu,Student,10-20L,Affluent,2025-04-18 00:00:00,Completed,Medium
C003917,Rohan Patil,1996-12-25 00:00:00,Female,Bengaluru,Karnataka,Self-Employed,6-10L,Mass,2022-02-08 00:00:00,Completed,Low
C003918,Sneha Patil,2001-09-01 00:00:00,Male,Bengaluru,Karnataka,Self-Employed,6-10L,Mass Affluent,2023-08-29 00:00:00,Completed,Medium
C003919,Nikhil Reddy,1972-11-20 00:00:00,Female,Bhubaneswar,Odisha,Salaried,10-20L,Mass Affluent,2026-05-12 00:00:00,Completed,Low
C003920,Kiran Kulkarni,1984-08-01 00:00:00,Male,Gurugram,Haryana,Business,10-20L,Mass,2022-10-15 00:00:00,Pending,Low
C003921,Kavya Mehta,1996-01-09 00:00:00,Male,Mysuru,Karnataka,Salaried,6-10L,Mass,2023-09-12 00:00:00,Completed,Low
C003922,Vivaan Patil,1961-03-10 00:00:00,Female,Chennai,Tamil Nadu,Student,<3L,Mass Affluent,2022-12-27 00:00:00,Completed,Medium
C003923,Rohan Nair,1990-11-19 00:00:00,Female,Delhi,Delhi,Salaried,10-20L,Mass,2025-04-10 00:00:00,Completed,Low
C003924,Arjun Iyer,1995-12-14 00:00:00,Female,Hyderabad,Telangana,Business,3-6L,Mass Affluent,2024-02-01 00:00:00,Completed,Low
C003925,Kavya Nair,1998-03-01 00:00:00,Female,Jaipur,Rajasthan,Student,>20L,Mass,2024-08-31 00:00:00,Completed,High
C003926,Kavya Rao,1968-08-14 00:00:00,Female,Mumbai,Maharashtra,Business,3-6L,Mass Affluent,2026-03-28 00:00:00,Completed,Low
C003927,Sneha Gupta,1993-03-02 00:00:00,Female,Chennai,Tamil Nadu,Salaried,<3L,Affluent,2024-05-05 00:00:00,Completed,Low
C003928,Priya Iyer,1994-06-07 00:00:00,Male,Ahmedabad,Gujarat,Business,3-6L,Mass,2025-04-20 00:00:00,Completed,Medium
C003929,Kavya Iyer,1960-02-15 00:00:00,Female,Gurugram,Haryana,Salaried,6-10L,Mass,2022-06-10 00:00:00,Completed,Low
C003930,Diya Patil,1990-11-21 00:00:00,Female,Bhubaneswar,Odisha,Salaried,3-6L,Mass Affluent,2022-12-20 00:00:00,Completed,Low
C003931,Kiran Rao,1987-06-07 00:00:00,Female,Gurugram,Haryana,Business,10-20L,Mass,2026-04-04 00:00:00,Completed,High
C003932,Rahul Reddy,2002-06-10 00:00:00,Female,Gurugram,Haryana,Business,6-10L,Mass,2025-11-12 00:00:00,Completed,Medium
C003933,Aarav Rao,1961-11-19 00:00:00,Female,Jaipur,Rajasthan,Salaried,3-6L,Mass Affluent,2024-12-14 00:00:00,Completed,Low
C003934,Kiran Rao,2002-04-19 00:00:00,Male,Chennai,Tamil Nadu,Retired,6-10L,Mass,2023-09-14 00:00:00,Completed,Low
C003935,Arjun Iyer,1985-01-11 00:00:00,Female,Jaipur,Rajasthan,Salaried,10-20L,Mass Affluent,2022-11-25 00:00:00,Completed,Medium
C003936,Sneha Mehta,1972-01-08 00:00:00,Female,Ahmedabad,Gujarat,Student,10-20L,Mass,2025-10-30 00:00:00,Completed,Low
C003937,Aditya Patil,1976-12-21 00:00:00,Male,Kolkata,West Bengal,Business,3-6L,Mass,2025-07-13 00:00:00,Completed,Low
C003938,Sai Iyer,1993-07-29 00:00:00,Female,Mumbai,Maharashtra,Student,10-20L,Mass,2023-02-01 00:00:00,Completed,Medium
C003939,Neha Joshi,2003-08-19 00:00:00,Female,Delhi,Delhi,Student,<3L,Affluent,2024-08-26 00:00:00,Completed,Medium
C003940,Arjun Joshi,1973-11-17 00:00:00,Female,Jaipur,Rajasthan,Retired,6-10L,Mass,2024-10-12 00:00:00,Completed,Low
C003941,Ananya Patil,2003-02-03 00:00:00,Female,Chennai,Tamil Nadu,Self-Employed,10-20L,Mass,2024-02-23 00:00:00,Completed,Medium
C003942,Rahul Gupta,1987-07-25 00:00:00,Male,Pune,Maharashtra,Salaried,3-6L,Mass,2026-03-02 00:00:00,Completed,Low
C003943,Rohan Gupta,1968-05-30 00:00:00,Female,Pune,Maharashtra,Salaried,<3L,Mass Affluent,2022-07-23 00:00:00,Completed,Medium
C003944,Neha Patil,1986-03-08 00:00:00,Female,Ahmedabad,Gujarat,Business,6-10L,Mass Affluent,2023-02-28 00:00:00,Completed,Low
C003945,Ishita Iyer,1995-02-14 00:00:00,Male,Mumbai,Maharashtra,Salaried,3-6L,Mass,2022-06-06 00:00:00,Completed,Low
C003946,Kiran Singh,1962-05-22 00:00:00,Female,Mysuru,Karnataka,Retired,3-6L,Mass,2025-02-11 00:00:00,Completed,Low
C003947,Meera Rao,1963-06-16 00:00:00,Male,Ahmedabad,Gujarat,Salaried,3-6L,Mass,2024-11-23 00:00:00,Completed,Low
C003948,Neha Kulkarni,1960-03-23 00:00:00,Female,Pune,Maharashtra,Student,10-20L,Mass Affluent,2026-06-10 00:00:00,Completed,Low
C003949,Kiran Rao,1984-12-25 00:00:00,Female,Ahmedabad,Gujarat,Self-Employed,3-6L,Mass Affluent,2024-06-09 00:00:00,Completed,Medium
C003950,Neha Nair,1962-07-13 00:00:00,Female,Hyderabad,Telangana,Student,6-10L,Mass Affluent,2022-09-05 00:00:00,Completed,Low
C003951,Nikhil Singh,2000-10-30 00:00:00,Female,Bhubaneswar,Odisha,Retired,>20L,Mass Affluent,2024-01-11 00:00:00,Completed,Medium
C003952,Sai Nair,1965-08-09 00:00:00,Male,Hyderabad,Telangana,Salaried,10-20L,Mass,2022-05-26 00:00:00,Completed,Low
C003953,Arjun Patil,1963-02-19 00:00:00,Male,Jaipur,Rajasthan,Business,6-10L,Mass Affluent,2025-01-06 00:00:00,Completed,Low
C003954,Meera Nair,1971-04-15 00:00:00,Female,Jaipur,Rajasthan,Salaried,6-10L,Mass Affluent,2025-01-12 00:00:00,Completed,Low
C003955,Kiran Gupta,1993-06-06 00:00:00,Male,Mumbai,Maharashtra,Business,3-6L,Mass,2025-11-09 00:00:00,Completed,Low
C003956,Sai Sharma,1999-09-24 00:00:00,Female,Bhubaneswar,Odisha,Business,3-6L,Affluent,2023-07-12 00:00:00,Completed,Low
C003957,Arjun Joshi,1970-12-30 00:00:00,Male,Kolkata,West Bengal,Salaried,<3L,Mass,2023-05-25 00:00:00,Pending,Low
C003958,Vivaan Patil,1982-09-20 00:00:00,Female,Mysuru,Karnataka,Salaried,<3L,Mass Affluent,2022-04-27 00:00:00,Completed,Low
C003959,Kiran Rao,1993-11-23 00:00:00,Female,Bengaluru,Karnataka,Salaried,<3L,Mass Affluent,2023-11-13 00:00:00,Completed,Medium
C003960,Aarav Reddy,1994-11-28 00:00:00,Male,Pune,Maharashtra,Salaried,6-10L,Affluent,2024-02-20 00:00:00,Completed,Medium
C003961,Neha Das,1966-09-12 00:00:00,Male,Bengaluru,Karnataka,Business,3-6L,Mass,2025-05-23 00:00:00,Completed,Medium
C003962,Rohan Reddy,1996-09-20 00:00:00,Male,Delhi,Delhi,Salaried,<3L,Affluent,2025-05-22 00:00:00,Completed,Medium
C003963,Kavya Das,1997-12-28 00:00:00,Female,Bhubaneswar,Odisha,Retired,10-20L,Mass,2022-08-19 00:00:00,Completed,Low
C003964,Arjun Patil,1992-03-12 00:00:00,Male,Gurugram,Haryana,Retired,<3L,Mass,2023-04-14 00:00:00,Completed,Medium
C003965,Nikhil Nair,1983-02-04 00:00:00,Female,Bengaluru,Karnataka,Student,6-10L,Affluent,2024-04-19 00:00:00,Completed,Medium
C003966,Sneha Gupta,1977-02-22 00:00:00,Male,Gurugram,Haryana,Self-Employed,3-6L,Mass,2023-07-05 00:00:00,Completed,Low
C003967,Kavya Rao,1998-12-17 00:00:00,Female,Mumbai,Maharashtra,Salaried,6-10L,Mass Affluent,2022-02-11 00:00:00,Completed,Low
C003968,Kiran Nair,1997-11-03 00:00:00,Female,Jaipur,Rajasthan,Business,<3L,Mass,2025-10-20 00:00:00,Completed,Medium
C003969,Nikhil Singh,1982-09-13 00:00:00,Male,Mysuru,Karnataka,Business,<3L,Affluent,2025-04-15 00:00:00,Completed,Medium
C003970,Priya Kulkarni,1992-07-03 00:00:00,Male,Ahmedabad,Gujarat,Retired,10-20L,Mass Affluent,2024-05-03 00:00:00,Completed,Medium
C003971,Priya Mehta,1977-07-08 00:00:00,Male,Gurugram,Haryana,Salaried,6-10L,Mass,2023-06-06 00:00:00,Completed,Low
C003972,Aarav Sharma,1992-07-21 00:00:00,Female,Bengaluru,Karnataka,Salaried,<3L,Mass Affluent,2025-10-15 00:00:00,Completed,Medium
C003973,Pooja Patil,1963-11-30 00:00:00,Female,Kolkata,West Bengal,Retired,3-6L,Mass,2022-02-27 00:00:00,Completed,Low
C003974,Neha Nair,1999-06-30 00:00:00,Female,Gurugram,Haryana,Student,6-10L,Mass Affluent,2024-01-03 00:00:00,Completed,Low
C003975,Rohan Iyer,1982-08-01 00:00:00,Female,Ahmedabad,Gujarat,Salaried,<3L,Mass Affluent,2025-08-08 00:00:00,Completed,Low
C003976,Sneha Nair,1986-03-23 00:00:00,Female,Chennai,Tamil Nadu,Business,6-10L,Mass Affluent,2026-04-14 00:00:00,Completed,Low
C003977,Vivaan Sharma,1968-04-18 00:00:00,Male,Ahmedabad,Gujarat,Salaried,6-10L,Mass Affluent,2023-02-17 00:00:00,Completed,Low
C003978,Ananya Mehta,1983-02-26 00:00:00,Male,Gurugram,Haryana,Self-Employed,6-10L,Mass Affluent,2024-12-04 00:00:00,Completed,Low
C003979,Kavya Joshi,1960-02-20 00:00:00,Female,Bengaluru,Karnataka,Salaried,10-20L,Mass Affluent,2022-11-08 00:00:00,Completed,Medium
C003980,Ananya Nair,1998-12-29 00:00:00,Female,Mysuru,Karnataka,Salaried,3-6L,Affluent,2022-07-10 00:00:00,Completed,Low
C003981,Pooja Reddy,1992-10-20 00:00:00,Female,Gurugram,Haryana,Salaried,10-20L,Mass,2023-08-03 00:00:00,Completed,Low
C003982,Kavya Joshi,1979-11-28 00:00:00,Female,Delhi,Delhi,Salaried,6-10L,Mass,2025-12-24 00:00:00,Completed,Medium
C003983,Neha Nair,1996-08-12 00:00:00,Male,Ahmedabad,Gujarat,Salaried,6-10L,Mass Affluent,2025-02-06 00:00:00,Completed,Medium
C003984,Arjun Das,1995-07-21 00:00:00,Female,Delhi,Delhi,Salaried,6-10L,Mass,2024-03-14 00:00:00,Completed,Medium
C003985,Kiran Rao,1965-03-20 00:00:00,Female,Jaipur,Rajasthan,Salaried,6-10L,Mass,2023-04-10 00:00:00,Completed,Low
C003986,Priya Rao,1962-05-11 00:00:00,Male,Mumbai,Maharashtra,Self-Employed,<3L,Mass Affluent,2022-08-21 00:00:00,Completed,Low
C003987,Priya Das,1971-02-08 00:00:00,Male,Delhi,Delhi,Business,>20L,Mass,2023-03-21 00:00:00,Completed,Medium
C003988,Kiran Nair,1960-01-21 00:00:00,Female,Ahmedabad,Gujarat,Business,>20L,Mass,2022-09-08 00:00:00,Completed,Low
C003989,Priya Reddy,1985-02-08 00:00:00,Male,Mysuru,Karnataka,Salaried,3-6L,Mass,2022-11-04 00:00:00,Completed,Low
C003990,Nikhil Sharma,1983-02-21 00:00:00,Male,Pune,Maharashtra,Salaried,6-10L,Mass,2025-02-02 00:00:00,Completed,Low
C003991,Neha Singh,1983-07-26 00:00:00,Male,Ahmedabad,Gujarat,Student,10-20L,Mass,2022-08-06 00:00:00,Completed,Low
C003992,Kiran Das,1963-03-23 00:00:00,Female,Chennai,Tamil Nadu,Student,10-20L,Mass,2022-03-19 00:00:00,Completed,Low
C003993,Neha Das,2000-03-22 00:00:00,Male,Ahmedabad,Gujarat,Retired,6-10L,Affluent,2024-06-09 00:00:00,Expired,Low
C003994,Rahul Singh,2002-10-11 00:00:00,Male,Hyderabad,Telangana,Retired,<3L,Mass,2023-04-16 00:00:00,Completed,Low
C003995,Rohan Sharma,1985-11-13 00:00:00,Male,Jaipur,Rajasthan,Self-Employed,6-10L,Mass Affluent,2024-01-17 00:00:00,Completed,Low
C003996,Aarav Das,1960-03-29 00:00:00,Male,Jaipur,Rajasthan,Student,<3L,HNI,2022-08-18 00:00:00,Completed,Low
C003997,Vivaan Reddy,1977-05-06 00:00:00,Male,Bhubaneswar,Odisha,Salaried,6-10L,Mass,2022-12-11 00:00:00,Completed,Low
C003998,Rahul Kulkarni,1991-06-17 00:00:00,Female,Mysuru,Karnataka,Business,6-10L,HNI,2023-12-26 00:00:00,Completed,Low
C003999,Aarav Rao,1992-10-18 00:00:00,Male,Chennai,Tamil Nadu,Retired,6-10L,Mass,2025-02-07 00:00:00,Completed,Low
C004000,Rohan Iyer,1970-08-30 00:00:00,Male,Mysuru,Karnataka,Business,3-6L,Mass Affluent,2023-11-12 00:00:00,Completed,Low
C004001,Arjun Iyer,1996-01-15 00:00:00,Female,Mumbai,Maharashtra,Salaried,6-10L,HNI,2024-06-08 00:00:00,Completed,Low
C004002,Rahul Kulkarni,2002-05-20 00:00:00,Female,Pune,Maharashtra,Salaried,6-10L,Mass Affluent,2024-05-06 00:00:00,Completed,High
C004003,Pooja Kulkarni,1982-04-13 00:00:00,Female,Chennai,Tamil Nadu,Salaried,3-6L,Mass,2023-03-18 00:00:00,Pending,Low
C004004,Vivaan Rao,1976-09-17 00:00:00,Female,Gurugram,Haryana,Salaried,3-6L,Mass,2023-04-05 00:00:00,Completed,Low
C004005,Ishita Gupta,1983-01-18 00:00:00,Male,Jaipur,Rajasthan,Business,3-6L,Mass,2023-12-01 00:00:00,Completed,Low
C004006,Ishita Rao,1961-03-12 00:00:00,Male,Pune,Maharashtra,Business,10-20L,Affluent,2022-02-22 00:00:00,Completed,Low
C004007,Kavya Das,1982-12-06 00:00:00,Male,Chennai,Tamil Nadu,Salaried,6-10L,Mass,2025-01-30 00:00:00,Completed,Medium
C004008,Aditya Joshi,1961-03-06 00:00:00,Male,Ahmedabad,Gujarat,Business,6-10L,Mass,2024-10-05 00:00:00,Completed,Low
C004009,Aditya Singh,1961-07-10 00:00:00,Female,Bhubaneswar,Odisha,Salaried,6-10L,Mass,2023-05-18 00:00:00,Completed,Low
C004010,Arjun Kulkarni,1984-03-28 00:00:00,Male,Mumbai,Maharashtra,Self-Employed,10-20L,Mass,2023-09-06 00:00:00,Completed,Low
C004011,Ananya Sharma,1982-05-17 00:00:00,Female,Kolkata,West Bengal,Salaried,6-10L,Mass,2023-06-24 00:00:00,Completed,Low
C004012,Priya Kulkarni,2003-03-23 00:00:00,Female,Mysuru,Karnataka,Self-Employed,<3L,Mass,2024-12-05 00:00:00,Completed,Low
C004013,Vivaan Nair,1982-03-28 00:00:00,Female,Hyderabad,Telangana,Business,3-6L,Mass Affluent,2025-06-01 00:00:00,Completed,Low
C004014,Pooja Das,2002-12-02 00:00:00,Female,Delhi,Delhi,Business,<3L,Mass,2022-06-28 00:00:00,Completed,Medium
C004015,Nikhil Iyer,1995-05-10 00:00:00,Female,Bhubaneswar,Odisha,Business,10-20L,Mass,2023-11-10 00:00:00,Completed,Low
C004016,Meera Sharma,1974-10-10 00:00:00,Male,Ahmedabad,Gujarat,Salaried,6-10L,Mass,2022-01-23 00:00:00,Completed,Low
C004017,Kiran Das,2000-07-27 00:00:00,Female,Bhubaneswar,Odisha,Business,10-20L,Mass,2024-01-13 00:00:00,Completed,Low
C004018,Aarav Kulkarni,1981-02-22 00:00:00,Female,Jaipur,Rajasthan,Salaried,6-10L,Mass Affluent,2023-02-12 00:00:00,Completed,Low
C004019,Neha Das,1986-01-23 00:00:00,Female,Delhi,Delhi,Salaried,10-20L,Mass,2023-07-06 00:00:00,Completed,Low
C004020,Neha Kulkarni,1964-05-26 00:00:00,Male,Kolkata,West Bengal,Self-Employed,>20L,Mass,2024-01-20 00:00:00,Completed,Low
C004021,Arjun Nair,1969-04-24 00:00:00,Female,Bengaluru,Karnataka,Business,6-10L,Mass,2023-06-16 00:00:00,Completed,High
C004022,Arjun Joshi,1982-11-15 00:00:00,Female,Hyderabad,Telangana,Retired,3-6L,Mass,2023-10-10 00:00:00,Completed,Low
C004023,Diya Kulkarni,1971-11-18 00:00:00,Male,Bengaluru,Karnataka,Salaried,<3L,Mass Affluent,2025-06-09 00:00:00,Completed,Low
C004024,Kiran Mehta,1986-04-09 00:00:00,Female,Kolkata,West Bengal,Student,6-10L,Affluent,2025-08-23 00:00:00,Completed,Low
C004025,Rohan Reddy,1963-07-02 00:00:00,Male,Bhubaneswar,Odisha,Salaried,10-20L,Mass,2022-01-10 00:00:00,Completed,Low
C004026,Kavya Kulkarni,1970-12-30 00:00:00,Male,Kolkata,West Bengal,Self-Employed,6-10L,Mass,2023-09-13 00:00:00,Expired,Low
C004027,Pooja Gupta,1989-02-19 00:00:00,Female,Jaipur,Rajasthan,Business,3-6L,Mass,2025-10-22 00:00:00,Completed,Medium
C004028,Kiran Rao,1986-10-24 00:00:00,Female,Mumbai,Maharashtra,Business,6-10L,Mass Affluent,2024-05-20 00:00:00,Completed,Low
C004029,Aditya Mehta,2003-02-02 00:00:00,Male,Bhubaneswar,Odisha,Student,3-6L,Mass,2022-12-04 00:00:00,Completed,Low
C004030,Diya Singh,1999-05-31 00:00:00,Male,Hyderabad,Telangana,Business,3-6L,HNI,2024-09-01 00:00:00,Completed,Medium
C004031,Meera Sharma,1995-07-05 00:00:00,Male,Kolkata,West Bengal,Salaried,10-20L,Mass,2022-08-26 00:00:00,Pending,Low
C004032,Kavya Das,1960-01-16 00:00:00,Female,Ahmedabad,Gujarat,Retired,6-10L,HNI,2022-02-05 00:00:00,Completed,Low
C004033,Neha Gupta,1986-05-23 00:00:00,Male,Chennai,Tamil Nadu,Retired,3-6L,Mass,2024-11-04 00:00:00,Completed,Low
C004034,Aditya Joshi,1970-01-10 00:00:00,Female,Pune,Maharashtra,Salaried,3-6L,Mass,2024-04-25 00:00:00,Completed,Low
C004035,Arjun Das,1971-09-10 00:00:00,Male,Chennai,Tamil Nadu,Salaried,6-10L,Mass,2025-05-27 00:00:00,Completed,Low
C004036,Rohan Singh,1969-03-12 00:00:00,Female,Chennai,Tamil Nadu,Salaried,3-6L,Mass,2023-07-21 00:00:00,Completed,Medium
C004037,Aditya Das,1979-12-21 00:00:00,Male,Jaipur,Rajasthan,Student,3-6L,HNI,2025-11-03 00:00:00,Completed,Medium
C004038,Nikhil Nair,1965-06-05 00:00:00,Male,Gurugram,Haryana,Retired,6-10L,Mass,2023-11-23 00:00:00,Completed,Low
C004039,Pooja Gupta,1983-04-18 00:00:00,Male,Hyderabad,Telangana,Student,6-10L,Mass,2025-04-26 00:00:00,Pending,Medium
C004040,Rahul Patil,1967-04-11 00:00:00,Female,Hyderabad,Telangana,Salaried,<3L,HNI,2022-06-14 00:00:00,Completed,Low
C004041,Kavya Mehta,1981-12-03 00:00:00,Female,Mysuru,Karnataka,Salaried,6-10L,Mass,2022-06-09 00:00:00,Completed,Medium
C004042,Kavya Iyer,1987-06-02 00:00:00,Male,Mysuru,Karnataka,Self-Employed,6-10L,Mass,2025-07-09 00:00:00,Completed,Low
C004043,Priya Kulkarni,1967-11-14 00:00:00,Male,Bengaluru,Karnataka,Salaried,3-6L,Mass,2025-10-01 00:00:00,Completed,Low
C004044,Diya Iyer,1964-07-01 00:00:00,Female,Chennai,Tamil Nadu,Salaried,3-6L,Mass,2026-03-28 00:00:00,Completed,Low
C004045,Neha Singh,1995-04-27 00:00:00,Male,Gurugram,Haryana,Salaried,3-6L,Affluent,2023-06-18 00:00:00,Completed,Low
C004046,Nikhil Nair,1992-05-08 00:00:00,Male,Jaipur,Rajasthan,Salaried,3-6L,Mass,2022-02-06 00:00:00,Completed,Medium
C004047,Priya Reddy,1971-06-15 00:00:00,Male,Kolkata,West Bengal,Salaried,10-20L,Mass Affluent,2026-05-29 00:00:00,Completed,Low
C004048,Aarav Rao,1998-11-09 00:00:00,Female,Mysuru,Karnataka,Business,6-10L,Mass,2024-09-14 00:00:00,Completed,High
C004049,Nikhil Reddy,1969-09-08 00:00:00,Male,Mysuru,Karnataka,Salaried,>20L,Mass,2023-02-10 00:00:00,Completed,Low
C004050,Kiran Gupta,2000-08-03 00:00:00,Male,Delhi,Delhi,Salaried,3-6L,Mass Affluent,2025-06-08 00:00:00,Completed,Low
C004051,Sneha Singh,1964-12-17 00:00:00,Male,Bhubaneswar,Odisha,Self-Employed,6-10L,Mass Affluent,2026-01-24 00:00:00,Completed,Low
C004052,Priya Das,1988-12-01 00:00:00,Female,Bengaluru,Karnataka,Retired,6-10L,Mass Affluent,2023-04-13 00:00:00,Completed,Low
C004053,Pooja Das,1960-11-02 00:00:00,Female,Mumbai,Maharashtra,Business,10-20L,Mass,2025-06-17 00:00:00,Completed,Low
C004054,Vivaan Mehta,1968-08-24 00:00:00,Female,Bengaluru,Karnataka,Self-Employed,10-20L,Mass,2025-07-17 00:00:00,Pending,Low
C004055,Diya Kulkarni,1977-09-23 00:00:00,Male,Delhi,Delhi,Business,6-10L,Mass Affluent,2024-04-03 00:00:00,Completed,Medium
C004056,Sneha Reddy,1963-09-26 00:00:00,Male,Bhubaneswar,Odisha,Business,6-10L,Mass Affluent,2024-11-04 00:00:00,Pending,Low
C004057,Ishita Reddy,1980-01-07 00:00:00,Male,Kolkata,West Bengal,Business,>20L,Mass,2023-03-19 00:00:00,Completed,Low
C004058,Kavya Iyer,1970-03-01 00:00:00,Female,Gurugram,Haryana,Self-Employed,>20L,Mass,2026-03-06 00:00:00,Completed,Low
C004059,Pooja Kulkarni,1964-05-02 00:00:00,Male,Mysuru,Karnataka,Self-Employed,>20L,Mass Affluent,2026-06-03 00:00:00,Completed,Low
C004060,Aditya Rao,2002-02-20 00:00:00,Female,Delhi,Delhi,Salaried,3-6L,Mass,2026-05-30 00:00:00,Completed,Medium
C004061,Diya Iyer,2003-01-04 00:00:00,Male,Hyderabad,Telangana,Salaried,<3L,Mass Affluent,2025-04-25 00:00:00,Completed,Low
C004062,Meera Singh,2002-02-26 00:00:00,Male,Pune,Maharashtra,Salaried,3-6L,Mass Affluent,2022-03-11 00:00:00,Completed,Low
C004063,Ananya Singh,1966-10-01 00:00:00,Male,Kolkata,West Bengal,Salaried,10-20L,Mass,2023-08-25 00:00:00,Completed,Low
C004064,Ishita Iyer,1976-09-23 00:00:00,Female,Bhubaneswar,Odisha,Salaried,<3L,Mass,2024-01-01 00:00:00,Completed,Low
C004065,Ishita Patil,1974-05-05 00:00:00,Female,Mumbai,Maharashtra,Self-Employed,3-6L,Mass,2026-04-26 00:00:00,Completed,Low
C004066,Sai Gupta,1974-04-09 00:00:00,Female,Pune,Maharashtra,Self-Employed,6-10L,Mass Affluent,2024-06-17 00:00:00,Completed,Low
C004067,Aarav Gupta,1978-04-01 00:00:00,Male,Mysuru,Karnataka,Salaried,3-6L,Affluent,2024-05-30 00:00:00,Completed,Medium
C004068,Kavya Nair,1982-05-05 00:00:00,Female,Kolkata,West Bengal,Salaried,10-20L,Mass,2022-08-29 00:00:00,Completed,Low
C004069,Kiran Mehta,1981-04-02 00:00:00,Female,Gurugram,Haryana,Salaried,3-6L,Mass,2025-07-27 00:00:00,Completed,Low
C004070,Pooja Iyer,1972-10-11 00:00:00,Male,Pune,Maharashtra,Business,10-20L,Mass,2023-07-07 00:00:00,Completed,Low
C004071,Vivaan Gupta,2002-12-03 00:00:00,Female,Mumbai,Maharashtra,Salaried,3-6L,Mass Affluent,2022-05-31 00:00:00,Completed,Low
C004072,Ananya Singh,2002-11-30 00:00:00,Female,Bengaluru,Karnataka,Salaried,6-10L,Mass,2026-06-10 00:00:00,Completed,Medium
C004073,Sai Sharma,1974-07-05 00:00:00,Male,Gurugram,Haryana,Salaried,6-10L,Mass Affluent,2022-11-09 00:00:00,Completed,Medium
C004074,Meera Singh,1969-09-09 00:00:00,Male,Kolkata,West Bengal,Self-Employed,3-6L,Mass,2022-01-27 00:00:00,Completed,Low
C004075,Priya Reddy,1983-05-03 00:00:00,Male,Mumbai,Maharashtra,Salaried,3-6L,Mass,2022-05-08 00:00:00,Pending,Low
C004076,Vivaan Joshi,1976-03-03 00:00:00,Female,Bengaluru,Karnataka,Self-Employed,10-20L,Mass,2024-01-14 00:00:00,Pending,Medium
C004077,Kiran Sharma,2003-03-30 00:00:00,Male,Gurugram,Haryana,Self-Employed,6-10L,Affluent,2022-06-18 00:00:00,Completed,Medium
C004078,Vivaan Patil,1978-10-22 00:00:00,Male,Kolkata,West Bengal,Retired,<3L,Mass Affluent,2025-10-15 00:00:00,Completed,Medium
C004079,Rohan Das,1961-09-28 00:00:00,Female,Delhi,Delhi,Self-Employed,6-10L,Mass,2024-04-21 00:00:00,Completed,Low
C004080,Kavya Patil,1965-06-24 00:00:00,Male,Pune,Maharashtra,Salaried,3-6L,Mass,2023-06-16 00:00:00,Completed,Low
C004081,Pooja Kulkarni,1963-04-08 00:00:00,Male,Mysuru,Karnataka,Salaried,6-10L,Affluent,2022-01-06 00:00:00,Completed,Low
C004082,Aditya Iyer,1976-10-08 00:00:00,Male,Kolkata,West Bengal,Business,6-10L,Affluent,2024-02-27 00:00:00,Completed,Low
C004083,Sai Gupta,1973-11-12 00:00:00,Female,Jaipur,Rajasthan,Salaried,6-10L,Mass,2022-09-06 00:00:00,Completed,Medium
C004084,Arjun Das,1997-07-12 00:00:00,Male,Ahmedabad,Gujarat,Retired,<3L,Mass Affluent,2026-05-25 00:00:00,Pending,Low
C004085,Nikhil Patil,1999-01-05 00:00:00,Male,Hyderabad,Telangana,Self-Employed,3-6L,Affluent,2023-04-23 00:00:00,Completed,Low
C004086,Nikhil Rao,1966-02-23 00:00:00,Female,Kolkata,West Bengal,Salaried,<3L,Mass,2024-02-19 00:00:00,Completed,Low
C004087,Nikhil Singh,2001-05-18 00:00:00,Male,Delhi,Delhi,Salaried,3-6L,Mass,2022-01-31 00:00:00,Completed,Low
C004088,Kiran Patil,1985-08-01 00:00:00,Female,Bengaluru,Karnataka,Student,6-10L,Mass,2022-08-03 00:00:00,Completed,Medium
C004089,Ishita Das,1973-06-09 00:00:00,Male,Delhi,Delhi,Retired,6-10L,Mass,2022-12-07 00:00:00,Completed,Low
C004090,Arjun Kulkarni,1977-10-24 00:00:00,Female,Kolkata,West Bengal,Student,<3L,Mass Affluent,2022-03-26 00:00:00,Completed,Low
C004091,Rohan Das,1979-05-03 00:00:00,Female,Chennai,Tamil Nadu,Salaried,<3L,Mass,2025-04-07 00:00:00,Completed,Medium
C004092,Neha Joshi,1967-06-21 00:00:00,Female,Bhubaneswar,Odisha,Business,6-10L,Mass,2026-04-02 00:00:00,Completed,Low
C004093,Ishita Iyer,1997-12-30 00:00:00,Male,Bhubaneswar,Odisha,Salaried,6-10L,Mass,2026-06-06 00:00:00,Completed,Low
C004094,Diya Reddy,1960-07-16 00:00:00,Male,Mumbai,Maharashtra,Salaried,10-20L,Mass Affluent,2023-03-13 00:00:00,Completed,Low
C004095,Arjun Reddy,1963-01-20 00:00:00,Female,Bengaluru,Karnataka,Business,3-6L,Mass,2025-07-19 00:00:00,Completed,Low
C004096,Diya Singh,1971-12-22 00:00:00,Male,Pune,Maharashtra,Retired,<3L,Mass,2024-04-07 00:00:00,Expired,Low
C004097,Sneha Iyer,1966-04-16 00:00:00,Male,Jaipur,Rajasthan,Salaried,3-6L,Mass,2022-03-17 00:00:00,Completed,Low
C004098,Meera Das,1962-09-16 00:00:00,Female,Ahmedabad,Gujarat,Self-Employed,6-10L,Mass Affluent,2022-05-29 00:00:00,Completed,Low
C004099,Vivaan Nair,1976-10-17 00:00:00,Female,Mysuru,Karnataka,Salaried,6-10L,Mass,2024-06-18 00:00:00,Completed,Low
C004100,Priya Kulkarni,1976-07-03 00:00:00,Female,Mysuru,Karnataka,Salaried,<3L,Mass,2023-11-27 00:00:00,Completed,Medium
C004101,Arjun Kulkarni,1965-07-02 00:00:00,Female,Hyderabad,Telangana,Salaried,<3L,Mass Affluent,2022-01-14 00:00:00,Completed,Low
C004102,Priya Iyer,1995-06-29 00:00:00,Female,Chennai,Tamil Nadu,Student,6-10L,Mass,2026-03-08 00:00:00,Completed,Low
C004103,Kiran Rao,1998-08-30 00:00:00,Male,Bhubaneswar,Odisha,Salaried,3-6L,Mass Affluent,2025-04-14 00:00:00,Completed,Low
C004104,Ishita Singh,1991-07-11 00:00:00,Male,Ahmedabad,Gujarat,Business,6-10L,Mass,2024-04-04 00:00:00,Completed,Low
C004105,Sai Kulkarni,1982-11-15 00:00:00,Female,Mumbai,Maharashtra,Salaried,3-6L,Mass Affluent,2026-06-09 00:00:00,Completed,Low
C004106,Kiran Joshi,2001-07-02 00:00:00,Female,Bengaluru,Karnataka,Salaried,3-6L,Mass,2026-05-14 00:00:00,Completed,Low
C004107,Rahul Singh,1975-05-10 00:00:00,Male,Chennai,Tamil Nadu,Salaried,3-6L,Mass,2026-05-19 00:00:00,Pending,Low
C004108,Aarav Rao,1978-09-15 00:00:00,Male,Hyderabad,Telangana,Salaried,>20L,Mass,2023-03-02 00:00:00,Completed,Low
C004109,Vivaan Joshi,1960-08-29 00:00:00,Male,Bhubaneswar,Odisha,Self-Employed,<3L,Affluent,2025-12-17 00:00:00,Completed,Low
C004110,Vivaan Joshi,1991-01-02 00:00:00,Female,Hyderabad,Telangana,Self-Employed,<3L,Mass Affluent,2024-04-08 00:00:00,Completed,Medium
C004111,Ishita Singh,1964-01-19 00:00:00,Female,Hyderabad,Telangana,Retired,10-20L,Mass,2025-04-07 00:00:00,Completed,Low
C004112,Priya Iyer,1989-02-22 00:00:00,Male,Pune,Maharashtra,Salaried,<3L,Mass,2025-11-12 00:00:00,Completed,Medium
C004113,Kavya Rao,1994-04-10 00:00:00,Male,Mysuru,Karnataka,Self-Employed,3-6L,Mass,2022-09-26 00:00:00,Completed,Low
C004114,Rahul Rao,1969-07-04 00:00:00,Female,Jaipur,Rajasthan,Student,3-6L,Mass,2024-01-07 00:00:00,Completed,Low
C004115,Arjun Mehta,1986-10-23 00:00:00,Male,Ahmedabad,Gujarat,Salaried,6-10L,Mass,2022-07-31 00:00:00,Completed,Low
C004116,Ishita Nair,1973-04-19 00:00:00,Male,Mysuru,Karnataka,Student,3-6L,Affluent,2023-04-04 00:00:00,Completed,Low
C004117,Neha Sharma,1977-06-13 00:00:00,Male,Kolkata,West Bengal,Retired,10-20L,Mass,2023-11-10 00:00:00,Completed,Medium
C004118,Neha Singh,1983-03-18 00:00:00,Female,Delhi,Delhi,Student,10-20L,Affluent,2025-11-05 00:00:00,Completed,Low
C004119,Kavya Patil,1970-12-05 00:00:00,Female,Gurugram,Haryana,Self-Employed,6-10L,Mass,2025-11-17 00:00:00,Completed,Low
C004120,Ishita Singh,1994-11-24 00:00:00,Male,Jaipur,Rajasthan,Business,3-6L,Mass Affluent,2023-10-03 00:00:00,Completed,Low
C004121,Diya Reddy,1977-04-15 00:00:00,Male,Jaipur,Rajasthan,Self-Employed,10-20L,Mass,2023-06-25 00:00:00,Completed,Low
C004122,Sneha Rao,1980-03-25 00:00:00,Female,Mumbai,Maharashtra,Self-Employed,10-20L,Mass,2024-05-21 00:00:00,Completed,Medium
C004123,Rohan Rao,1995-09-09 00:00:00,Female,Pune,Maharashtra,Retired,10-20L,Mass Affluent,2026-02-06 00:00:00,Completed,Low
C004124,Pooja Sharma,1969-12-22 00:00:00,Male,Ahmedabad,Gujarat,Salaried,<3L,Mass,2026-05-23 00:00:00,Completed,Low
C004125,Meera Patil,1979-10-24 00:00:00,Male,Bhubaneswar,Odisha,Business,6-10L,Affluent,2023-01-08 00:00:00,Completed,Low
C004126,Kiran Nair,2003-07-09 00:00:00,Female,Bengaluru,Karnataka,Self-Employed,6-10L,Mass Affluent,2022-11-03 00:00:00,Expired,Low
C004127,Pooja Kulkarni,1977-07-05 00:00:00,Male,Jaipur,Rajasthan,Salaried,>20L,HNI,2025-03-06 00:00:00,Completed,Low
C004128,Pooja Patil,1965-01-23 00:00:00,Male,Gurugram,Haryana,Self-Employed,3-6L,Affluent,2023-05-10 00:00:00,Completed,Low
C004129,Ananya Joshi,1972-06-16 00:00:00,Female,Chennai,Tamil Nadu,Business,10-20L,Mass,2022-11-25 00:00:00,Completed,Low
C004130,Meera Mehta,2001-11-15 00:00:00,Male,Bengaluru,Karnataka,Self-Employed,6-10L,Mass,2022-02-21 00:00:00,Completed,Medium
C004131,Aditya Kulkarni,1993-04-03 00:00:00,Male,Kolkata,West Bengal,Student,10-20L,Mass Affluent,2023-10-25 00:00:00,Completed,Low
C004132,Pooja Das,1995-06-10 00:00:00,Female,Kolkata,West Bengal,Salaried,6-10L,Mass,2023-10-06 00:00:00,Completed,Medium
C004133,Priya Joshi,1971-02-09 00:00:00,Male,Chennai,Tamil Nadu,Retired,10-20L,Mass,2024-07-13 00:00:00,Completed,Medium
C004134,Rohan Nair,1996-09-30 00:00:00,Male,Ahmedabad,Gujarat,Self-Employed,3-6L,Mass,2022-11-25 00:00:00,Completed,Low
C004135,Aarav Sharma,1977-03-25 00:00:00,Female,Bhubaneswar,Odisha,Business,3-6L,Mass Affluent,2025-03-18 00:00:00,Completed,Medium
C004136,Ananya Rao,1994-10-27 00:00:00,Male,Jaipur,Rajasthan,Salaried,3-6L,Mass,2025-01-21 00:00:00,Pending,Low
C004137,Sneha Rao,1998-08-03 00:00:00,Female,Kolkata,West Bengal,Salaried,10-20L,Mass,2024-01-30 00:00:00,Completed,Low
C004138,Sai Sharma,1969-02-12 00:00:00,Female,Bhubaneswar,Odisha,Student,<3L,Affluent,2022-10-25 00:00:00,Completed,High
C004139,Neha Gupta,2001-02-09 00:00:00,Female,Kolkata,West Bengal,Salaried,6-10L,Affluent,2024-04-12 00:00:00,Completed,Low
C004140,Kavya Kulkarni,1987-09-17 00:00:00,Female,Kolkata,West Bengal,Salaried,>20L,Mass,2025-01-13 00:00:00,Completed,Medium
C004141,Aditya Patil,1992-01-07 00:00:00,Male,Hyderabad,Telangana,Business,10-20L,Mass,2023-09-04 00:00:00,Completed,Medium
C004142,Ananya Gupta,1993-02-23 00:00:00,Female,Ahmedabad,Gujarat,Business,6-10L,Mass Affluent,2023-03-09 00:00:00,Completed,Medium
C004143,Nikhil Joshi,1967-05-19 00:00:00,Male,Bengaluru,Karnataka,Student,10-20L,Mass,2024-04-11 00:00:00,Pending,Low
C004144,Sai Das,1992-08-30 00:00:00,Male,Hyderabad,Telangana,Business,<3L,Mass Affluent,2023-08-07 00:00:00,Completed,Low
C004145,Pooja Kulkarni,1969-04-29 00:00:00,Male,Gurugram,Haryana,Retired,6-10L,Mass Affluent,2023-10-20 00:00:00,Pending,Low
C004146,Sneha Nair,1971-11-24 00:00:00,Female,Jaipur,Rajasthan,Self-Employed,6-10L,Mass,2023-07-27 00:00:00,Completed,Low
C004147,Sai Singh,1965-02-07 00:00:00,Female,Bengaluru,Karnataka,Self-Employed,10-20L,Mass,2023-05-14 00:00:00,Completed,Medium
C004148,Ananya Rao,1967-12-07 00:00:00,Female,Chennai,Tamil Nadu,Student,3-6L,Mass,2025-03-22 00:00:00,Completed,Low
C004149,Rohan Singh,2002-11-18 00:00:00,Female,Mumbai,Maharashtra,Business,<3L,Mass,2024-01-26 00:00:00,Completed,Low
C004150,Diya Patil,1974-05-16 00:00:00,Male,Jaipur,Rajasthan,Salaried,6-10L,Mass Affluent,2024-02-06 00:00:00,Completed,High
C004151,Pooja Kulkarni,1976-12-14 00:00:00,Female,Jaipur,Rajasthan,Salaried,6-10L,Mass,2024-12-08 00:00:00,Completed,Low
C004152,Ananya Iyer,1981-01-07 00:00:00,Female,Mumbai,Maharashtra,Self-Employed,10-20L,Affluent,2023-08-17 00:00:00,Completed,Medium
C004153,Neha Das,1991-03-26 00:00:00,Male,Jaipur,Rajasthan,Business,6-10L,Mass Affluent,2022-06-15 00:00:00,Completed,Low
C004154,Ishita Sharma,1985-02-18 00:00:00,Male,Gurugram,Haryana,Self-Employed,10-20L,Mass,2025-11-01 00:00:00,Completed,Low
C004155,Aarav Mehta,1983-06-27 00:00:00,Male,Bhubaneswar,Odisha,Business,6-10L,Mass,2022-04-02 00:00:00,Expired,Low
C004156,Ishita Patil,1996-08-30 00:00:00,Female,Kolkata,West Bengal,Student,10-20L,Mass,2024-07-28 00:00:00,Completed,Low
C004157,Sneha Gupta,1981-09-22 00:00:00,Male,Bengaluru,Karnataka,Salaried,6-10L,Mass,2023-03-13 00:00:00,Completed,Medium
C004158,Meera Joshi,1993-09-08 00:00:00,Female,Mumbai,Maharashtra,Self-Employed,3-6L,Mass Affluent,2022-12-18 00:00:00,Completed,Low
C004159,Ananya Sharma,1999-11-26 00:00:00,Female,Delhi,Delhi,Self-Employed,3-6L,Mass,2022-03-10 00:00:00,Completed,Low
C004160,Neha Das,1989-08-14 00:00:00,Male,Mumbai,Maharashtra,Salaried,10-20L,Mass,2026-01-17 00:00:00,Completed,Medium
C004161,Pooja Das,1961-07-19 00:00:00,Male,Mysuru,Karnataka,Self-Employed,3-6L,Mass,2023-12-06 00:00:00,Completed,Low
C004162,Meera Reddy,1971-07-17 00:00:00,Male,Bhubaneswar,Odisha,Self-Employed,6-10L,Mass,2023-07-17 00:00:00,Completed,Low
C004163,Aditya Kulkarni,1987-01-22 00:00:00,Male,Jaipur,Rajasthan,Business,<3L,Mass Affluent,2025-05-02 00:00:00,Completed,Low
C004164,Ananya Das,1980-12-23 00:00:00,Male,Gurugram,Haryana,Salaried,10-20L,HNI,2022-03-06 00:00:00,Completed,Medium
C004165,Arjun Sharma,1972-06-22 00:00:00,Female,Mumbai,Maharashtra,Salaried,3-6L,Mass Affluent,2024-07-15 00:00:00,Completed,Medium
C004166,Nikhil Iyer,1974-09-10 00:00:00,Male,Mumbai,Maharashtra,Self-Employed,6-10L,HNI,2024-03-23 00:00:00,Completed,Low
C004167,Sneha Rao,1963-06-07 00:00:00,Female,Jaipur,Rajasthan,Student,6-10L,Mass Affluent,2024-06-27 00:00:00,Completed,Low
C004168,Kiran Patil,1970-04-16 00:00:00,Female,Pune,Maharashtra,Self-Employed,3-6L,Mass,2022-07-23 00:00:00,Completed,High
C004169,Ishita Joshi,1994-04-16 00:00:00,Female,Bengaluru,Karnataka,Salaried,6-10L,Affluent,2026-04-14 00:00:00,Completed,Medium
C004170,Diya Gupta,1960-06-12 00:00:00,Female,Delhi,Delhi,Retired,10-20L,Mass,2023-01-27 00:00:00,Completed,Low
C004171,Meera Singh,1996-08-28 00:00:00,Male,Gurugram,Haryana,Salaried,6-10L,Mass,2025-01-19 00:00:00,Completed,Low
C004172,Kiran Iyer,1974-11-14 00:00:00,Female,Chennai,Tamil Nadu,Salaried,>20L,Affluent,2025-05-11 00:00:00,Completed,Low
C004173,Sai Iyer,1995-05-23 00:00:00,Female,Delhi,Delhi,Salaried,10-20L,Mass Affluent,2023-07-19 00:00:00,Completed,Low
C004174,Diya Das,1971-03-21 00:00:00,Male,Bhubaneswar,Odisha,Business,6-10L,Affluent,2022-08-03 00:00:00,Completed,Medium
C004175,Diya Singh,1996-04-21 00:00:00,Male,Chennai,Tamil Nadu,Student,6-10L,Mass,2023-05-03 00:00:00,Completed,Low
C004176,Diya Iyer,1985-01-19 00:00:00,Female,Bhubaneswar,Odisha,Salaried,>20L,Mass Affluent,2025-08-18 00:00:00,Completed,Low
C004177,Ananya Iyer,1997-04-19 00:00:00,Female,Delhi,Delhi,Business,6-10L,Mass,2026-01-28 00:00:00,Completed,Medium
C004178,Sai Sharma,1962-09-23 00:00:00,Male,Chennai,Tamil Nadu,Business,3-6L,Mass,2026-03-19 00:00:00,Completed,Low
C004179,Kavya Singh,1994-12-06 00:00:00,Female,Delhi,Delhi,Student,10-20L,Affluent,2023-01-07 00:00:00,Completed,Medium
C004180,Ishita Das,1971-11-07 00:00:00,Male,Kolkata,West Bengal,Student,>20L,Mass,2024-09-22 00:00:00,Completed,Low
C004181,Sneha Gupta,1975-09-20 00:00:00,Female,Kolkata,West Bengal,Business,6-10L,Mass Affluent,2022-09-06 00:00:00,Completed,High
C004182,Rahul Das,1961-12-17 00:00:00,Female,Pune,Maharashtra,Salaried,<3L,Affluent,2025-03-12 00:00:00,Completed,Low
C004183,Sneha Patil,2001-10-16 00:00:00,Male,Bhubaneswar,Odisha,Salaried,6-10L,Affluent,2023-11-14 00:00:00,Completed,Low
C004184,Aarav Nair,1988-02-05 00:00:00,Female,Jaipur,Rajasthan,Retired,10-20L,Mass,2025-03-17 00:00:00,Completed,Low
C004185,Sai Kulkarni,2002-12-20 00:00:00,Male,Jaipur,Rajasthan,Self-Employed,3-6L,Mass,2025-01-29 00:00:00,Completed,Low
C004186,Neha Rao,1984-11-21 00:00:00,Female,Mumbai,Maharashtra,Self-Employed,10-20L,Affluent,2026-06-19 00:00:00,Completed,Low
C004187,Diya Joshi,1966-12-06 00:00:00,Female,Kolkata,West Bengal,Retired,6-10L,Mass Affluent,2024-03-13 00:00:00,Expired,Medium
C004188,Neha Joshi,1974-10-13 00:00:00,Female,Mysuru,Karnataka,Student,3-6L,Mass,2023-07-15 00:00:00,Completed,Low
C004189,Pooja Joshi,1979-04-09 00:00:00,Male,Mysuru,Karnataka,Business,6-10L,Mass,2024-05-14 00:00:00,Completed,Medium
C004190,Meera Patil,1966-06-15 00:00:00,Male,Bhubaneswar,Odisha,Student,3-6L,Mass,2022-09-25 00:00:00,Completed,Low
C004191,Arjun Mehta,2000-10-21 00:00:00,Female,Mysuru,Karnataka,Salaried,10-20L,Affluent,2022-07-03 00:00:00,Completed,Low
C004192,Vivaan Sharma,2001-12-17 00:00:00,Female,Jaipur,Rajasthan,Business,<3L,Mass,2024-05-02 00:00:00,Pending,Low
C004193,Rohan Gupta,1984-09-06 00:00:00,Male,Gurugram,Haryana,Retired,10-20L,Mass Affluent,2025-09-17 00:00:00,Completed,Low
C004194,Kiran Kulkarni,1985-08-07 00:00:00,Female,Pune,Maharashtra,Salaried,3-6L,Mass,2024-05-25 00:00:00,Completed,Low
C004195,Vivaan Sharma,1990-10-25 00:00:00,Female,Bengaluru,Karnataka,Salaried,>20L,Mass,2025-07-07 00:00:00,Completed,Low
C004196,Meera Mehta,1989-09-30 00:00:00,Female,Kolkata,West Bengal,Business,10-20L,Mass Affluent,2022-10-20 00:00:00,Completed,Low
C004197,Neha Singh,1962-09-29 00:00:00,Male,Kolkata,West Bengal,Self-Employed,3-6L,Affluent,2024-01-08 00:00:00,Completed,Low
C004198,Neha Rao,1983-04-11 00:00:00,Male,Gurugram,Haryana,Salaried,>20L,Mass,2024-10-03 00:00:00,Completed,Low
C004199,Rahul Reddy,1994-01-15 00:00:00,Male,Ahmedabad,Gujarat,Salaried,6-10L,Mass,2023-07-25 00:00:00,Completed,Low
C004200,Priya Sharma,1995-05-01 00:00:00,Male,Pune,Maharashtra,Salaried,6-10L,Mass Affluent,2022-01-24 00:00:00,Completed,Low
C004201,Ananya Singh,1986-02-09 00:00:00,Male,Hyderabad,Telangana,Salaried,10-20L,Mass,2022-05-01 00:00:00,Completed,Low
C004202,Ananya Mehta,1999-04-08 00:00:00,Male,Pune,Maharashtra,Student,10-20L,Mass,2026-03-04 00:00:00,Completed,Medium
C004203,Kiran Kulkarni,1985-09-05 00:00:00,Male,Hyderabad,Telangana,Business,6-10L,Mass Affluent,2024-09-20 00:00:00,Completed,Low
C004204,Sneha Reddy,1976-10-06 00:00:00,Male,Mysuru,Karnataka,Business,>20L,Mass,2023-03-11 00:00:00,Completed,Medium
C004205,Aditya Kulkarni,1979-05-23 00:00:00,Female,Gurugram,Haryana,Salaried,3-6L,Mass Affluent,2023-03-01 00:00:00,Completed,Low
C004206,Nikhil Iyer,1990-03-24 00:00:00,Male,Hyderabad,Telangana,Salaried,3-6L,Mass,2022-03-06 00:00:00,Completed,High
C004207,Sai Singh,1998-10-31 00:00:00,Male,Hyderabad,Telangana,Salaried,<3L,Mass Affluent,2026-04-01 00:00:00,Expired,Low
C004208,Arjun Kulkarni,1970-01-26 00:00:00,Female,Gurugram,Haryana,Student,3-6L,Mass Affluent,2022-06-27 00:00:00,Completed,Low
C004209,Vivaan Reddy,1972-11-08 00:00:00,Female,Chennai,Tamil Nadu,Retired,6-10L,Affluent,2025-06-01 00:00:00,Completed,Low
C004210,Kiran Singh,1988-07-21 00:00:00,Female,Hyderabad,Telangana,Salaried,3-6L,Mass Affluent,2023-01-30 00:00:00,Completed,High
C004211,Rahul Iyer,1993-06-13 00:00:00,Male,Pune,Maharashtra,Retired,6-10L,Mass Affluent,2023-07-06 00:00:00,Pending,Low
C004212,Kavya Singh,1977-06-26 00:00:00,Male,Mumbai,Maharashtra,Salaried,<3L,Mass,2023-03-26 00:00:00,Completed,Medium
C004213,Meera Mehta,1988-03-04 00:00:00,Female,Chennai,Tamil Nadu,Salaried,3-6L,Mass,2025-09-15 00:00:00,Completed,Low
C004214,Rohan Iyer,1960-04-18 00:00:00,Female,Bhubaneswar,Odisha,Business,10-20L,Mass,2022-02-23 00:00:00,Completed,Low
C004215,Ananya Kulkarni,1972-10-11 00:00:00,Male,Ahmedabad,Gujarat,Salaried,<3L,Mass Affluent,2023-08-02 00:00:00,Completed,Medium
C004216,Kiran Reddy,2001-11-09 00:00:00,Female,Chennai,Tamil Nadu,Retired,6-10L,Mass,2023-04-04 00:00:00,Completed,Low
C004217,Priya Rao,1985-04-02 00:00:00,Female,Bhubaneswar,Odisha,Salaried,10-20L,Mass,2023-03-25 00:00:00,Completed,Low
C004218,Sneha Sharma,1998-01-16 00:00:00,Female,Jaipur,Rajasthan,Business,6-10L,Mass,2022-11-13 00:00:00,Completed,Medium
C004219,Diya Reddy,1969-07-14 00:00:00,Female,Hyderabad,Telangana,Salaried,10-20L,Mass Affluent,2026-02-07 00:00:00,Completed,Low
C004220,Vivaan Gupta,1972-09-27 00:00:00,Female,Mysuru,Karnataka,Salaried,>20L,Mass,2023-09-14 00:00:00,Completed,Low
C004221,Ananya Sharma,2002-09-15 00:00:00,Male,Chennai,Tamil Nadu,Salaried,<3L,Mass,2023-11-18 00:00:00,Completed,Low
C004222,Kiran Singh,2003-09-16 00:00:00,Female,Chennai,Tamil Nadu,Retired,6-10L,Mass Affluent,2023-09-25 00:00:00,Completed,Medium
C004223,Ananya Joshi,1998-05-30 00:00:00,Female,Pune,Maharashtra,Self-Employed,3-6L,Affluent,2026-05-29 00:00:00,Completed,Low
C004224,Sneha Iyer,1973-11-22 00:00:00,Male,Jaipur,Rajasthan,Self-Employed,3-6L,Mass Affluent,2023-07-11 00:00:00,Completed,Low
C004225,Arjun Nair,1995-02-09 00:00:00,Male,Jaipur,Rajasthan,Salaried,6-10L,Mass,2023-07-16 00:00:00,Completed,Low
C004226,Vivaan Nair,1980-02-06 00:00:00,Male,Pune,Maharashtra,Salaried,6-10L,Affluent,2023-06-23 00:00:00,Completed,High
C004227,Rahul Joshi,1996-12-19 00:00:00,Male,Gurugram,Haryana,Salaried,10-20L,Mass,2023-06-21 00:00:00,Completed,Low
C004228,Priya Nair,1997-04-16 00:00:00,Female,Mumbai,Maharashtra,Business,6-10L,Mass,2022-05-28 00:00:00,Completed,Low
C004229,Sneha Nair,1979-01-18 00:00:00,Male,Mumbai,Maharashtra,Salaried,10-20L,Mass,2024-09-19 00:00:00,Completed,Medium
C004230,Arjun Joshi,1973-05-05 00:00:00,Female,Pune,Maharashtra,Salaried,6-10L,Mass,2022-02-11 00:00:00,Completed,Medium
C004231,Sai Patil,2002-09-14 00:00:00,Female,Delhi,Delhi,Self-Employed,<3L,Mass Affluent,2023-01-07 00:00:00,Completed,Low
C004232,Rahul Patil,1979-09-26 00:00:00,Female,Pune,Maharashtra,Self-Employed,<3L,Mass,2022-11-28 00:00:00,Completed,Low
C004233,Diya Singh,1978-11-28 00:00:00,Female,Mysuru,Karnataka,Salaried,6-10L,Mass Affluent,2023-04-24 00:00:00,Completed,Low
C004234,Ananya Reddy,1989-02-26 00:00:00,Female,Gurugram,Haryana,Salaried,6-10L,Mass Affluent,2025-05-27 00:00:00,Completed,Low
C004235,Nikhil Singh,2001-01-11 00:00:00,Female,Chennai,Tamil Nadu,Salaried,<3L,Mass,2024-09-11 00:00:00,Completed,Low
C004236,Diya Das,1965-09-18 00:00:00,Male,Pune,Maharashtra,Business,3-6L,Mass,2026-06-15 00:00:00,Completed,Low
C004237,Aarav Mehta,2003-02-15 00:00:00,Female,Hyderabad,Telangana,Salaried,3-6L,Mass Affluent,2023-07-31 00:00:00,Completed,Low
C004238,Ananya Iyer,1978-07-02 00:00:00,Male,Pune,Maharashtra,Business,6-10L,Mass,2026-03-05 00:00:00,Completed,Low
C004239,Aditya Gupta,1961-02-13 00:00:00,Male,Kolkata,West Bengal,Salaried,3-6L,Mass,2022-03-15 00:00:00,Completed,Low
C004240,Kiran Rao,1973-07-21 00:00:00,Female,Chennai,Tamil Nadu,Student,3-6L,Mass,2024-04-07 00:00:00,Completed,Low
C004241,Arjun Kulkarni,1980-04-04 00:00:00,Male,Bhubaneswar,Odisha,Retired,<3L,Mass,2025-08-04 00:00:00,Completed,Low
C004242,Aarav Singh,1989-08-24 00:00:00,Male,Bengaluru,Karnataka,Salaried,3-6L,Mass,2024-05-23 00:00:00,Completed,Low
C004243,Arjun Iyer,1984-10-22 00:00:00,Female,Jaipur,Rajasthan,Salaried,6-10L,Affluent,2026-03-13 00:00:00,Completed,Low
C004244,Rahul Das,1965-12-15 00:00:00,Female,Delhi,Delhi,Salaried,10-20L,Mass,2023-06-01 00:00:00,Pending,Medium
C004245,Arjun Kulkarni,1981-05-21 00:00:00,Female,Bengaluru,Karnataka,Student,3-6L,Mass,2022-02-24 00:00:00,Completed,Low
C004246,Sai Sharma,1970-03-12 00:00:00,Female,Kolkata,West Bengal,Self-Employed,6-10L,Mass Affluent,2025-06-24 00:00:00,Completed,Medium
C004247,Aditya Nair,1971-10-22 00:00:00,Female,Mumbai,Maharashtra,Self-Employed,6-10L,Affluent,2022-04-22 00:00:00,Completed,High
C004248,Kiran Nair,1991-03-01 00:00:00,Female,Mumbai,Maharashtra,Salaried,6-10L,Mass Affluent,2025-06-09 00:00:00,Completed,Low
C004249,Meera Das,1995-03-10 00:00:00,Female,Bhubaneswar,Odisha,Salaried,3-6L,Mass,2025-04-19 00:00:00,Completed,Medium
C004250,Aarav Kulkarni,1966-11-04 00:00:00,Male,Mumbai,Maharashtra,Business,<3L,HNI,2025-10-18 00:00:00,Completed,Low
C004251,Vivaan Rao,1986-05-21 00:00:00,Female,Hyderabad,Telangana,Self-Employed,10-20L,Mass,2024-02-26 00:00:00,Completed,Medium
C004252,Sneha Kulkarni,1978-06-27 00:00:00,Female,Mumbai,Maharashtra,Student,>20L,Mass,2026-01-10 00:00:00,Completed,Low
C004253,Sai Gupta,1974-09-30 00:00:00,Male,Mysuru,Karnataka,Student,3-6L,Mass Affluent,2022-10-06 00:00:00,Expired,Low
C004254,Vivaan Rao,1991-03-25 00:00:00,Male,Bengaluru,Karnataka,Self-Employed,6-10L,Mass,2023-12-15 00:00:00,Completed,Low
C004255,Kavya Kulkarni,1970-11-25 00:00:00,Female,Bengaluru,Karnataka,Self-Employed,<3L,Mass Affluent,2022-07-20 00:00:00,Completed,High
C004256,Vivaan Joshi,1993-07-13 00:00:00,Female,Gurugram,Haryana,Retired,<3L,Affluent,2025-06-13 00:00:00,Completed,Low
C004257,Aditya Mehta,1977-07-21 00:00:00,Female,Gurugram,Haryana,Business,<3L,Mass,2025-03-18 00:00:00,Pending,Medium
C004258,Neha Patil,1964-02-27 00:00:00,Male,Bengaluru,Karnataka,Student,10-20L,Mass,2025-08-17 00:00:00,Completed,High
C004259,Neha Singh,1994-09-14 00:00:00,Female,Delhi,Delhi,Retired,3-6L,Mass,2025-06-09 00:00:00,Completed,Medium
C004260,Ananya Gupta,1997-04-27 00:00:00,Female,Pune,Maharashtra,Salaried,3-6L,Mass,2023-05-22 00:00:00,Completed,Low
C004261,Neha Patil,1984-08-31 00:00:00,Female,Hyderabad,Telangana,Business,<3L,Mass Affluent,2022-04-22 00:00:00,Completed,Low
C004262,Aarav Gupta,1991-09-18 00:00:00,Male,Bhubaneswar,Odisha,Business,<3L,Affluent,2026-03-06 00:00:00,Completed,Low
C004263,Ananya Iyer,1966-06-18 00:00:00,Female,Kolkata,West Bengal,Salaried,3-6L,Mass Affluent,2024-03-20 00:00:00,Completed,Low
C004264,Neha Singh,1974-11-11 00:00:00,Male,Bhubaneswar,Odisha,Self-Employed,6-10L,HNI,2022-06-04 00:00:00,Completed,Low
C004265,Sai Patil,1975-04-30 00:00:00,Male,Mumbai,Maharashtra,Salaried,6-10L,Mass,2026-03-03 00:00:00,Completed,Low
C004266,Kavya Nair,1993-06-16 00:00:00,Female,Mumbai,Maharashtra,Salaried,6-10L,Mass,2026-06-21 00:00:00,Completed,Medium
C004267,Pooja Joshi,1975-06-03 00:00:00,Male,Ahmedabad,Gujarat,Salaried,6-10L,Mass,2024-01-02 00:00:00,Completed,Low
C004268,Kavya Rao,1991-11-26 00:00:00,Male,Pune,Maharashtra,Business,10-20L,Mass Affluent,2025-06-18 00:00:00,Completed,Low
C004269,Sai Kulkarni,1973-06-10 00:00:00,Male,Jaipur,Rajasthan,Business,3-6L,Mass,2022-03-01 00:00:00,Completed,Low
C004270,Arjun Kulkarni,1986-04-28 00:00:00,Male,Gurugram,Haryana,Self-Employed,3-6L,Mass,2022-06-03 00:00:00,Completed,Low
C004271,Nikhil Gupta,1969-03-10 00:00:00,Male,Mumbai,Maharashtra,Salaried,10-20L,Mass,2023-03-31 00:00:00,Completed,Medium
C004272,Kiran Nair,1984-06-18 00:00:00,Female,Jaipur,Rajasthan,Self-Employed,6-10L,Mass,2024-12-13 00:00:00,Completed,Medium
C004273,Neha Nair,1963-07-17 00:00:00,Female,Hyderabad,Telangana,Salaried,6-10L,Mass Affluent,2022-08-08 00:00:00,Completed,Low
C004274,Meera Das,1992-03-08 00:00:00,Female,Ahmedabad,Gujarat,Salaried,3-6L,Affluent,2022-02-26 00:00:00,Completed,Low
C004275,Pooja Patil,1961-04-10 00:00:00,Male,Gurugram,Haryana,Salaried,<3L,Mass,2025-01-03 00:00:00,Completed,Medium
C004276,Pooja Kulkarni,2003-10-10 00:00:00,Male,Mysuru,Karnataka,Student,<3L,Mass,2025-06-18 00:00:00,Completed,Low
C004277,Ananya Iyer,1996-10-01 00:00:00,Female,Kolkata,West Bengal,Salaried,10-20L,Mass,2025-04-28 00:00:00,Completed,Low
C004278,Pooja Patil,1985-05-05 00:00:00,Female,Mysuru,Karnataka,Self-Employed,6-10L,Mass,2025-08-05 00:00:00,Completed,Low
C004279,Vivaan Mehta,1999-11-05 00:00:00,Male,Chennai,Tamil Nadu,Student,<3L,Mass,2025-08-11 00:00:00,Completed,Low
C004280,Rohan Nair,1995-06-05 00:00:00,Female,Gurugram,Haryana,Salaried,3-6L,Mass Affluent,2024-09-16 00:00:00,Expired,High
C004281,Ishita Rao,1966-04-03 00:00:00,Male,Ahmedabad,Gujarat,Student,3-6L,Mass Affluent,2024-05-02 00:00:00,Completed,Low
C004282,Sai Nair,1992-08-08 00:00:00,Female,Jaipur,Rajasthan,Salaried,3-6L,Mass Affluent,2025-11-07 00:00:00,Completed,Low
C004283,Nikhil Rao,1976-07-11 00:00:00,Male,Delhi,Delhi,Salaried,6-10L,Mass Affluent,2023-07-26 00:00:00,Completed,High
C004284,Nikhil Patil,1997-06-27 00:00:00,Male,Jaipur,Rajasthan,Salaried,3-6L,Mass,2022-06-10 00:00:00,Completed,Low
C004285,Kavya Nair,1997-11-02 00:00:00,Male,Mysuru,Karnataka,Self-Employed,10-20L,Mass Affluent,2025-05-19 00:00:00,Completed,Low
C004286,Pooja Patil,2001-10-24 00:00:00,Male,Mysuru,Karnataka,Retired,6-10L,Mass Affluent,2023-03-30 00:00:00,Completed,Low
C004287,Kiran Singh,1979-10-03 00:00:00,Female,Bhubaneswar,Odisha,Self-Employed,10-20L,Mass,2026-05-27 00:00:00,Completed,High
C004288,Sai Reddy,1968-06-16 00:00:00,Female,Hyderabad,Telangana,Self-Employed,10-20L,Mass,2023-11-12 00:00:00,Completed,High
C004289,Kavya Gupta,1965-06-24 00:00:00,Female,Gurugram,Haryana,Salaried,10-20L,Mass,2025-10-30 00:00:00,Completed,Low
C004290,Nikhil Iyer,1967-04-01 00:00:00,Male,Mysuru,Karnataka,Retired,>20L,Mass,2022-03-11 00:00:00,Completed,Medium
C004291,Kavya Das,2003-06-12 00:00:00,Female,Pune,Maharashtra,Salaried,3-6L,Mass,2024-12-18 00:00:00,Pending,Medium
C004292,Vivaan Mehta,1985-09-07 00:00:00,Male,Kolkata,West Bengal,Salaried,3-6L,Mass,2024-01-06 00:00:00,Completed,Low
C004293,Aditya Sharma,1975-05-30 00:00:00,Male,Ahmedabad,Gujarat,Retired,3-6L,Affluent,2024-01-30 00:00:00,Completed,Low
C004294,Nikhil Patil,1979-09-06 00:00:00,Female,Jaipur,Rajasthan,Salaried,6-10L,Affluent,2023-03-12 00:00:00,Completed,Medium
C004295,Nikhil Iyer,1967-07-29 00:00:00,Female,Delhi,Delhi,Salaried,6-10L,Mass Affluent,2026-05-14 00:00:00,Completed,Low
C004296,Pooja Patil,1984-12-31 00:00:00,Male,Gurugram,Haryana,Salaried,<3L,Mass Affluent,2023-10-07 00:00:00,Completed,Low
C004297,Sneha Rao,1978-08-24 00:00:00,Male,Mysuru,Karnataka,Salaried,10-20L,HNI,2025-10-28 00:00:00,Completed,Low
C004298,Meera Kulkarni,1994-12-16 00:00:00,Female,Bengaluru,Karnataka,Business,10-20L,Mass,2023-11-30 00:00:00,Completed,Low
C004299,Meera Das,1960-12-04 00:00:00,Female,Gurugram,Haryana,Self-Employed,6-10L,Mass,2022-03-21 00:00:00,Completed,Low
C004300,Aditya Mehta,2000-10-24 00:00:00,Male,Hyderabad,Telangana,Retired,3-6L,Mass Affluent,2025-12-14 00:00:00,Expired,Low
C004301,Aarav Patil,1962-08-28 00:00:00,Female,Mysuru,Karnataka,Salaried,3-6L,Affluent,2022-10-31 00:00:00,Completed,Low
C004302,Sneha Reddy,1978-04-14 00:00:00,Female,Delhi,Delhi,Self-Employed,6-10L,Mass Affluent,2023-03-20 00:00:00,Completed,High
C004303,Ananya Iyer,1974-12-03 00:00:00,Male,Chennai,Tamil Nadu,Business,3-6L,Mass,2025-11-14 00:00:00,Completed,Low
C004304,Vivaan Patil,1991-06-13 00:00:00,Female,Ahmedabad,Gujarat,Self-Employed,6-10L,Mass Affluent,2026-01-07 00:00:00,Completed,Low
C004305,Pooja Joshi,1988-10-31 00:00:00,Female,Bhubaneswar,Odisha,Self-Employed,3-6L,Mass,2026-02-14 00:00:00,Completed,Low
C004306,Kavya Kulkarni,1968-08-14 00:00:00,Female,Delhi,Delhi,Self-Employed,3-6L,Mass,2023-12-01 00:00:00,Completed,Low
C004307,Sneha Rao,1981-06-30 00:00:00,Male,Delhi,Delhi,Business,3-6L,Mass,2025-05-27 00:00:00,Pending,Medium
C004308,Sneha Das,1983-06-01 00:00:00,Female,Jaipur,Rajasthan,Student,6-10L,Mass Affluent,2023-06-23 00:00:00,Completed,Low
C004309,Meera Kulkarni,1980-04-27 00:00:00,Female,Kolkata,West Bengal,Salaried,3-6L,Mass,2025-04-30 00:00:00,Completed,Low
C004310,Ananya Gupta,1960-12-14 00:00:00,Female,Pune,Maharashtra,Salaried,>20L,Mass,2024-04-05 00:00:00,Pending,Low
C004311,Ananya Patil,1967-10-20 00:00:00,Female,Kolkata,West Bengal,Self-Employed,<3L,Mass Affluent,2022-03-27 00:00:00,Completed,Medium
C004312,Meera Rao,1982-01-25 00:00:00,Male,Mysuru,Karnataka,Salaried,10-20L,Mass,2023-11-17 00:00:00,Completed,Medium
C004313,Arjun Iyer,1971-05-30 00:00:00,Male,Gurugram,Haryana,Salaried,<3L,Affluent,2024-02-08 00:00:00,Completed,Low
C004314,Priya Sharma,1983-11-21 00:00:00,Female,Pune,Maharashtra,Retired,3-6L,Mass,2023-02-27 00:00:00,Completed,Medium
C004315,Aarav Iyer,1967-03-03 00:00:00,Female,Bhubaneswar,Odisha,Salaried,>20L,Mass Affluent,2023-09-07 00:00:00,Completed,Medium
C004316,Arjun Sharma,1992-03-20 00:00:00,Female,Bengaluru,Karnataka,Salaried,6-10L,Mass,2024-04-05 00:00:00,Completed,Medium
C004317,Ananya Rao,1968-04-03 00:00:00,Female,Jaipur,Rajasthan,Self-Employed,6-10L,Affluent,2022-03-23 00:00:00,Completed,High
C004318,Kiran Nair,1988-06-13 00:00:00,Female,Pune,Maharashtra,Salaried,6-10L,Affluent,2022-09-07 00:00:00,Completed,Medium
C004319,Neha Rao,1996-08-24 00:00:00,Male,Bengaluru,Karnataka,Salaried,3-6L,Mass,2025-06-13 00:00:00,Completed,Low
C004320,Kiran Singh,1975-09-13 00:00:00,Male,Chennai,Tamil Nadu,Salaried,10-20L,Mass Affluent,2023-08-01 00:00:00,Completed,Low
C004321,Rahul Joshi,1966-02-09 00:00:00,Female,Kolkata,West Bengal,Salaried,3-6L,Mass Affluent,2024-09-25 00:00:00,Completed,Medium
C004322,Neha Singh,1960-04-01 00:00:00,Male,Mysuru,Karnataka,Salaried,10-20L,Mass,2024-07-18 00:00:00,Completed,Medium
C004323,Aditya Reddy,1975-10-17 00:00:00,Male,Bengaluru,Karnataka,Business,>20L,Mass Affluent,2024-06-24 00:00:00,Completed,Low
C004324,Sai Sharma,1965-01-21 00:00:00,Female,Mysuru,Karnataka,Salaried,10-20L,Affluent,2023-11-10 00:00:00,Completed,Low
C004325,Diya Patil,1998-08-18 00:00:00,Male,Delhi,Delhi,Salaried,10-20L,Mass,2024-03-04 00:00:00,Completed,Low
C004326,Aarav Joshi,2002-08-16 00:00:00,Female,Mysuru,Karnataka,Self-Employed,6-10L,Affluent,2025-09-14 00:00:00,Completed,Low
C004327,Diya Sharma,2002-12-16 00:00:00,Male,Kolkata,West Bengal,Salaried,6-10L,Mass,2026-05-04 00:00:00,Completed,Low
C004328,Diya Nair,2000-05-27 00:00:00,Male,Bengaluru,Karnataka,Salaried,3-6L,Affluent,2023-02-26 00:00:00,Completed,Low
C004329,Sai Rao,1985-09-13 00:00:00,Male,Ahmedabad,Gujarat,Salaried,10-20L,HNI,2025-01-04 00:00:00,Completed,Medium
C004330,Ishita Iyer,1974-03-29 00:00:00,Male,Jaipur,Rajasthan,Salaried,6-10L,Mass,2026-05-12 00:00:00,Completed,Low
C004331,Priya Gupta,1979-07-24 00:00:00,Female,Kolkata,West Bengal,Salaried,3-6L,Mass,2022-01-13 00:00:00,Completed,Low
C004332,Aditya Singh,1971-05-04 00:00:00,Female,Bhubaneswar,Odisha,Salaried,10-20L,Mass Affluent,2025-07-12 00:00:00,Completed,Low
C004333,Sneha Reddy,1996-10-21 00:00:00,Male,Bhubaneswar,Odisha,Student,<3L,Affluent,2024-03-26 00:00:00,Completed,Medium
C004334,Kiran Iyer,1979-02-12 00:00:00,Male,Bengaluru,Karnataka,Retired,10-20L,Mass,2026-05-08 00:00:00,Completed,Low
C004335,Aarav Patil,1976-11-13 00:00:00,Female,Delhi,Delhi,Student,10-20L,Mass,2024-08-07 00:00:00,Completed,Low
C004336,Ananya Reddy,1990-03-23 00:00:00,Female,Ahmedabad,Gujarat,Salaried,3-6L,Mass Affluent,2025-10-08 00:00:00,Completed,Medium
C004337,Sneha Nair,1976-05-16 00:00:00,Female,Delhi,Delhi,Business,<3L,Mass,2022-09-30 00:00:00,Completed,Medium
C004338,Kiran Sharma,1975-08-19 00:00:00,Male,Kolkata,West Bengal,Self-Employed,6-10L,Mass Affluent,2022-08-22 00:00:00,Completed,Low
C004339,Sneha Das,1969-12-16 00:00:00,Female,Ahmedabad,Gujarat,Salaried,3-6L,Mass Affluent,2026-03-02 00:00:00,Completed,Low
C004340,Ishita Gupta,1962-12-12 00:00:00,Male,Bhubaneswar,Odisha,Retired,>20L,HNI,2024-05-14 00:00:00,Completed,High
C004341,Kavya Das,1961-08-30 00:00:00,Female,Pune,Maharashtra,Business,<3L,Mass,2024-07-05 00:00:00,Completed,Low
C004342,Neha Sharma,1977-08-23 00:00:00,Male,Delhi,Delhi,Salaried,3-6L,Affluent,2022-10-07 00:00:00,Completed,Low
C004343,Rohan Sharma,2003-08-07 00:00:00,Male,Bengaluru,Karnataka,Retired,<3L,Mass Affluent,2023-01-08 00:00:00,Completed,High
C004344,Arjun Rao,1971-06-01 00:00:00,Female,Pune,Maharashtra,Salaried,10-20L,Affluent,2025-09-05 00:00:00,Completed,Medium
C004345,Pooja Iyer,1988-01-31 00:00:00,Female,Pune,Maharashtra,Salaried,6-10L,Mass,2023-05-14 00:00:00,Completed,Low
C004346,Kiran Joshi,1974-03-26 00:00:00,Female,Gurugram,Haryana,Salaried,10-20L,Mass Affluent,2024-08-17 00:00:00,Completed,Medium
C004347,Priya Singh,1973-04-05 00:00:00,Male,Gurugram,Haryana,Salaried,>20L,Affluent,2023-06-04 00:00:00,Completed,Low
C004348,Vivaan Nair,1967-02-20 00:00:00,Male,Jaipur,Rajasthan,Retired,6-10L,Mass Affluent,2023-03-09 00:00:00,Completed,Medium
C004349,Neha Nair,1984-09-05 00:00:00,Male,Ahmedabad,Gujarat,Self-Employed,3-6L,Mass,2022-09-30 00:00:00,Pending,Low
C004350,Nikhil Das,1988-11-10 00:00:00,Male,Kolkata,West Bengal,Salaried,<3L,Mass,2026-03-07 00:00:00,Completed,Low
C004351,Kiran Gupta,1975-05-05 00:00:00,Male,Bengaluru,Karnataka,Business,10-20L,Mass,2026-03-24 00:00:00,Completed,Medium
C004352,Vivaan Mehta,1983-01-26 00:00:00,Male,Gurugram,Haryana,Student,3-6L,Mass,2022-07-09 00:00:00,Completed,Medium
C004353,Aarav Iyer,1980-11-09 00:00:00,Male,Kolkata,West Bengal,Retired,10-20L,Mass Affluent,2023-08-04 00:00:00,Completed,Low
C004354,Rohan Mehta,1971-11-12 00:00:00,Male,Mumbai,Maharashtra,Retired,10-20L,Affluent,2024-07-14 00:00:00,Completed,Medium
C004355,Aditya Singh,1990-04-20 00:00:00,Male,Gurugram,Haryana,Student,6-10L,Mass Affluent,2023-09-22 00:00:00,Completed,Medium
C004356,Pooja Nair,1984-04-05 00:00:00,Female,Kolkata,West Bengal,Self-Employed,6-10L,Mass,2025-03-29 00:00:00,Completed,Low
C004357,Arjun Nair,1962-11-19 00:00:00,Female,Ahmedabad,Gujarat,Salaried,>20L,Mass,2023-03-04 00:00:00,Completed,Low
C004358,Rahul Nair,1981-08-01 00:00:00,Male,Jaipur,Rajasthan,Retired,10-20L,Mass,2022-04-07 00:00:00,Completed,Low
C004359,Pooja Sharma,1977-01-21 00:00:00,Female,Gurugram,Haryana,Salaried,6-10L,Mass,2023-07-08 00:00:00,Completed,High
C004360,Ananya Singh,1994-11-13 00:00:00,Female,Delhi,Delhi,Salaried,3-6L,Affluent,2024-09-08 00:00:00,Completed,Low
C004361,Diya Nair,1973-06-06 00:00:00,Male,Delhi,Delhi,Salaried,6-10L,Mass,2022-10-24 00:00:00,Completed,Low
C004362,Rahul Nair,2001-11-16 00:00:00,Male,Kolkata,West Bengal,Salaried,3-6L,Mass,2025-09-01 00:00:00,Completed,Low
C004363,Ishita Mehta,1986-12-10 00:00:00,Female,Gurugram,Haryana,Self-Employed,>20L,Mass Affluent,2022-01-21 00:00:00,Completed,Low
C004364,Ishita Das,1965-09-21 00:00:00,Male,Delhi,Delhi,Student,6-10L,Mass,2022-04-21 00:00:00,Pending,Low
C004365,Rohan Das,1977-09-01 00:00:00,Male,Mumbai,Maharashtra,Self-Employed,10-20L,Mass,2024-04-15 00:00:00,Completed,Low
C004366,Sneha Reddy,1998-09-20 00:00:00,Male,Gurugram,Haryana,Self-Employed,<3L,Mass,2024-04-21 00:00:00,Completed,Low
C004367,Kavya Joshi,1971-02-25 00:00:00,Male,Mumbai,Maharashtra,Salaried,10-20L,Mass,2023-04-30 00:00:00,Pending,Medium
C004368,Neha Iyer,1990-11-15 00:00:00,Male,Hyderabad,Telangana,Business,3-6L,Mass Affluent,2023-03-01 00:00:00,Completed,Low
C004369,Rahul Nair,1994-04-25 00:00:00,Male,Jaipur,Rajasthan,Salaried,10-20L,Mass,2022-04-25 00:00:00,Completed,Low
C004370,Ananya Das,1990-05-03 00:00:00,Male,Ahmedabad,Gujarat,Salaried,<3L,Mass Affluent,2024-12-24 00:00:00,Completed,Low
C004371,Diya Singh,1963-12-17 00:00:00,Male,Gurugram,Haryana,Self-Employed,10-20L,Mass,2023-09-15 00:00:00,Completed,Medium
C004372,Aditya Rao,1976-05-24 00:00:00,Male,Bhubaneswar,Odisha,Self-Employed,6-10L,Mass,2022-07-14 00:00:00,Completed,Low
C004373,Kiran Reddy,1975-04-03 00:00:00,Female,Bhubaneswar,Odisha,Salaried,6-10L,Mass Affluent,2023-10-19 00:00:00,Completed,Low
C004374,Ananya Gupta,1975-01-24 00:00:00,Male,Gurugram,Haryana,Salaried,3-6L,Mass,2026-03-19 00:00:00,Completed,Medium
C004375,Ananya Das,1998-07-03 00:00:00,Male,Ahmedabad,Gujarat,Salaried,3-6L,Mass,2023-03-05 00:00:00,Completed,Low
C004376,Kiran Patil,1960-03-31 00:00:00,Female,Delhi,Delhi,Business,3-6L,Mass,2026-01-09 00:00:00,Completed,Low
C004377,Pooja Nair,1983-08-12 00:00:00,Male,Jaipur,Rajasthan,Salaried,<3L,Mass,2023-03-01 00:00:00,Expired,Low
C004378,Kavya Gupta,2003-01-10 00:00:00,Male,Delhi,Delhi,Salaried,6-10L,Mass,2022-11-02 00:00:00,Pending,Medium
C004379,Diya Mehta,1998-05-09 00:00:00,Female,Pune,Maharashtra,Student,6-10L,HNI,2023-03-04 00:00:00,Completed,Low
C004380,Vivaan Sharma,1986-07-27 00:00:00,Male,Mysuru,Karnataka,Business,3-6L,Mass,2023-06-15 00:00:00,Completed,Medium
C004381,Rahul Singh,2003-09-19 00:00:00,Male,Jaipur,Rajasthan,Salaried,6-10L,Mass,2022-07-18 00:00:00,Completed,High
C004382,Rahul Rao,1977-08-16 00:00:00,Male,Pune,Maharashtra,Self-Employed,3-6L,Mass,2024-08-22 00:00:00,Pending,Medium
C004383,Ananya Reddy,1986-10-12 00:00:00,Male,Ahmedabad,Gujarat,Salaried,<3L,Mass,2023-07-02 00:00:00,Completed,Low
C004384,Nikhil Sharma,1983-10-27 00:00:00,Female,Mysuru,Karnataka,Salaried,10-20L,Mass Affluent,2025-03-25 00:00:00,Completed,Medium
C004385,Aditya Kulkarni,1962-01-27 00:00:00,Female,Hyderabad,Telangana,Business,3-6L,Mass Affluent,2024-03-17 00:00:00,Completed,Low
C004386,Pooja Patil,1961-10-10 00:00:00,Female,Gurugram,Haryana,Salaried,6-10L,HNI,2023-12-28 00:00:00,Completed,Low
C004387,Ishita Patil,1999-04-16 00:00:00,Female,Gurugram,Haryana,Salaried,10-20L,Mass,2024-02-13 00:00:00,Completed,Low
C004388,Priya Gupta,1967-08-10 00:00:00,Female,Mumbai,Maharashtra,Student,10-20L,Mass,2022-09-14 00:00:00,Completed,Low
C004389,Kiran Singh,1975-07-18 00:00:00,Male,Bengaluru,Karnataka,Business,6-10L,Mass Affluent,2025-03-16 00:00:00,Pending,Medium
C004390,Rohan Kulkarni,1987-04-22 00:00:00,Female,Delhi,Delhi,Retired,6-10L,Mass,2022-06-21 00:00:00,Expired,Medium
C004391,Vivaan Mehta,1985-03-18 00:00:00,Female,Gurugram,Haryana,Student,10-20L,Mass,2025-03-30 00:00:00,Completed,Medium
C004392,Meera Reddy,1982-07-12 00:00:00,Female,Ahmedabad,Gujarat,Salaried,10-20L,Mass,2026-06-30 00:00:00,Completed,Medium
C004393,Nikhil Das,2002-11-22 00:00:00,Female,Gurugram,Haryana,Self-Employed,3-6L,Mass,2025-06-08 00:00:00,Completed,Low
C004394,Arjun Joshi,1994-06-24 00:00:00,Male,Mumbai,Maharashtra,Salaried,6-10L,Affluent,2024-01-18 00:00:00,Completed,Medium
C004395,Vivaan Nair,2001-04-03 00:00:00,Male,Pune,Maharashtra,Business,10-20L,Affluent,2023-06-01 00:00:00,Completed,Low
C004396,Sneha Patil,1988-11-08 00:00:00,Female,Chennai,Tamil Nadu,Salaried,10-20L,Mass Affluent,2025-12-03 00:00:00,Completed,Low
C004397,Arjun Das,2002-11-21 00:00:00,Male,Gurugram,Haryana,Salaried,<3L,Mass,2023-02-27 00:00:00,Completed,Low
C004398,Arjun Mehta,1986-05-06 00:00:00,Female,Jaipur,Rajasthan,Salaried,3-6L,Mass Affluent,2024-03-03 00:00:00,Completed,Medium
C004399,Vivaan Mehta,1983-09-24 00:00:00,Female,Gurugram,Haryana,Business,6-10L,Mass Affluent,2025-06-19 00:00:00,Completed,Medium
C004400,Arjun Reddy,1995-09-18 00:00:00,Male,Hyderabad,Telangana,Salaried,3-6L,Mass Affluent,2026-02-23 00:00:00,Completed,High
C004401,Arjun Gupta,1998-01-21 00:00:00,Female,Bengaluru,Karnataka,Self-Employed,6-10L,Mass,2026-02-21 00:00:00,Completed,Medium
C004402,Rahul Reddy,1962-12-28 00:00:00,Male,Mumbai,Maharashtra,Student,6-10L,Affluent,2022-05-25 00:00:00,Completed,Low
C004403,Kavya Joshi,1999-11-21 00:00:00,Male,Jaipur,Rajasthan,Business,3-6L,Mass,2026-01-14 00:00:00,Completed,Low
C004404,Sneha Mehta,1990-04-07 00:00:00,Male,Delhi,Delhi,Salaried,3-6L,Mass Affluent,2022-07-07 00:00:00,Completed,Low
C004405,Kiran Joshi,1999-04-28 00:00:00,Female,Gurugram,Haryana,Salaried,10-20L,Mass Affluent,2024-08-17 00:00:00,Completed,Low
C004406,Arjun Reddy,1991-05-07 00:00:00,Male,Chennai,Tamil Nadu,Retired,10-20L,Affluent,2026-03-07 00:00:00,Completed,Low
C004407,Rahul Kulkarni,2000-08-08 00:00:00,Female,Bengaluru,Karnataka,Self-Employed,10-20L,Affluent,2024-12-11 00:00:00,Completed,Low
C004408,Sai Patil,1972-01-20 00:00:00,Female,Hyderabad,Telangana,Salaried,10-20L,Mass,2026-04-05 00:00:00,Completed,Low
C004409,Diya Nair,1968-03-21 00:00:00,Male,Delhi,Delhi,Retired,>20L,Mass Affluent,2023-07-20 00:00:00,Completed,Medium
C004410,Pooja Sharma,1968-07-27 00:00:00,Male,Mysuru,Karnataka,Salaried,6-10L,Mass,2023-06-01 00:00:00,Completed,Low
C004411,Ishita Nair,1971-01-17 00:00:00,Male,Gurugram,Haryana,Salaried,<3L,Mass Affluent,2023-06-20 00:00:00,Completed,Low
C004412,Rohan Singh,1969-05-14 00:00:00,Female,Gurugram,Haryana,Salaried,10-20L,Mass,2023-08-07 00:00:00,Completed,Low
C004413,Nikhil Reddy,1979-05-06 00:00:00,Female,Mumbai,Maharashtra,Salaried,6-10L,Mass,2025-01-26 00:00:00,Completed,Low
C004414,Aditya Singh,1968-09-05 00:00:00,Female,Hyderabad,Telangana,Salaried,3-6L,Affluent,2024-01-13 00:00:00,Pending,Medium
C004415,Rahul Joshi,1966-12-05 00:00:00,Male,Kolkata,West Bengal,Business,>20L,Mass Affluent,2025-04-25 00:00:00,Completed,Low
C004416,Pooja Kulkarni,1982-12-11 00:00:00,Male,Pune,Maharashtra,Salaried,3-6L,Mass,2023-11-15 00:00:00,Completed,Medium
C004417,Ishita Reddy,1994-10-02 00:00:00,Male,Bhubaneswar,Odisha,Business,10-20L,Mass,2023-05-21 00:00:00,Completed,Low
C004418,Nikhil Iyer,1965-12-10 00:00:00,Male,Chennai,Tamil Nadu,Business,6-10L,Mass,2022-11-09 00:00:00,Completed,Low
C004419,Ishita Reddy,1982-05-25 00:00:00,Male,Ahmedabad,Gujarat,Student,<3L,Mass,2024-06-23 00:00:00,Completed,Medium
C004420,Pooja Iyer,1988-11-17 00:00:00,Female,Bengaluru,Karnataka,Salaried,10-20L,Mass,2026-01-15 00:00:00,Completed,Medium
C004421,Pooja Nair,1990-11-28 00:00:00,Female,Ahmedabad,Gujarat,Business,10-20L,Affluent,2025-11-11 00:00:00,Expired,Low
C004422,Nikhil Rao,1964-08-08 00:00:00,Female,Delhi,Delhi,Salaried,6-10L,Mass,2023-02-20 00:00:00,Completed,Low
C004423,Rahul Sharma,1992-02-22 00:00:00,Male,Kolkata,West Bengal,Business,6-10L,Mass,2024-02-24 00:00:00,Completed,Low
C004424,Sneha Reddy,1961-03-06 00:00:00,Male,Ahmedabad,Gujarat,Salaried,3-6L,Mass Affluent,2025-03-04 00:00:00,Expired,Low
C004425,Aarav Joshi,1970-05-18 00:00:00,Male,Pune,Maharashtra,Business,3-6L,Mass,2024-10-02 00:00:00,Completed,Low
C004426,Nikhil Patil,1973-12-26 00:00:00,Male,Pune,Maharashtra,Salaried,<3L,Mass,2022-04-21 00:00:00,Completed,Low
C004427,Aditya Kulkarni,1997-05-14 00:00:00,Male,Bengaluru,Karnataka,Self-Employed,3-6L,Mass,2024-08-28 00:00:00,Completed,Medium
C004428,Rohan Iyer,1968-05-27 00:00:00,Female,Chennai,Tamil Nadu,Salaried,3-6L,Mass,2022-03-05 00:00:00,Completed,Low
C004429,Ananya Iyer,1994-04-11 00:00:00,Female,Ahmedabad,Gujarat,Salaried,6-10L,Mass,2022-07-11 00:00:00,Completed,Medium
C004430,Vivaan Iyer,2003-04-23 00:00:00,Female,Delhi,Delhi,Self-Employed,<3L,Mass Affluent,2024-12-09 00:00:00,Completed,Low
C004431,Vivaan Rao,2002-01-18 00:00:00,Female,Mysuru,Karnataka,Salaried,6-10L,Mass,2022-06-18 00:00:00,Completed,Low
C004432,Sai Das,1973-04-09 00:00:00,Male,Pune,Maharashtra,Business,3-6L,Mass Affluent,2023-07-11 00:00:00,Completed,Medium
C004433,Vivaan Rao,1964-03-11 00:00:00,Male,Delhi,Delhi,Business,3-6L,Affluent,2024-08-24 00:00:00,Completed,Low
C004434,Nikhil Singh,1969-09-23 00:00:00,Male,Jaipur,Rajasthan,Self-Employed,>20L,Mass Affluent,2024-12-12 00:00:00,Completed,Low
C004435,Pooja Iyer,1993-09-05 00:00:00,Female,Mysuru,Karnataka,Business,>20L,Affluent,2024-01-02 00:00:00,Completed,Low
C004436,Priya Singh,1968-08-14 00:00:00,Female,Delhi,Delhi,Business,10-20L,Affluent,2022-06-04 00:00:00,Pending,Low
C004437,Rohan Kulkarni,1988-04-12 00:00:00,Male,Chennai,Tamil Nadu,Retired,<3L,Affluent,2025-08-05 00:00:00,Completed,Low
C004438,Aarav Singh,1976-05-17 00:00:00,Male,Mumbai,Maharashtra,Salaried,6-10L,Mass,2026-04-09 00:00:00,Completed,Low
C004439,Nikhil Das,1993-08-04 00:00:00,Male,Jaipur,Rajasthan,Self-Employed,3-6L,Mass,2025-12-30 00:00:00,Completed,Low
C004440,Sai Joshi,1986-07-16 00:00:00,Male,Jaipur,Rajasthan,Business,6-10L,Mass Affluent,2025-05-14 00:00:00,Completed,Low
C004441,Neha Nair,1985-08-25 00:00:00,Female,Delhi,Delhi,Salaried,10-20L,Affluent,2023-10-23 00:00:00,Completed,Low
C004442,Diya Mehta,1994-04-03 00:00:00,Female,Kolkata,West Bengal,Salaried,3-6L,Mass Affluent,2025-12-09 00:00:00,Completed,Low
C004443,Sneha Joshi,2001-10-29 00:00:00,Female,Ahmedabad,Gujarat,Salaried,10-20L,Mass Affluent,2024-03-12 00:00:00,Pending,Low
C004444,Rahul Rao,1975-12-21 00:00:00,Male,Kolkata,West Bengal,Self-Employed,6-10L,Mass Affluent,2022-08-13 00:00:00,Completed,Low
C004445,Neha Gupta,1983-03-02 00:00:00,Male,Mumbai,Maharashtra,Salaried,3-6L,Mass Affluent,2025-10-28 00:00:00,Completed,Low
C004446,Kavya Patil,1987-06-03 00:00:00,Male,Bengaluru,Karnataka,Business,<3L,Mass Affluent,2023-06-10 00:00:00,Completed,Low
C004447,Vivaan Mehta,1996-01-20 00:00:00,Male,Delhi,Delhi,Self-Employed,10-20L,Mass,2026-03-22 00:00:00,Expired,High
C004448,Rohan Iyer,1981-02-11 00:00:00,Female,Mysuru,Karnataka,Self-Employed,6-10L,Mass,2023-08-28 00:00:00,Completed,Medium
C004449,Sai Mehta,1976-05-28 00:00:00,Male,Pune,Maharashtra,Salaried,<3L,Mass,2025-11-28 00:00:00,Completed,Medium
C004450,Priya Singh,1997-01-29 00:00:00,Female,Chennai,Tamil Nadu,Business,<3L,Mass,2024-06-01 00:00:00,Completed,Medium
C004451,Diya Patil,2001-10-03 00:00:00,Male,Chennai,Tamil Nadu,Business,>20L,Mass,2024-02-07 00:00:00,Completed,Low
C004452,Nikhil Mehta,1984-12-04 00:00:00,Female,Mumbai,Maharashtra,Salaried,3-6L,Mass,2023-05-03 00:00:00,Completed,Low
C004453,Kavya Mehta,1964-07-13 00:00:00,Male,Bengaluru,Karnataka,Salaried,>20L,Affluent,2025-10-04 00:00:00,Completed,High
C004454,Rohan Rao,1972-09-12 00:00:00,Male,Mumbai,Maharashtra,Salaried,6-10L,Mass,2022-04-10 00:00:00,Completed,High
C004455,Ananya Sharma,1980-04-12 00:00:00,Male,Gurugram,Haryana,Retired,3-6L,Mass Affluent,2024-02-09 00:00:00,Completed,Low
C004456,Aarav Mehta,1990-10-27 00:00:00,Female,Ahmedabad,Gujarat,Salaried,3-6L,Mass,2023-08-29 00:00:00,Pending,Low
C004457,Meera Gupta,1989-05-04 00:00:00,Female,Delhi,Delhi,Salaried,10-20L,Affluent,2024-06-11 00:00:00,Completed,Low
C004458,Kavya Joshi,1995-12-04 00:00:00,Female,Pune,Maharashtra,Salaried,3-6L,Mass,2023-02-22 00:00:00,Completed,Low
C004459,Pooja Mehta,1961-04-24 00:00:00,Female,Hyderabad,Telangana,Salaried,<3L,Mass Affluent,2024-12-27 00:00:00,Completed,Low
C004460,Arjun Joshi,1980-05-22 00:00:00,Female,Bengaluru,Karnataka,Salaried,3-6L,Mass Affluent,2023-09-26 00:00:00,Completed,Low
C004461,Vivaan Kulkarni,1990-09-16 00:00:00,Male,Mumbai,Maharashtra,Business,10-20L,Mass,2022-11-05 00:00:00,Completed,Low
C004462,Meera Rao,2003-03-31 00:00:00,Female,Bengaluru,Karnataka,Salaried,6-10L,Mass Affluent,2022-11-20 00:00:00,Completed,Medium
C004463,Nikhil Kulkarni,1966-03-27 00:00:00,Male,Hyderabad,Telangana,Student,6-10L,Mass Affluent,2025-02-17 00:00:00,Completed,Medium
C004464,Arjun Sharma,1998-07-05 00:00:00,Female,Gurugram,Haryana,Salaried,3-6L,Mass Affluent,2023-03-07 00:00:00,Completed,Medium
C004465,Arjun Nair,1960-05-04 00:00:00,Female,Hyderabad,Telangana,Salaried,6-10L,Mass,2023-05-20 00:00:00,Completed,Low
C004466,Kavya Das,1968-08-17 00:00:00,Female,Chennai,Tamil Nadu,Business,10-20L,Affluent,2024-10-26 00:00:00,Completed,Low
C004467,Aarav Nair,1997-02-06 00:00:00,Male,Delhi,Delhi,Business,<3L,Mass,2023-06-26 00:00:00,Expired,Low
C004468,Rohan Gupta,1994-06-19 00:00:00,Female,Jaipur,Rajasthan,Student,>20L,Mass,2023-09-30 00:00:00,Completed,Low
C004469,Priya Das,2002-08-12 00:00:00,Female,Bhubaneswar,Odisha,Salaried,10-20L,Mass,2023-02-06 00:00:00,Completed,High
C004470,Ishita Kulkarni,1986-04-29 00:00:00,Male,Mysuru,Karnataka,Self-Employed,3-6L,Mass,2023-07-22 00:00:00,Completed,Low
C004471,Kavya Singh,1986-12-25 00:00:00,Male,Bhubaneswar,Odisha,Business,10-20L,Mass,2025-02-11 00:00:00,Completed,Low
C004472,Sai Joshi,1983-06-05 00:00:00,Female,Mumbai,Maharashtra,Salaried,6-10L,Affluent,2024-05-26 00:00:00,Completed,Low
C004473,Neha Mehta,1982-06-01 00:00:00,Female,Mumbai,Maharashtra,Business,6-10L,Mass Affluent,2026-06-26 00:00:00,Pending,Low
C004474,Ishita Patil,1982-07-07 00:00:00,Female,Hyderabad,Telangana,Salaried,<3L,Affluent,2025-06-21 00:00:00,Completed,Low
C004475,Rohan Mehta,1972-10-24 00:00:00,Male,Bengaluru,Karnataka,Salaried,10-20L,Mass,2022-01-28 00:00:00,Completed,Low
C004476,Diya Kulkarni,1997-05-20 00:00:00,Male,Delhi,Delhi,Business,6-10L,Mass Affluent,2023-09-15 00:00:00,Completed,Low
C004477,Sneha Patil,1975-08-15 00:00:00,Female,Mumbai,Maharashtra,Business,10-20L,Mass,2023-04-21 00:00:00,Completed,Low
C004478,Sai Joshi,1986-10-04 00:00:00,Male,Gurugram,Haryana,Student,3-6L,Mass,2024-08-22 00:00:00,Completed,Medium
C004479,Pooja Iyer,1989-04-26 00:00:00,Female,Ahmedabad,Gujarat,Student,3-6L,Mass,2023-03-13 00:00:00,Expired,Low
C004480,Aditya Patil,1983-07-22 00:00:00,Female,Bhubaneswar,Odisha,Salaried,>20L,Mass Affluent,2026-05-06 00:00:00,Completed,Medium
C004481,Vivaan Iyer,1986-10-13 00:00:00,Female,Mumbai,Maharashtra,Self-Employed,6-10L,Mass Affluent,2023-05-07 00:00:00,Completed,Low
C004482,Sai Nair,1962-02-20 00:00:00,Male,Hyderabad,Telangana,Retired,<3L,Mass,2024-05-07 00:00:00,Completed,Low
C004483,Diya Nair,1973-11-03 00:00:00,Female,Gurugram,Haryana,Salaried,10-20L,Mass,2022-07-21 00:00:00,Completed,Low
C004484,Aditya Kulkarni,1979-08-21 00:00:00,Female,Delhi,Delhi,Salaried,3-6L,Mass,2026-02-02 00:00:00,Completed,Low
C004485,Nikhil Iyer,1977-04-08 00:00:00,Male,Chennai,Tamil Nadu,Retired,10-20L,Mass,2026-02-06 00:00:00,Completed,Low
C004486,Priya Mehta,1999-10-11 00:00:00,Female,Bhubaneswar,Odisha,Salaried,10-20L,Mass Affluent,2025-07-27 00:00:00,Completed,Low
C004487,Neha Singh,1999-04-20 00:00:00,Female,Delhi,Delhi,Retired,<3L,Mass,2023-08-01 00:00:00,Completed,High
C004488,Kiran Rao,1991-03-06 00:00:00,Male,Bengaluru,Karnataka,Self-Employed,6-10L,Mass Affluent,2022-04-07 00:00:00,Completed,Low
C004489,Pooja Nair,1975-06-07 00:00:00,Female,Jaipur,Rajasthan,Student,>20L,HNI,2025-03-13 00:00:00,Completed,Low
C004490,Kiran Joshi,1962-03-26 00:00:00,Male,Bhubaneswar,Odisha,Self-Employed,>20L,Mass,2023-12-06 00:00:00,Completed,Medium
C004491,Pooja Reddy,1993-01-29 00:00:00,Female,Pune,Maharashtra,Business,6-10L,Affluent,2026-06-15 00:00:00,Completed,Low
C004492,Sai Mehta,1998-09-21 00:00:00,Female,Hyderabad,Telangana,Business,6-10L,Mass Affluent,2025-02-20 00:00:00,Completed,Low
C004493,Sai Nair,1981-06-13 00:00:00,Male,Jaipur,Rajasthan,Salaried,6-10L,Mass,2024-06-03 00:00:00,Completed,Low
C004494,Sneha Reddy,1996-03-18 00:00:00,Male,Hyderabad,Telangana,Self-Employed,3-6L,Affluent,2026-06-09 00:00:00,Completed,Low
C004495,Nikhil Mehta,2000-10-07 00:00:00,Male,Gurugram,Haryana,Retired,6-10L,Mass,2025-08-07 00:00:00,Completed,Low
C004496,Arjun Joshi,1983-12-12 00:00:00,Female,Bhubaneswar,Odisha,Retired,3-6L,Mass Affluent,2024-01-23 00:00:00,Completed,High
C004497,Diya Nair,1969-03-07 00:00:00,Female,Ahmedabad,Gujarat,Retired,3-6L,Mass Affluent,2022-01-31 00:00:00,Completed,Low
C004498,Kiran Sharma,1960-12-24 00:00:00,Male,Hyderabad,Telangana,Self-Employed,3-6L,Affluent,2022-06-02 00:00:00,Completed,Low
C004499,Ananya Mehta,1993-02-27 00:00:00,Female,Mysuru,Karnataka,Self-Employed,10-20L,Mass Affluent,2023-12-30 00:00:00,Completed,High
C004500,Rahul Patil,1984-08-20 00:00:00,Male,Gurugram,Haryana,Self-Employed,3-6L,Mass Affluent,2024-07-11 00:00:00,Completed,Low
C004501,Pooja Patil,1966-09-25 00:00:00,Male,Kolkata,West Bengal,Self-Employed,3-6L,Mass,2022-02-19 00:00:00,Completed,Low
C004502,Arjun Kulkarni,1962-05-23 00:00:00,Female,Pune,Maharashtra,Self-Employed,<3L,HNI,2022-07-27 00:00:00,Completed,High
C004503,Kavya Sharma,2002-06-20 00:00:00,Female,Hyderabad,Telangana,Salaried,3-6L,Mass Affluent,2025-03-02 00:00:00,Completed,Low
C004504,Nikhil Reddy,1974-01-13 00:00:00,Male,Chennai,Tamil Nadu,Salaried,>20L,Mass Affluent,2025-05-18 00:00:00,Completed,Medium
C004505,Arjun Kulkarni,1974-04-30 00:00:00,Female,Mysuru,Karnataka,Self-Employed,3-6L,Affluent,2022-02-18 00:00:00,Pending,Low
C004506,Kavya Kulkarni,1987-07-20 00:00:00,Female,Hyderabad,Telangana,Salaried,3-6L,Mass,2024-04-13 00:00:00,Completed,Low
C004507,Kavya Singh,1975-12-19 00:00:00,Male,Kolkata,West Bengal,Salaried,>20L,Mass,2022-05-13 00:00:00,Completed,High
C004508,Kiran Sharma,1999-12-28 00:00:00,Female,Mumbai,Maharashtra,Salaried,<3L,Affluent,2025-04-02 00:00:00,Completed,Low
C004509,Sai Reddy,1989-10-30 00:00:00,Male,Hyderabad,Telangana,Business,6-10L,Affluent,2025-10-01 00:00:00,Completed,Medium
C004510,Pooja Sharma,1975-09-03 00:00:00,Male,Kolkata,West Bengal,Retired,10-20L,Mass Affluent,2025-11-28 00:00:00,Completed,Medium
C004511,Kavya Singh,1971-09-06 00:00:00,Female,Bengaluru,Karnataka,Self-Employed,10-20L,Mass,2024-09-09 00:00:00,Completed,Low
C004512,Diya Reddy,1997-09-03 00:00:00,Male,Chennai,Tamil Nadu,Retired,3-6L,Mass,2024-10-29 00:00:00,Completed,Medium
C004513,Kiran Sharma,1985-12-02 00:00:00,Female,Pune,Maharashtra,Student,6-10L,Mass,2026-03-02 00:00:00,Completed,Medium
C004514,Arjun Mehta,2000-03-24 00:00:00,Female,Delhi,Delhi,Salaried,6-10L,Mass,2024-10-02 00:00:00,Pending,Medium
C004515,Rahul Patil,1975-02-12 00:00:00,Male,Chennai,Tamil Nadu,Salaried,6-10L,Affluent,2024-01-03 00:00:00,Completed,Low
C004516,Vivaan Iyer,1960-12-02 00:00:00,Female,Bengaluru,Karnataka,Salaried,3-6L,Mass Affluent,2025-05-24 00:00:00,Completed,Low
C004517,Kiran Das,1999-05-21 00:00:00,Male,Bengaluru,Karnataka,Salaried,10-20L,Mass,2024-08-28 00:00:00,Completed,Low
C004518,Kavya Das,1970-06-27 00:00:00,Female,Gurugram,Haryana,Self-Employed,6-10L,Mass,2025-10-15 00:00:00,Completed,Low
C004519,Sneha Kulkarni,1997-01-13 00:00:00,Male,Bhubaneswar,Odisha,Salaried,6-10L,Affluent,2024-05-11 00:00:00,Completed,Medium
C004520,Neha Nair,1991-02-04 00:00:00,Female,Bengaluru,Karnataka,Retired,>20L,Mass Affluent,2025-11-27 00:00:00,Pending,High
C004521,Sai Reddy,1970-02-25 00:00:00,Male,Ahmedabad,Gujarat,Self-Employed,10-20L,Mass,2022-03-15 00:00:00,Completed,Low
C004522,Nikhil Rao,1993-02-25 00:00:00,Male,Bengaluru,Karnataka,Salaried,10-20L,Mass,2022-03-01 00:00:00,Completed,Medium
C004523,Sneha Nair,1963-07-29 00:00:00,Male,Gurugram,Haryana,Retired,3-6L,Mass,2022-06-12 00:00:00,Completed,High
C004524,Sneha Reddy,1977-03-10 00:00:00,Male,Gurugram,Haryana,Retired,<3L,Mass,2024-07-02 00:00:00,Completed,Low
C004525,Rohan Patil,1975-08-14 00:00:00,Male,Gurugram,Haryana,Business,6-10L,Mass Affluent,2025-03-10 00:00:00,Completed,Low
C004526,Pooja Iyer,1988-10-08 00:00:00,Female,Bengaluru,Karnataka,Business,<3L,Mass,2022-12-22 00:00:00,Completed,Low
C004527,Ishita Iyer,1983-06-01 00:00:00,Female,Ahmedabad,Gujarat,Retired,6-10L,Mass,2022-09-13 00:00:00,Completed,Low
C004528,Rohan Mehta,1986-10-25 00:00:00,Female,Pune,Maharashtra,Self-Employed,10-20L,Mass,2025-11-13 00:00:00,Completed,High
C004529,Vivaan Rao,1980-11-10 00:00:00,Male,Ahmedabad,Gujarat,Student,6-10L,Mass,2025-05-17 00:00:00,Completed,Low
C004530,Sneha Joshi,1992-05-28 00:00:00,Female,Chennai,Tamil Nadu,Salaried,3-6L,Mass Affluent,2024-11-30 00:00:00,Expired,Low
C004531,Meera Rao,1967-01-05 00:00:00,Male,Hyderabad,Telangana,Self-Employed,10-20L,Mass Affluent,2024-03-12 00:00:00,Completed,Medium
C004532,Aditya Reddy,1991-06-25 00:00:00,Male,Pune,Maharashtra,Self-Employed,6-10L,Mass,2023-11-22 00:00:00,Completed,Medium
C004533,Aarav Das,1962-03-11 00:00:00,Female,Chennai,Tamil Nadu,Salaried,6-10L,Mass,2022-02-03 00:00:00,Completed,High
C004534,Kavya Mehta,1963-10-05 00:00:00,Female,Bhubaneswar,Odisha,Salaried,6-10L,Mass Affluent,2022-11-05 00:00:00,Completed,Medium
C004535,Arjun Rao,1991-09-13 00:00:00,Male,Bhubaneswar,Odisha,Salaried,<3L,Affluent,2026-01-12 00:00:00,Completed,Low
C004536,Priya Patil,1966-12-07 00:00:00,Female,Jaipur,Rajasthan,Salaried,10-20L,Mass,2023-07-11 00:00:00,Completed,High
C004537,Diya Das,1993-09-26 00:00:00,Female,Mumbai,Maharashtra,Salaried,<3L,Mass,2025-03-02 00:00:00,Completed,Low
C004538,Priya Das,1965-10-24 00:00:00,Male,Chennai,Tamil Nadu,Salaried,6-10L,Affluent,2025-03-01 00:00:00,Completed,Low
C004539,Vivaan Das,1966-06-05 00:00:00,Male,Delhi,Delhi,Business,3-6L,Mass,2023-05-24 00:00:00,Completed,Low
C004540,Nikhil Gupta,2000-11-05 00:00:00,Female,Bhubaneswar,Odisha,Self-Employed,3-6L,HNI,2022-12-02 00:00:00,Completed,Low
C004541,Kiran Mehta,1967-10-08 00:00:00,Male,Bhubaneswar,Odisha,Business,3-6L,Mass Affluent,2025-02-09 00:00:00,Completed,Low
C004542,Aarav Patil,2000-01-07 00:00:00,Female,Jaipur,Rajasthan,Salaried,<3L,Mass,2022-06-03 00:00:00,Completed,Medium
C004543,Priya Reddy,1975-04-01 00:00:00,Male,Mysuru,Karnataka,Student,10-20L,Mass,2024-03-23 00:00:00,Completed,Low
C004544,Aarav Singh,1994-12-06 00:00:00,Male,Pune,Maharashtra,Salaried,10-20L,HNI,2025-12-29 00:00:00,Completed,Low
C004545,Diya Gupta,2001-02-24 00:00:00,Female,Kolkata,West Bengal,Salaried,<3L,Mass,2025-03-14 00:00:00,Pending,High
C004546,Sneha Patil,1965-02-10 00:00:00,Male,Kolkata,West Bengal,Self-Employed,<3L,Mass,2025-06-08 00:00:00,Completed,Medium
C004547,Priya Das,1974-06-23 00:00:00,Male,Delhi,Delhi,Retired,10-20L,Mass,2022-05-17 00:00:00,Completed,Medium
C004548,Rohan Iyer,1985-02-26 00:00:00,Male,Mysuru,Karnataka,Retired,<3L,Mass Affluent,2022-11-25 00:00:00,Pending,Medium
C004549,Vivaan Nair,1997-11-30 00:00:00,Female,Mysuru,Karnataka,Business,6-10L,Affluent,2023-03-28 00:00:00,Completed,Low
C004550,Aarav Kulkarni,1968-03-14 00:00:00,Female,Kolkata,West Bengal,Business,<3L,Mass Affluent,2023-04-25 00:00:00,Completed,Low
C004551,Pooja Reddy,1968-03-07 00:00:00,Female,Gurugram,Haryana,Self-Employed,6-10L,Mass,2022-11-15 00:00:00,Pending,Medium
C004552,Pooja Sharma,1976-02-20 00:00:00,Male,Gurugram,Haryana,Business,>20L,Mass Affluent,2026-05-16 00:00:00,Completed,Medium
C004553,Nikhil Kulkarni,1968-12-17 00:00:00,Female,Ahmedabad,Gujarat,Salaried,3-6L,Mass Affluent,2022-09-28 00:00:00,Pending,Low
C004554,Neha Singh,1971-09-13 00:00:00,Male,Bengaluru,Karnataka,Salaried,>20L,Mass,2025-03-08 00:00:00,Completed,Low
C004555,Aditya Patil,1965-09-08 00:00:00,Male,Ahmedabad,Gujarat,Retired,10-20L,Mass Affluent,2024-08-21 00:00:00,Completed,Low
C004556,Arjun Mehta,1996-04-23 00:00:00,Male,Pune,Maharashtra,Retired,>20L,Mass Affluent,2024-09-29 00:00:00,Completed,Low
C004557,Ananya Singh,1994-11-25 00:00:00,Female,Bhubaneswar,Odisha,Salaried,10-20L,Mass,2022-12-19 00:00:00,Completed,Low
C004558,Sai Reddy,1966-04-30 00:00:00,Male,Bhubaneswar,Odisha,Salaried,10-20L,Affluent,2023-05-21 00:00:00,Completed,Low
C004559,Meera Patil,1983-07-06 00:00:00,Female,Hyderabad,Telangana,Salaried,6-10L,Mass,2024-09-22 00:00:00,Completed,Low
C004560,Sai Singh,1988-04-21 00:00:00,Male,Pune,Maharashtra,Self-Employed,10-20L,Mass,2023-05-07 00:00:00,Completed,Low
C004561,Pooja Rao,1987-06-28 00:00:00,Male,Mumbai,Maharashtra,Salaried,<3L,Mass,2025-02-13 00:00:00,Expired,Low
C004562,Ananya Sharma,2003-02-06 00:00:00,Female,Mumbai,Maharashtra,Self-Employed,10-20L,Mass,2022-03-06 00:00:00,Pending,Low
C004563,Rohan Reddy,1988-02-03 00:00:00,Female,Bhubaneswar,Odisha,Salaried,6-10L,Mass,2022-04-30 00:00:00,Pending,Low
C004564,Aarav Joshi,1990-02-04 00:00:00,Male,Mumbai,Maharashtra,Salaried,<3L,Mass,2025-04-11 00:00:00,Completed,Low
C004565,Vivaan Singh,1961-06-09 00:00:00,Male,Gurugram,Haryana,Salaried,3-6L,Mass Affluent,2024-10-09 00:00:00,Completed,Low
C004566,Neha Patil,1963-06-21 00:00:00,Male,Gurugram,Haryana,Business,3-6L,Mass Affluent,2022-03-12 00:00:00,Completed,Low
C004567,Rohan Reddy,1987-02-10 00:00:00,Female,Kolkata,West Bengal,Salaried,3-6L,Mass,2026-01-16 00:00:00,Completed,Medium
C004568,Pooja Kulkarni,1999-10-08 00:00:00,Male,Jaipur,Rajasthan,Salaried,3-6L,Mass Affluent,2022-01-08 00:00:00,Pending,Low
C004569,Meera Iyer,1977-06-24 00:00:00,Male,Hyderabad,Telangana,Self-Employed,3-6L,Mass Affluent,2026-04-19 00:00:00,Completed,Medium
C004570,Arjun Sharma,1988-03-03 00:00:00,Male,Ahmedabad,Gujarat,Business,3-6L,Mass,2025-04-12 00:00:00,Completed,Low
C004571,Diya Gupta,1969-03-15 00:00:00,Male,Hyderabad,Telangana,Salaried,6-10L,HNI,2026-06-11 00:00:00,Completed,Low
C004572,Ishita Nair,1979-12-27 00:00:00,Male,Gurugram,Haryana,Business,<3L,Mass,2026-04-08 00:00:00,Completed,Medium
C004573,Nikhil Mehta,1992-11-28 00:00:00,Female,Mysuru,Karnataka,Salaried,3-6L,Mass,2023-05-30 00:00:00,Completed,Low
C004574,Neha Patil,1988-11-24 00:00:00,Female,Mumbai,Maharashtra,Self-Employed,3-6L,Mass,2025-05-27 00:00:00,Completed,Low
C004575,Meera Sharma,1965-01-01 00:00:00,Male,Gurugram,Haryana,Salaried,3-6L,Mass,2022-12-13 00:00:00,Completed,Low
C004576,Rohan Nair,1998-07-04 00:00:00,Female,Bengaluru,Karnataka,Retired,<3L,Mass,2024-02-14 00:00:00,Completed,Low
C004577,Priya Iyer,2000-08-12 00:00:00,Male,Pune,Maharashtra,Retired,>20L,Mass,2023-01-30 00:00:00,Completed,Medium
C004578,Aditya Nair,1980-11-25 00:00:00,Female,Gurugram,Haryana,Business,3-6L,Mass Affluent,2024-03-09 00:00:00,Completed,Low
C004579,Aarav Iyer,1974-12-05 00:00:00,Male,Gurugram,Haryana,Retired,3-6L,Affluent,2025-12-03 00:00:00,Completed,Medium
C004580,Ishita Sharma,1983-04-11 00:00:00,Male,Ahmedabad,Gujarat,Salaried,6-10L,Mass Affluent,2023-12-18 00:00:00,Completed,Low
C004581,Meera Mehta,1995-02-07 00:00:00,Male,Bhubaneswar,Odisha,Self-Employed,10-20L,Mass Affluent,2022-06-01 00:00:00,Completed,Low
C004582,Arjun Gupta,1979-10-27 00:00:00,Female,Kolkata,West Bengal,Salaried,6-10L,Mass Affluent,2023-06-18 00:00:00,Completed,Medium
C004583,Priya Rao,1961-04-27 00:00:00,Female,Bengaluru,Karnataka,Salaried,3-6L,Mass Affluent,2025-07-15 00:00:00,Pending,Low
C004584,Sai Singh,1963-03-07 00:00:00,Female,Delhi,Delhi,Self-Employed,6-10L,Mass,2024-05-06 00:00:00,Completed,Low
C004585,Pooja Nair,1995-07-21 00:00:00,Male,Kolkata,West Bengal,Business,6-10L,Mass,2024-07-08 00:00:00,Completed,Low
C004586,Aditya Rao,1994-06-24 00:00:00,Male,Chennai,Tamil Nadu,Business,3-6L,Mass,2023-12-09 00:00:00,Completed,Low
C004587,Nikhil Gupta,1993-10-26 00:00:00,Male,Gurugram,Haryana,Student,>20L,Mass,2023-04-26 00:00:00,Completed,High
C004588,Sai Kulkarni,1965-07-15 00:00:00,Male,Gurugram,Haryana,Self-Employed,>20L,Mass Affluent,2024-09-09 00:00:00,Completed,Low
C004589,Priya Reddy,1967-06-23 00:00:00,Male,Delhi,Delhi,Retired,6-10L,Mass,2024-11-05 00:00:00,Completed,Low
C004590,Ishita Mehta,1977-04-14 00:00:00,Female,Hyderabad,Telangana,Student,<3L,Mass,2026-01-14 00:00:00,Completed,Low
C004591,Pooja Mehta,1970-02-10 00:00:00,Female,Mumbai,Maharashtra,Student,6-10L,Mass,2024-10-11 00:00:00,Completed,Low
C004592,Sneha Sharma,1976-12-11 00:00:00,Male,Hyderabad,Telangana,Salaried,>20L,Mass Affluent,2026-06-22 00:00:00,Completed,Low
C004593,Aarav Nair,1984-06-18 00:00:00,Male,Mumbai,Maharashtra,Self-Employed,10-20L,Mass,2025-09-19 00:00:00,Completed,Low
C004594,Kavya Rao,1972-04-07 00:00:00,Male,Kolkata,West Bengal,Business,3-6L,Mass,2022-05-10 00:00:00,Completed,Low
C004595,Ananya Sharma,1965-05-29 00:00:00,Female,Jaipur,Rajasthan,Retired,3-6L,Mass,2023-10-06 00:00:00,Completed,Low
C004596,Vivaan Nair,1977-08-19 00:00:00,Female,Hyderabad,Telangana,Salaried,3-6L,Mass,2023-09-24 00:00:00,Completed,Medium
C004597,Meera Das,1991-08-27 00:00:00,Female,Delhi,Delhi,Salaried,10-20L,Mass Affluent,2022-01-05 00:00:00,Completed,Low
C004598,Meera Rao,1987-01-27 00:00:00,Male,Bhubaneswar,Odisha,Salaried,6-10L,Mass,2022-10-24 00:00:00,Completed,Medium
C004599,Neha Kulkarni,1974-01-30 00:00:00,Male,Chennai,Tamil Nadu,Salaried,3-6L,Mass,2025-06-05 00:00:00,Completed,Low
C004600,Diya Das,1973-08-22 00:00:00,Female,Gurugram,Haryana,Business,3-6L,HNI,2023-08-02 00:00:00,Completed,Low
C004601,Nikhil Singh,1985-07-26 00:00:00,Male,Bengaluru,Karnataka,Salaried,3-6L,Mass,2022-08-31 00:00:00,Completed,High
C004602,Vivaan Reddy,1967-07-23 00:00:00,Male,Bengaluru,Karnataka,Salaried,10-20L,Mass Affluent,2023-04-18 00:00:00,Completed,Low
C004603,Priya Das,1996-07-08 00:00:00,Male,Mumbai,Maharashtra,Business,3-6L,Mass Affluent,2023-03-28 00:00:00,Completed,Low
C004604,Aditya Singh,1998-01-30 00:00:00,Male,Mumbai,Maharashtra,Salaried,3-6L,Mass,2022-10-14 00:00:00,Completed,Low
C004605,Aditya Iyer,1961-02-10 00:00:00,Female,Kolkata,West Bengal,Salaried,6-10L,Mass,2022-06-16 00:00:00,Completed,Low
C004606,Arjun Reddy,2002-07-12 00:00:00,Male,Hyderabad,Telangana,Self-Employed,6-10L,Mass,2025-06-08 00:00:00,Completed,Low
C004607,Priya Singh,1961-01-09 00:00:00,Female,Bhubaneswar,Odisha,Self-Employed,6-10L,Mass,2025-09-15 00:00:00,Completed,Low
C004608,Pooja Gupta,1980-02-02 00:00:00,Male,Hyderabad,Telangana,Retired,10-20L,Mass,2024-03-25 00:00:00,Completed,Low
C004609,Nikhil Kulkarni,1989-03-26 00:00:00,Male,Jaipur,Rajasthan,Business,<3L,Mass Affluent,2024-10-07 00:00:00,Completed,Low
C004610,Rohan Rao,1974-04-29 00:00:00,Female,Hyderabad,Telangana,Retired,<3L,Mass,2026-02-18 00:00:00,Completed,Low
C004611,Meera Joshi,1968-12-01 00:00:00,Female,Delhi,Delhi,Salaried,<3L,Mass,2025-10-15 00:00:00,Completed,Low
C004612,Sneha Singh,1962-01-29 00:00:00,Female,Kolkata,West Bengal,Business,6-10L,Mass Affluent,2022-02-23 00:00:00,Completed,Medium
C004613,Ishita Rao,1991-11-12 00:00:00,Female,Gurugram,Haryana,Self-Employed,>20L,Mass,2026-04-14 00:00:00,Completed,Medium
C004614,Rohan Kulkarni,1961-08-12 00:00:00,Female,Pune,Maharashtra,Business,3-6L,Mass Affluent,2022-04-20 00:00:00,Completed,Low
C004615,Diya Nair,1981-03-18 00:00:00,Female,Gurugram,Haryana,Salaried,10-20L,Mass,2022-02-13 00:00:00,Completed,Low
C004616,Rohan Sharma,1977-03-18 00:00:00,Female,Chennai,Tamil Nadu,Salaried,6-10L,Mass Affluent,2023-10-25 00:00:00,Completed,Medium
C004617,Sai Rao,2002-05-22 00:00:00,Female,Delhi,Delhi,Salaried,>20L,Affluent,2025-05-09 00:00:00,Completed,Low
C004618,Aarav Das,2000-09-30 00:00:00,Male,Kolkata,West Bengal,Student,6-10L,Mass,2022-05-12 00:00:00,Completed,Medium
C004619,Kiran Sharma,1995-10-24 00:00:00,Male,Bhubaneswar,Odisha,Business,3-6L,Affluent,2023-04-27 00:00:00,Completed,Medium
C004620,Aarav Rao,1992-01-04 00:00:00,Male,Delhi,Delhi,Salaried,10-20L,Mass,2023-03-08 00:00:00,Completed,Low
C004621,Ananya Iyer,1983-10-13 00:00:00,Male,Pune,Maharashtra,Self-Employed,10-20L,Mass,2023-10-15 00:00:00,Completed,Medium
C004622,Priya Joshi,1975-04-20 00:00:00,Male,Delhi,Delhi,Business,6-10L,Mass,2026-06-08 00:00:00,Completed,Low
C004623,Kiran Iyer,1967-04-20 00:00:00,Female,Jaipur,Rajasthan,Self-Employed,10-20L,Mass,2023-06-29 00:00:00,Completed,Low
C004624,Priya Patil,2002-05-28 00:00:00,Female,Mumbai,Maharashtra,Salaried,3-6L,Affluent,2022-12-10 00:00:00,Completed,High
C004625,Aditya Mehta,1976-11-10 00:00:00,Male,Bhubaneswar,Odisha,Student,6-10L,Mass,2022-07-20 00:00:00,Completed,Medium
C004626,Aarav Rao,1978-10-13 00:00:00,Male,Delhi,Delhi,Self-Employed,3-6L,Mass,2022-11-22 00:00:00,Completed,Low
C004627,Sneha Rao,1966-03-09 00:00:00,Female,Jaipur,Rajasthan,Business,3-6L,Affluent,2022-08-07 00:00:00,Completed,Medium
C004628,Arjun Kulkarni,1972-02-15 00:00:00,Male,Ahmedabad,Gujarat,Self-Employed,3-6L,Mass,2024-07-30 00:00:00,Completed,Low
C004629,Neha Das,1987-10-19 00:00:00,Female,Ahmedabad,Gujarat,Business,3-6L,Mass Affluent,2023-11-22 00:00:00,Completed,Medium
C004630,Rahul Iyer,1978-09-04 00:00:00,Female,Jaipur,Rajasthan,Salaried,<3L,Mass,2024-03-28 00:00:00,Completed,High
C004631,Ananya Joshi,1985-08-30 00:00:00,Male,Mumbai,Maharashtra,Retired,6-10L,Affluent,2025-09-28 00:00:00,Expired,Medium
C004632,Aarav Patil,1969-04-07 00:00:00,Female,Chennai,Tamil Nadu,Salaried,10-20L,Mass,2024-08-11 00:00:00,Completed,Low
C004633,Sneha Kulkarni,1963-08-06 00:00:00,Male,Mysuru,Karnataka,Student,3-6L,Mass Affluent,2022-09-12 00:00:00,Completed,Low
C004634,Diya Nair,1998-10-18 00:00:00,Male,Pune,Maharashtra,Student,3-6L,Mass Affluent,2023-09-11 00:00:00,Completed,Medium
C004635,Aarav Gupta,1978-12-04 00:00:00,Female,Bengaluru,Karnataka,Self-Employed,<3L,HNI,2023-05-29 00:00:00,Completed,Low
C004636,Aarav Singh,1975-10-27 00:00:00,Female,Kolkata,West Bengal,Self-Employed,3-6L,HNI,2025-09-19 00:00:00,Completed,High
C004637,Rahul Gupta,1972-07-13 00:00:00,Female,Chennai,Tamil Nadu,Salaried,3-6L,Mass Affluent,2023-05-20 00:00:00,Completed,Low
C004638,Aditya Das,1988-10-27 00:00:00,Female,Kolkata,West Bengal,Salaried,6-10L,Mass,2022-08-16 00:00:00,Expired,Low
C004639,Kavya Joshi,1984-08-31 00:00:00,Male,Mumbai,Maharashtra,Self-Employed,10-20L,Mass,2025-04-23 00:00:00,Completed,Low
C004640,Ishita Gupta,1977-01-15 00:00:00,Female,Pune,Maharashtra,Salaried,6-10L,Affluent,2023-12-05 00:00:00,Pending,Low
C004641,Kiran Kulkarni,2000-10-11 00:00:00,Male,Kolkata,West Bengal,Salaried,6-10L,Mass Affluent,2022-06-07 00:00:00,Completed,Low
C004642,Vivaan Singh,1999-07-02 00:00:00,Male,Ahmedabad,Gujarat,Retired,6-10L,Affluent,2025-02-06 00:00:00,Completed,Low
C004643,Kiran Joshi,1968-09-11 00:00:00,Female,Jaipur,Rajasthan,Salaried,3-6L,Mass Affluent,2022-12-12 00:00:00,Completed,Medium
C004644,Diya Sharma,1988-02-21 00:00:00,Male,Bengaluru,Karnataka,Salaried,3-6L,Mass,2025-11-26 00:00:00,Completed,Low
C004645,Diya Rao,2002-06-02 00:00:00,Male,Delhi,Delhi,Salaried,<3L,Mass,2025-09-28 00:00:00,Completed,Low
C004646,Neha Patil,1981-05-22 00:00:00,Male,Bengaluru,Karnataka,Self-Employed,3-6L,Mass,2023-08-30 00:00:00,Completed,Low
C004647,Meera Das,1961-04-27 00:00:00,Male,Ahmedabad,Gujarat,Salaried,10-20L,Mass Affluent,2024-07-01 00:00:00,Completed,Low
C004648,Nikhil Nair,1965-10-15 00:00:00,Female,Mysuru,Karnataka,Business,6-10L,Mass,2024-07-21 00:00:00,Completed,Low
C004649,Ananya Mehta,1989-03-31 00:00:00,Female,Ahmedabad,Gujarat,Self-Employed,6-10L,Mass,2024-12-08 00:00:00,Completed,Medium
C004650,Diya Rao,1999-07-05 00:00:00,Female,Mysuru,Karnataka,Salaried,3-6L,Mass Affluent,2022-04-24 00:00:00,Completed,Low
C004651,Ananya Patil,1965-08-16 00:00:00,Male,Bengaluru,Karnataka,Self-Employed,3-6L,Mass,2023-06-18 00:00:00,Completed,Low
C004652,Sai Joshi,1983-12-15 00:00:00,Female,Jaipur,Rajasthan,Salaried,>20L,Mass,2022-10-07 00:00:00,Completed,Low
C004653,Aditya Reddy,1981-10-06 00:00:00,Female,Gurugram,Haryana,Business,3-6L,Mass,2025-02-19 00:00:00,Completed,Low
C004654,Meera Das,1972-06-26 00:00:00,Male,Gurugram,Haryana,Salaried,10-20L,Mass,2022-04-24 00:00:00,Completed,Low
C004655,Ishita Mehta,1987-09-02 00:00:00,Female,Chennai,Tamil Nadu,Salaried,<3L,Mass,2024-04-28 00:00:00,Pending,Low
C004656,Meera Gupta,1998-06-16 00:00:00,Male,Pune,Maharashtra,Salaried,<3L,Mass Affluent,2025-04-10 00:00:00,Completed,Low
C004657,Aarav Joshi,1970-06-24 00:00:00,Female,Kolkata,West Bengal,Salaried,3-6L,Affluent,2026-04-07 00:00:00,Completed,Medium
C004658,Priya Das,1962-05-21 00:00:00,Female,Gurugram,Haryana,Self-Employed,10-20L,Mass Affluent,2023-04-18 00:00:00,Completed,Low
C004659,Meera Rao,1975-09-23 00:00:00,Female,Pune,Maharashtra,Salaried,3-6L,Affluent,2022-01-14 00:00:00,Completed,Low
C004660,Priya Nair,1973-10-04 00:00:00,Male,Delhi,Delhi,Retired,6-10L,Mass,2025-04-03 00:00:00,Completed,Low
C004661,Aarav Iyer,1991-11-09 00:00:00,Female,Bengaluru,Karnataka,Salaried,3-6L,Mass,2022-01-03 00:00:00,Completed,Medium
C004662,Vivaan Kulkarni,1983-07-08 00:00:00,Female,Pune,Maharashtra,Self-Employed,6-10L,Mass,2022-04-20 00:00:00,Completed,High
C004663,Pooja Iyer,1960-10-13 00:00:00,Female,Chennai,Tamil Nadu,Business,6-10L,Mass Affluent,2026-06-15 00:00:00,Completed,Low
C004664,Meera Patil,1974-11-20 00:00:00,Female,Mysuru,Karnataka,Salaried,6-10L,Mass,2025-11-17 00:00:00,Completed,Low
C004665,Nikhil Nair,1992-03-14 00:00:00,Male,Mysuru,Karnataka,Self-Employed,3-6L,Affluent,2025-03-07 00:00:00,Completed,Low
C004666,Kiran Kulkarni,1980-11-18 00:00:00,Male,Chennai,Tamil Nadu,Student,3-6L,Mass Affluent,2025-10-03 00:00:00,Completed,Low
C004667,Nikhil Sharma,1984-08-27 00:00:00,Male,Gurugram,Haryana,Business,10-20L,Mass Affluent,2022-05-04 00:00:00,Completed,Low
C004668,Ishita Sharma,1971-07-31 00:00:00,Male,Mysuru,Karnataka,Retired,6-10L,Mass,2022-05-27 00:00:00,Completed,Low
C004669,Meera Iyer,1973-12-28 00:00:00,Male,Kolkata,West Bengal,Business,3-6L,Mass Affluent,2023-05-09 00:00:00,Completed,Low
C004670,Priya Nair,1965-09-12 00:00:00,Male,Ahmedabad,Gujarat,Salaried,3-6L,Mass,2022-02-09 00:00:00,Completed,Medium
C004671,Rohan Sharma,1963-07-30 00:00:00,Female,Bengaluru,Karnataka,Retired,<3L,Mass,2025-12-29 00:00:00,Completed,Low
C004672,Neha Gupta,1961-08-12 00:00:00,Male,Mumbai,Maharashtra,Salaried,6-10L,Mass Affluent,2022-04-03 00:00:00,Completed,Low
C004673,Rohan Patil,1987-05-09 00:00:00,Male,Delhi,Delhi,Self-Employed,3-6L,Mass,2024-06-12 00:00:00,Completed,Low
C004674,Aarav Joshi,1966-11-27 00:00:00,Female,Kolkata,West Bengal,Business,<3L,Affluent,2025-11-02 00:00:00,Completed,Low
C004675,Ishita Joshi,1985-02-18 00:00:00,Female,Bengaluru,Karnataka,Student,3-6L,Mass Affluent,2025-04-21 00:00:00,Completed,Low
C004676,Pooja Patil,2001-09-29 00:00:00,Male,Ahmedabad,Gujarat,Retired,6-10L,Mass Affluent,2023-01-21 00:00:00,Completed,Medium
C004677,Ishita Gupta,1990-07-17 00:00:00,Female,Pune,Maharashtra,Salaried,10-20L,Mass,2024-02-12 00:00:00,Completed,Medium
C004678,Ananya Kulkarni,1985-03-16 00:00:00,Male,Mysuru,Karnataka,Business,6-10L,Mass,2024-06-19 00:00:00,Completed,Low
C004679,Kavya Patil,1965-02-12 00:00:00,Male,Jaipur,Rajasthan,Salaried,6-10L,Mass,2025-06-14 00:00:00,Completed,Low
C004680,Arjun Sharma,1981-06-02 00:00:00,Male,Mysuru,Karnataka,Business,10-20L,Mass Affluent,2023-12-01 00:00:00,Completed,Low
C004681,Kiran Iyer,1999-01-14 00:00:00,Female,Mysuru,Karnataka,Business,3-6L,Mass,2023-04-14 00:00:00,Completed,Low
C004682,Aarav Das,1976-11-01 00:00:00,Male,Bhubaneswar,Odisha,Salaried,6-10L,HNI,2025-07-30 00:00:00,Completed,Medium
C004683,Rohan Singh,1996-03-10 00:00:00,Female,Hyderabad,Telangana,Student,<3L,Affluent,2025-12-26 00:00:00,Completed,Medium
C004684,Ishita Patil,1991-01-12 00:00:00,Female,Gurugram,Haryana,Salaried,<3L,Mass,2024-03-13 00:00:00,Completed,Medium
C004685,Kiran Gupta,1971-09-08 00:00:00,Male,Kolkata,West Bengal,Self-Employed,6-10L,Mass Affluent,2022-02-16 00:00:00,Completed,Low
C004686,Rohan Sharma,1966-03-10 00:00:00,Female,Chennai,Tamil Nadu,Retired,3-6L,Mass,2024-04-02 00:00:00,Completed,High
C004687,Rohan Mehta,1960-09-28 00:00:00,Male,Chennai,Tamil Nadu,Self-Employed,6-10L,Mass,2025-12-31 00:00:00,Completed,High
C004688,Ishita Patil,1972-02-05 00:00:00,Female,Bengaluru,Karnataka,Self-Employed,6-10L,Mass,2026-06-13 00:00:00,Completed,Low
C004689,Sneha Patil,1974-08-01 00:00:00,Male,Hyderabad,Telangana,Salaried,<3L,Affluent,2023-10-21 00:00:00,Completed,Low
C004690,Sneha Das,1988-09-24 00:00:00,Female,Pune,Maharashtra,Salaried,3-6L,Affluent,2022-09-04 00:00:00,Completed,Medium
C004691,Arjun Patil,1985-01-30 00:00:00,Male,Ahmedabad,Gujarat,Salaried,6-10L,Mass,2024-07-28 00:00:00,Completed,Low
C004692,Vivaan Sharma,1980-12-26 00:00:00,Male,Hyderabad,Telangana,Salaried,6-10L,Mass,2025-09-26 00:00:00,Pending,Low
C004693,Neha Kulkarni,1991-09-01 00:00:00,Female,Mysuru,Karnataka,Salaried,10-20L,Mass,2026-04-01 00:00:00,Completed,Low
C004694,Aditya Reddy,1993-09-25 00:00:00,Female,Jaipur,Rajasthan,Self-Employed,3-6L,Mass,2022-03-26 00:00:00,Completed,Low
C004695,Vivaan Nair,1991-04-03 00:00:00,Male,Pune,Maharashtra,Business,10-20L,Mass,2023-04-23 00:00:00,Completed,Medium
C004696,Vivaan Singh,1999-04-19 00:00:00,Male,Pune,Maharashtra,Salaried,3-6L,Affluent,2024-02-24 00:00:00,Completed,Medium
C004697,Pooja Patil,1975-10-04 00:00:00,Male,Bhubaneswar,Odisha,Self-Employed,<3L,Affluent,2022-06-11 00:00:00,Pending,High
C004698,Arjun Rao,1996-01-25 00:00:00,Female,Ahmedabad,Gujarat,Retired,6-10L,Mass,2025-12-26 00:00:00,Completed,Low
C004699,Vivaan Mehta,1978-06-07 00:00:00,Female,Jaipur,Rajasthan,Salaried,3-6L,Affluent,2022-07-04 00:00:00,Completed,Medium
C004700,Vivaan Singh,1968-01-26 00:00:00,Male,Chennai,Tamil Nadu,Self-Employed,<3L,Mass Affluent,2024-12-28 00:00:00,Completed,Low
C004701,Neha Iyer,1966-05-21 00:00:00,Female,Jaipur,Rajasthan,Salaried,3-6L,Mass Affluent,2026-02-17 00:00:00,Completed,Low
C004702,Arjun Das,1964-01-03 00:00:00,Male,Mysuru,Karnataka,Self-Employed,10-20L,Mass Affluent,2025-01-30 00:00:00,Completed,Medium
C004703,Pooja Gupta,2001-11-10 00:00:00,Female,Chennai,Tamil Nadu,Business,10-20L,Mass,2025-06-07 00:00:00,Completed,Medium
C004704,Aarav Nair,1967-06-04 00:00:00,Male,Pune,Maharashtra,Salaried,>20L,Mass,2023-03-09 00:00:00,Completed,Low
C004705,Neha Nair,1996-08-03 00:00:00,Male,Delhi,Delhi,Salaried,3-6L,Mass,2025-09-20 00:00:00,Completed,Low
C004706,Pooja Das,1994-04-28 00:00:00,Female,Mumbai,Maharashtra,Student,6-10L,Mass Affluent,2023-11-19 00:00:00,Completed,Low
C004707,Arjun Kulkarni,1979-03-29 00:00:00,Male,Mumbai,Maharashtra,Salaried,10-20L,Mass,2022-04-11 00:00:00,Pending,Low
C004708,Aarav Nair,2000-01-12 00:00:00,Male,Gurugram,Haryana,Business,3-6L,Mass,2023-08-25 00:00:00,Completed,Low
C004709,Nikhil Kulkarni,1999-10-15 00:00:00,Male,Bhubaneswar,Odisha,Self-Employed,3-6L,Mass,2023-07-29 00:00:00,Completed,Low
C004710,Diya Patil,2000-07-16 00:00:00,Female,Chennai,Tamil Nadu,Salaried,3-6L,Mass,2024-05-06 00:00:00,Completed,Medium
C004711,Arjun Sharma,1981-10-07 00:00:00,Female,Delhi,Delhi,Business,6-10L,Mass,2023-03-11 00:00:00,Completed,Low
C004712,Aditya Das,1973-01-23 00:00:00,Male,Gurugram,Haryana,Self-Employed,6-10L,Mass,2024-01-29 00:00:00,Completed,Low
C004713,Diya Das,1961-12-01 00:00:00,Female,Hyderabad,Telangana,Salaried,3-6L,Affluent,2023-12-04 00:00:00,Completed,Low
C004714,Sai Rao,1996-10-23 00:00:00,Female,Mumbai,Maharashtra,Retired,<3L,Mass Affluent,2023-06-21 00:00:00,Completed,Low
C004715,Nikhil Singh,1998-03-29 00:00:00,Male,Hyderabad,Telangana,Self-Employed,10-20L,Mass,2025-02-17 00:00:00,Completed,Low
C004716,Rahul Iyer,1983-06-28 00:00:00,Female,Kolkata,West Bengal,Business,6-10L,Affluent,2023-05-17 00:00:00,Completed,Low
C004717,Kiran Joshi,1963-02-09 00:00:00,Male,Mumbai,Maharashtra,Salaried,3-6L,Mass Affluent,2025-06-11 00:00:00,Completed,Low
C004718,Sneha Reddy,1996-01-16 00:00:00,Male,Chennai,Tamil Nadu,Salaried,3-6L,Mass,2023-02-16 00:00:00,Completed,Low
C004719,Ishita Reddy,1973-01-24 00:00:00,Female,Kolkata,West Bengal,Business,>20L,Mass Affluent,2025-11-21 00:00:00,Completed,Low
C004720,Vivaan Sharma,1984-01-08 00:00:00,Male,Hyderabad,Telangana,Business,6-10L,Mass,2023-08-23 00:00:00,Completed,Medium
C004721,Sai Singh,1988-11-20 00:00:00,Male,Pune,Maharashtra,Salaried,6-10L,Mass,2022-03-08 00:00:00,Completed,Low
C004722,Pooja Mehta,1966-05-23 00:00:00,Male,Hyderabad,Telangana,Business,6-10L,Mass Affluent,2022-09-04 00:00:00,Pending,Low
C004723,Rahul Singh,1962-10-01 00:00:00,Male,Ahmedabad,Gujarat,Self-Employed,>20L,Mass,2025-08-16 00:00:00,Completed,Low
C004724,Priya Reddy,1963-06-21 00:00:00,Female,Mumbai,Maharashtra,Salaried,3-6L,Mass,2025-12-02 00:00:00,Completed,Low
C004725,Sai Nair,2002-01-04 00:00:00,Female,Hyderabad,Telangana,Business,3-6L,Mass,2022-12-15 00:00:00,Completed,Low
C004726,Kavya Das,2001-12-06 00:00:00,Female,Kolkata,West Bengal,Self-Employed,3-6L,Mass,2024-09-15 00:00:00,Completed,Medium
C004727,Rohan Singh,1978-09-12 00:00:00,Female,Pune,Maharashtra,Self-Employed,10-20L,Mass,2024-08-01 00:00:00,Completed,Low
C004728,Rahul Sharma,1978-08-26 00:00:00,Male,Delhi,Delhi,Business,<3L,Mass Affluent,2022-08-08 00:00:00,Completed,Low
C004729,Nikhil Das,1977-10-26 00:00:00,Male,Jaipur,Rajasthan,Self-Employed,3-6L,Mass,2024-01-13 00:00:00,Pending,Low
C004730,Sai Sharma,1975-05-10 00:00:00,Male,Delhi,Delhi,Retired,3-6L,Mass,2025-02-13 00:00:00,Completed,Medium
C004731,Ishita Mehta,1983-10-27 00:00:00,Female,Chennai,Tamil Nadu,Business,6-10L,Mass Affluent,2026-05-08 00:00:00,Completed,Low
C004732,Priya Sharma,1975-08-10 00:00:00,Male,Mysuru,Karnataka,Salaried,6-10L,Mass,2025-10-23 00:00:00,Pending,Low
C004733,Pooja Kulkarni,1986-12-28 00:00:00,Female,Bhubaneswar,Odisha,Salaried,3-6L,Mass Affluent,2022-06-10 00:00:00,Completed,Low
C004734,Diya Gupta,1976-08-06 00:00:00,Male,Chennai,Tamil Nadu,Retired,3-6L,Mass,2023-01-26 00:00:00,Pending,Medium
C004735,Diya Patil,1987-08-05 00:00:00,Female,Ahmedabad,Gujarat,Student,10-20L,Mass,2023-12-19 00:00:00,Pending,Low
C004736,Rohan Gupta,2001-05-24 00:00:00,Female,Chennai,Tamil Nadu,Salaried,<3L,Mass,2022-09-05 00:00:00,Pending,High
C004737,Kiran Joshi,1969-01-06 00:00:00,Male,Delhi,Delhi,Salaried,10-20L,Mass,2024-07-26 00:00:00,Completed,Medium
C004738,Sneha Das,1962-09-30 00:00:00,Male,Delhi,Delhi,Salaried,3-6L,Mass Affluent,2022-01-15 00:00:00,Completed,Low
C004739,Rohan Das,1983-01-26 00:00:00,Male,Kolkata,West Bengal,Student,10-20L,Mass Affluent,2022-07-06 00:00:00,Completed,Low
C004740,Rohan Das,1965-03-19 00:00:00,Male,Jaipur,Rajasthan,Retired,3-6L,Mass,2022-03-19 00:00:00,Completed,Medium
C004741,Kavya Iyer,1970-02-19 00:00:00,Female,Mysuru,Karnataka,Business,6-10L,Mass,2023-05-01 00:00:00,Completed,Low
C004742,Rohan Reddy,1994-08-04 00:00:00,Female,Jaipur,Rajasthan,Salaried,<3L,Affluent,2025-06-05 00:00:00,Completed,Low
C004743,Arjun Nair,1978-04-22 00:00:00,Male,Ahmedabad,Gujarat,Student,3-6L,Mass,2022-10-19 00:00:00,Completed,Low
C004744,Vivaan Nair,1984-01-25 00:00:00,Female,Mysuru,Karnataka,Salaried,6-10L,Mass,2026-06-09 00:00:00,Completed,Low
C004745,Ishita Sharma,1993-12-31 00:00:00,Female,Mysuru,Karnataka,Salaried,6-10L,Mass Affluent,2023-03-19 00:00:00,Expired,Low
C004746,Ishita Joshi,1965-08-18 00:00:00,Female,Kolkata,West Bengal,Salaried,10-20L,Mass,2022-03-15 00:00:00,Completed,Medium
C004747,Ishita Nair,1980-12-19 00:00:00,Female,Jaipur,Rajasthan,Self-Employed,6-10L,Affluent,2023-07-05 00:00:00,Completed,Low
C004748,Diya Gupta,1961-07-05 00:00:00,Male,Delhi,Delhi,Self-Employed,6-10L,Mass,2025-05-13 00:00:00,Completed,Low
C004749,Kiran Joshi,1981-11-12 00:00:00,Male,Chennai,Tamil Nadu,Salaried,10-20L,Affluent,2022-06-25 00:00:00,Completed,Low
C004750,Rohan Joshi,1969-10-27 00:00:00,Female,Bhubaneswar,Odisha,Salaried,3-6L,Mass,2022-04-28 00:00:00,Completed,Low
C004751,Neha Gupta,1999-12-01 00:00:00,Male,Pune,Maharashtra,Business,10-20L,Mass,2025-10-26 00:00:00,Completed,Low
C004752,Neha Reddy,1971-06-04 00:00:00,Female,Mumbai,Maharashtra,Salaried,3-6L,Mass,2024-08-30 00:00:00,Completed,Low
C004753,Aarav Kulkarni,1968-10-07 00:00:00,Female,Bhubaneswar,Odisha,Self-Employed,3-6L,HNI,2023-07-18 00:00:00,Completed,High
C004754,Aarav Patil,1960-08-15 00:00:00,Female,Pune,Maharashtra,Salaried,10-20L,Mass,2025-05-26 00:00:00,Completed,Medium
C004755,Rahul Sharma,1965-11-02 00:00:00,Male,Gurugram,Haryana,Salaried,<3L,Mass,2025-10-18 00:00:00,Completed,Medium
C004756,Priya Patil,1969-06-19 00:00:00,Male,Gurugram,Haryana,Salaried,3-6L,Affluent,2023-08-13 00:00:00,Completed,Low
C004757,Sai Singh,1969-12-27 00:00:00,Female,Hyderabad,Telangana,Business,<3L,Mass,2024-07-10 00:00:00,Completed,Low
C004758,Sneha Gupta,1992-05-05 00:00:00,Female,Pune,Maharashtra,Salaried,6-10L,Mass,2022-01-18 00:00:00,Completed,Low
C004759,Rahul Sharma,1998-11-17 00:00:00,Male,Kolkata,West Bengal,Salaried,6-10L,Mass,2023-05-18 00:00:00,Completed,Medium
C004760,Aarav Gupta,1997-06-21 00:00:00,Female,Kolkata,West Bengal,Student,<3L,Mass Affluent,2024-09-04 00:00:00,Completed,Medium
C004761,Diya Singh,2001-11-22 00:00:00,Female,Mumbai,Maharashtra,Salaried,3-6L,Mass,2022-11-20 00:00:00,Completed,High
C004762,Ananya Gupta,1999-05-07 00:00:00,Female,Gurugram,Haryana,Business,3-6L,Mass,2026-06-16 00:00:00,Completed,Low
C004763,Meera Joshi,1979-12-14 00:00:00,Female,Bengaluru,Karnataka,Salaried,3-6L,Affluent,2026-05-14 00:00:00,Completed,Medium
C004764,Ananya Kulkarni,1977-01-29 00:00:00,Female,Mumbai,Maharashtra,Retired,<3L,Mass Affluent,2023-02-28 00:00:00,Completed,Low
C004765,Priya Gupta,1988-06-10 00:00:00,Female,Bhubaneswar,Odisha,Salaried,3-6L,Mass,2023-10-13 00:00:00,Completed,Low
C004766,Ananya Gupta,1973-12-28 00:00:00,Female,Hyderabad,Telangana,Self-Employed,10-20L,Mass Affluent,2022-11-08 00:00:00,Completed,Medium
C004767,Aarav Reddy,1986-06-12 00:00:00,Male,Chennai,Tamil Nadu,Self-Employed,6-10L,Mass,2024-04-07 00:00:00,Completed,High
C004768,Meera Patil,2003-10-19 00:00:00,Female,Jaipur,Rajasthan,Self-Employed,3-6L,Mass,2022-07-23 00:00:00,Completed,Medium
C004769,Aarav Rao,1968-09-04 00:00:00,Male,Kolkata,West Bengal,Business,3-6L,Mass,2023-10-04 00:00:00,Completed,Medium
C004770,Sai Iyer,1993-09-13 00:00:00,Female,Ahmedabad,Gujarat,Salaried,<3L,Mass Affluent,2024-06-30 00:00:00,Completed,Low
C004771,Arjun Kulkarni,2000-12-23 00:00:00,Male,Kolkata,West Bengal,Salaried,3-6L,Mass Affluent,2024-10-01 00:00:00,Completed,Medium
C004772,Diya Singh,1983-07-16 00:00:00,Male,Gurugram,Haryana,Student,3-6L,Mass,2024-09-06 00:00:00,Completed,Low
C004773,Sneha Gupta,1975-08-06 00:00:00,Male,Chennai,Tamil Nadu,Student,10-20L,Mass,2022-12-30 00:00:00,Completed,Low
C004774,Rahul Kulkarni,1971-02-28 00:00:00,Male,Pune,Maharashtra,Self-Employed,10-20L,Mass,2025-07-24 00:00:00,Completed,Low
C004775,Ananya Mehta,1967-05-11 00:00:00,Female,Jaipur,Rajasthan,Self-Employed,6-10L,Mass Affluent,2025-02-09 00:00:00,Completed,Low
C004776,Pooja Joshi,1974-01-27 00:00:00,Female,Mumbai,Maharashtra,Business,<3L,Mass Affluent,2025-05-21 00:00:00,Completed,Low
C004777,Aditya Patil,1992-09-13 00:00:00,Female,Jaipur,Rajasthan,Business,6-10L,Mass Affluent,2024-02-08 00:00:00,Completed,Medium
C004778,Sai Reddy,1982-07-29 00:00:00,Female,Jaipur,Rajasthan,Student,>20L,HNI,2026-01-05 00:00:00,Completed,High
C004779,Diya Gupta,1969-09-13 00:00:00,Female,Mysuru,Karnataka,Student,<3L,Mass Affluent,2023-10-03 00:00:00,Completed,Medium
C004780,Priya Iyer,1983-09-30 00:00:00,Female,Kolkata,West Bengal,Salaried,10-20L,Affluent,2025-08-16 00:00:00,Completed,Low
C004781,Rahul Kulkarni,1995-06-11 00:00:00,Male,Bhubaneswar,Odisha,Self-Employed,3-6L,Mass Affluent,2022-12-01 00:00:00,Expired,Low
C004782,Pooja Rao,1960-08-06 00:00:00,Female,Hyderabad,Telangana,Self-Employed,6-10L,Mass,2023-02-11 00:00:00,Completed,Low
C004783,Ishita Sharma,1960-11-25 00:00:00,Male,Delhi,Delhi,Salaried,3-6L,Mass Affluent,2024-05-14 00:00:00,Completed,Medium
C004784,Diya Mehta,2002-01-10 00:00:00,Female,Jaipur,Rajasthan,Business,6-10L,Mass,2024-07-01 00:00:00,Completed,Low
C004785,Kavya Reddy,1992-10-11 00:00:00,Female,Hyderabad,Telangana,Self-Employed,3-6L,Mass,2025-05-10 00:00:00,Completed,Low
C004786,Rohan Gupta,1985-03-19 00:00:00,Female,Mysuru,Karnataka,Salaried,6-10L,Mass,2023-05-04 00:00:00,Completed,Medium
C004787,Vivaan Rao,1999-09-09 00:00:00,Female,Mumbai,Maharashtra,Business,6-10L,Mass,2025-12-03 00:00:00,Completed,Low
C004788,Meera Reddy,1985-10-22 00:00:00,Male,Kolkata,West Bengal,Salaried,6-10L,Mass Affluent,2023-06-26 00:00:00,Completed,Medium
C004789,Nikhil Das,1982-10-23 00:00:00,Female,Gurugram,Haryana,Salaried,6-10L,Mass,2024-05-27 00:00:00,Completed,Medium
C004790,Kiran Gupta,1969-04-06 00:00:00,Female,Mumbai,Maharashtra,Self-Employed,<3L,Mass,2026-03-11 00:00:00,Completed,Medium
C004791,Aditya Nair,1995-07-06 00:00:00,Male,Ahmedabad,Gujarat,Business,6-10L,Affluent,2024-06-04 00:00:00,Completed,High
C004792,Aditya Reddy,1993-07-05 00:00:00,Male,Mysuru,Karnataka,Self-Employed,3-6L,Mass Affluent,2025-01-24 00:00:00,Completed,Medium
C004793,Nikhil Iyer,1972-12-12 00:00:00,Female,Mumbai,Maharashtra,Salaried,6-10L,Mass,2026-01-31 00:00:00,Completed,Low
C004794,Nikhil Kulkarni,1992-04-18 00:00:00,Female,Gurugram,Haryana,Self-Employed,<3L,Mass,2026-05-20 00:00:00,Completed,Low
C004795,Kiran Mehta,1991-11-07 00:00:00,Female,Bengaluru,Karnataka,Salaried,6-10L,Mass,2024-03-31 00:00:00,Completed,Low
C004796,Sneha Reddy,1964-03-02 00:00:00,Female,Delhi,Delhi,Retired,3-6L,Affluent,2023-11-16 00:00:00,Completed,Low
C004797,Rohan Joshi,1967-01-10 00:00:00,Male,Jaipur,Rajasthan,Salaried,>20L,Mass,2022-11-20 00:00:00,Completed,Low
C004798,Rahul Mehta,1986-01-23 00:00:00,Male,Bhubaneswar,Odisha,Student,6-10L,Affluent,2024-06-01 00:00:00,Expired,Low
C004799,Kiran Joshi,1987-04-26 00:00:00,Female,Jaipur,Rajasthan,Salaried,<3L,Mass,2026-02-16 00:00:00,Completed,Low
C004800,Kiran Nair,1988-10-31 00:00:00,Male,Pune,Maharashtra,Salaried,6-10L,Mass Affluent,2024-03-10 00:00:00,Completed,Medium
C004801,Meera Das,1976-05-07 00:00:00,Male,Bengaluru,Karnataka,Salaried,3-6L,Mass,2023-07-27 00:00:00,Completed,Low
C004802,Neha Rao,1996-08-08 00:00:00,Male,Ahmedabad,Gujarat,Business,3-6L,Mass,2022-06-26 00:00:00,Completed,Low
C004803,Vivaan Gupta,1979-07-10 00:00:00,Male,Delhi,Delhi,Retired,3-6L,Mass,2023-10-02 00:00:00,Completed,Medium
C004804,Ishita Gupta,1969-01-10 00:00:00,Female,Kolkata,West Bengal,Self-Employed,10-20L,Mass,2023-01-24 00:00:00,Completed,Low
C004805,Sneha Gupta,1965-01-15 00:00:00,Male,Mysuru,Karnataka,Salaried,>20L,HNI,2026-05-23 00:00:00,Completed,Low
C004806,Neha Gupta,1998-06-12 00:00:00,Male,Kolkata,West Bengal,Salaried,10-20L,Mass Affluent,2024-05-16 00:00:00,Completed,Low
C004807,Kavya Iyer,1990-12-23 00:00:00,Male,Chennai,Tamil Nadu,Self-Employed,3-6L,Mass,2022-08-13 00:00:00,Completed,Medium
C004808,Neha Das,1980-03-19 00:00:00,Male,Bhubaneswar,Odisha,Salaried,<3L,Mass Affluent,2022-04-21 00:00:00,Completed,Low
C004809,Ananya Kulkarni,1969-03-02 00:00:00,Female,Mysuru,Karnataka,Student,10-20L,Mass,2025-10-28 00:00:00,Completed,Low
C004810,Meera Mehta,1964-03-24 00:00:00,Female,Delhi,Delhi,Self-Employed,3-6L,Affluent,2026-03-10 00:00:00,Completed,Low
C004811,Aditya Reddy,1966-09-10 00:00:00,Male,Bhubaneswar,Odisha,Business,6-10L,Mass,2025-06-06 00:00:00,Completed,Medium
C004812,Aditya Singh,1964-08-16 00:00:00,Male,Delhi,Delhi,Student,>20L,Mass,2022-07-23 00:00:00,Completed,Low
C004813,Sneha Mehta,1983-03-11 00:00:00,Female,Chennai,Tamil Nadu,Salaried,3-6L,Mass,2022-06-11 00:00:00,Completed,Low
C004814,Rahul Gupta,1968-08-30 00:00:00,Female,Mysuru,Karnataka,Salaried,3-6L,Mass,2022-11-22 00:00:00,Completed,Low
C004815,Vivaan Nair,1965-08-06 00:00:00,Female,Kolkata,West Bengal,Student,10-20L,Affluent,2025-05-18 00:00:00,Completed,Low
C004816,Nikhil Das,1972-05-21 00:00:00,Female,Pune,Maharashtra,Salaried,6-10L,Mass,2025-06-10 00:00:00,Completed,Low
C004817,Rohan Iyer,1990-08-21 00:00:00,Female,Hyderabad,Telangana,Self-Employed,>20L,Mass,2025-10-07 00:00:00,Pending,Low
C004818,Sneha Nair,1981-09-29 00:00:00,Male,Jaipur,Rajasthan,Student,6-10L,Mass Affluent,2022-06-09 00:00:00,Completed,Low
C004819,Pooja Iyer,1966-09-25 00:00:00,Male,Chennai,Tamil Nadu,Salaried,3-6L,Mass,2022-09-09 00:00:00,Completed,Low
C004820,Rahul Nair,1992-10-19 00:00:00,Male,Gurugram,Haryana,Student,10-20L,Mass,2026-01-18 00:00:00,Completed,Medium
C004821,Rohan Singh,1981-06-11 00:00:00,Male,Mumbai,Maharashtra,Salaried,10-20L,Mass Affluent,2026-03-05 00:00:00,Completed,Low
C004822,Neha Sharma,1968-03-06 00:00:00,Female,Delhi,Delhi,Self-Employed,>20L,Mass,2025-04-06 00:00:00,Completed,Low
C004823,Ananya Nair,1990-04-12 00:00:00,Female,Jaipur,Rajasthan,Salaried,6-10L,Affluent,2022-06-24 00:00:00,Completed,Low
C004824,Ishita Singh,2003-06-26 00:00:00,Female,Mumbai,Maharashtra,Self-Employed,6-10L,Mass Affluent,2022-04-23 00:00:00,Completed,Low
C004825,Aditya Kulkarni,1983-08-31 00:00:00,Female,Chennai,Tamil Nadu,Salaried,3-6L,Mass,2022-04-02 00:00:00,Completed,High
C004826,Aditya Singh,1967-01-28 00:00:00,Male,Gurugram,Haryana,Salaried,3-6L,Mass,2025-02-10 00:00:00,Completed,Low
C004827,Nikhil Mehta,1973-07-24 00:00:00,Male,Pune,Maharashtra,Salaried,>20L,Mass,2025-10-21 00:00:00,Completed,Medium
C004828,Priya Rao,1986-04-04 00:00:00,Female,Kolkata,West Bengal,Salaried,>20L,Mass,2024-11-03 00:00:00,Completed,Low
C004829,Aditya Singh,2003-10-12 00:00:00,Male,Delhi,Delhi,Self-Employed,6-10L,Mass Affluent,2023-03-07 00:00:00,Pending,Low
C004830,Ishita Patil,2000-09-10 00:00:00,Female,Pune,Maharashtra,Salaried,>20L,Mass Affluent,2025-05-28 00:00:00,Completed,Medium
C004831,Arjun Patil,2000-11-17 00:00:00,Female,Hyderabad,Telangana,Salaried,3-6L,Mass,2022-04-08 00:00:00,Completed,Medium
C004832,Rahul Sharma,1996-06-20 00:00:00,Male,Ahmedabad,Gujarat,Salaried,10-20L,Mass Affluent,2025-09-21 00:00:00,Completed,Medium
C004833,Priya Gupta,1985-03-07 00:00:00,Female,Jaipur,Rajasthan,Salaried,6-10L,Mass,2026-01-04 00:00:00,Completed,Low
C004834,Rohan Gupta,1988-05-19 00:00:00,Female,Chennai,Tamil Nadu,Salaried,6-10L,Affluent,2025-03-25 00:00:00,Completed,Low
C004835,Rohan Singh,1992-02-25 00:00:00,Male,Chennai,Tamil Nadu,Salaried,6-10L,Mass,2025-12-14 00:00:00,Completed,Low
C004836,Kavya Joshi,1991-05-05 00:00:00,Male,Ahmedabad,Gujarat,Self-Employed,6-10L,Affluent,2024-08-20 00:00:00,Completed,Low
C004837,Meera Gupta,1987-12-24 00:00:00,Male,Pune,Maharashtra,Business,10-20L,Mass,2024-02-09 00:00:00,Completed,Low
C004838,Sai Joshi,1965-11-17 00:00:00,Male,Pune,Maharashtra,Business,3-6L,Mass,2023-06-14 00:00:00,Completed,Low
C004839,Priya Singh,1998-07-16 00:00:00,Male,Gurugram,Haryana,Salaried,10-20L,Mass,2026-02-22 00:00:00,Completed,Low
C004840,Aarav Singh,1960-06-03 00:00:00,Female,Chennai,Tamil Nadu,Student,3-6L,Affluent,2025-02-18 00:00:00,Completed,Medium
C004841,Kavya Kulkarni,1978-08-29 00:00:00,Male,Chennai,Tamil Nadu,Self-Employed,3-6L,Affluent,2022-11-09 00:00:00,Completed,High
C004842,Neha Iyer,1979-01-07 00:00:00,Male,Mysuru,Karnataka,Self-Employed,6-10L,Mass Affluent,2026-04-21 00:00:00,Completed,Low
C004843,Aarav Nair,2003-08-19 00:00:00,Male,Ahmedabad,Gujarat,Salaried,10-20L,Mass,2022-04-08 00:00:00,Completed,Low
C004844,Nikhil Reddy,1963-12-03 00:00:00,Male,Delhi,Delhi,Salaried,10-20L,Mass Affluent,2024-08-22 00:00:00,Completed,Low
C004845,Neha Gupta,1980-11-03 00:00:00,Male,Jaipur,Rajasthan,Salaried,3-6L,Mass,2022-11-09 00:00:00,Completed,Low
C004846,Ishita Joshi,1975-09-03 00:00:00,Male,Kolkata,West Bengal,Salaried,<3L,Mass Affluent,2024-12-26 00:00:00,Completed,Low
C004847,Diya Nair,1964-04-12 00:00:00,Female,Bhubaneswar,Odisha,Business,6-10L,Mass,2023-11-09 00:00:00,Completed,Medium
C004848,Ishita Mehta,1969-10-19 00:00:00,Female,Chennai,Tamil Nadu,Salaried,10-20L,Mass Affluent,2023-12-19 00:00:00,Completed,Low
C004849,Priya Nair,1978-06-28 00:00:00,Male,Hyderabad,Telangana,Salaried,>20L,Mass Affluent,2025-01-07 00:00:00,Completed,Low
C004850,Sneha Kulkarni,2000-02-21 00:00:00,Female,Mumbai,Maharashtra,Salaried,10-20L,Mass,2025-05-26 00:00:00,Completed,Low
C004851,Aditya Kulkarni,1977-01-02 00:00:00,Female,Delhi,Delhi,Salaried,6-10L,Mass Affluent,2023-09-17 00:00:00,Completed,Low
C004852,Diya Iyer,1998-07-20 00:00:00,Female,Jaipur,Rajasthan,Salaried,10-20L,Mass,2026-06-27 00:00:00,Completed,Medium
C004853,Pooja Gupta,1992-02-22 00:00:00,Female,Delhi,Delhi,Salaried,3-6L,Mass,2024-03-29 00:00:00,Completed,Medium
C004854,Sneha Nair,1995-11-16 00:00:00,Male,Bengaluru,Karnataka,Self-Employed,10-20L,Mass,2022-09-21 00:00:00,Completed,Low
C004855,Priya Sharma,1997-05-25 00:00:00,Female,Mumbai,Maharashtra,Salaried,6-10L,Mass,2022-01-11 00:00:00,Expired,Low
C004856,Rahul Reddy,1991-04-11 00:00:00,Female,Chennai,Tamil Nadu,Self-Employed,3-6L,Mass,2022-11-29 00:00:00,Completed,Medium
C004857,Sai Singh,1992-02-16 00:00:00,Male,Chennai,Tamil Nadu,Retired,6-10L,Mass Affluent,2025-02-08 00:00:00,Completed,Low
C004858,Aarav Nair,1966-10-01 00:00:00,Female,Bhubaneswar,Odisha,Student,10-20L,Mass Affluent,2024-06-04 00:00:00,Completed,Low
C004859,Rahul Kulkarni,1991-05-30 00:00:00,Male,Bhubaneswar,Odisha,Self-Employed,3-6L,Mass,2023-07-09 00:00:00,Completed,Low
C004860,Ishita Iyer,1962-02-12 00:00:00,Male,Hyderabad,Telangana,Salaried,<3L,HNI,2024-03-01 00:00:00,Pending,Low
C004861,Pooja Rao,1992-04-20 00:00:00,Male,Hyderabad,Telangana,Business,10-20L,Affluent,2025-10-08 00:00:00,Completed,Low
C004862,Neha Joshi,1988-08-23 00:00:00,Male,Ahmedabad,Gujarat,Retired,>20L,Mass,2024-07-27 00:00:00,Completed,Low
C004863,Priya Singh,1993-02-26 00:00:00,Female,Bengaluru,Karnataka,Self-Employed,6-10L,Mass,2022-04-06 00:00:00,Completed,Medium
C004864,Rohan Das,1988-02-19 00:00:00,Female,Chennai,Tamil Nadu,Salaried,<3L,Affluent,2022-03-22 00:00:00,Completed,Low
C004865,Aarav Das,1976-02-24 00:00:00,Female,Gurugram,Haryana,Business,6-10L,Mass,2024-03-02 00:00:00,Completed,Medium
C004866,Vivaan Reddy,1976-03-07 00:00:00,Male,Ahmedabad,Gujarat,Salaried,<3L,Mass,2023-10-26 00:00:00,Completed,Medium
C004867,Sai Kulkarni,1986-02-11 00:00:00,Male,Ahmedabad,Gujarat,Business,3-6L,Affluent,2025-10-28 00:00:00,Completed,Medium
C004868,Neha Iyer,1980-09-14 00:00:00,Female,Chennai,Tamil Nadu,Salaried,<3L,Mass Affluent,2024-08-15 00:00:00,Completed,Low
C004869,Diya Iyer,1974-12-02 00:00:00,Male,Chennai,Tamil Nadu,Salaried,6-10L,Affluent,2025-05-27 00:00:00,Completed,Low
C004870,Aditya Mehta,1981-06-05 00:00:00,Female,Kolkata,West Bengal,Business,3-6L,Affluent,2024-08-18 00:00:00,Completed,Medium
C004871,Neha Gupta,1983-07-04 00:00:00,Female,Hyderabad,Telangana,Business,<3L,Mass,2023-07-21 00:00:00,Completed,Medium
C004872,Kiran Patil,1970-07-05 00:00:00,Male,Mumbai,Maharashtra,Self-Employed,3-6L,Mass Affluent,2024-12-15 00:00:00,Completed,Low
C004873,Rohan Das,1987-12-16 00:00:00,Female,Pune,Maharashtra,Business,6-10L,Mass Affluent,2024-10-17 00:00:00,Completed,Medium
C004874,Sneha Rao,1973-10-05 00:00:00,Female,Kolkata,West Bengal,Student,3-6L,Mass,2025-03-28 00:00:00,Completed,High
C004875,Kavya Patil,1971-09-23 00:00:00,Male,Chennai,Tamil Nadu,Salaried,<3L,Mass,2022-11-07 00:00:00,Completed,Low
C004876,Ananya Patil,1978-04-30 00:00:00,Female,Mumbai,Maharashtra,Retired,6-10L,Mass,2024-11-19 00:00:00,Completed,Low
C004877,Priya Reddy,1964-07-10 00:00:00,Female,Jaipur,Rajasthan,Salaried,10-20L,Mass Affluent,2023-04-14 00:00:00,Pending,Low
C004878,Vivaan Joshi,1986-06-03 00:00:00,Male,Bhubaneswar,Odisha,Salaried,10-20L,Mass Affluent,2025-07-21 00:00:00,Completed,Low
C004879,Kiran Sharma,1992-02-16 00:00:00,Male,Chennai,Tamil Nadu,Student,6-10L,Affluent,2025-08-04 00:00:00,Completed,Low
C004880,Ananya Gupta,2001-11-14 00:00:00,Female,Mumbai,Maharashtra,Salaried,6-10L,Mass,2024-10-22 00:00:00,Completed,Low
C004881,Aditya Iyer,1972-06-03 00:00:00,Female,Bhubaneswar,Odisha,Student,10-20L,Mass Affluent,2026-04-04 00:00:00,Completed,Medium
C004882,Kavya Gupta,1983-08-03 00:00:00,Male,Mumbai,Maharashtra,Salaried,6-10L,Mass,2024-06-01 00:00:00,Completed,Low
C004883,Ishita Singh,1982-01-21 00:00:00,Male,Gurugram,Haryana,Salaried,6-10L,Affluent,2022-02-11 00:00:00,Completed,Low
C004884,Nikhil Patil,1992-01-11 00:00:00,Female,Jaipur,Rajasthan,Salaried,<3L,Mass Affluent,2024-09-22 00:00:00,Completed,Low
C004885,Sneha Sharma,1987-05-16 00:00:00,Male,Hyderabad,Telangana,Self-Employed,3-6L,Mass Affluent,2025-06-30 00:00:00,Completed,Low
C004886,Rahul Mehta,1995-05-09 00:00:00,Male,Mumbai,Maharashtra,Student,3-6L,Mass,2022-06-16 00:00:00,Completed,Low
C004887,Aarav Reddy,1997-04-06 00:00:00,Male,Bengaluru,Karnataka,Salaried,3-6L,Mass,2022-06-21 00:00:00,Completed,Low
C004888,Rohan Iyer,1964-12-21 00:00:00,Male,Delhi,Delhi,Salaried,>20L,Mass,2023-03-25 00:00:00,Completed,Low
C004889,Neha Reddy,1975-07-21 00:00:00,Male,Kolkata,West Bengal,Salaried,3-6L,Mass Affluent,2025-10-18 00:00:00,Completed,Low
C004890,Arjun Reddy,1988-08-10 00:00:00,Male,Kolkata,West Bengal,Salaried,6-10L,Mass,2024-05-15 00:00:00,Completed,Low
C004891,Priya Iyer,1983-10-27 00:00:00,Male,Mumbai,Maharashtra,Self-Employed,>20L,Mass Affluent,2026-05-23 00:00:00,Completed,Medium
C004892,Kiran Joshi,1981-02-12 00:00:00,Male,Mysuru,Karnataka,Self-Employed,6-10L,Mass,2025-12-04 00:00:00,Pending,Low
C004893,Aditya Iyer,1967-08-02 00:00:00,Female,Kolkata,West Bengal,Salaried,3-6L,Mass,2024-06-30 00:00:00,Completed,Medium
C004894,Diya Reddy,1985-01-27 00:00:00,Male,Mysuru,Karnataka,Salaried,>20L,Mass,2025-01-20 00:00:00,Completed,Low
C004895,Diya Singh,1992-06-10 00:00:00,Female,Bengaluru,Karnataka,Self-Employed,3-6L,Mass,2023-06-28 00:00:00,Completed,Low
C004896,Pooja Joshi,1961-09-06 00:00:00,Male,Gurugram,Haryana,Salaried,<3L,Mass,2022-05-29 00:00:00,Completed,Low
C004897,Kiran Reddy,1985-11-30 00:00:00,Male,Hyderabad,Telangana,Salaried,3-6L,Mass,2023-10-17 00:00:00,Completed,Low
C004898,Kavya Das,1999-09-12 00:00:00,Female,Mumbai,Maharashtra,Self-Employed,3-6L,Mass,2024-08-30 00:00:00,Completed,Low
C004899,Diya Mehta,1985-02-17 00:00:00,Female,Mumbai,Maharashtra,Salaried,10-20L,Mass Affluent,2022-10-27 00:00:00,Completed,Medium
C004900,Sneha Singh,2001-09-26 00:00:00,Male,Mumbai,Maharashtra,Salaried,3-6L,Mass,2022-12-31 00:00:00,Completed,Low
C004901,Diya Sharma,1975-06-12 00:00:00,Female,Delhi,Delhi,Salaried,10-20L,Mass Affluent,2022-01-25 00:00:00,Completed,Low
C004902,Sai Nair,1960-02-25 00:00:00,Male,Bengaluru,Karnataka,Business,<3L,Mass Affluent,2025-04-20 00:00:00,Completed,Low
C004903,Aditya Iyer,1989-11-17 00:00:00,Male,Bengaluru,Karnataka,Salaried,10-20L,Mass,2026-01-16 00:00:00,Completed,Low
C004904,Ishita Mehta,1969-04-27 00:00:00,Male,Delhi,Delhi,Business,<3L,Mass,2025-09-20 00:00:00,Completed,Low
C004905,Rohan Das,1960-06-03 00:00:00,Female,Bengaluru,Karnataka,Salaried,>20L,Mass,2023-09-16 00:00:00,Completed,Low
C004906,Kiran Nair,1967-11-23 00:00:00,Female,Pune,Maharashtra,Salaried,<3L,Mass,2024-09-01 00:00:00,Completed,Low
C004907,Sneha Das,2000-11-30 00:00:00,Female,Hyderabad,Telangana,Business,10-20L,Mass,2026-04-27 00:00:00,Completed,Medium
C004908,Vivaan Joshi,1994-03-23 00:00:00,Male,Bengaluru,Karnataka,Salaried,10-20L,Mass Affluent,2024-08-29 00:00:00,Completed,Low
C004909,Aditya Singh,1972-01-18 00:00:00,Male,Chennai,Tamil Nadu,Salaried,6-10L,Mass,2023-05-01 00:00:00,Pending,Low
C004910,Sneha Kulkarni,1986-03-14 00:00:00,Female,Chennai,Tamil Nadu,Salaried,<3L,Affluent,2023-07-10 00:00:00,Completed,Medium
C004911,Kavya Iyer,1974-11-12 00:00:00,Female,Hyderabad,Telangana,Business,6-10L,Mass Affluent,2025-04-08 00:00:00,Completed,Low
C004912,Ananya Iyer,1967-10-08 00:00:00,Female,Chennai,Tamil Nadu,Salaried,6-10L,Mass,2024-01-03 00:00:00,Completed,Medium
C004913,Ishita Reddy,2003-04-19 00:00:00,Female,Ahmedabad,Gujarat,Business,6-10L,Mass Affluent,2025-10-06 00:00:00,Completed,Medium
C004914,Pooja Nair,1995-08-28 00:00:00,Male,Bengaluru,Karnataka,Salaried,6-10L,Mass,2025-11-19 00:00:00,Completed,Low
C004915,Neha Rao,1975-12-03 00:00:00,Female,Mumbai,Maharashtra,Salaried,>20L,Mass,2022-02-28 00:00:00,Completed,Low
C004916,Ananya Joshi,1975-06-26 00:00:00,Female,Pune,Maharashtra,Salaried,>20L,HNI,2025-04-02 00:00:00,Completed,Low
C004917,Arjun Iyer,1995-09-23 00:00:00,Female,Kolkata,West Bengal,Salaried,6-10L,Mass,2023-08-31 00:00:00,Completed,Medium
C004918,Vivaan Gupta,1980-03-09 00:00:00,Male,Jaipur,Rajasthan,Student,<3L,Mass,2024-05-03 00:00:00,Completed,Low
C004919,Ananya Singh,1976-07-06 00:00:00,Female,Bhubaneswar,Odisha,Salaried,<3L,Affluent,2023-03-11 00:00:00,Completed,Low
C004920,Priya Singh,1976-12-18 00:00:00,Female,Hyderabad,Telangana,Student,6-10L,Affluent,2023-08-28 00:00:00,Completed,Low
C004921,Aditya Joshi,1979-07-28 00:00:00,Female,Delhi,Delhi,Salaried,>20L,Mass,2023-06-27 00:00:00,Completed,Medium
C004922,Diya Nair,1982-11-03 00:00:00,Male,Delhi,Delhi,Self-Employed,3-6L,Mass Affluent,2022-03-24 00:00:00,Completed,High
C004923,Pooja Mehta,1961-10-03 00:00:00,Female,Bengaluru,Karnataka,Salaried,<3L,Mass Affluent,2025-07-09 00:00:00,Completed,Low
C004924,Arjun Kulkarni,1981-01-12 00:00:00,Female,Gurugram,Haryana,Business,3-6L,Mass Affluent,2022-08-23 00:00:00,Completed,Low
C004925,Aditya Patil,1979-04-10 00:00:00,Male,Hyderabad,Telangana,Salaried,3-6L,Mass,2023-09-10 00:00:00,Completed,Low
C004926,Nikhil Kulkarni,1972-01-11 00:00:00,Female,Mumbai,Maharashtra,Self-Employed,>20L,Affluent,2022-11-13 00:00:00,Completed,Low
C004927,Pooja Nair,1975-07-27 00:00:00,Male,Ahmedabad,Gujarat,Retired,6-10L,Mass,2022-09-21 00:00:00,Completed,Low
C004928,Ananya Singh,1978-08-06 00:00:00,Male,Ahmedabad,Gujarat,Self-Employed,<3L,Mass,2023-09-06 00:00:00,Pending,Low
C004929,Diya Mehta,1976-01-14 00:00:00,Female,Pune,Maharashtra,Salaried,3-6L,Mass,2026-02-17 00:00:00,Completed,Medium
C004930,Vivaan Nair,1999-10-16 00:00:00,Male,Jaipur,Rajasthan,Business,<3L,Mass,2026-03-31 00:00:00,Completed,High
C004931,Aarav Patil,1983-02-25 00:00:00,Male,Mysuru,Karnataka,Salaried,6-10L,Mass,2023-09-19 00:00:00,Completed,Medium
C004932,Sneha Iyer,1982-01-11 00:00:00,Male,Jaipur,Rajasthan,Salaried,6-10L,Mass,2024-04-09 00:00:00,Completed,Low
C004933,Rohan Joshi,1971-07-08 00:00:00,Female,Ahmedabad,Gujarat,Self-Employed,<3L,Mass,2026-06-07 00:00:00,Completed,Low
C004934,Neha Gupta,2000-02-22 00:00:00,Male,Mumbai,Maharashtra,Business,3-6L,Affluent,2023-01-21 00:00:00,Completed,Low
C004935,Neha Sharma,1961-01-05 00:00:00,Male,Chennai,Tamil Nadu,Salaried,10-20L,Mass,2026-04-01 00:00:00,Expired,Low
C004936,Aarav Singh,1984-02-06 00:00:00,Female,Pune,Maharashtra,Business,10-20L,Mass,2022-06-23 00:00:00,Completed,Low
C004937,Arjun Joshi,1967-05-24 00:00:00,Male,Ahmedabad,Gujarat,Business,6-10L,Affluent,2023-01-06 00:00:00,Completed,Medium
C004938,Sai Kulkarni,1993-09-05 00:00:00,Female,Mysuru,Karnataka,Salaried,6-10L,Mass,2023-07-10 00:00:00,Completed,Low
C004939,Sneha Nair,1976-07-27 00:00:00,Female,Mumbai,Maharashtra,Salaried,>20L,Mass Affluent,2022-03-02 00:00:00,Completed,Low
C004940,Sneha Patil,1972-11-10 00:00:00,Female,Pune,Maharashtra,Business,6-10L,Mass,2025-09-01 00:00:00,Completed,Low
C004941,Aditya Mehta,1962-07-16 00:00:00,Female,Mumbai,Maharashtra,Salaried,>20L,Mass Affluent,2025-11-05 00:00:00,Completed,Low
C004942,Ishita Joshi,1994-08-16 00:00:00,Female,Pune,Maharashtra,Salaried,<3L,Mass,2023-09-22 00:00:00,Completed,Low
C004943,Sneha Reddy,1977-05-14 00:00:00,Female,Chennai,Tamil Nadu,Salaried,3-6L,Mass,2025-10-05 00:00:00,Completed,Low
C004944,Kiran Singh,1971-07-31 00:00:00,Female,Chennai,Tamil Nadu,Student,<3L,Mass Affluent,2025-06-22 00:00:00,Completed,Low
C004945,Ananya Reddy,1996-12-25 00:00:00,Female,Hyderabad,Telangana,Salaried,10-20L,Mass,2025-08-08 00:00:00,Completed,Low
C004946,Aarav Das,1960-11-08 00:00:00,Female,Mumbai,Maharashtra,Salaried,6-10L,Mass,2025-08-11 00:00:00,Completed,Low
C004947,Arjun Reddy,1980-07-15 00:00:00,Female,Mumbai,Maharashtra,Salaried,3-6L,Mass,2024-07-30 00:00:00,Completed,High
C004948,Kavya Patil,1967-01-15 00:00:00,Male,Bhubaneswar,Odisha,Salaried,>20L,Mass Affluent,2022-07-01 00:00:00,Completed,Medium
C004949,Priya Joshi,1965-07-24 00:00:00,Female,Pune,Maharashtra,Retired,>20L,Mass,2026-02-25 00:00:00,Completed,Low
C004950,Neha Reddy,1960-12-12 00:00:00,Male,Mysuru,Karnataka,Self-Employed,3-6L,Mass Affluent,2024-09-26 00:00:00,Completed,Medium
C004951,Aditya Rao,1968-03-11 00:00:00,Male,Gurugram,Haryana,Business,6-10L,Mass Affluent,2026-01-19 00:00:00,Completed,Low
C004952,Aarav Rao,2001-06-27 00:00:00,Male,Bengaluru,Karnataka,Business,6-10L,Mass,2026-04-24 00:00:00,Completed,Medium
C004953,Meera Reddy,1979-07-08 00:00:00,Male,Delhi,Delhi,Salaried,<3L,Affluent,2022-11-04 00:00:00,Completed,Low
C004954,Sneha Kulkarni,2003-10-21 00:00:00,Male,Jaipur,Rajasthan,Business,6-10L,Mass Affluent,2023-10-23 00:00:00,Completed,Low
C004955,Ananya Gupta,1971-09-16 00:00:00,Female,Pune,Maharashtra,Retired,3-6L,Mass,2022-11-13 00:00:00,Completed,Low
C004956,Vivaan Rao,1993-05-22 00:00:00,Male,Kolkata,West Bengal,Business,10-20L,Mass,2022-03-25 00:00:00,Completed,High
C004957,Priya Gupta,1963-12-04 00:00:00,Male,Gurugram,Haryana,Business,10-20L,Mass,2026-05-06 00:00:00,Completed,Medium
C004958,Sneha Joshi,1964-09-26 00:00:00,Male,Delhi,Delhi,Salaried,10-20L,Affluent,2026-02-25 00:00:00,Completed,Low
C004959,Vivaan Rao,1960-09-19 00:00:00,Male,Chennai,Tamil Nadu,Student,10-20L,Mass,2026-03-10 00:00:00,Completed,Low
C004960,Nikhil Rao,1999-05-19 00:00:00,Male,Chennai,Tamil Nadu,Salaried,3-6L,Mass,2025-12-21 00:00:00,Completed,Low
C004961,Arjun Iyer,1989-06-02 00:00:00,Female,Pune,Maharashtra,Business,3-6L,Affluent,2024-12-01 00:00:00,Completed,Medium
C004962,Kavya Nair,1992-07-31 00:00:00,Male,Mumbai,Maharashtra,Salaried,6-10L,Mass Affluent,2024-05-07 00:00:00,Completed,Low
C004963,Vivaan Das,2000-08-15 00:00:00,Male,Bhubaneswar,Odisha,Self-Employed,3-6L,Mass,2026-06-17 00:00:00,Completed,Low
C004964,Aarav Sharma,1974-07-21 00:00:00,Male,Mumbai,Maharashtra,Student,6-10L,Mass Affluent,2024-06-25 00:00:00,Completed,Low
C004965,Neha Gupta,1991-08-26 00:00:00,Female,Bhubaneswar,Odisha,Self-Employed,3-6L,Mass Affluent,2024-11-20 00:00:00,Completed,Low
C004966,Ishita Kulkarni,1982-01-01 00:00:00,Male,Gurugram,Haryana,Salaried,3-6L,Mass,2022-12-14 00:00:00,Completed,Low
C004967,Ishita Gupta,1983-10-09 00:00:00,Male,Bhubaneswar,Odisha,Business,6-10L,Mass,2025-05-11 00:00:00,Completed,Medium
C004968,Aditya Sharma,1988-12-27 00:00:00,Male,Delhi,Delhi,Retired,6-10L,Mass Affluent,2025-09-07 00:00:00,Completed,High
C004969,Pooja Sharma,1980-08-02 00:00:00,Male,Hyderabad,Telangana,Self-Employed,6-10L,Mass,2025-01-19 00:00:00,Completed,Low
C004970,Aarav Kulkarni,1961-01-19 00:00:00,Male,Chennai,Tamil Nadu,Student,6-10L,HNI,2024-03-29 00:00:00,Completed,Medium
C004971,Diya Rao,1963-04-15 00:00:00,Male,Delhi,Delhi,Business,3-6L,Mass,2022-11-21 00:00:00,Completed,Medium
C004972,Aditya Gupta,1981-12-20 00:00:00,Female,Mumbai,Maharashtra,Student,10-20L,Mass Affluent,2022-02-25 00:00:00,Completed,Low
C004973,Arjun Rao,1984-12-18 00:00:00,Male,Hyderabad,Telangana,Salaried,6-10L,Mass Affluent,2024-10-27 00:00:00,Completed,Low
C004974,Ananya Joshi,1992-01-31 00:00:00,Female,Chennai,Tamil Nadu,Salaried,6-10L,Mass,2025-01-26 00:00:00,Expired,Low
C004975,Ananya Sharma,1985-01-23 00:00:00,Female,Pune,Maharashtra,Student,3-6L,Mass,2025-06-22 00:00:00,Completed,High
C004976,Pooja Mehta,1968-03-30 00:00:00,Male,Ahmedabad,Gujarat,Retired,6-10L,HNI,2026-04-10 00:00:00,Completed,Low
C004977,Arjun Kulkarni,1976-01-26 00:00:00,Male,Chennai,Tamil Nadu,Salaried,<3L,Mass Affluent,2024-03-27 00:00:00,Pending,Low
C004978,Rohan Mehta,1979-06-10 00:00:00,Male,Mysuru,Karnataka,Salaried,6-10L,Mass,2025-09-23 00:00:00,Completed,Low
C004979,Diya Das,2003-02-07 00:00:00,Female,Bhubaneswar,Odisha,Salaried,3-6L,Mass,2025-03-22 00:00:00,Completed,Low
C004980,Diya Mehta,1983-04-30 00:00:00,Male,Bengaluru,Karnataka,Business,10-20L,Mass,2023-04-01 00:00:00,Pending,Low
C004981,Neha Iyer,1987-10-25 00:00:00,Male,Chennai,Tamil Nadu,Student,10-20L,Mass,2025-10-19 00:00:00,Completed,Low
C004982,Arjun Gupta,1992-03-22 00:00:00,Male,Gurugram,Haryana,Self-Employed,6-10L,Mass,2022-03-29 00:00:00,Completed,Medium
C004983,Diya Patil,1975-11-13 00:00:00,Male,Chennai,Tamil Nadu,Salaried,10-20L,Mass Affluent,2024-09-10 00:00:00,Completed,Low
C004984,Rahul Kulkarni,2002-04-01 00:00:00,Male,Ahmedabad,Gujarat,Salaried,6-10L,Mass,2026-03-25 00:00:00,Expired,Low
C004985,Ananya Sharma,1989-07-25 00:00:00,Male,Kolkata,West Bengal,Student,<3L,Mass Affluent,2024-12-18 00:00:00,Completed,Low
C004986,Neha Rao,1997-02-27 00:00:00,Female,Chennai,Tamil Nadu,Salaried,10-20L,Affluent,2026-03-19 00:00:00,Completed,Low
C004987,Rohan Sharma,1992-10-26 00:00:00,Male,Jaipur,Rajasthan,Salaried,>20L,HNI,2022-04-03 00:00:00,Completed,Low
C004988,Neha Gupta,1987-03-24 00:00:00,Male,Kolkata,West Bengal,Salaried,<3L,Affluent,2024-05-24 00:00:00,Expired,Low
C004989,Sneha Gupta,1961-05-09 00:00:00,Female,Ahmedabad,Gujarat,Business,3-6L,Mass,2025-07-05 00:00:00,Completed,Medium
C004990,Aditya Rao,1985-07-26 00:00:00,Male,Delhi,Delhi,Self-Employed,6-10L,Mass,2024-11-20 00:00:00,Completed,Low
C004991,Meera Rao,1965-09-03 00:00:00,Male,Mumbai,Maharashtra,Salaried,3-6L,Mass,2025-12-16 00:00:00,Completed,Medium
C004992,Rahul Sharma,1986-06-03 00:00:00,Female,Mumbai,Maharashtra,Salaried,6-10L,Mass,2024-01-30 00:00:00,Completed,High
C004993,Aditya Gupta,1990-09-22 00:00:00,Male,Chennai,Tamil Nadu,Retired,6-10L,Affluent,2025-01-25 00:00:00,Completed,Low
C004994,Pooja Singh,1983-11-18 00:00:00,Female,Hyderabad,Telangana,Salaried,10-20L,Mass Affluent,2023-11-21 00:00:00,Completed,Medium
C004995,Kiran Patil,1973-07-06 00:00:00,Male,Bengaluru,Karnataka,Salaried,<3L,Mass Affluent,2025-12-03 00:00:00,Completed,Low
C004996,Priya Das,1962-08-07 00:00:00,Male,Mumbai,Maharashtra,Salaried,3-6L,Mass,2022-07-16 00:00:00,Completed,Low
C004997,Ananya Singh,1989-05-24 00:00:00,Male,Bhubaneswar,Odisha,Salaried,10-20L,Mass,2023-02-22 00:00:00,Completed,Low
C004998,Arjun Das,1990-08-03 00:00:00,Male,Kolkata,West Bengal,Business,3-6L,Affluent,2022-06-08 00:00:00,Completed,Low
C004999,Rohan Rao,1980-12-07 00:00:00,Male,Ahmedabad,Gujarat,Business,6-10L,Mass,2025-02-26 00:00:00,Completed,Low
C005000,Neha Rao,1991-05-19 00:00:00,Female,Mumbai,Maharashtra,Salaried,<3L,Mass,2023-01-18 00:00:00,Completed,Medium
