Loan_ID,Customer_ID,Branch_ID,Loan_Type,Application_Date,Loan_Amount,Loan_Status,Approval_Date,Disbursement_Date,Interest_Rate,Tenure_Months,Outstanding_Amount,Credit_Score_Band
L000001,C004112,B014,Home,2023-06-07 00:00:00,1251700.0,Disbursed,2023-06-16 00:00:00,2023-06-22 00:00:00,9.19,240,652184.47,600-699
L000002,C001836,B021,Personal,2026-05-30 00:00:00,44300.0,Disbursed,2026-05-31 00:00:00,2026-06-09 00:00:00,14.66,240,23110.5,700-749
L000003,C002891,B022,Personal,2023-12-13 00:00:00,3120100.0,Approved,2023-12-17 00:00:00,,11.57,120,0.0,700-749
L000004,C001855,B013,Home,2024-05-15 00:00:00,529800.0,Rejected,,,15.31,24,0.0,750+
L000005,C003928,B029,Home,2024-11-01 00:00:00,1334000.0,Rejected,,,11.72,120,0.0,750+
L000006,C000287,B009,Personal,2025-04-16 00:00:00,318600.0,Disbursed,2025-04-18 00:00:00,2025-04-19 00:00:00,16.65,36,166961.51,750+
L000007,C000212,B025,Home,2024-06-01 00:00:00,157600.0,Disbursed,2024-06-09 00:00:00,2024-06-18 00:00:00,13.97,12,41158.82,750+
L000008,C003313,B005,Business,2025-05-23 00:00:00,783900.0,Disbursed,2025-05-31 00:00:00,2025-06-08 00:00:00,15.08,12,436085.11,600-699
L000009,C002198,B010,Business,2024-04-01 00:00:00,481500.0,Disbursed,2024-04-07 00:00:00,2024-04-09 00:00:00,9.9,180,250569.68,600-699
L000010,C002209,B028,Vehicle,2025-07-23 00:00:00,831500.0,Disbursed,2025-07-31 00:00:00,2025-08-09 00:00:00,15.72,24,303159.1,700-749
L000011,C003973,B014,Vehicle,2023-12-05 00:00:00,454300.0,Disbursed,2023-12-16 00:00:00,2023-12-25 00:00:00,11.61,36,202115.91,750+
L000012,C004032,B015,Personal,2023-04-30 00:00:00,68700.0,Disbursed,2023-05-02 00:00:00,2023-05-03 00:00:00,11.93,12,50787.84,750+
L000013,C002760,B020,Personal,2024-11-21 00:00:00,1833300.0,Approved,2024-11-30 00:00:00,,8.4,120,0.0,700-749
L000014,C001924,B025,Personal,2023-12-09 00:00:00,569200.0,Closed,2023-12-23 00:00:00,2023-12-29 00:00:00,17.87,60,0.0,<600
L000015,C002899,B019,Business,2023-06-29 00:00:00,446300.0,Disbursed,2023-07-13 00:00:00,2023-07-18 00:00:00,9.52,180,294162.87,600-699
L000016,C003207,B030,Home,2025-01-22 00:00:00,435400.0,Rejected,,,12.21,48,0.0,700-749
L000017,C000333,B021,Home,2023-09-14 00:00:00,133700.0,Disbursed,2023-09-22 00:00:00,2023-09-28 00:00:00,15.37,240,113724.67,750+
L000018,C000483,B027,Personal,2025-07-10 00:00:00,559000.0,Disbursed,2025-07-12 00:00:00,2025-07-19 00:00:00,16.79,240,211375.86,600-699
L000019,C001711,B013,Home,2025-12-05 00:00:00,73000.0,Disbursed,2025-12-17 00:00:00,2025-12-25 00:00:00,17.56,36,18902.01,750+
L000020,C003397,B026,Vehicle,2023-04-10 00:00:00,295700.0,Closed,2023-04-17 00:00:00,2023-04-23 00:00:00,15.27,240,0.0,750+
L000021,C003881,B010,Vehicle,2025-11-14 00:00:00,585000.0,Approved,2025-11-25 00:00:00,,12.64,120,0.0,750+
L000022,C002594,B011,Personal,2024-02-03 00:00:00,251400.0,Disbursed,2024-02-09 00:00:00,2024-02-12 00:00:00,15.58,180,83082.56,700-749
L000023,C000348,B009,Education,2026-06-12 00:00:00,288200.0,Disbursed,2026-06-20 00:00:00,2026-06-29 00:00:00,10.36,180,192988.99,600-699
L000024,C004347,B003,Vehicle,2026-02-21 00:00:00,143100.0,Disbursed,2026-02-22 00:00:00,2026-03-01 00:00:00,14.07,12,58005.19,750+
L000025,C001905,B029,Personal,2025-02-16 00:00:00,320200.0,Disbursed,2025-03-02 00:00:00,2025-03-07 00:00:00,17.43,24,172538.81,600-699
L000026,C004820,B005,Education,2026-03-09 00:00:00,297200.0,Approved,2026-03-14 00:00:00,,13.76,48,0.0,750+
L000027,C000530,B012,Personal,2025-08-09 00:00:00,1268800.0,Rejected,,,14.67,120,0.0,600-699
L000028,C002570,B001,Business,2025-03-22 00:00:00,130700.0,Rejected,,,14.35,48,0.0,750+
L000029,C001398,B021,Education,2023-02-25 00:00:00,226500.0,Approved,2023-03-09 00:00:00,,11.92,36,0.0,700-749
L000030,C002164,B011,Vehicle,2023-04-27 00:00:00,84600.0,Disbursed,2023-05-04 00:00:00,2023-05-12 00:00:00,8.64,60,25717.49,700-749
L000031,C004237,B024,Personal,2023-11-11 00:00:00,36600.0,Disbursed,2023-11-22 00:00:00,2023-11-28 00:00:00,9.84,24,17561.28,750+
L000032,C000611,B027,Home,2024-10-04 00:00:00,1914600.0,Approved,2024-10-17 00:00:00,,7.71,36,0.0,600-699
L000033,C001453,B006,Personal,2025-11-28 00:00:00,723900.0,Disbursed,2025-12-06 00:00:00,2025-12-10 00:00:00,12.89,180,631014.82,750+
L000034,C002799,B009,Home,2024-09-20 00:00:00,126300.0,Disbursed,2024-10-04 00:00:00,2024-10-06 00:00:00,17.84,120,46715.12,700-749
L000035,C001335,B004,Home,2025-09-04 00:00:00,313000.0,Disbursed,2025-09-05 00:00:00,2025-09-10 00:00:00,8.31,120,164148.49,<600
L000036,C001706,B027,Home,2024-11-23 00:00:00,1007500.0,Disbursed,2024-12-01 00:00:00,2024-12-03 00:00:00,15.04,36,290404.25,600-699
L000037,C001370,B010,Vehicle,2026-04-12 00:00:00,556600.0,Disbursed,2026-04-18 00:00:00,2026-04-27 00:00:00,17.73,180,175000.98,600-699
L000038,C004717,B012,Education,2026-04-10 00:00:00,264400.0,Rejected,,,7.17,120,0.0,<600
L000039,C001442,B017,Home,2023-09-02 00:00:00,1103900.0,Disbursed,2023-09-03 00:00:00,2023-09-12 00:00:00,17.78,12,558208.2,700-749
L000040,C002553,B030,Home,2024-06-14 00:00:00,745300.0,Rejected,,,11.93,120,0.0,700-749
L000041,C003227,B012,Home,2023-04-11 00:00:00,109700.0,Disbursed,2023-04-23 00:00:00,2023-04-27 00:00:00,8.88,12,97620.15,700-749
L000042,C002211,B001,Personal,2025-06-29 00:00:00,282900.0,Closed,2025-07-11 00:00:00,2025-07-20 00:00:00,12.5,48,0.0,600-699
L000043,C003903,B030,Personal,2026-02-25 00:00:00,810900.0,Rejected,,,15.5,24,0.0,750+
L000044,C003861,B023,Home,2023-06-26 00:00:00,241200.0,Closed,2023-07-07 00:00:00,2023-07-09 00:00:00,16.31,24,0.0,750+
L000045,C001636,B017,Business,2025-05-05 00:00:00,39900.0,Disbursed,2025-05-07 00:00:00,2025-05-10 00:00:00,14.7,120,33577.05,600-699
L000046,C003372,B008,Home,2024-11-13 00:00:00,312600.0,Disbursed,2024-11-16 00:00:00,2024-11-19 00:00:00,13.67,12,193516.58,750+
L000047,C002451,B023,Business,2025-06-13 00:00:00,1419200.0,Disbursed,2025-06-14 00:00:00,2025-06-17 00:00:00,10.7,12,588545.74,<600
L000048,C004997,B011,Home,2024-04-01 00:00:00,3868600.0,Disbursed,2024-04-10 00:00:00,2024-04-13 00:00:00,9.0,48,2854085.26,600-699
L000049,C001892,B015,Home,2024-04-01 00:00:00,3505100.0,Disbursed,2024-04-13 00:00:00,2024-04-18 00:00:00,10.05,36,2840570.98,750+
L000050,C000464,B015,Vehicle,2024-02-15 00:00:00,884000.0,Disbursed,2024-02-19 00:00:00,2024-02-28 00:00:00,17.78,12,512873.7,750+
L000051,C003168,B024,Personal,2026-03-18 00:00:00,1602600.0,Disbursed,2026-03-24 00:00:00,2026-03-31 00:00:00,16.08,36,1181446.94,600-699
L000052,C004393,B027,Vehicle,2024-01-29 00:00:00,286300.0,Disbursed,2024-02-05 00:00:00,2024-02-06 00:00:00,12.12,24,186311.03,700-749
L000053,C003845,B028,Personal,2024-10-21 00:00:00,311000.0,Approved,2024-10-25 00:00:00,,16.45,12,0.0,<600
L000054,C003216,B016,Education,2025-02-21 00:00:00,196900.0,Disbursed,2025-02-24 00:00:00,2025-03-05 00:00:00,16.26,120,117587.92,600-699
L000055,C000373,B030,Education,2023-02-10 00:00:00,267500.0,Disbursed,2023-02-17 00:00:00,2023-02-18 00:00:00,9.5,240,141104.9,600-699
L000056,C001239,B004,Home,2025-01-10 00:00:00,25900.0,Approved,2025-01-17 00:00:00,,9.44,240,0.0,600-699
L000057,C003934,B019,Vehicle,2025-09-15 00:00:00,1988300.0,Disbursed,2025-09-20 00:00:00,2025-09-29 00:00:00,7.9,240,1869536.68,750+
L000058,C002921,B028,Vehicle,2025-10-28 00:00:00,529100.0,Rejected,,,12.16,12,0.0,700-749
L000059,C001433,B007,Personal,2024-09-27 00:00:00,1683400.0,Disbursed,2024-10-06 00:00:00,2024-10-12 00:00:00,8.7,36,518027.74,750+
L000060,C003785,B024,Vehicle,2024-02-06 00:00:00,670100.0,Closed,2024-02-16 00:00:00,2024-02-20 00:00:00,13.76,180,0.0,<600
L000061,C001436,B026,Business,2025-11-07 00:00:00,61000.0,Disbursed,2025-11-16 00:00:00,2025-11-23 00:00:00,17.44,12,18121.59,600-699
L000062,C002772,B013,Education,2025-11-17 00:00:00,650800.0,Rejected,,,14.54,180,0.0,750+
L000063,C001501,B008,Vehicle,2024-02-16 00:00:00,995200.0,Disbursed,2024-02-27 00:00:00,2024-02-29 00:00:00,17.17,240,782102.12,750+
L000064,C002537,B002,Business,2023-08-19 00:00:00,91200.0,Approved,2023-09-01 00:00:00,,10.95,60,0.0,600-699
L000065,C001431,B016,Personal,2025-07-16 00:00:00,236200.0,Rejected,,,8.42,240,0.0,750+
L000066,C000890,B019,Business,2023-07-27 00:00:00,666300.0,Disbursed,2023-07-29 00:00:00,2023-08-06 00:00:00,16.41,240,439905.1,700-749
L000067,C003252,B015,Business,2024-10-19 00:00:00,911700.0,Disbursed,2024-10-31 00:00:00,2024-11-02 00:00:00,14.7,180,439500.65,600-699
L000068,C002824,B020,Business,2023-11-11 00:00:00,313100.0,Closed,2023-11-20 00:00:00,2023-11-28 00:00:00,13.1,36,0.0,700-749
L000069,C003966,B025,Home,2023-11-13 00:00:00,450100.0,Disbursed,2023-11-23 00:00:00,2023-12-02 00:00:00,11.33,180,339062.63,750+
L000070,C003709,B013,Personal,2026-03-06 00:00:00,724700.0,Disbursed,2026-03-14 00:00:00,2026-03-23 00:00:00,9.43,48,228241.52,700-749
L000071,C003541,B023,Home,2023-10-29 00:00:00,192100.0,Disbursed,2023-11-07 00:00:00,2023-11-08 00:00:00,14.27,120,73378.12,700-749
L000072,C000631,B018,Personal,2025-01-29 00:00:00,279500.0,Disbursed,2025-02-08 00:00:00,2025-02-13 00:00:00,16.13,12,207632.46,700-749
L000073,C000673,B024,Home,2023-10-05 00:00:00,493000.0,Closed,2023-10-15 00:00:00,2023-10-23 00:00:00,11.49,240,0.0,750+
L000074,C001402,B012,Personal,2025-07-12 00:00:00,502900.0,Rejected,,,12.82,240,0.0,750+
L000075,C000741,B015,Personal,2026-02-16 00:00:00,1359200.0,Disbursed,2026-03-01 00:00:00,2026-03-05 00:00:00,10.84,120,1119133.26,700-749
L000076,C001375,B019,Personal,2025-10-02 00:00:00,454700.0,Disbursed,2025-10-15 00:00:00,2025-10-22 00:00:00,11.75,36,411906.54,600-699
L000077,C003341,B013,Home,2026-06-25 00:00:00,235500.0,Disbursed,2026-07-07 00:00:00,2026-07-08 00:00:00,9.05,48,154555.82,750+
L000078,C003366,B018,Vehicle,2024-12-30 00:00:00,444000.0,Disbursed,2025-01-02 00:00:00,2025-01-05 00:00:00,12.66,48,189667.24,750+
L000079,C002042,B011,Business,2023-05-28 00:00:00,619200.0,Approved,2023-06-05 00:00:00,,13.29,120,0.0,700-749
L000080,C004001,B007,Personal,2023-03-14 00:00:00,466600.0,Disbursed,2023-03-24 00:00:00,2023-03-30 00:00:00,15.77,12,203420.33,700-749
L000081,C003759,B018,Vehicle,2024-06-12 00:00:00,1052500.0,Rejected,,,17.43,24,0.0,750+
L000082,C003209,B003,Personal,2025-02-17 00:00:00,5467400.0,Disbursed,2025-03-03 00:00:00,2025-03-05 00:00:00,7.25,24,4373046.85,700-749
L000083,C000375,B029,Vehicle,2023-03-07 00:00:00,757800.0,Closed,2023-03-16 00:00:00,2023-03-25 00:00:00,14.58,48,0.0,700-749
L000084,C003920,B004,Personal,2024-11-23 00:00:00,125500.0,Rejected,,,11.47,120,0.0,700-749
L000085,C003469,B023,Education,2024-04-21 00:00:00,269000.0,Disbursed,2024-04-27 00:00:00,2024-04-29 00:00:00,14.93,24,157061.66,750+
L000086,C000118,B025,Personal,2024-07-08 00:00:00,119200.0,Disbursed,2024-07-16 00:00:00,2024-07-20 00:00:00,10.12,12,93156.04,750+
L000087,C001480,B014,Home,2025-11-09 00:00:00,644500.0,Disbursed,2025-11-23 00:00:00,2025-11-25 00:00:00,9.27,12,412660.44,700-749
L000088,C003477,B011,Personal,2023-05-09 00:00:00,236600.0,Disbursed,2023-05-22 00:00:00,2023-05-29 00:00:00,14.95,12,59178.64,750+
L000089,C002823,B013,Business,2025-04-06 00:00:00,309200.0,Closed,2025-04-19 00:00:00,2025-04-27 00:00:00,12.94,60,0.0,750+
L000090,C002825,B013,Business,2024-07-09 00:00:00,392600.0,Closed,2024-07-16 00:00:00,2024-07-20 00:00:00,8.99,60,0.0,750+
L000091,C003597,B026,Vehicle,2024-05-09 00:00:00,38600.0,Disbursed,2024-05-23 00:00:00,2024-05-30 00:00:00,8.51,24,14143.82,750+
L000092,C004415,B013,Home,2026-04-08 00:00:00,575600.0,Disbursed,2026-04-16 00:00:00,2026-04-22 00:00:00,8.83,60,346426.64,750+
L000093,C000346,B021,Home,2026-04-26 00:00:00,277700.0,Disbursed,2026-05-07 00:00:00,2026-05-10 00:00:00,10.84,240,216074.51,<600
L000094,C001820,B022,Business,2023-02-02 00:00:00,754500.0,Rejected,,,12.54,12,0.0,750+
L000095,C003571,B008,Personal,2025-07-25 00:00:00,1625900.0,Approved,2025-07-27 00:00:00,,14.04,48,0.0,600-699
L000096,C004960,B030,Personal,2025-09-02 00:00:00,88400.0,Closed,2025-09-05 00:00:00,2025-09-08 00:00:00,13.38,48,0.0,750+
L000097,C004834,B017,Personal,2023-09-14 00:00:00,3876400.0,Rejected,,,11.02,180,0.0,600-699
L000098,C004998,B025,Business,2026-06-01 00:00:00,301400.0,Disbursed,2026-06-02 00:00:00,2026-06-05 00:00:00,12.49,180,242047.57,750+
L000099,C004545,B030,Home,2026-01-03 00:00:00,2011200.0,Rejected,,,12.39,12,0.0,600-699
L000100,C004345,B008,Vehicle,2025-04-14 00:00:00,273900.0,Approved,2025-04-24 00:00:00,,15.96,24,0.0,700-749
L000101,C000958,B025,Home,2023-12-05 00:00:00,62000.0,Disbursed,2023-12-16 00:00:00,2023-12-20 00:00:00,8.21,120,41312.54,700-749
L000102,C000087,B015,Home,2025-02-18 00:00:00,522400.0,Approved,2025-02-19 00:00:00,,16.98,48,0.0,600-699
L000103,C000071,B014,Home,2024-05-08 00:00:00,675900.0,Closed,2024-05-20 00:00:00,2024-05-21 00:00:00,17.61,60,0.0,600-699
L000104,C004231,B022,Education,2023-01-12 00:00:00,354600.0,Disbursed,2023-01-13 00:00:00,2023-01-17 00:00:00,7.19,180,120205.27,700-749
L000105,C004114,B015,Personal,2025-05-11 00:00:00,916500.0,Disbursed,2025-05-17 00:00:00,2025-05-26 00:00:00,10.9,60,650017.52,<600
L000106,C002706,B017,Personal,2024-03-07 00:00:00,1020400.0,Disbursed,2024-03-12 00:00:00,2024-03-15 00:00:00,17.35,36,344983.22,<600
L000107,C000430,B025,Business,2023-05-03 00:00:00,560700.0,Disbursed,2023-05-12 00:00:00,2023-05-20 00:00:00,10.01,36,296389.91,600-699
L000108,C002289,B024,Business,2024-11-25 00:00:00,3841700.0,Disbursed,2024-11-29 00:00:00,2024-11-30 00:00:00,14.67,12,3128002.61,600-699
L000109,C002635,B009,Home,2024-03-27 00:00:00,891800.0,Disbursed,2024-03-28 00:00:00,2024-04-01 00:00:00,17.58,24,783570.42,600-699
L000110,C004419,B006,Home,2023-05-07 00:00:00,146600.0,Disbursed,2023-05-20 00:00:00,2023-05-29 00:00:00,9.71,36,93239.16,600-699
L000111,C002035,B001,Personal,2026-06-16 00:00:00,58200.0,Approved,2026-06-18 00:00:00,,8.84,12,0.0,700-749
L000112,C004548,B008,Vehicle,2025-05-23 00:00:00,219200.0,Approved,2025-06-04 00:00:00,,10.5,12,0.0,600-699
L000113,C001547,B003,Personal,2025-07-03 00:00:00,137600.0,Closed,2025-07-08 00:00:00,2025-07-09 00:00:00,9.13,48,0.0,700-749
L000114,C000332,B025,Vehicle,2025-10-04 00:00:00,249500.0,Approved,2025-10-09 00:00:00,,16.17,180,0.0,750+
L000115,C002033,B019,Personal,2025-06-25 00:00:00,994900.0,Disbursed,2025-07-03 00:00:00,2025-07-05 00:00:00,15.66,60,345649.04,700-749
L000116,C000644,B001,Home,2024-09-05 00:00:00,114200.0,Disbursed,2024-09-14 00:00:00,2024-09-16 00:00:00,12.19,180,106167.39,600-699
L000117,C004989,B025,Home,2024-11-17 00:00:00,711200.0,Disbursed,2024-11-29 00:00:00,2024-12-04 00:00:00,12.32,180,502105.65,600-699
L000118,C004309,B017,Home,2025-01-14 00:00:00,127600.0,Approved,2025-01-21 00:00:00,,17.38,24,0.0,750+
L000119,C004533,B022,Education,2023-02-27 00:00:00,308300.0,Disbursed,2023-03-12 00:00:00,2023-03-21 00:00:00,13.01,36,89436.56,600-699
L000120,C004371,B002,Personal,2026-01-02 00:00:00,251600.0,Rejected,,,12.63,120,0.0,750+
L000121,C003798,B014,Personal,2024-12-02 00:00:00,564300.0,Disbursed,2024-12-07 00:00:00,2024-12-16 00:00:00,16.01,36,162640.16,750+
L000122,C004252,B024,Personal,2025-06-20 00:00:00,116300.0,Disbursed,2025-06-30 00:00:00,2025-07-03 00:00:00,9.92,48,62807.82,750+
L000123,C004689,B002,Personal,2024-07-30 00:00:00,173000.0,Disbursed,2024-08-07 00:00:00,2024-08-08 00:00:00,15.12,24,49656.92,700-749
L000124,C001116,B012,Personal,2023-02-04 00:00:00,478900.0,Disbursed,2023-02-07 00:00:00,2023-02-11 00:00:00,14.83,180,236067.75,<600
L000125,C002910,B011,Personal,2026-06-14 00:00:00,693600.0,Disbursed,2026-06-21 00:00:00,2026-06-25 00:00:00,10.4,120,296002.73,700-749
L000126,C001449,B011,Vehicle,2024-10-02 00:00:00,216500.0,Disbursed,2024-10-10 00:00:00,2024-10-11 00:00:00,8.88,120,79834.8,750+
L000127,C003630,B016,Personal,2024-05-17 00:00:00,1698400.0,Disbursed,2024-05-25 00:00:00,2024-06-01 00:00:00,8.93,24,1477004.35,600-699
L000128,C004695,B016,Vehicle,2024-10-10 00:00:00,25700.0,Disbursed,2024-10-16 00:00:00,2024-10-24 00:00:00,9.69,60,12397.11,750+
L000129,C001150,B005,Home,2026-04-10 00:00:00,149700.0,Closed,2026-04-24 00:00:00,2026-04-27 00:00:00,17.92,180,0.0,700-749
L000130,C000445,B014,Education,2026-05-04 00:00:00,1822800.0,Rejected,,,9.49,60,0.0,750+
L000131,C000047,B014,Business,2025-01-09 00:00:00,268300.0,Disbursed,2025-01-22 00:00:00,2025-01-23 00:00:00,13.83,12,168716.64,600-699
L000132,C000415,B023,Business,2024-10-19 00:00:00,310800.0,Disbursed,2024-10-21 00:00:00,2024-10-28 00:00:00,13.9,60,234702.67,700-749
L000133,C002859,B015,Personal,2026-01-02 00:00:00,418300.0,Approved,2026-01-05 00:00:00,,17.51,240,0.0,700-749
L000134,C002237,B002,Home,2025-06-24 00:00:00,1289400.0,Disbursed,2025-06-28 00:00:00,2025-07-03 00:00:00,16.74,120,634305.39,<600
L000135,C004874,B021,Home,2025-06-30 00:00:00,1377500.0,Rejected,,,11.87,60,0.0,700-749
L000136,C003143,B014,Home,2023-05-30 00:00:00,856700.0,Disbursed,2023-06-03 00:00:00,2023-06-10 00:00:00,11.03,12,561956.28,750+
L000137,C004906,B010,Personal,2024-12-29 00:00:00,749800.0,Disbursed,2025-01-11 00:00:00,2025-01-17 00:00:00,10.36,48,279249.78,600-699
L000138,C003681,B023,Personal,2025-12-16 00:00:00,678100.0,Disbursed,2025-12-17 00:00:00,2025-12-25 00:00:00,10.16,24,342417.73,750+
L000139,C002647,B024,Personal,2024-06-02 00:00:00,486100.0,Disbursed,2024-06-10 00:00:00,2024-06-18 00:00:00,10.61,180,335849.62,<600
L000140,C004027,B004,Business,2025-04-02 00:00:00,1473000.0,Disbursed,2025-04-09 00:00:00,2025-04-16 00:00:00,7.18,240,486749.72,700-749
L000141,C002676,B030,Education,2025-10-02 00:00:00,1149200.0,Approved,2025-10-12 00:00:00,,17.81,120,0.0,750+
L000142,C003523,B027,Home,2025-01-06 00:00:00,189100.0,Disbursed,2025-01-10 00:00:00,2025-01-11 00:00:00,9.98,240,174865.03,600-699
L000143,C000549,B025,Education,2023-12-30 00:00:00,190700.0,Disbursed,2024-01-12 00:00:00,2024-01-19 00:00:00,17.62,180,60060.47,700-749
L000144,C000643,B002,Personal,2023-06-11 00:00:00,502800.0,Disbursed,2023-06-15 00:00:00,2023-06-16 00:00:00,8.05,60,472322.4,700-749
L000145,C004247,B010,Vehicle,2024-04-07 00:00:00,785600.0,Approved,2024-04-21 00:00:00,,10.25,12,0.0,<600
L000146,C004672,B009,Home,2023-06-28 00:00:00,539000.0,Disbursed,2023-07-08 00:00:00,2023-07-12 00:00:00,7.55,120,181436.37,750+
L000147,C003906,B023,Home,2023-08-05 00:00:00,554600.0,Disbursed,2023-08-07 00:00:00,2023-08-13 00:00:00,16.72,24,427187.17,600-699
L000148,C000784,B029,Home,2024-09-10 00:00:00,408600.0,Rejected,,,16.59,120,0.0,750+
L000149,C003115,B020,Home,2024-10-11 00:00:00,1595500.0,Disbursed,2024-10-23 00:00:00,2024-10-25 00:00:00,7.37,24,1309625.98,600-699
L000150,C001732,B019,Home,2023-06-02 00:00:00,477000.0,Disbursed,2023-06-03 00:00:00,2023-06-09 00:00:00,12.56,36,300649.45,600-699
L000151,C004177,B021,Personal,2024-04-14 00:00:00,1192100.0,Closed,2024-04-26 00:00:00,2024-05-01 00:00:00,8.66,60,0.0,750+
L000152,C000452,B009,Business,2023-09-11 00:00:00,1943100.0,Rejected,,,9.85,240,0.0,750+
L000153,C002762,B009,Vehicle,2023-11-10 00:00:00,598700.0,Approved,2023-11-17 00:00:00,,9.64,24,0.0,600-699
L000154,C001866,B004,Home,2024-02-03 00:00:00,3647800.0,Disbursed,2024-02-17 00:00:00,2024-02-18 00:00:00,9.9,60,1498878.02,750+
L000155,C004753,B019,Personal,2024-09-14 00:00:00,1272100.0,Closed,2024-09-28 00:00:00,2024-10-07 00:00:00,8.19,36,0.0,600-699
L000156,C004023,B030,Personal,2025-11-29 00:00:00,769500.0,Disbursed,2025-12-02 00:00:00,2025-12-07 00:00:00,16.62,180,492270.48,750+
L000157,C004135,B011,Personal,2023-11-21 00:00:00,503400.0,Disbursed,2023-11-23 00:00:00,2023-12-01 00:00:00,17.01,120,448780.58,600-699
L000158,C000689,B007,Vehicle,2024-08-01 00:00:00,843400.0,Disbursed,2024-08-13 00:00:00,2024-08-17 00:00:00,11.52,180,737625.74,700-749
L000159,C004378,B022,Vehicle,2024-12-13 00:00:00,426400.0,Disbursed,2024-12-19 00:00:00,2024-12-25 00:00:00,12.25,120,126913.96,600-699
L000160,C004503,B019,Personal,2025-12-27 00:00:00,664200.0,Disbursed,2026-01-03 00:00:00,2026-01-09 00:00:00,9.12,180,538377.31,750+
L000161,C000494,B026,Vehicle,2025-11-03 00:00:00,278700.0,Approved,2025-11-10 00:00:00,,15.8,48,0.0,600-699
L000162,C003771,B005,Personal,2025-06-01 00:00:00,739700.0,Rejected,,,10.69,120,0.0,700-749
L000163,C000545,B020,Personal,2023-10-03 00:00:00,300500.0,Rejected,,,17.62,36,0.0,700-749
L000164,C004506,B021,Personal,2024-09-07 00:00:00,3542400.0,Approved,2024-09-10 00:00:00,,14.07,12,0.0,600-699
L000165,C002607,B018,Vehicle,2025-12-24 00:00:00,927900.0,Disbursed,2026-01-06 00:00:00,2026-01-13 00:00:00,8.65,120,579364.15,600-699
L000166,C001114,B022,Personal,2025-11-03 00:00:00,198700.0,Disbursed,2025-11-17 00:00:00,2025-11-19 00:00:00,15.46,36,88856.21,750+
L000167,C000840,B023,Education,2023-06-18 00:00:00,301700.0,Closed,2023-06-29 00:00:00,2023-07-08 00:00:00,7.93,60,0.0,600-699
L000168,C000898,B017,Home,2026-05-03 00:00:00,370700.0,Disbursed,2026-05-04 00:00:00,2026-05-11 00:00:00,16.31,240,145782.97,700-749
L000169,C000391,B007,Home,2025-05-17 00:00:00,638100.0,Disbursed,2025-05-21 00:00:00,2025-05-29 00:00:00,10.27,36,538901.13,600-699
L000170,C001635,B020,Home,2025-02-27 00:00:00,171000.0,Disbursed,2025-03-06 00:00:00,2025-03-10 00:00:00,7.46,12,70526.72,750+
L000171,C004076,B016,Personal,2024-12-01 00:00:00,697200.0,Closed,2024-12-14 00:00:00,2024-12-15 00:00:00,8.38,180,0.0,700-749
L000172,C004847,B020,Personal,2023-09-09 00:00:00,1012600.0,Rejected,,,9.06,48,0.0,600-699
L000173,C002452,B028,Personal,2023-12-12 00:00:00,5079300.0,Disbursed,2023-12-17 00:00:00,2023-12-20 00:00:00,15.32,180,2554767.8,700-749
L000174,C003621,B015,Personal,2024-10-28 00:00:00,893400.0,Disbursed,2024-11-05 00:00:00,2024-11-10 00:00:00,17.25,24,602596.94,750+
L000175,C002745,B018,Business,2024-08-31 00:00:00,1381800.0,Closed,2024-09-12 00:00:00,2024-09-20 00:00:00,13.17,240,0.0,750+
L000176,C003387,B026,Business,2024-10-17 00:00:00,451100.0,Closed,2024-10-31 00:00:00,2024-11-06 00:00:00,14.91,36,0.0,700-749
L000177,C000680,B019,Education,2023-08-16 00:00:00,1000300.0,Disbursed,2023-08-26 00:00:00,2023-08-28 00:00:00,9.05,24,825709.98,700-749
L000178,C001637,B006,Business,2026-06-12 00:00:00,274900.0,Disbursed,2026-06-21 00:00:00,2026-06-29 00:00:00,15.86,48,95188.52,700-749
L000179,C000776,B019,Vehicle,2025-08-26 00:00:00,167500.0,Rejected,,,10.47,240,0.0,<600
L000180,C004280,B004,Home,2024-12-14 00:00:00,1601900.0,Rejected,,,10.77,48,0.0,600-699
L000181,C002234,B015,Personal,2024-12-10 00:00:00,290900.0,Disbursed,2024-12-20 00:00:00,2024-12-23 00:00:00,17.2,48,194621.08,600-699
L000182,C000426,B007,Education,2025-07-17 00:00:00,115600.0,Disbursed,2025-07-30 00:00:00,2025-08-07 00:00:00,7.06,180,58700.94,700-749
L000183,C002804,B019,Vehicle,2026-05-05 00:00:00,231800.0,Disbursed,2026-05-17 00:00:00,2026-05-21 00:00:00,11.87,240,113997.76,750+
L000184,C003208,B028,Home,2023-09-17 00:00:00,177600.0,Disbursed,2023-09-20 00:00:00,2023-09-24 00:00:00,16.05,180,96501.04,750+
L000185,C004958,B013,Home,2023-07-02 00:00:00,567400.0,Disbursed,2023-07-13 00:00:00,2023-07-17 00:00:00,13.37,120,496339.8,<600
L000186,C004438,B018,Home,2024-05-20 00:00:00,1463200.0,Rejected,,,9.79,12,0.0,600-699
L000187,C000484,B003,Vehicle,2024-11-16 00:00:00,617200.0,Disbursed,2024-11-17 00:00:00,2024-11-23 00:00:00,9.18,60,519639.83,750+
L000188,C002777,B001,Vehicle,2026-02-27 00:00:00,39000.0,Disbursed,2026-03-12 00:00:00,2026-03-13 00:00:00,17.27,240,18105.37,750+
L000189,C003696,B025,Home,2024-04-18 00:00:00,2773600.0,Disbursed,2024-04-29 00:00:00,2024-05-03 00:00:00,16.52,48,1767737.42,750+
L000190,C000619,B008,Home,2025-12-22 00:00:00,988600.0,Approved,2025-12-31 00:00:00,,10.67,240,0.0,750+
L000191,C000824,B026,Personal,2026-02-17 00:00:00,37000.0,Approved,2026-02-28 00:00:00,,12.04,180,0.0,750+
L000192,C000119,B011,Vehicle,2023-01-02 00:00:00,782400.0,Disbursed,2023-01-05 00:00:00,2023-01-14 00:00:00,14.99,48,606922.34,600-699
L000193,C002892,B018,Personal,2023-11-29 00:00:00,386200.0,Disbursed,2023-12-07 00:00:00,2023-12-14 00:00:00,14.33,120,221621.41,750+
L000194,C000032,B016,Personal,2025-05-17 00:00:00,99400.0,Closed,2025-05-30 00:00:00,2025-06-06 00:00:00,9.03,240,0.0,700-749
L000195,C001731,B011,Business,2025-03-14 00:00:00,487600.0,Disbursed,2025-03-22 00:00:00,2025-03-25 00:00:00,12.12,12,446009.82,700-749
L000196,C001650,B008,Education,2025-01-29 00:00:00,1501700.0,Disbursed,2025-01-31 00:00:00,2025-02-07 00:00:00,14.67,48,397224.01,750+
L000197,C003299,B007,Business,2023-10-26 00:00:00,184500.0,Disbursed,2023-11-03 00:00:00,2023-11-11 00:00:00,15.67,180,162566.33,600-699
L000198,C000360,B016,Personal,2023-03-06 00:00:00,52600.0,Rejected,,,8.97,240,0.0,750+
L000199,C000854,B013,Vehicle,2026-02-12 00:00:00,415000.0,Rejected,,,13.77,36,0.0,750+
L000200,C004433,B025,Home,2023-10-25 00:00:00,492700.0,Rejected,,,14.86,24,0.0,750+
L000201,C001576,B007,Business,2026-03-23 00:00:00,1587600.0,Disbursed,2026-03-25 00:00:00,2026-03-28 00:00:00,13.47,48,480361.59,700-749
L000202,C000110,B023,Personal,2025-03-04 00:00:00,380900.0,Disbursed,2025-03-16 00:00:00,2025-03-19 00:00:00,12.56,36,185447.76,600-699
L000203,C001714,B025,Personal,2024-05-07 00:00:00,2457400.0,Disbursed,2024-05-21 00:00:00,2024-05-30 00:00:00,7.22,180,1045568.78,750+
L000204,C003821,B025,Personal,2023-05-08 00:00:00,1000400.0,Disbursed,2023-05-21 00:00:00,2023-05-22 00:00:00,7.77,60,354718.53,600-699
L000205,C004490,B011,Personal,2026-04-22 00:00:00,2411000.0,Disbursed,2026-05-01 00:00:00,2026-05-07 00:00:00,16.16,60,1558761.12,600-699
L000206,C001049,B015,Vehicle,2023-10-20 00:00:00,269900.0,Closed,2023-10-22 00:00:00,2023-10-26 00:00:00,9.0,180,0.0,700-749
L000207,C003171,B016,Personal,2024-10-29 00:00:00,523500.0,Disbursed,2024-11-02 00:00:00,2024-11-04 00:00:00,9.81,36,440658.87,700-749
L000208,C001046,B008,Vehicle,2024-12-19 00:00:00,673900.0,Disbursed,2024-12-23 00:00:00,2024-12-27 00:00:00,17.38,240,533180.35,750+
L000209,C003537,B024,Personal,2024-02-07 00:00:00,326300.0,Disbursed,2024-02-16 00:00:00,2024-02-19 00:00:00,10.93,48,302673.71,750+
L000210,C002942,B006,Home,2023-01-10 00:00:00,242900.0,Disbursed,2023-01-21 00:00:00,2023-01-29 00:00:00,15.81,60,84346.66,600-699
L000211,C000656,B012,Home,2026-06-12 00:00:00,759300.0,Disbursed,2026-06-21 00:00:00,2026-06-24 00:00:00,8.59,60,472840.76,600-699
L000212,C003466,B024,Vehicle,2026-06-13 00:00:00,413100.0,Disbursed,2026-06-23 00:00:00,2026-07-01 00:00:00,11.96,60,317955.76,750+
L000213,C001483,B012,Personal,2024-12-19 00:00:00,2075600.0,Rejected,,,8.2,60,0.0,750+
L000214,C004981,B005,Education,2024-08-22 00:00:00,492400.0,Disbursed,2024-08-28 00:00:00,2024-08-31 00:00:00,8.48,120,353272.29,700-749
L000215,C003822,B025,Business,2025-12-01 00:00:00,1373800.0,Disbursed,2025-12-10 00:00:00,2025-12-12 00:00:00,8.18,120,1106863.94,750+
L000216,C004488,B010,Home,2023-03-18 00:00:00,129500.0,Disbursed,2023-03-19 00:00:00,2023-03-22 00:00:00,9.9,180,34968.78,600-699
L000217,C000504,B021,Home,2023-08-07 00:00:00,627200.0,Disbursed,2023-08-08 00:00:00,2023-08-15 00:00:00,10.6,60,553321.29,700-749
L000218,C000785,B001,Personal,2023-11-25 00:00:00,814300.0,Approved,2023-12-02 00:00:00,,12.17,48,0.0,<600
L000219,C000651,B012,Vehicle,2025-06-26 00:00:00,196600.0,Rejected,,,16.56,240,0.0,750+
L000220,C004945,B020,Personal,2023-03-31 00:00:00,365900.0,Approved,2023-04-02 00:00:00,,12.95,180,0.0,700-749
L000221,C001702,B011,Vehicle,2026-03-05 00:00:00,134000.0,Disbursed,2026-03-08 00:00:00,2026-03-17 00:00:00,13.18,36,58587.12,700-749
L000222,C001443,B002,Vehicle,2023-10-17 00:00:00,144700.0,Approved,2023-10-26 00:00:00,,17.09,12,0.0,700-749
L000223,C000432,B014,Home,2023-05-26 00:00:00,632100.0,Closed,2023-05-30 00:00:00,2023-06-05 00:00:00,12.09,120,0.0,750+
L000224,C000031,B023,Personal,2025-05-15 00:00:00,133900.0,Disbursed,2025-05-22 00:00:00,2025-05-25 00:00:00,7.85,60,81637.3,700-749
L000225,C002365,B011,Education,2023-10-18 00:00:00,1572400.0,Disbursed,2023-10-22 00:00:00,2023-10-25 00:00:00,14.83,36,1473407.31,750+
L000226,C002974,B002,Business,2026-01-30 00:00:00,614500.0,Approved,2026-02-07 00:00:00,,15.12,180,0.0,750+
L000227,C003026,B011,Personal,2025-06-24 00:00:00,1170700.0,Rejected,,,14.36,12,0.0,700-749
L000228,C002384,B023,Vehicle,2026-06-16 00:00:00,703600.0,Disbursed,2026-06-27 00:00:00,2026-06-29 00:00:00,12.17,180,581442.28,600-699
L000229,C002820,B010,Education,2024-05-12 00:00:00,567100.0,Rejected,,,7.96,12,0.0,750+
L000230,C000910,B029,Business,2025-01-01 00:00:00,421200.0,Disbursed,2025-01-11 00:00:00,2025-01-14 00:00:00,10.22,180,163516.89,600-699
L000231,C002534,B028,Personal,2023-12-07 00:00:00,4304800.0,Disbursed,2023-12-16 00:00:00,2023-12-19 00:00:00,12.58,36,3580675.76,600-699
L000232,C001119,B029,Business,2025-05-22 00:00:00,660300.0,Disbursed,2025-05-27 00:00:00,2025-06-02 00:00:00,17.06,120,165502.87,<600
L000233,C003745,B017,Personal,2023-03-21 00:00:00,247500.0,Disbursed,2023-03-24 00:00:00,2023-04-01 00:00:00,10.0,240,193638.42,700-749
L000234,C004718,B024,Personal,2026-02-06 00:00:00,299800.0,Disbursed,2026-02-17 00:00:00,2026-02-24 00:00:00,14.04,36,229255.56,750+
L000235,C003156,B026,Vehicle,2025-12-24 00:00:00,220400.0,Disbursed,2026-01-03 00:00:00,2026-01-10 00:00:00,10.53,12,125398.66,700-749
L000236,C002229,B012,Home,2025-11-13 00:00:00,856300.0,Disbursed,2025-11-26 00:00:00,2025-12-04 00:00:00,13.38,240,807358.48,700-749
L000237,C000844,B014,Education,2024-04-12 00:00:00,251200.0,Disbursed,2024-04-15 00:00:00,2024-04-23 00:00:00,17.65,24,205854.5,<600
L000238,C002193,B024,Home,2025-12-20 00:00:00,342000.0,Disbursed,2025-12-30 00:00:00,2025-12-31 00:00:00,11.92,24,286977.62,700-749
L000239,C000235,B015,Home,2026-02-26 00:00:00,225600.0,Disbursed,2026-02-27 00:00:00,2026-03-01 00:00:00,12.76,48,187654.32,700-749
L000240,C004815,B029,Personal,2023-10-29 00:00:00,264600.0,Approved,2023-11-06 00:00:00,,10.01,48,0.0,700-749
L000241,C003091,B015,Home,2025-05-03 00:00:00,28300.0,Disbursed,2025-05-17 00:00:00,2025-05-18 00:00:00,8.21,180,9954.48,600-699
L000242,C003750,B018,Personal,2024-05-30 00:00:00,239400.0,Disbursed,2024-06-10 00:00:00,2024-06-16 00:00:00,17.88,180,122866.47,750+
L000243,C004279,B029,Home,2025-10-15 00:00:00,329200.0,Disbursed,2025-10-23 00:00:00,2025-10-30 00:00:00,16.22,180,107939.2,600-699
L000244,C003653,B001,Personal,2025-11-29 00:00:00,1582800.0,Disbursed,2025-12-03 00:00:00,2025-12-10 00:00:00,7.4,180,844325.52,<600
L000245,C002498,B018,Vehicle,2023-06-30 00:00:00,94800.0,Approved,2023-07-04 00:00:00,,8.55,120,0.0,700-749
L000246,C002764,B011,Personal,2024-11-05 00:00:00,131200.0,Disbursed,2024-11-13 00:00:00,2024-11-14 00:00:00,13.3,12,98087.49,700-749
L000247,C000072,B003,Personal,2025-11-02 00:00:00,130700.0,Approved,2025-11-07 00:00:00,,13.71,120,0.0,750+
L000248,C000738,B020,Education,2025-02-14 00:00:00,280600.0,Closed,2025-02-19 00:00:00,2025-02-27 00:00:00,11.65,120,0.0,750+
L000249,C004313,B005,Home,2023-09-24 00:00:00,1310200.0,Approved,2023-09-28 00:00:00,,12.23,120,0.0,700-749
L000250,C001616,B013,Personal,2023-02-25 00:00:00,253800.0,Disbursed,2023-03-01 00:00:00,2023-03-02 00:00:00,11.39,24,219760.1,600-699
L000251,C002667,B010,Business,2024-11-12 00:00:00,546700.0,Disbursed,2024-11-24 00:00:00,2024-12-02 00:00:00,12.67,48,221964.46,600-699
L000252,C003907,B006,Education,2023-05-26 00:00:00,1408100.0,Closed,2023-06-08 00:00:00,2023-06-16 00:00:00,11.57,24,0.0,750+
L000253,C004133,B009,Home,2023-02-03 00:00:00,157900.0,Closed,2023-02-06 00:00:00,2023-02-10 00:00:00,10.87,48,0.0,<600
L000254,C000558,B005,Personal,2023-09-09 00:00:00,159900.0,Rejected,,,14.04,12,0.0,<600
L000255,C004843,B006,Business,2025-02-21 00:00:00,231100.0,Rejected,,,17.34,24,0.0,600-699
L000256,C004344,B019,Personal,2023-01-18 00:00:00,22000.0,Disbursed,2023-01-24 00:00:00,2023-01-28 00:00:00,13.39,36,17625.58,750+
L000257,C003385,B007,Home,2026-05-23 00:00:00,212900.0,Disbursed,2026-06-02 00:00:00,2026-06-07 00:00:00,12.09,48,145533.08,700-749
L000258,C000793,B006,Business,2023-08-26 00:00:00,528500.0,Disbursed,2023-08-28 00:00:00,2023-08-30 00:00:00,7.87,12,424352.74,750+
L000259,C001180,B007,Home,2026-04-06 00:00:00,1948200.0,Disbursed,2026-04-11 00:00:00,2026-04-13 00:00:00,13.34,24,1082130.19,750+
L000260,C001609,B017,Home,2024-12-26 00:00:00,288400.0,Closed,2025-01-02 00:00:00,2025-01-06 00:00:00,15.58,120,0.0,700-749
L000261,C002398,B025,Business,2026-02-03 00:00:00,645100.0,Disbursed,2026-02-07 00:00:00,2026-02-09 00:00:00,7.45,180,339446.69,750+
L000262,C002789,B012,Home,2025-09-12 00:00:00,1378300.0,Disbursed,2025-09-17 00:00:00,2025-09-26 00:00:00,12.51,120,490815.68,600-699
L000263,C000216,B016,Personal,2024-04-12 00:00:00,325000.0,Disbursed,2024-04-14 00:00:00,2024-04-21 00:00:00,13.48,24,213278.64,600-699
L000264,C002006,B010,Business,2023-01-01 00:00:00,1161600.0,Disbursed,2023-01-04 00:00:00,2023-01-13 00:00:00,13.01,12,843028.1,<600
L000265,C001606,B003,Vehicle,2023-08-17 00:00:00,58700.0,Disbursed,2023-08-24 00:00:00,2023-08-30 00:00:00,12.9,240,40014.45,700-749
L000266,C001043,B025,Vehicle,2025-12-24 00:00:00,349700.0,Disbursed,2026-01-04 00:00:00,2026-01-11 00:00:00,8.22,240,157092.58,700-749
L000267,C004938,B002,Education,2026-01-19 00:00:00,1021000.0,Rejected,,,15.28,12,0.0,750+
L000268,C004187,B019,Personal,2025-07-16 00:00:00,687000.0,Disbursed,2025-07-24 00:00:00,2025-07-30 00:00:00,8.2,240,268171.19,700-749
L000269,C000419,B022,Home,2024-05-03 00:00:00,451700.0,Disbursed,2024-05-16 00:00:00,2024-05-20 00:00:00,9.57,120,337534.74,750+
L000270,C003170,B018,Personal,2023-09-17 00:00:00,6308900.0,Disbursed,2023-09-21 00:00:00,2023-09-28 00:00:00,7.55,60,2389621.39,750+
L000271,C001861,B015,Home,2023-06-11 00:00:00,385400.0,Disbursed,2023-06-20 00:00:00,2023-06-28 00:00:00,16.96,36,137289.91,<600
L000272,C004789,B002,Education,2024-05-07 00:00:00,1441000.0,Disbursed,2024-05-20 00:00:00,2024-05-29 00:00:00,15.25,180,770881.48,750+
L000273,C000364,B015,Education,2026-06-20 00:00:00,263200.0,Approved,2026-07-04 00:00:00,,13.5,48,0.0,750+
L000274,C004699,B014,Home,2025-07-24 00:00:00,735800.0,Closed,2025-08-02 00:00:00,2025-08-08 00:00:00,8.84,180,0.0,<600
L000275,C003748,B002,Home,2023-10-29 00:00:00,821200.0,Closed,2023-10-30 00:00:00,2023-10-31 00:00:00,16.12,240,0.0,600-699
L000276,C001425,B023,Vehicle,2024-04-22 00:00:00,899300.0,Disbursed,2024-05-04 00:00:00,2024-05-05 00:00:00,15.08,12,445877.38,700-749
L000277,C002694,B016,Education,2024-02-14 00:00:00,130000.0,Disbursed,2024-02-25 00:00:00,2024-02-29 00:00:00,16.01,60,79718.1,600-699
L000278,C002788,B006,Home,2023-01-15 00:00:00,355400.0,Rejected,,,12.63,24,0.0,600-699
L000279,C002689,B028,Business,2023-09-27 00:00:00,179900.0,Disbursed,2023-09-30 00:00:00,2023-10-05 00:00:00,14.6,24,120976.94,<600
L000280,C004949,B027,Personal,2026-04-02 00:00:00,1057700.0,Disbursed,2026-04-13 00:00:00,2026-04-14 00:00:00,17.87,36,678226.88,700-749
L000281,C004464,B020,Home,2024-05-03 00:00:00,244900.0,Disbursed,2024-05-08 00:00:00,2024-05-11 00:00:00,9.33,60,214577.69,750+
L000282,C001254,B010,Personal,2023-05-18 00:00:00,500300.0,Approved,2023-05-21 00:00:00,,10.52,48,0.0,750+
L000283,C000888,B022,Vehicle,2024-12-21 00:00:00,408700.0,Disbursed,2024-12-26 00:00:00,2024-12-27 00:00:00,14.78,240,302694.88,<600
L000284,C002048,B017,Home,2025-10-25 00:00:00,1326600.0,Disbursed,2025-11-08 00:00:00,2025-11-10 00:00:00,9.26,12,1092967.37,<600
L000285,C002284,B023,Personal,2025-07-13 00:00:00,700200.0,Approved,2025-07-16 00:00:00,,9.42,36,0.0,700-749
L000286,C004824,B012,Home,2025-07-12 00:00:00,1490200.0,Disbursed,2025-07-24 00:00:00,2025-07-28 00:00:00,11.33,60,1308727.5,600-699
L000287,C003918,B028,Personal,2024-11-29 00:00:00,1239700.0,Disbursed,2024-12-01 00:00:00,2024-12-09 00:00:00,17.27,180,787952.19,600-699
L000288,C004091,B026,Personal,2023-07-26 00:00:00,360700.0,Disbursed,2023-07-31 00:00:00,2023-08-04 00:00:00,9.82,120,218846.1,700-749
L000289,C003098,B027,Vehicle,2025-01-12 00:00:00,218900.0,Closed,2025-01-20 00:00:00,2025-01-25 00:00:00,13.2,48,0.0,600-699
L000290,C004164,B026,Home,2023-12-01 00:00:00,10442300.0,Disbursed,2023-12-04 00:00:00,2023-12-12 00:00:00,9.41,240,3494265.8,600-699
L000291,C003556,B009,Vehicle,2025-05-17 00:00:00,2119200.0,Disbursed,2025-05-22 00:00:00,2025-05-31 00:00:00,11.42,240,1359423.03,750+
L000292,C000703,B004,Vehicle,2025-05-30 00:00:00,95600.0,Disbursed,2025-06-06 00:00:00,2025-06-15 00:00:00,14.58,120,44710.86,700-749
L000293,C004827,B019,Personal,2023-11-06 00:00:00,1113500.0,Disbursed,2023-11-07 00:00:00,2023-11-09 00:00:00,17.38,12,782678.77,750+
L000294,C001777,B030,Home,2024-07-16 00:00:00,232600.0,Approved,2024-07-26 00:00:00,,9.26,36,0.0,750+
L000295,C000500,B002,Education,2025-07-21 00:00:00,234400.0,Rejected,,,10.65,48,0.0,700-749
L000296,C001997,B025,Personal,2024-03-31 00:00:00,183700.0,Approved,2024-04-07 00:00:00,,13.31,24,0.0,750+
L000297,C002682,B029,Personal,2026-03-31 00:00:00,832400.0,Approved,2026-04-02 00:00:00,,17.6,180,0.0,700-749
L000298,C002749,B008,Home,2023-12-05 00:00:00,86300.0,Disbursed,2023-12-18 00:00:00,2023-12-27 00:00:00,12.62,240,74186.82,<600
L000299,C003375,B009,Home,2023-09-02 00:00:00,68400.0,Disbursed,2023-09-04 00:00:00,2023-09-13 00:00:00,8.74,48,35293.42,600-699
L000300,C002937,B012,Home,2025-06-20 00:00:00,192600.0,Disbursed,2025-06-26 00:00:00,2025-07-01 00:00:00,17.37,12,166194.97,750+
L000301,C004882,B023,Home,2025-11-28 00:00:00,946300.0,Disbursed,2025-11-29 00:00:00,2025-12-01 00:00:00,11.01,180,336486.11,700-749
L000302,C003221,B028,Home,2025-09-21 00:00:00,245000.0,Disbursed,2025-09-27 00:00:00,2025-10-05 00:00:00,13.82,60,102394.1,750+
L000303,C003810,B023,Business,2026-02-19 00:00:00,636700.0,Disbursed,2026-03-04 00:00:00,2026-03-05 00:00:00,14.97,180,394200.09,<600
L000304,C001215,B003,Personal,2023-04-23 00:00:00,583400.0,Disbursed,2023-04-30 00:00:00,2023-05-04 00:00:00,9.24,24,385001.02,700-749
L000305,C002280,B014,Vehicle,2025-12-30 00:00:00,348000.0,Closed,2026-01-05 00:00:00,2026-01-06 00:00:00,8.95,180,0.0,700-749
L000306,C001716,B025,Home,2023-01-24 00:00:00,792000.0,Disbursed,2023-01-27 00:00:00,2023-01-31 00:00:00,12.81,180,281909.05,750+
L000307,C003123,B007,Home,2023-12-19 00:00:00,2609000.0,Disbursed,2023-12-31 00:00:00,2024-01-07 00:00:00,10.48,180,893100.28,700-749
L000308,C002312,B027,Home,2026-02-08 00:00:00,178300.0,Disbursed,2026-02-10 00:00:00,2026-02-19 00:00:00,7.56,60,138602.89,600-699
L000309,C000940,B022,Personal,2023-12-14 00:00:00,558800.0,Rejected,,,9.28,12,0.0,750+
L000310,C003649,B029,Business,2023-06-12 00:00:00,250800.0,Approved,2023-06-15 00:00:00,,10.96,24,0.0,750+
L000311,C001602,B007,Personal,2025-07-18 00:00:00,240500.0,Disbursed,2025-07-25 00:00:00,2025-08-01 00:00:00,17.62,24,124827.21,600-699
L000312,C004763,B028,Vehicle,2023-06-19 00:00:00,749300.0,Disbursed,2023-07-01 00:00:00,2023-07-09 00:00:00,17.9,24,519477.81,750+
L000313,C004750,B006,Vehicle,2023-08-25 00:00:00,391100.0,Approved,2023-09-07 00:00:00,,17.85,24,0.0,750+
L000314,C004172,B028,Personal,2023-06-30 00:00:00,232700.0,Disbursed,2023-07-04 00:00:00,2023-07-08 00:00:00,16.08,120,125163.73,700-749
L000315,C001219,B011,Personal,2024-04-09 00:00:00,649500.0,Disbursed,2024-04-22 00:00:00,2024-05-01 00:00:00,12.45,240,572376.67,700-749
L000316,C000637,B003,Home,2026-03-14 00:00:00,530500.0,Approved,2026-03-21 00:00:00,,13.83,180,0.0,700-749
L000317,C000437,B002,Personal,2025-12-05 00:00:00,5276400.0,Disbursed,2025-12-12 00:00:00,2025-12-14 00:00:00,7.33,12,4401824.64,700-749
L000318,C002411,B008,Personal,2026-01-10 00:00:00,250300.0,Disbursed,2026-01-22 00:00:00,2026-01-29 00:00:00,9.78,24,232293.9,750+
L000319,C002785,B029,Vehicle,2024-04-09 00:00:00,159800.0,Disbursed,2024-04-13 00:00:00,2024-04-22 00:00:00,10.2,48,61490.39,750+
L000320,C004539,B012,Vehicle,2023-12-15 00:00:00,308300.0,Disbursed,2023-12-29 00:00:00,2024-01-01 00:00:00,7.99,24,95111.82,<600
L000321,C002483,B021,Home,2023-08-10 00:00:00,2752600.0,Disbursed,2023-08-12 00:00:00,2023-08-14 00:00:00,17.76,24,955121.26,750+
L000322,C004286,B025,Vehicle,2023-08-21 00:00:00,96100.0,Disbursed,2023-08-28 00:00:00,2023-09-05 00:00:00,11.92,60,80797.69,600-699
L000323,C002554,B007,Personal,2025-05-12 00:00:00,47700.0,Approved,2025-05-18 00:00:00,,14.0,24,0.0,750+
L000324,C002007,B013,Vehicle,2023-07-31 00:00:00,497600.0,Approved,2023-08-02 00:00:00,,10.36,120,0.0,700-749
L000325,C000200,B024,Personal,2024-11-19 00:00:00,240500.0,Disbursed,2024-12-01 00:00:00,2024-12-09 00:00:00,13.91,12,136955.62,750+
L000326,C002616,B015,Personal,2026-03-09 00:00:00,321900.0,Disbursed,2026-03-17 00:00:00,2026-03-19 00:00:00,7.58,24,186419.8,700-749
L000327,C004532,B016,Personal,2025-07-16 00:00:00,115100.0,Disbursed,2025-07-28 00:00:00,2025-08-05 00:00:00,11.54,60,58172.52,600-699
L000328,C000708,B027,Vehicle,2025-05-28 00:00:00,1142700.0,Disbursed,2025-05-30 00:00:00,2025-06-08 00:00:00,13.42,120,872935.26,600-699
L000329,C001976,B022,Business,2026-05-31 00:00:00,271300.0,Rejected,,,16.99,36,0.0,600-699
L000330,C004262,B002,Personal,2023-10-21 00:00:00,1730900.0,Rejected,,,17.92,60,0.0,700-749
L000331,C001064,B017,Business,2023-05-29 00:00:00,637300.0,Approved,2023-06-12 00:00:00,,7.01,60,0.0,750+
L000332,C000711,B024,Business,2025-09-05 00:00:00,210100.0,Closed,2025-09-09 00:00:00,2025-09-12 00:00:00,17.67,180,0.0,600-699
L000333,C000463,B015,Personal,2023-12-07 00:00:00,542600.0,Disbursed,2023-12-10 00:00:00,2023-12-12 00:00:00,16.22,36,243046.1,700-749
L000334,C002441,B007,Personal,2025-06-11 00:00:00,51100.0,Disbursed,2025-06-13 00:00:00,2025-06-20 00:00:00,12.67,60,35989.14,600-699
L000335,C001676,B010,Business,2023-02-06 00:00:00,243000.0,Disbursed,2023-02-07 00:00:00,2023-02-11 00:00:00,16.87,240,101126.27,700-749
L000336,C002664,B019,Business,2025-08-01 00:00:00,49300.0,Disbursed,2025-08-11 00:00:00,2025-08-16 00:00:00,11.42,24,39183.01,700-749
L000337,C002367,B015,Home,2026-02-14 00:00:00,1743100.0,Disbursed,2026-02-22 00:00:00,2026-02-27 00:00:00,9.02,24,1259698.08,700-749
L000338,C000578,B021,Education,2024-08-31 00:00:00,2312400.0,Approved,2024-09-11 00:00:00,,12.92,48,0.0,600-699
L000339,C003757,B015,Vehicle,2026-04-02 00:00:00,230100.0,Closed,2026-04-03 00:00:00,2026-04-09 00:00:00,11.15,24,0.0,600-699
L000340,C003423,B004,Vehicle,2023-08-31 00:00:00,648000.0,Disbursed,2023-09-11 00:00:00,2023-09-18 00:00:00,13.25,180,526960.14,700-749
L000341,C003255,B023,Home,2024-05-09 00:00:00,91900.0,Disbursed,2024-05-17 00:00:00,2024-05-22 00:00:00,10.15,60,38546.86,<600
L000342,C001797,B027,Personal,2025-05-07 00:00:00,974500.0,Disbursed,2025-05-12 00:00:00,2025-05-15 00:00:00,10.48,12,600893.42,750+
L000343,C000964,B011,Personal,2023-09-17 00:00:00,93300.0,Disbursed,2023-09-29 00:00:00,2023-10-06 00:00:00,15.26,180,37225.96,700-749
L000344,C002962,B016,Home,2025-03-21 00:00:00,250300.0,Disbursed,2025-04-04 00:00:00,2025-04-13 00:00:00,11.34,48,155166.33,<600
L000345,C000007,B012,Vehicle,2025-06-29 00:00:00,370900.0,Disbursed,2025-07-13 00:00:00,2025-07-18 00:00:00,14.77,24,264059.15,700-749
L000346,C001604,B015,Home,2023-07-12 00:00:00,822200.0,Closed,2023-07-20 00:00:00,2023-07-27 00:00:00,11.03,60,0.0,700-749
L000347,C002913,B013,Home,2023-05-03 00:00:00,301900.0,Disbursed,2023-05-17 00:00:00,2023-05-24 00:00:00,13.66,120,253530.52,<600
L000348,C003132,B008,Personal,2023-11-29 00:00:00,937900.0,Disbursed,2023-12-03 00:00:00,2023-12-10 00:00:00,8.7,36,547167.16,700-749
L000349,C003721,B016,Business,2024-03-01 00:00:00,694500.0,Disbursed,2024-03-03 00:00:00,2024-03-08 00:00:00,16.4,24,470363.96,750+
L000350,C003036,B004,Business,2025-03-24 00:00:00,63200.0,Disbursed,2025-04-04 00:00:00,2025-04-11 00:00:00,9.66,180,16073.1,750+
L000351,C003936,B010,Education,2023-08-18 00:00:00,1998700.0,Disbursed,2023-08-22 00:00:00,2023-08-26 00:00:00,9.42,240,555632.12,600-699
L000352,C003110,B023,Business,2026-06-05 00:00:00,1693700.0,Disbursed,2026-06-17 00:00:00,2026-06-22 00:00:00,15.61,12,1560980.93,600-699
L000353,C002314,B023,Education,2026-02-23 00:00:00,1952000.0,Disbursed,2026-02-26 00:00:00,2026-03-01 00:00:00,8.41,180,1556701.62,600-699
L000354,C000860,B018,Vehicle,2026-02-16 00:00:00,601900.0,Disbursed,2026-02-22 00:00:00,2026-02-23 00:00:00,9.71,12,436720.07,<600
L000355,C003359,B018,Personal,2024-07-15 00:00:00,268300.0,Approved,2024-07-28 00:00:00,,13.34,48,0.0,600-699
L000356,C003604,B025,Home,2024-10-26 00:00:00,681900.0,Disbursed,2024-11-05 00:00:00,2024-11-13 00:00:00,11.23,60,187263.81,750+
L000357,C000043,B027,Vehicle,2026-06-06 00:00:00,209700.0,Approved,2026-06-19 00:00:00,,8.33,180,0.0,700-749
L000358,C000425,B003,Personal,2024-10-20 00:00:00,1593800.0,Rejected,,,10.74,12,0.0,600-699
L000359,C003605,B019,Education,2024-06-21 00:00:00,252000.0,Disbursed,2024-06-29 00:00:00,2024-07-06 00:00:00,13.2,60,64079.6,700-749
L000360,C001685,B030,Business,2025-06-16 00:00:00,811300.0,Disbursed,2025-06-27 00:00:00,2025-06-30 00:00:00,8.42,48,404843.37,<600
L000361,C002240,B002,Personal,2023-02-14 00:00:00,909300.0,Disbursed,2023-02-26 00:00:00,2023-03-01 00:00:00,11.25,12,324839.23,<600
L000362,C001783,B019,Vehicle,2024-11-04 00:00:00,113000.0,Disbursed,2024-11-06 00:00:00,2024-11-10 00:00:00,10.94,60,99660.07,600-699
L000363,C002726,B027,Business,2023-06-01 00:00:00,626200.0,Closed,2023-06-11 00:00:00,2023-06-14 00:00:00,15.43,48,0.0,750+
L000364,C000518,B026,Home,2023-08-10 00:00:00,378300.0,Closed,2023-08-24 00:00:00,2023-08-25 00:00:00,14.17,120,0.0,600-699
L000365,C001183,B002,Education,2023-04-24 00:00:00,756600.0,Disbursed,2023-05-01 00:00:00,2023-05-05 00:00:00,10.54,12,602926.83,600-699
L000366,C001957,B022,Home,2024-02-13 00:00:00,2117000.0,Rejected,,,13.19,24,0.0,700-749
L000367,C002210,B023,Personal,2024-12-09 00:00:00,283700.0,Disbursed,2024-12-10 00:00:00,2024-12-15 00:00:00,13.22,12,166146.02,600-699
L000368,C001692,B013,Home,2025-12-12 00:00:00,3987100.0,Disbursed,2025-12-19 00:00:00,2025-12-23 00:00:00,15.26,240,2397968.39,600-699
L000369,C004752,B029,Education,2023-10-10 00:00:00,319800.0,Approved,2023-10-20 00:00:00,,14.15,180,0.0,700-749
L000370,C003206,B008,Home,2025-06-08 00:00:00,178500.0,Disbursed,2025-06-10 00:00:00,2025-06-11 00:00:00,16.16,12,118749.95,600-699
L000371,C004142,B001,Education,2024-03-10 00:00:00,144100.0,Rejected,,,12.29,180,0.0,750+
L000372,C002816,B001,Home,2023-10-07 00:00:00,1315400.0,Disbursed,2023-10-09 00:00:00,2023-10-13 00:00:00,11.17,180,999752.13,700-749
L000373,C002339,B009,Vehicle,2025-10-09 00:00:00,529000.0,Rejected,,,7.3,60,0.0,<600
L000374,C004264,B001,Home,2024-05-09 00:00:00,313100.0,Rejected,,,15.03,240,0.0,700-749
L000375,C002845,B003,Personal,2026-04-12 00:00:00,42400.0,Approved,2026-04-15 00:00:00,,11.1,48,0.0,<600
L000376,C002349,B030,Personal,2025-04-10 00:00:00,263100.0,Disbursed,2025-04-18 00:00:00,2025-04-19 00:00:00,15.74,24,102661.79,750+
L000377,C001822,B005,Home,2026-03-04 00:00:00,81000.0,Rejected,,,7.39,36,0.0,700-749
L000378,C003388,B019,Home,2023-01-09 00:00:00,267100.0,Disbursed,2023-01-16 00:00:00,2023-01-17 00:00:00,16.01,240,198214.89,750+
L000379,C001252,B004,Personal,2025-03-13 00:00:00,1527200.0,Disbursed,2025-03-24 00:00:00,2025-03-28 00:00:00,16.59,12,633747.1,750+
L000380,C002447,B009,Vehicle,2024-02-01 00:00:00,328500.0,Approved,2024-02-11 00:00:00,,13.62,36,0.0,750+
L000381,C003516,B001,Education,2024-03-25 00:00:00,3905500.0,Rejected,,,11.9,120,0.0,700-749
L000382,C002464,B020,Personal,2025-05-31 00:00:00,77300.0,Disbursed,2025-06-02 00:00:00,2025-06-10 00:00:00,8.12,60,57113.44,600-699
L000383,C002102,B016,Home,2025-10-06 00:00:00,163500.0,Disbursed,2025-10-14 00:00:00,2025-10-23 00:00:00,10.31,48,118029.6,<600
L000384,C004498,B013,Home,2025-02-20 00:00:00,143200.0,Disbursed,2025-03-05 00:00:00,2025-03-14 00:00:00,12.65,24,46942.69,700-749
L000385,C000547,B028,Home,2024-01-14 00:00:00,116600.0,Approved,2024-01-28 00:00:00,,17.29,60,0.0,750+
L000386,C000370,B008,Home,2023-05-21 00:00:00,452200.0,Disbursed,2023-06-03 00:00:00,2023-06-09 00:00:00,11.04,120,382740.78,750+
L000387,C000988,B023,Personal,2025-05-13 00:00:00,1482200.0,Disbursed,2025-05-23 00:00:00,2025-05-26 00:00:00,17.67,48,873466.36,700-749
L000388,C001870,B012,Home,2024-03-27 00:00:00,568100.0,Disbursed,2024-03-30 00:00:00,2024-04-05 00:00:00,9.81,36,200674.64,600-699
L000389,C001272,B025,Home,2025-10-23 00:00:00,256700.0,Disbursed,2025-10-29 00:00:00,2025-11-03 00:00:00,15.25,24,221222.99,750+
L000390,C000573,B009,Home,2025-08-19 00:00:00,895700.0,Disbursed,2025-09-02 00:00:00,2025-09-11 00:00:00,12.5,24,647036.88,750+
L000391,C002648,B028,Education,2023-04-11 00:00:00,919800.0,Disbursed,2023-04-24 00:00:00,2023-05-01 00:00:00,10.61,36,277309.53,700-749
L000392,C001432,B007,Vehicle,2023-12-25 00:00:00,132500.0,Closed,2024-01-02 00:00:00,2024-01-04 00:00:00,11.86,48,0.0,600-699
L000393,C000956,B007,Personal,2023-12-13 00:00:00,574400.0,Closed,2023-12-14 00:00:00,2023-12-22 00:00:00,12.92,60,0.0,750+
L000394,C003031,B002,Vehicle,2023-04-12 00:00:00,126300.0,Disbursed,2023-04-15 00:00:00,2023-04-17 00:00:00,14.61,120,34823.83,750+
L000395,C004159,B027,Personal,2023-09-29 00:00:00,1237300.0,Disbursed,2023-10-13 00:00:00,2023-10-21 00:00:00,17.51,240,640831.72,750+
L000396,C000205,B026,Vehicle,2023-04-24 00:00:00,1337200.0,Closed,2023-05-06 00:00:00,2023-05-13 00:00:00,14.14,36,0.0,600-699
L000397,C000534,B023,Personal,2024-09-20 00:00:00,4849300.0,Rejected,,,8.45,24,0.0,750+
L000398,C002417,B020,Vehicle,2024-01-08 00:00:00,914100.0,Disbursed,2024-01-19 00:00:00,2024-01-21 00:00:00,11.74,180,478953.84,600-699
L000399,C001585,B021,Personal,2024-01-26 00:00:00,1783900.0,Disbursed,2024-01-29 00:00:00,2024-02-02 00:00:00,12.93,120,617531.09,700-749
L000400,C002263,B006,Personal,2025-01-18 00:00:00,1111800.0,Disbursed,2025-01-19 00:00:00,2025-01-25 00:00:00,7.65,60,720485.15,750+
L000401,C002895,B016,Personal,2025-07-13 00:00:00,604300.0,Disbursed,2025-07-19 00:00:00,2025-07-20 00:00:00,15.78,36,458436.22,750+
L000402,C002427,B029,Home,2024-01-18 00:00:00,1533500.0,Disbursed,2024-01-26 00:00:00,2024-02-02 00:00:00,17.98,120,526562.26,700-749
L000403,C002625,B004,Home,2025-10-23 00:00:00,79200.0,Approved,2025-10-24 00:00:00,,10.56,120,0.0,600-699
L000404,C000731,B025,Education,2024-02-09 00:00:00,7453000.0,Approved,2024-02-15 00:00:00,,17.18,36,0.0,700-749
L000405,C000883,B010,Business,2023-08-29 00:00:00,226100.0,Rejected,,,10.13,24,0.0,700-749
L000406,C000293,B013,Business,2023-06-26 00:00:00,1546200.0,Rejected,,,10.21,12,0.0,700-749
L000407,C001451,B008,Personal,2025-02-26 00:00:00,1045100.0,Approved,2025-02-28 00:00:00,,12.4,120,0.0,750+
L000408,C001251,B021,Home,2025-08-05 00:00:00,166600.0,Disbursed,2025-08-13 00:00:00,2025-08-22 00:00:00,8.05,24,70731.4,600-699
L000409,C004804,B007,Home,2026-01-14 00:00:00,400000.0,Disbursed,2026-01-23 00:00:00,2026-01-31 00:00:00,12.67,240,108186.12,750+
L000410,C004319,B002,Personal,2025-10-22 00:00:00,1355300.0,Disbursed,2025-11-04 00:00:00,2025-11-05 00:00:00,17.97,24,684437.81,600-699
L000411,C001028,B011,Personal,2024-02-15 00:00:00,2460300.0,Disbursed,2024-02-28 00:00:00,2024-02-29 00:00:00,15.33,60,1537653.28,700-749
L000412,C003844,B028,Home,2023-04-28 00:00:00,798300.0,Approved,2023-05-02 00:00:00,,9.77,60,0.0,<600
L000413,C002390,B015,Home,2024-08-14 00:00:00,66800.0,Rejected,,,12.7,180,0.0,<600
L000414,C004285,B012,Education,2025-01-05 00:00:00,5101000.0,Closed,2025-01-16 00:00:00,2025-01-24 00:00:00,10.67,24,0.0,600-699
L000415,C004515,B021,Personal,2025-12-29 00:00:00,1486200.0,Rejected,,,12.94,60,0.0,750+
L000416,C003435,B005,Personal,2025-10-22 00:00:00,520200.0,Disbursed,2025-11-03 00:00:00,2025-11-10 00:00:00,13.12,24,169247.84,600-699
L000417,C000647,B021,Vehicle,2024-02-25 00:00:00,1300400.0,Approved,2024-03-03 00:00:00,,13.27,48,0.0,750+
L000418,C001481,B013,Home,2024-02-12 00:00:00,94400.0,Disbursed,2024-02-23 00:00:00,2024-02-29 00:00:00,11.54,240,60789.75,750+
L000419,C000107,B016,Business,2024-12-11 00:00:00,654300.0,Disbursed,2024-12-13 00:00:00,2024-12-21 00:00:00,7.32,48,531765.63,600-699
L000420,C001203,B012,Business,2023-01-08 00:00:00,1081500.0,Approved,2023-01-21 00:00:00,,7.15,12,0.0,<600
L000421,C003539,B015,Business,2024-09-27 00:00:00,761700.0,Disbursed,2024-10-07 00:00:00,2024-10-11 00:00:00,15.15,12,603470.03,750+
L000422,C000935,B015,Home,2026-05-25 00:00:00,589500.0,Disbursed,2026-05-31 00:00:00,2026-06-06 00:00:00,11.2,24,458878.93,700-749
L000423,C004770,B006,Home,2025-11-04 00:00:00,142900.0,Closed,2025-11-15 00:00:00,2025-11-24 00:00:00,7.83,180,0.0,600-699
L000424,C002259,B027,Vehicle,2026-03-20 00:00:00,307600.0,Approved,2026-03-27 00:00:00,,13.95,36,0.0,<600
L000425,C003084,B011,Home,2025-03-12 00:00:00,275500.0,Disbursed,2025-03-14 00:00:00,2025-03-22 00:00:00,9.32,240,125720.7,700-749
L000426,C002727,B030,Home,2023-11-05 00:00:00,3762300.0,Disbursed,2023-11-16 00:00:00,2023-11-20 00:00:00,11.95,24,3573011.79,750+
L000427,C003776,B017,Education,2025-07-14 00:00:00,161900.0,Rejected,,,9.12,12,0.0,700-749
L000428,C004392,B009,Education,2025-04-25 00:00:00,151800.0,Rejected,,,16.64,240,0.0,750+
L000429,C004992,B008,Personal,2023-12-07 00:00:00,708700.0,Disbursed,2023-12-12 00:00:00,2023-12-14 00:00:00,8.35,36,557541.08,750+
L000430,C001323,B030,Home,2024-02-26 00:00:00,906000.0,Rejected,,,12.12,180,0.0,750+
L000431,C003948,B013,Vehicle,2023-10-01 00:00:00,998300.0,Disbursed,2023-10-02 00:00:00,2023-10-07 00:00:00,11.15,240,677775.92,750+
L000432,C004261,B030,Business,2023-09-21 00:00:00,243800.0,Approved,2023-09-29 00:00:00,,9.2,60,0.0,600-699
L000433,C002709,B004,Home,2026-04-10 00:00:00,906500.0,Disbursed,2026-04-17 00:00:00,2026-04-26 00:00:00,13.63,120,518458.37,700-749
L000434,C001017,B006,Personal,2026-05-11 00:00:00,2450700.0,Disbursed,2026-05-14 00:00:00,2026-05-20 00:00:00,13.16,180,1528858.24,600-699
L000435,C004269,B006,Personal,2024-09-22 00:00:00,88700.0,Approved,2024-09-26 00:00:00,,10.31,180,0.0,600-699
L000436,C000817,B015,Education,2024-04-27 00:00:00,789800.0,Disbursed,2024-05-03 00:00:00,2024-05-10 00:00:00,13.38,240,585409.55,600-699
L000437,C004943,B017,Business,2025-02-25 00:00:00,241400.0,Rejected,,,15.26,180,0.0,600-699
L000438,C004396,B022,Business,2026-01-09 00:00:00,1867400.0,Disbursed,2026-01-16 00:00:00,2026-01-17 00:00:00,13.29,180,880410.71,750+
L000439,C001965,B024,Business,2023-09-14 00:00:00,277700.0,Disbursed,2023-09-23 00:00:00,2023-10-01 00:00:00,17.38,60,184442.99,700-749
L000440,C004577,B014,Home,2023-11-30 00:00:00,424300.0,Disbursed,2023-12-08 00:00:00,2023-12-09 00:00:00,15.03,240,186350.78,700-749
L000441,C001205,B008,Vehicle,2023-07-10 00:00:00,711700.0,Disbursed,2023-07-11 00:00:00,2023-07-17 00:00:00,8.39,12,438699.56,600-699
L000442,C001590,B016,Personal,2024-06-14 00:00:00,318300.0,Disbursed,2024-06-23 00:00:00,2024-06-30 00:00:00,7.89,180,90456.53,750+
L000443,C003951,B002,Home,2025-06-22 00:00:00,760400.0,Approved,2025-06-24 00:00:00,,13.18,60,0.0,750+
L000444,C002600,B016,Personal,2024-06-14 00:00:00,461300.0,Rejected,,,12.1,24,0.0,600-699
L000445,C004870,B015,Vehicle,2024-06-17 00:00:00,235000.0,Disbursed,2024-07-01 00:00:00,2024-07-06 00:00:00,14.45,240,179159.77,600-699
L000446,C002839,B002,Vehicle,2023-05-27 00:00:00,242500.0,Closed,2023-05-29 00:00:00,2023-06-01 00:00:00,9.82,240,0.0,600-699
L000447,C004708,B027,Education,2023-06-09 00:00:00,499500.0,Disbursed,2023-06-19 00:00:00,2023-06-25 00:00:00,10.75,60,290280.27,750+
L000448,C002095,B012,Personal,2026-06-29 00:00:00,81200.0,Rejected,,,17.76,60,0.0,600-699
L000449,C002870,B023,Home,2025-03-20 00:00:00,303100.0,Disbursed,2025-04-03 00:00:00,2025-04-05 00:00:00,17.75,24,93144.71,600-699
L000450,C001672,B007,Personal,2024-01-27 00:00:00,976500.0,Approved,2024-01-31 00:00:00,,17.9,24,0.0,<600
L000451,C004537,B009,Home,2026-04-12 00:00:00,653400.0,Disbursed,2026-04-21 00:00:00,2026-04-25 00:00:00,13.0,36,287510.15,700-749
L000452,C003251,B001,Home,2023-12-20 00:00:00,1092600.0,Disbursed,2023-12-31 00:00:00,2024-01-09 00:00:00,17.37,36,981995.18,750+
L000453,C002315,B021,Home,2026-01-18 00:00:00,436200.0,Approved,2026-01-21 00:00:00,,15.33,48,0.0,700-749
L000454,C000123,B020,Business,2025-09-22 00:00:00,318400.0,Disbursed,2025-09-27 00:00:00,2025-10-05 00:00:00,14.98,48,250222.84,700-749
L000455,C004744,B030,Vehicle,2023-12-15 00:00:00,3908800.0,Approved,2023-12-23 00:00:00,,12.57,24,0.0,750+
L000456,C000572,B019,Personal,2024-06-01 00:00:00,197000.0,Disbursed,2024-06-13 00:00:00,2024-06-16 00:00:00,11.74,180,152568.38,750+
L000457,C001853,B006,Vehicle,2024-02-06 00:00:00,277600.0,Disbursed,2024-02-07 00:00:00,2024-02-12 00:00:00,16.41,24,160192.23,750+
L000458,C003454,B025,Home,2025-05-05 00:00:00,699000.0,Disbursed,2025-05-12 00:00:00,2025-05-19 00:00:00,16.14,60,376484.07,600-699
L000459,C003338,B015,Home,2026-01-11 00:00:00,197500.0,Disbursed,2026-01-20 00:00:00,2026-01-21 00:00:00,10.2,36,141369.4,700-749
L000460,C004677,B030,Home,2023-02-26 00:00:00,428300.0,Closed,2023-03-04 00:00:00,2023-03-07 00:00:00,14.42,120,0.0,700-749
L000461,C003638,B010,Home,2024-09-23 00:00:00,377400.0,Closed,2024-09-28 00:00:00,2024-10-04 00:00:00,15.41,24,0.0,750+
L000462,C001230,B021,Personal,2025-09-14 00:00:00,204900.0,Disbursed,2025-09-19 00:00:00,2025-09-24 00:00:00,14.96,36,63200.16,700-749
L000463,C004320,B016,Business,2023-07-04 00:00:00,506400.0,Disbursed,2023-07-09 00:00:00,2023-07-13 00:00:00,14.81,24,137157.27,<600
L000464,C000458,B018,Home,2025-08-15 00:00:00,56900.0,Approved,2025-08-24 00:00:00,,14.02,24,0.0,750+
L000465,C000993,B022,Business,2025-12-20 00:00:00,504300.0,Disbursed,2025-12-24 00:00:00,2025-12-30 00:00:00,11.27,60,342139.71,600-699
L000466,C003410,B013,Vehicle,2023-03-17 00:00:00,1564400.0,Disbursed,2023-03-29 00:00:00,2023-04-04 00:00:00,11.48,240,1451051.5,600-699
L000467,C003447,B027,Home,2026-05-20 00:00:00,1003000.0,Closed,2026-05-23 00:00:00,2026-06-01 00:00:00,11.05,240,0.0,700-749
L000468,C000495,B021,Home,2025-09-11 00:00:00,1127200.0,Disbursed,2025-09-15 00:00:00,2025-09-22 00:00:00,15.42,240,941983.88,750+
L000469,C000540,B020,Personal,2024-09-04 00:00:00,663600.0,Disbursed,2024-09-05 00:00:00,2024-09-09 00:00:00,8.6,120,582792.14,700-749
L000470,C001919,B007,Business,2024-07-22 00:00:00,856000.0,Closed,2024-08-05 00:00:00,2024-08-08 00:00:00,9.49,12,0.0,750+
L000471,C002536,B027,Home,2026-06-30 00:00:00,405000.0,Disbursed,2026-07-14 00:00:00,2026-07-19 00:00:00,11.02,12,286910.16,<600
L000472,C001261,B007,Home,2024-11-14 00:00:00,1522700.0,Disbursed,2024-11-22 00:00:00,2024-11-28 00:00:00,9.92,12,554830.52,700-749
L000473,C001771,B027,Business,2024-03-03 00:00:00,2135000.0,Rejected,,,14.54,24,0.0,600-699
L000474,C000096,B005,Home,2023-02-08 00:00:00,142000.0,Disbursed,2023-02-20 00:00:00,2023-02-26 00:00:00,12.82,60,111302.09,700-749
L000475,C002723,B013,Home,2025-11-05 00:00:00,1945800.0,Disbursed,2025-11-08 00:00:00,2025-11-15 00:00:00,12.61,48,1629700.33,<600
L000476,C003663,B021,Vehicle,2025-03-23 00:00:00,150700.0,Disbursed,2025-04-05 00:00:00,2025-04-07 00:00:00,10.2,48,69270.18,750+
L000477,C004111,B007,Personal,2025-07-30 00:00:00,656500.0,Disbursed,2025-08-10 00:00:00,2025-08-12 00:00:00,8.21,36,567075.07,<600
L000478,C002878,B006,Home,2026-03-29 00:00:00,634900.0,Approved,2026-04-11 00:00:00,,14.06,48,0.0,600-699
L000479,C003786,B022,Personal,2025-03-21 00:00:00,369300.0,Closed,2025-03-24 00:00:00,2025-03-26 00:00:00,10.3,120,0.0,<600
L000480,C001206,B022,Vehicle,2023-02-17 00:00:00,11603700.0,Disbursed,2023-02-28 00:00:00,2023-03-07 00:00:00,7.03,24,4774254.82,700-749
L000481,C004342,B029,Vehicle,2024-12-31 00:00:00,784900.0,Disbursed,2025-01-03 00:00:00,2025-01-11 00:00:00,8.15,180,658233.97,750+
L000482,C002145,B022,Personal,2023-09-04 00:00:00,453500.0,Disbursed,2023-09-17 00:00:00,2023-09-18 00:00:00,16.36,180,314932.96,600-699
L000483,C002405,B018,Home,2024-09-07 00:00:00,453500.0,Closed,2024-09-12 00:00:00,2024-09-20 00:00:00,16.04,60,0.0,700-749
L000484,C002038,B010,Home,2025-12-22 00:00:00,354000.0,Rejected,,,17.98,48,0.0,750+
L000485,C002858,B016,Personal,2023-08-09 00:00:00,1654500.0,Rejected,,,10.1,60,0.0,750+
L000486,C004073,B022,Home,2023-06-16 00:00:00,1355300.0,Rejected,,,15.14,180,0.0,750+
L000487,C002666,B004,Home,2025-04-20 00:00:00,229900.0,Closed,2025-04-30 00:00:00,2025-05-01 00:00:00,15.04,12,0.0,700-749
L000488,C000217,B029,Home,2026-05-14 00:00:00,59300.0,Disbursed,2026-05-23 00:00:00,2026-05-28 00:00:00,12.62,120,25486.72,600-699
L000489,C003452,B016,Business,2024-11-22 00:00:00,538700.0,Disbursed,2024-11-24 00:00:00,2024-11-27 00:00:00,16.97,60,405652.08,600-699
L000490,C002455,B017,Home,2024-03-21 00:00:00,1513300.0,Disbursed,2024-04-04 00:00:00,2024-04-08 00:00:00,11.14,48,1317494.97,600-699
L000491,C003041,B013,Home,2023-11-03 00:00:00,306700.0,Disbursed,2023-11-13 00:00:00,2023-11-18 00:00:00,15.85,60,264358.39,700-749
L000492,C003945,B008,Vehicle,2024-10-24 00:00:00,870900.0,Disbursed,2024-11-07 00:00:00,2024-11-14 00:00:00,8.67,24,495800.7,<600
L000493,C003386,B009,Home,2025-01-31 00:00:00,1815400.0,Disbursed,2025-02-11 00:00:00,2025-02-13 00:00:00,9.05,180,1661448.2,600-699
L000494,C004715,B003,Personal,2023-07-21 00:00:00,404100.0,Disbursed,2023-07-31 00:00:00,2023-08-01 00:00:00,16.09,180,306866.83,600-699
L000495,C002863,B003,Home,2024-07-20 00:00:00,1244100.0,Rejected,,,7.63,12,0.0,700-749
L000496,C003260,B020,Home,2025-01-30 00:00:00,93000.0,Rejected,,,7.08,180,0.0,700-749
L000497,C001950,B027,Education,2024-11-11 00:00:00,1745000.0,Rejected,,,14.67,12,0.0,600-699
L000498,C003540,B025,Home,2024-12-20 00:00:00,176300.0,Disbursed,2025-01-01 00:00:00,2025-01-05 00:00:00,17.16,60,150320.08,700-749
L000499,C000790,B007,Personal,2024-02-14 00:00:00,442100.0,Rejected,,,13.38,120,0.0,700-749
L000500,C004339,B029,Education,2025-04-03 00:00:00,472100.0,Approved,2025-04-17 00:00:00,,13.97,24,0.0,700-749
L000501,C000745,B013,Home,2025-02-24 00:00:00,921400.0,Rejected,,,10.38,48,0.0,750+
L000502,C000055,B020,Home,2023-10-24 00:00:00,208300.0,Disbursed,2023-11-01 00:00:00,2023-11-03 00:00:00,15.07,180,155085.85,<600
L000503,C003109,B023,Home,2024-01-29 00:00:00,323100.0,Closed,2024-02-08 00:00:00,2024-02-14 00:00:00,16.89,48,0.0,600-699
L000504,C001297,B010,Home,2023-10-25 00:00:00,388500.0,Rejected,,,13.31,180,0.0,600-699
L000505,C004322,B010,Vehicle,2023-02-09 00:00:00,506300.0,Approved,2023-02-18 00:00:00,,11.43,120,0.0,750+
L000506,C004276,B007,Home,2023-01-28 00:00:00,889800.0,Disbursed,2023-02-06 00:00:00,2023-02-15 00:00:00,7.74,240,355708.86,700-749
L000507,C001713,B003,Vehicle,2024-02-27 00:00:00,105100.0,Disbursed,2024-03-05 00:00:00,2024-03-09 00:00:00,9.99,240,91506.54,750+
L000508,C004868,B008,Vehicle,2023-05-11 00:00:00,97400.0,Disbursed,2023-05-13 00:00:00,2023-05-19 00:00:00,7.76,12,65982.33,600-699
L000509,C002947,B030,Education,2024-09-01 00:00:00,2126900.0,Disbursed,2024-09-07 00:00:00,2024-09-10 00:00:00,8.17,240,1180461.29,750+
L000510,C001648,B012,Personal,2025-01-17 00:00:00,236700.0,Rejected,,,11.93,180,0.0,750+
L000511,C003568,B023,Personal,2025-12-09 00:00:00,60100.0,Disbursed,2025-12-21 00:00:00,2025-12-23 00:00:00,7.71,24,24386.07,750+
L000512,C003429,B022,Vehicle,2024-11-28 00:00:00,705000.0,Disbursed,2024-12-10 00:00:00,2024-12-15 00:00:00,13.64,48,405368.08,700-749
L000513,C002528,B009,Personal,2023-01-21 00:00:00,1110000.0,Disbursed,2023-01-29 00:00:00,2023-02-06 00:00:00,15.21,60,614944.68,700-749
L000514,C001978,B030,Vehicle,2024-10-19 00:00:00,269700.0,Approved,2024-10-31 00:00:00,,15.48,48,0.0,600-699
L000515,C002691,B014,Home,2024-03-25 00:00:00,84600.0,Closed,2024-04-06 00:00:00,2024-04-10 00:00:00,15.3,120,0.0,750+
L000516,C003147,B009,Vehicle,2026-05-25 00:00:00,73900.0,Disbursed,2026-05-26 00:00:00,2026-05-28 00:00:00,17.67,60,28418.45,700-749
L000517,C000229,B011,Home,2024-09-06 00:00:00,218600.0,Disbursed,2024-09-16 00:00:00,2024-09-23 00:00:00,17.5,60,90982.15,600-699
L000518,C000866,B023,Vehicle,2024-12-12 00:00:00,312600.0,Disbursed,2024-12-14 00:00:00,2024-12-23 00:00:00,16.23,120,205216.59,750+
L000519,C003070,B016,Vehicle,2023-03-29 00:00:00,336400.0,Disbursed,2023-04-11 00:00:00,2023-04-13 00:00:00,12.59,240,234905.68,750+
L000520,C001447,B008,Home,2023-07-30 00:00:00,253000.0,Rejected,,,14.11,48,0.0,750+
L000521,C002830,B027,Personal,2025-11-20 00:00:00,653800.0,Disbursed,2025-11-28 00:00:00,2025-12-02 00:00:00,13.11,60,556821.14,600-699
L000522,C002623,B001,Vehicle,2024-08-28 00:00:00,71800.0,Disbursed,2024-09-02 00:00:00,2024-09-10 00:00:00,10.53,120,31282.25,600-699
L000523,C003599,B021,Personal,2023-07-22 00:00:00,659900.0,Disbursed,2023-07-27 00:00:00,2023-08-02 00:00:00,16.05,120,532595.6,<600
L000524,C002362,B008,Education,2026-02-10 00:00:00,332300.0,Disbursed,2026-02-11 00:00:00,2026-02-16 00:00:00,8.59,24,95038.16,600-699
L000525,C003257,B017,Business,2023-11-16 00:00:00,461000.0,Approved,2023-11-30 00:00:00,,10.74,120,0.0,700-749
L000526,C001429,B003,Business,2026-03-12 00:00:00,34600.0,Disbursed,2026-03-17 00:00:00,2026-03-19 00:00:00,9.17,60,29431.19,600-699
L000527,C003560,B006,Home,2023-03-01 00:00:00,225700.0,Closed,2023-03-14 00:00:00,2023-03-17 00:00:00,10.2,60,0.0,600-699
L000528,C002278,B011,Vehicle,2023-07-20 00:00:00,437400.0,Disbursed,2023-08-02 00:00:00,2023-08-07 00:00:00,17.75,120,153584.33,600-699
L000529,C002060,B030,Business,2024-11-30 00:00:00,828700.0,Disbursed,2024-12-08 00:00:00,2024-12-09 00:00:00,16.47,12,211464.06,700-749
L000530,C004697,B016,Home,2024-02-07 00:00:00,1070900.0,Disbursed,2024-02-12 00:00:00,2024-02-21 00:00:00,17.69,48,769172.63,700-749
L000531,C001085,B012,Personal,2023-11-22 00:00:00,1100100.0,Disbursed,2023-11-25 00:00:00,2023-12-04 00:00:00,10.21,60,896226.35,600-699
L000532,C001573,B025,Business,2024-08-11 00:00:00,1034700.0,Approved,2024-08-12 00:00:00,,16.81,180,0.0,600-699
L000533,C000026,B019,Home,2024-02-17 00:00:00,436300.0,Disbursed,2024-02-28 00:00:00,2024-03-03 00:00:00,8.36,48,325235.48,600-699
L000534,C003103,B027,Personal,2024-12-29 00:00:00,2317000.0,Disbursed,2025-01-06 00:00:00,2025-01-08 00:00:00,11.99,36,1891407.49,700-749
L000535,C001152,B005,Vehicle,2025-10-10 00:00:00,306600.0,Disbursed,2025-10-18 00:00:00,2025-10-24 00:00:00,10.83,36,174496.0,<600
L000536,C000852,B022,Home,2025-05-09 00:00:00,80400.0,Disbursed,2025-05-22 00:00:00,2025-05-27 00:00:00,11.04,60,60760.09,<600
L000537,C002254,B014,Home,2024-06-12 00:00:00,481700.0,Disbursed,2024-06-15 00:00:00,2024-06-19 00:00:00,7.94,120,371542.26,600-699
L000538,C001805,B024,Business,2023-05-08 00:00:00,411700.0,Disbursed,2023-05-10 00:00:00,2023-05-15 00:00:00,13.85,12,265404.48,750+
L000539,C004046,B001,Education,2024-07-22 00:00:00,21800.0,Disbursed,2024-08-05 00:00:00,2024-08-13 00:00:00,10.13,240,16191.15,750+
L000540,C001232,B022,Home,2024-03-21 00:00:00,965300.0,Disbursed,2024-03-23 00:00:00,2024-03-28 00:00:00,11.01,240,774917.77,600-699
L000541,C001204,B003,Vehicle,2024-09-18 00:00:00,570700.0,Disbursed,2024-09-28 00:00:00,2024-09-30 00:00:00,16.25,180,310885.27,750+
L000542,C002963,B029,Vehicle,2023-09-19 00:00:00,395200.0,Disbursed,2023-09-26 00:00:00,2023-09-27 00:00:00,12.27,180,231839.88,700-749
L000543,C004395,B011,Home,2026-02-08 00:00:00,1182600.0,Disbursed,2026-02-17 00:00:00,2026-02-19 00:00:00,17.43,36,378754.4,700-749
L000544,C000281,B020,Personal,2026-05-27 00:00:00,834100.0,Rejected,,,10.28,60,0.0,700-749
L000545,C004563,B015,Education,2024-03-06 00:00:00,1205200.0,Disbursed,2024-03-13 00:00:00,2024-03-22 00:00:00,7.38,12,731329.93,600-699
L000546,C001142,B030,Vehicle,2025-08-07 00:00:00,2818400.0,Disbursed,2025-08-14 00:00:00,2025-08-22 00:00:00,17.05,120,1673610.62,700-749
L000547,C004739,B017,Vehicle,2025-01-28 00:00:00,387100.0,Disbursed,2025-02-04 00:00:00,2025-02-09 00:00:00,8.71,24,219720.01,600-699
L000548,C002862,B004,Home,2026-01-29 00:00:00,824400.0,Disbursed,2026-02-09 00:00:00,2026-02-11 00:00:00,17.73,12,762879.85,750+
L000549,C000480,B018,Personal,2025-10-31 00:00:00,144900.0,Disbursed,2025-11-03 00:00:00,2025-11-11 00:00:00,8.53,120,102413.81,700-749
L000550,C003057,B021,Home,2025-10-09 00:00:00,235800.0,Closed,2025-10-23 00:00:00,2025-10-29 00:00:00,12.64,60,0.0,750+
L000551,C004253,B030,Personal,2023-09-08 00:00:00,335100.0,Disbursed,2023-09-12 00:00:00,2023-09-13 00:00:00,17.02,24,143166.03,750+
L000552,C002696,B020,Home,2023-12-01 00:00:00,998800.0,Rejected,,,11.92,12,0.0,<600
L000553,C001162,B026,Home,2026-03-29 00:00:00,887900.0,Disbursed,2026-03-31 00:00:00,2026-04-08 00:00:00,16.71,120,813875.83,600-699
L000554,C002169,B025,Personal,2025-08-18 00:00:00,116900.0,Approved,2025-08-25 00:00:00,,14.32,240,0.0,600-699
L000555,C002484,B004,Personal,2024-02-11 00:00:00,718000.0,Disbursed,2024-02-19 00:00:00,2024-02-20 00:00:00,15.77,120,278329.92,700-749
L000556,C003406,B029,Home,2025-01-19 00:00:00,195200.0,Rejected,,,9.1,180,0.0,750+
L000557,C002940,B016,Business,2026-05-22 00:00:00,231300.0,Rejected,,,12.31,60,0.0,750+
L000558,C000166,B019,Home,2023-02-12 00:00:00,3881500.0,Rejected,,,10.88,36,0.0,700-749
L000559,C003396,B019,Business,2024-06-11 00:00:00,154000.0,Disbursed,2024-06-17 00:00:00,2024-06-19 00:00:00,11.48,48,110505.06,600-699
L000560,C000479,B024,Education,2023-08-16 00:00:00,1176800.0,Disbursed,2023-08-18 00:00:00,2023-08-25 00:00:00,7.19,12,318317.19,700-749
L000561,C004698,B013,Home,2024-08-28 00:00:00,305900.0,Rejected,,,13.64,36,0.0,700-749
L000562,C004235,B026,Personal,2023-03-13 00:00:00,825800.0,Disbursed,2023-03-21 00:00:00,2023-03-25 00:00:00,11.7,180,690414.68,700-749
L000563,C004875,B025,Vehicle,2023-05-29 00:00:00,357000.0,Disbursed,2023-06-12 00:00:00,2023-06-18 00:00:00,8.96,36,268898.04,750+
L000564,C003868,B026,Vehicle,2025-11-29 00:00:00,1079400.0,Disbursed,2025-12-08 00:00:00,2025-12-17 00:00:00,14.05,240,969848.41,600-699
L000565,C003905,B004,Personal,2024-10-17 00:00:00,141500.0,Disbursed,2024-10-22 00:00:00,2024-10-23 00:00:00,15.17,24,94062.05,600-699
L000566,C000740,B009,Business,2024-01-30 00:00:00,296800.0,Disbursed,2024-01-31 00:00:00,2024-02-01 00:00:00,16.29,240,105662.43,600-699
L000567,C004002,B006,Home,2024-02-21 00:00:00,452100.0,Approved,2024-03-01 00:00:00,,15.46,48,0.0,600-699
L000568,C004404,B016,Education,2024-03-04 00:00:00,2368000.0,Disbursed,2024-03-15 00:00:00,2024-03-19 00:00:00,15.52,60,976194.02,600-699
L000569,C002251,B002,Vehicle,2026-03-24 00:00:00,507200.0,Rejected,,,13.13,36,0.0,600-699
L000570,C000422,B001,Home,2025-10-04 00:00:00,532100.0,Approved,2025-10-07 00:00:00,,8.33,120,0.0,700-749
L000571,C004130,B016,Personal,2025-02-04 00:00:00,138100.0,Approved,2025-02-15 00:00:00,,14.0,24,0.0,600-699
L000572,C002646,B017,Home,2025-09-04 00:00:00,382700.0,Disbursed,2025-09-07 00:00:00,2025-09-13 00:00:00,9.69,12,114665.33,700-749
L000573,C002391,B005,Home,2023-09-09 00:00:00,154400.0,Disbursed,2023-09-13 00:00:00,2023-09-21 00:00:00,14.53,36,42039.71,600-699
L000574,C004109,B024,Education,2025-01-25 00:00:00,337100.0,Disbursed,2025-02-07 00:00:00,2025-02-11 00:00:00,11.33,24,147344.61,750+
L000575,C001478,B013,Business,2023-11-09 00:00:00,1115800.0,Disbursed,2023-11-20 00:00:00,2023-11-27 00:00:00,9.32,12,983539.5,<600
L000576,C001330,B001,Home,2023-08-24 00:00:00,119400.0,Rejected,,,17.86,24,0.0,600-699
L000577,C000781,B007,Home,2025-11-02 00:00:00,228200.0,Disbursed,2025-11-05 00:00:00,2025-11-12 00:00:00,10.51,180,104598.76,750+
L000578,C001796,B006,Vehicle,2024-05-19 00:00:00,209300.0,Disbursed,2024-05-22 00:00:00,2024-05-25 00:00:00,13.84,36,99286.22,750+
L000579,C001916,B006,Personal,2025-12-08 00:00:00,412800.0,Disbursed,2025-12-15 00:00:00,2025-12-19 00:00:00,9.35,48,192141.47,700-749
L000580,C001056,B023,Personal,2024-03-05 00:00:00,260800.0,Disbursed,2024-03-16 00:00:00,2024-03-22 00:00:00,15.21,36,143913.37,700-749
L000581,C002960,B006,Education,2024-12-26 00:00:00,2562700.0,Disbursed,2024-12-28 00:00:00,2024-12-29 00:00:00,11.43,24,1439724.39,750+
L000582,C003071,B002,Personal,2023-12-27 00:00:00,559100.0,Rejected,,,14.15,180,0.0,750+
L000583,C004157,B005,Personal,2025-06-09 00:00:00,133000.0,Approved,2025-06-12 00:00:00,,16.21,36,0.0,750+
L000584,C000894,B019,Home,2023-11-13 00:00:00,620000.0,Disbursed,2023-11-19 00:00:00,2023-11-25 00:00:00,15.04,24,231367.19,700-749
L000585,C003389,B017,Vehicle,2025-04-25 00:00:00,307100.0,Disbursed,2025-05-06 00:00:00,2025-05-14 00:00:00,10.71,36,172063.84,750+
L000586,C000206,B020,Personal,2024-06-08 00:00:00,774100.0,Rejected,,,7.33,60,0.0,750+
L000587,C000829,B008,Personal,2023-12-28 00:00:00,372500.0,Disbursed,2024-01-07 00:00:00,2024-01-10 00:00:00,7.29,120,278727.1,700-749
L000588,C001570,B016,Business,2025-04-04 00:00:00,404100.0,Disbursed,2025-04-15 00:00:00,2025-04-20 00:00:00,16.4,120,162032.41,750+
L000589,C001002,B027,Home,2024-08-28 00:00:00,1778300.0,Disbursed,2024-09-08 00:00:00,2024-09-11 00:00:00,8.56,240,1377939.39,750+
L000590,C000701,B011,Vehicle,2023-04-08 00:00:00,242100.0,Disbursed,2023-04-21 00:00:00,2023-04-24 00:00:00,9.02,48,184076.97,700-749
L000591,C001144,B010,Home,2025-05-31 00:00:00,207800.0,Rejected,,,8.51,60,0.0,750+
L000592,C003538,B025,Personal,2023-09-18 00:00:00,242000.0,Rejected,,,17.06,180,0.0,700-749
L000593,C004822,B022,Vehicle,2026-06-09 00:00:00,206600.0,Disbursed,2026-06-19 00:00:00,2026-06-26 00:00:00,10.18,60,173379.48,600-699
L000594,C001856,B011,Home,2024-11-15 00:00:00,227900.0,Rejected,,,12.5,36,0.0,600-699
L000595,C004385,B005,Personal,2024-09-25 00:00:00,655500.0,Approved,2024-10-04 00:00:00,,10.48,12,0.0,700-749
L000596,C002633,B027,Home,2025-02-25 00:00:00,163700.0,Disbursed,2025-03-10 00:00:00,2025-03-15 00:00:00,10.2,12,142097.15,700-749
L000597,C001762,B008,Vehicle,2025-12-08 00:00:00,2351300.0,Rejected,,,12.5,180,0.0,750+
L000598,C003932,B004,Vehicle,2023-07-13 00:00:00,171300.0,Approved,2023-07-25 00:00:00,,15.42,12,0.0,700-749
L000599,C002302,B012,Home,2024-11-05 00:00:00,898100.0,Disbursed,2024-11-07 00:00:00,2024-11-12 00:00:00,11.87,240,807661.61,700-749
L000600,C002905,B004,Home,2026-05-24 00:00:00,1345100.0,Approved,2026-05-31 00:00:00,,13.91,48,0.0,750+
L000601,C004837,B022,Personal,2024-08-07 00:00:00,293300.0,Disbursed,2024-08-08 00:00:00,2024-08-13 00:00:00,15.53,48,129676.91,700-749
L000602,C002235,B008,Business,2024-07-08 00:00:00,132500.0,Approved,2024-07-16 00:00:00,,17.72,48,0.0,750+
L000603,C004570,B028,Personal,2024-03-30 00:00:00,257400.0,Disbursed,2024-04-13 00:00:00,2024-04-15 00:00:00,15.92,60,130783.82,<600
L000604,C000106,B004,Business,2023-12-07 00:00:00,862600.0,Disbursed,2023-12-19 00:00:00,2023-12-28 00:00:00,11.31,60,622630.08,600-699
L000605,C004500,B001,Business,2024-09-13 00:00:00,171300.0,Approved,2024-09-17 00:00:00,,10.04,180,0.0,700-749
L000606,C000858,B008,Vehicle,2023-04-16 00:00:00,331400.0,Rejected,,,10.39,12,0.0,600-699
L000607,C004899,B014,Home,2023-01-22 00:00:00,207100.0,Disbursed,2023-01-24 00:00:00,2023-01-26 00:00:00,16.1,48,176286.18,<600
L000608,C001123,B029,Home,2025-07-15 00:00:00,295000.0,Disbursed,2025-07-22 00:00:00,2025-07-23 00:00:00,14.95,24,124574.09,700-749
L000609,C003870,B021,Vehicle,2025-05-09 00:00:00,876700.0,Disbursed,2025-05-20 00:00:00,2025-05-24 00:00:00,15.74,60,807473.86,750+
L000610,C001534,B005,Home,2024-05-30 00:00:00,188500.0,Disbursed,2024-06-05 00:00:00,2024-06-11 00:00:00,11.07,60,55444.08,700-749
L000611,C004155,B024,Business,2025-08-22 00:00:00,64100.0,Disbursed,2025-09-03 00:00:00,2025-09-08 00:00:00,10.75,48,22268.63,750+
L000612,C001352,B005,Business,2023-07-20 00:00:00,222400.0,Disbursed,2023-07-29 00:00:00,2023-08-02 00:00:00,11.21,12,70904.3,750+
L000613,C002295,B019,Home,2026-02-20 00:00:00,143600.0,Disbursed,2026-03-03 00:00:00,2026-03-07 00:00:00,14.56,36,129748.04,700-749
L000614,C002119,B020,Personal,2024-12-02 00:00:00,916400.0,Rejected,,,16.09,240,0.0,600-699
L000615,C004431,B029,Business,2025-05-24 00:00:00,693300.0,Closed,2025-06-01 00:00:00,2025-06-09 00:00:00,12.44,240,0.0,600-699
L000616,C000684,B023,Home,2024-10-20 00:00:00,281900.0,Rejected,,,12.02,180,0.0,700-749
L000617,C001660,B014,Personal,2026-04-17 00:00:00,452400.0,Disbursed,2026-04-19 00:00:00,2026-04-28 00:00:00,7.86,180,333265.36,700-749
L000618,C003726,B028,Personal,2025-01-04 00:00:00,783300.0,Disbursed,2025-01-16 00:00:00,2025-01-18 00:00:00,14.72,12,316245.4,750+
L000619,C002322,B008,Home,2026-04-19 00:00:00,2352200.0,Rejected,,,14.04,48,0.0,600-699
L000620,C001513,B004,Personal,2025-06-01 00:00:00,926500.0,Approved,2025-06-10 00:00:00,,9.85,180,0.0,700-749
L000621,C002286,B001,Home,2025-05-31 00:00:00,57800.0,Disbursed,2025-06-10 00:00:00,2025-06-14 00:00:00,9.86,60,18404.7,750+
L000622,C004723,B023,Education,2024-06-04 00:00:00,301500.0,Rejected,,,12.72,60,0.0,750+
L000623,C002029,B019,Home,2025-08-26 00:00:00,858400.0,Disbursed,2025-08-30 00:00:00,2025-09-05 00:00:00,8.44,36,698479.09,700-749
L000624,C001844,B018,Vehicle,2025-06-06 00:00:00,625800.0,Disbursed,2025-06-20 00:00:00,2025-06-21 00:00:00,15.87,240,226258.08,600-699
L000625,C003888,B002,Vehicle,2024-06-09 00:00:00,184600.0,Closed,2024-06-17 00:00:00,2024-06-23 00:00:00,14.03,36,0.0,700-749
L000626,C002025,B029,Personal,2025-08-06 00:00:00,1451200.0,Rejected,,,9.18,48,0.0,600-699
L000627,C002073,B012,Education,2026-01-20 00:00:00,124800.0,Disbursed,2026-01-21 00:00:00,2026-01-30 00:00:00,12.61,120,51993.52,750+
L000628,C002632,B030,Personal,2024-12-30 00:00:00,2888900.0,Rejected,,,12.71,24,0.0,600-699
L000629,C004589,B012,Home,2023-04-07 00:00:00,657500.0,Disbursed,2023-04-19 00:00:00,2023-04-28 00:00:00,14.62,36,397124.12,750+
L000630,C002355,B026,Personal,2023-03-23 00:00:00,576900.0,Rejected,,,10.04,24,0.0,<600
L000631,C000999,B019,Business,2025-11-26 00:00:00,1030200.0,Disbursed,2025-12-05 00:00:00,2025-12-12 00:00:00,15.22,180,711463.54,750+
L000632,C003462,B029,Personal,2025-12-12 00:00:00,845500.0,Rejected,,,14.46,48,0.0,600-699
L000633,C000699,B012,Personal,2026-01-13 00:00:00,152000.0,Approved,2026-01-15 00:00:00,,14.2,24,0.0,700-749
L000634,C002117,B013,Home,2023-11-18 00:00:00,161900.0,Disbursed,2023-11-29 00:00:00,2023-12-01 00:00:00,17.62,36,92084.17,700-749
L000635,C004547,B001,Vehicle,2025-01-09 00:00:00,1670500.0,Disbursed,2025-01-12 00:00:00,2025-01-20 00:00:00,14.29,12,545005.11,<600
L000636,C004387,B008,Education,2026-02-10 00:00:00,684500.0,Disbursed,2026-02-15 00:00:00,2026-02-22 00:00:00,11.35,36,380990.5,750+
L000637,C001059,B019,Personal,2024-07-08 00:00:00,148800.0,Rejected,,,17.95,240,0.0,600-699
L000638,C004573,B026,Personal,2026-05-21 00:00:00,2346900.0,Disbursed,2026-06-04 00:00:00,2026-06-07 00:00:00,8.05,36,1277356.63,700-749
L000639,C001792,B006,Business,2025-07-23 00:00:00,775700.0,Rejected,,,15.6,12,0.0,700-749
L000640,C004208,B004,Personal,2023-07-17 00:00:00,674800.0,Disbursed,2023-07-28 00:00:00,2023-08-05 00:00:00,13.44,24,613279.7,600-699
L000641,C000012,B022,Vehicle,2026-06-24 00:00:00,96700.0,Approved,2026-07-07 00:00:00,,11.35,12,0.0,600-699
L000642,C001622,B023,Home,2026-01-11 00:00:00,1052900.0,Disbursed,2026-01-18 00:00:00,2026-01-23 00:00:00,12.38,12,891427.01,700-749
L000643,C003392,B003,Personal,2025-02-21 00:00:00,117800.0,Disbursed,2025-02-28 00:00:00,2025-03-02 00:00:00,15.66,12,74097.1,700-749
L000644,C001498,B012,Personal,2023-09-15 00:00:00,2006500.0,Disbursed,2023-09-27 00:00:00,2023-10-04 00:00:00,15.56,120,1439506.07,600-699
L000645,C001460,B008,Business,2025-05-15 00:00:00,77400.0,Disbursed,2025-05-25 00:00:00,2025-05-30 00:00:00,8.09,120,28760.32,<600
L000646,C000497,B021,Business,2024-11-17 00:00:00,232900.0,Disbursed,2024-11-25 00:00:00,2024-11-28 00:00:00,14.42,180,106947.73,600-699
L000647,C002968,B015,Vehicle,2025-12-27 00:00:00,1046600.0,Disbursed,2026-01-10 00:00:00,2026-01-15 00:00:00,9.27,12,311236.44,700-749
L000648,C003439,B020,Vehicle,2025-09-01 00:00:00,542900.0,Disbursed,2025-09-15 00:00:00,2025-09-23 00:00:00,13.36,12,358828.84,600-699
L000649,C002866,B029,Personal,2023-06-15 00:00:00,259100.0,Approved,2023-06-25 00:00:00,,9.86,24,0.0,750+
L000650,C001917,B015,Vehicle,2023-05-25 00:00:00,652300.0,Closed,2023-06-01 00:00:00,2023-06-07 00:00:00,11.19,120,0.0,750+
L000651,C002343,B005,Home,2023-12-26 00:00:00,421900.0,Closed,2023-12-30 00:00:00,2024-01-05 00:00:00,13.38,36,0.0,700-749
L000652,C001785,B022,Vehicle,2024-04-24 00:00:00,3061400.0,Disbursed,2024-04-29 00:00:00,2024-04-30 00:00:00,13.59,12,1215974.2,700-749
L000653,C004234,B014,Business,2024-02-23 00:00:00,265800.0,Closed,2024-03-01 00:00:00,2024-03-06 00:00:00,10.44,48,0.0,600-699
L000654,C004531,B018,Education,2024-11-08 00:00:00,347100.0,Disbursed,2024-11-09 00:00:00,2024-11-18 00:00:00,13.96,60,108533.44,750+
L000655,C000823,B011,Vehicle,2023-05-31 00:00:00,800500.0,Disbursed,2023-06-12 00:00:00,2023-06-18 00:00:00,11.64,120,740200.46,600-699
L000656,C004742,B029,Home,2024-10-17 00:00:00,1127300.0,Disbursed,2024-10-26 00:00:00,2024-10-30 00:00:00,13.89,24,573417.27,750+
L000657,C000998,B020,Education,2025-12-17 00:00:00,56400.0,Disbursed,2025-12-24 00:00:00,2025-12-28 00:00:00,17.58,36,43849.2,700-749
L000658,C002583,B004,Vehicle,2025-12-12 00:00:00,844700.0,Disbursed,2025-12-21 00:00:00,2025-12-24 00:00:00,9.52,180,214567.9,600-699
L000659,C002192,B027,Vehicle,2025-01-22 00:00:00,93800.0,Closed,2025-01-27 00:00:00,2025-01-28 00:00:00,10.35,180,0.0,700-749
L000660,C004568,B024,Personal,2025-06-23 00:00:00,292700.0,Disbursed,2025-07-06 00:00:00,2025-07-15 00:00:00,7.18,240,165162.05,700-749
L000661,C004711,B026,Education,2023-07-05 00:00:00,827200.0,Disbursed,2023-07-07 00:00:00,2023-07-10 00:00:00,8.95,48,570803.77,600-699
L000662,C002629,B001,Home,2025-04-20 00:00:00,188300.0,Rejected,,,14.85,120,0.0,700-749
L000663,C003342,B021,Vehicle,2026-02-23 00:00:00,393500.0,Disbursed,2026-03-07 00:00:00,2026-03-11 00:00:00,17.01,60,125950.39,700-749
L000664,C004149,B013,Personal,2024-03-17 00:00:00,154200.0,Approved,2024-03-29 00:00:00,,10.03,120,0.0,700-749
L000665,C002318,B003,Home,2023-06-23 00:00:00,371100.0,Disbursed,2023-07-01 00:00:00,2023-07-02 00:00:00,8.88,48,329340.32,750+
L000666,C000633,B025,Vehicle,2026-02-12 00:00:00,1982200.0,Disbursed,2026-02-15 00:00:00,2026-02-16 00:00:00,15.71,24,1343508.1,700-749
L000667,C003755,B029,Vehicle,2025-05-12 00:00:00,802000.0,Disbursed,2025-05-20 00:00:00,2025-05-22 00:00:00,12.23,48,207266.99,700-749
L000668,C004381,B004,Personal,2023-04-27 00:00:00,29600.0,Disbursed,2023-05-06 00:00:00,2023-05-13 00:00:00,9.1,48,18060.64,750+
L000669,C004686,B027,Personal,2025-02-17 00:00:00,325600.0,Rejected,,,15.72,180,0.0,600-699
L000670,C003438,B007,Personal,2025-07-20 00:00:00,381400.0,Disbursed,2025-07-31 00:00:00,2025-08-01 00:00:00,14.64,48,240270.77,750+
L000671,C002041,B007,Vehicle,2025-07-25 00:00:00,161700.0,Disbursed,2025-07-28 00:00:00,2025-08-01 00:00:00,8.22,120,134523.87,700-749
L000672,C001749,B016,Vehicle,2023-09-05 00:00:00,269900.0,Closed,2023-09-13 00:00:00,2023-09-22 00:00:00,10.08,180,0.0,750+
L000673,C001725,B014,Personal,2023-10-23 00:00:00,138000.0,Disbursed,2023-11-02 00:00:00,2023-11-04 00:00:00,8.63,12,94740.81,750+
L000674,C004876,B016,Personal,2025-07-15 00:00:00,365000.0,Disbursed,2025-07-18 00:00:00,2025-07-26 00:00:00,10.46,36,263029.86,700-749
L000675,C004646,B018,Personal,2024-06-30 00:00:00,114000.0,Disbursed,2024-07-04 00:00:00,2024-07-10 00:00:00,9.21,180,81475.83,<600
L000676,C004043,B007,Personal,2025-04-03 00:00:00,1025100.0,Disbursed,2025-04-11 00:00:00,2025-04-15 00:00:00,13.92,48,839029.87,750+
L000677,C001833,B030,Vehicle,2024-04-11 00:00:00,204800.0,Approved,2024-04-24 00:00:00,,16.6,180,0.0,750+
L000678,C002624,B005,Home,2024-08-13 00:00:00,171800.0,Disbursed,2024-08-27 00:00:00,2024-09-03 00:00:00,17.73,36,56732.82,700-749
L000679,C003336,B024,Vehicle,2023-04-23 00:00:00,485700.0,Disbursed,2023-05-07 00:00:00,2023-05-14 00:00:00,12.79,240,217072.27,700-749
L000680,C001165,B010,Vehicle,2026-04-06 00:00:00,1672300.0,Rejected,,,17.65,240,0.0,700-749
L000681,C004207,B001,Education,2024-01-29 00:00:00,478100.0,Rejected,,,10.07,24,0.0,700-749
L000682,C001032,B019,Vehicle,2025-05-11 00:00:00,387300.0,Rejected,,,14.49,12,0.0,700-749
L000683,C000275,B025,Education,2026-06-11 00:00:00,204100.0,Disbursed,2026-06-14 00:00:00,2026-06-17 00:00:00,11.68,240,55426.03,600-699
L000684,C003077,B009,Vehicle,2024-11-16 00:00:00,358100.0,Disbursed,2024-11-28 00:00:00,2024-12-07 00:00:00,14.99,24,167506.46,<600
L000685,C002672,B019,Personal,2023-08-12 00:00:00,1974900.0,Rejected,,,15.06,60,0.0,750+
L000686,C003072,B012,Home,2023-01-04 00:00:00,549100.0,Disbursed,2023-01-16 00:00:00,2023-01-23 00:00:00,7.16,240,335353.82,750+
L000687,C003054,B018,Personal,2024-06-15 00:00:00,170200.0,Disbursed,2024-06-28 00:00:00,2024-07-04 00:00:00,11.01,240,104409.9,750+
L000688,C002695,B027,Personal,2025-10-03 00:00:00,1268400.0,Rejected,,,7.93,36,0.0,700-749
L000689,C000039,B024,Vehicle,2026-03-18 00:00:00,71100.0,Closed,2026-03-26 00:00:00,2026-03-28 00:00:00,11.46,36,0.0,700-749
L000690,C003775,B023,Vehicle,2023-05-10 00:00:00,501900.0,Disbursed,2023-05-11 00:00:00,2023-05-19 00:00:00,9.76,120,411489.3,750+
L000691,C002530,B029,Home,2026-01-07 00:00:00,604500.0,Disbursed,2026-01-17 00:00:00,2026-01-21 00:00:00,17.64,48,467152.83,700-749
L000692,C004895,B026,Personal,2023-07-20 00:00:00,86700.0,Disbursed,2023-07-26 00:00:00,2023-07-31 00:00:00,14.64,48,27412.68,750+
L000693,C001080,B010,Home,2025-10-09 00:00:00,330600.0,Disbursed,2025-10-14 00:00:00,2025-10-21 00:00:00,10.2,12,310986.83,750+
L000694,C000773,B006,Home,2026-02-20 00:00:00,2882100.0,Rejected,,,12.45,60,0.0,600-699
L000695,C002273,B027,Vehicle,2026-06-12 00:00:00,199200.0,Disbursed,2026-06-16 00:00:00,2026-06-20 00:00:00,9.62,60,54382.69,700-749
L000696,C000280,B014,Vehicle,2023-09-17 00:00:00,144300.0,Disbursed,2023-09-18 00:00:00,2023-09-21 00:00:00,11.72,60,93190.54,750+
L000697,C004684,B017,Home,2024-02-21 00:00:00,490600.0,Closed,2024-03-02 00:00:00,2024-03-06 00:00:00,8.19,48,0.0,700-749
L000698,C000509,B024,Home,2023-07-19 00:00:00,1414300.0,Closed,2023-07-23 00:00:00,2023-07-28 00:00:00,9.98,24,0.0,700-749
L000699,C002612,B030,Education,2025-11-30 00:00:00,306100.0,Disbursed,2025-12-04 00:00:00,2025-12-08 00:00:00,16.89,120,256237.15,<600
L000700,C001212,B020,Personal,2025-06-20 00:00:00,732200.0,Disbursed,2025-06-30 00:00:00,2025-07-07 00:00:00,14.09,12,307179.4,600-699
L000701,C000387,B003,Vehicle,2023-06-11 00:00:00,3162000.0,Rejected,,,8.47,24,0.0,750+
L000702,C002194,B007,Vehicle,2023-10-07 00:00:00,196900.0,Disbursed,2023-10-20 00:00:00,2023-10-24 00:00:00,14.58,36,130187.03,700-749
L000703,C001108,B018,Business,2024-01-13 00:00:00,196600.0,Disbursed,2024-01-23 00:00:00,2024-01-31 00:00:00,12.59,60,172059.29,700-749
L000704,C002149,B002,Personal,2024-09-27 00:00:00,64000.0,Disbursed,2024-10-07 00:00:00,2024-10-11 00:00:00,13.24,240,20870.16,700-749
L000705,C001506,B009,Personal,2023-05-31 00:00:00,186300.0,Closed,2023-06-06 00:00:00,2023-06-12 00:00:00,8.82,36,0.0,750+
L000706,C001551,B005,Education,2024-07-10 00:00:00,595700.0,Disbursed,2024-07-16 00:00:00,2024-07-21 00:00:00,9.91,12,515524.42,750+
L000707,C002357,B021,Home,2023-04-14 00:00:00,307500.0,Rejected,,,8.13,48,0.0,600-699
L000708,C001235,B023,Vehicle,2026-04-14 00:00:00,249100.0,Disbursed,2026-04-21 00:00:00,2026-04-25 00:00:00,12.17,12,126211.68,750+
L000709,C002650,B022,Business,2023-05-29 00:00:00,1380400.0,Disbursed,2023-05-31 00:00:00,2023-06-05 00:00:00,13.83,36,1284112.44,750+
L000710,C001961,B017,Vehicle,2023-11-30 00:00:00,195000.0,Disbursed,2023-12-12 00:00:00,2023-12-14 00:00:00,17.77,180,158917.93,700-749
L000711,C002698,B010,Personal,2023-06-08 00:00:00,88800.0,Rejected,,,14.09,240,0.0,750+
L000712,C002988,B007,Personal,2026-02-27 00:00:00,1039900.0,Disbursed,2026-03-07 00:00:00,2026-03-16 00:00:00,15.56,180,893069.29,750+
L000713,C000602,B009,Home,2025-04-29 00:00:00,1041400.0,Rejected,,,11.06,180,0.0,750+
L000714,C003339,B003,Personal,2024-11-21 00:00:00,425400.0,Disbursed,2024-11-30 00:00:00,2024-12-06 00:00:00,17.53,60,241467.43,600-699
L000715,C002684,B001,Personal,2025-12-17 00:00:00,18100.0,Disbursed,2025-12-26 00:00:00,2025-12-29 00:00:00,15.11,120,16050.9,<600
L000716,C002187,B010,Personal,2024-03-16 00:00:00,310800.0,Approved,2024-03-25 00:00:00,,17.44,60,0.0,750+
L000717,C001511,B001,Home,2023-02-04 00:00:00,550700.0,Disbursed,2023-02-10 00:00:00,2023-02-11 00:00:00,15.81,180,477533.81,750+
L000718,C003243,B002,Personal,2025-07-21 00:00:00,181900.0,Rejected,,,7.88,120,0.0,750+
L000719,C004944,B018,Home,2023-01-24 00:00:00,291400.0,Rejected,,,16.81,120,0.0,750+
L000720,C002511,B012,Business,2025-12-20 00:00:00,1696400.0,Disbursed,2026-01-03 00:00:00,2026-01-10 00:00:00,15.11,24,1556957.4,700-749
L000721,C003486,B005,Vehicle,2024-01-12 00:00:00,188900.0,Disbursed,2024-01-22 00:00:00,2024-01-31 00:00:00,11.32,48,56650.47,700-749
L000722,C002180,B012,Vehicle,2025-11-17 00:00:00,261100.0,Closed,2025-11-22 00:00:00,2025-12-01 00:00:00,10.26,240,0.0,600-699
L000723,C002758,B010,Business,2025-05-13 00:00:00,870300.0,Disbursed,2025-05-18 00:00:00,2025-05-26 00:00:00,16.53,180,505225.62,600-699
L000724,C004299,B014,Vehicle,2025-05-28 00:00:00,870300.0,Disbursed,2025-06-06 00:00:00,2025-06-13 00:00:00,16.29,12,319670.08,600-699
L000725,C003991,B017,Personal,2026-01-28 00:00:00,720800.0,Closed,2026-01-31 00:00:00,2026-02-05 00:00:00,17.91,60,0.0,750+
L000726,C004632,B008,Home,2023-12-28 00:00:00,415000.0,Rejected,,,9.96,180,0.0,600-699
L000727,C000211,B009,Personal,2024-05-07 00:00:00,291400.0,Disbursed,2024-05-10 00:00:00,2024-05-18 00:00:00,16.55,120,241105.76,700-749
L000728,C001399,B025,Personal,2025-12-10 00:00:00,299700.0,Approved,2025-12-18 00:00:00,,13.68,180,0.0,<600
L000729,C000062,B016,Business,2024-11-29 00:00:00,398400.0,Approved,2024-12-13 00:00:00,,10.94,12,0.0,750+
L000730,C001325,B019,Vehicle,2026-02-25 00:00:00,636900.0,Rejected,,,15.28,120,0.0,700-749
L000731,C002021,B020,Vehicle,2024-08-02 00:00:00,842400.0,Disbursed,2024-08-03 00:00:00,2024-08-08 00:00:00,14.84,60,276144.54,700-749
L000732,C000778,B028,Personal,2023-01-24 00:00:00,1707100.0,Rejected,,,8.51,24,0.0,700-749
L000733,C002346,B020,Vehicle,2025-05-05 00:00:00,1235600.0,Closed,2025-05-13 00:00:00,2025-05-15 00:00:00,17.62,120,0.0,750+
L000734,C001994,B010,Business,2024-04-22 00:00:00,120500.0,Disbursed,2024-05-01 00:00:00,2024-05-09 00:00:00,10.3,240,36767.16,700-749
L000735,C003113,B018,Vehicle,2024-06-26 00:00:00,273800.0,Disbursed,2024-07-06 00:00:00,2024-07-11 00:00:00,13.26,60,114573.39,750+
L000736,C000089,B010,Home,2023-08-16 00:00:00,818800.0,Disbursed,2023-08-28 00:00:00,2023-09-05 00:00:00,11.7,48,574356.28,750+
L000737,C004483,B030,Personal,2024-03-05 00:00:00,605600.0,Disbursed,2024-03-19 00:00:00,2024-03-25 00:00:00,17.17,36,342102.08,700-749
L000738,C000446,B030,Home,2023-02-24 00:00:00,186200.0,Rejected,,,16.22,180,0.0,700-749
L000739,C002397,B006,Home,2023-11-25 00:00:00,81400.0,Rejected,,,10.62,48,0.0,750+
L000740,C002605,B009,Home,2023-03-13 00:00:00,475900.0,Closed,2023-03-15 00:00:00,2023-03-22 00:00:00,11.78,24,0.0,750+
L000741,C004196,B021,Education,2025-04-23 00:00:00,2540600.0,Disbursed,2025-04-25 00:00:00,2025-05-01 00:00:00,16.1,12,2169440.31,700-749
L000742,C000285,B019,Vehicle,2024-10-18 00:00:00,1260100.0,Disbursed,2024-10-21 00:00:00,2024-10-28 00:00:00,12.61,120,739187.86,700-749
L000743,C000700,B026,Vehicle,2026-04-28 00:00:00,531200.0,Disbursed,2026-05-01 00:00:00,2026-05-10 00:00:00,13.94,12,186814.25,700-749
L000744,C000413,B017,Vehicle,2023-12-21 00:00:00,4042400.0,Disbursed,2024-01-04 00:00:00,2024-01-05 00:00:00,11.75,60,2122269.73,600-699
L000745,C004079,B020,Home,2023-07-27 00:00:00,880400.0,Disbursed,2023-07-30 00:00:00,2023-08-03 00:00:00,14.79,12,501587.09,<600
L000746,C001854,B001,Vehicle,2025-08-23 00:00:00,282600.0,Disbursed,2025-09-02 00:00:00,2025-09-07 00:00:00,10.76,240,261836.83,750+
L000747,C000664,B022,Business,2025-11-20 00:00:00,335200.0,Rejected,,,10.93,180,0.0,600-699
L000748,C003536,B030,Business,2024-11-01 00:00:00,282400.0,Disbursed,2024-11-10 00:00:00,2024-11-15 00:00:00,11.84,12,95349.01,600-699
L000749,C002998,B008,Home,2026-04-04 00:00:00,1196500.0,Rejected,,,15.23,60,0.0,750+
L000750,C001265,B027,Home,2023-11-28 00:00:00,630300.0,Disbursed,2023-11-30 00:00:00,2023-12-01 00:00:00,9.69,12,273318.27,600-699
L000751,C000213,B019,Education,2023-07-25 00:00:00,446100.0,Closed,2023-07-31 00:00:00,2023-08-01 00:00:00,17.93,180,0.0,750+
L000752,C001024,B016,Home,2024-03-19 00:00:00,279400.0,Disbursed,2024-03-26 00:00:00,2024-03-27 00:00:00,16.58,60,250536.67,<600
L000753,C004757,B006,Home,2025-04-06 00:00:00,330500.0,Closed,2025-04-14 00:00:00,2025-04-15 00:00:00,7.2,120,0.0,700-749
L000754,C002106,B028,Home,2023-08-12 00:00:00,379200.0,Rejected,,,11.89,240,0.0,750+
L000755,C002693,B022,Vehicle,2025-11-30 00:00:00,1023200.0,Disbursed,2025-12-07 00:00:00,2025-12-11 00:00:00,15.95,36,895550.58,700-749
L000756,C004019,B012,Personal,2023-10-23 00:00:00,1523000.0,Disbursed,2023-10-29 00:00:00,2023-11-05 00:00:00,9.63,24,761523.23,700-749
L000757,C001073,B022,Vehicle,2024-07-30 00:00:00,281400.0,Disbursed,2024-08-01 00:00:00,2024-08-05 00:00:00,8.69,120,79356.69,600-699
L000758,C000244,B028,Vehicle,2024-07-06 00:00:00,49800.0,Disbursed,2024-07-10 00:00:00,2024-07-19 00:00:00,11.96,36,33638.55,700-749
L000759,C002052,B001,Personal,2025-09-17 00:00:00,107200.0,Rejected,,,7.81,48,0.0,750+
L000760,C003349,B014,Business,2023-08-21 00:00:00,814000.0,Disbursed,2023-08-22 00:00:00,2023-08-30 00:00:00,12.11,120,509372.12,700-749
L000761,C002182,B024,Home,2023-05-24 00:00:00,581900.0,Approved,2023-05-25 00:00:00,,9.87,120,0.0,600-699
L000762,C002562,B012,Vehicle,2026-04-05 00:00:00,1276100.0,Disbursed,2026-04-13 00:00:00,2026-04-18 00:00:00,12.83,120,552299.0,750+
L000763,C004525,B028,Home,2025-05-12 00:00:00,401700.0,Disbursed,2025-05-24 00:00:00,2025-05-30 00:00:00,16.97,240,271767.73,700-749
L000764,C004736,B006,Personal,2026-05-13 00:00:00,273200.0,Disbursed,2026-05-21 00:00:00,2026-05-27 00:00:00,14.94,36,107205.61,700-749
L000765,C002270,B026,Personal,2025-01-24 00:00:00,156800.0,Rejected,,,14.89,60,0.0,750+
L000766,C000154,B026,Business,2023-07-15 00:00:00,1502500.0,Disbursed,2023-07-22 00:00:00,2023-07-25 00:00:00,16.78,36,1015481.4,750+
L000767,C002205,B006,Personal,2023-07-09 00:00:00,673500.0,Rejected,,,9.28,12,0.0,750+
L000768,C000917,B017,Home,2023-08-27 00:00:00,377100.0,Disbursed,2023-09-10 00:00:00,2023-09-11 00:00:00,12.7,120,158887.25,700-749
L000769,C001026,B022,Personal,2025-04-02 00:00:00,330700.0,Disbursed,2025-04-09 00:00:00,2025-04-13 00:00:00,7.76,180,83607.45,750+
L000770,C001689,B029,Personal,2025-11-23 00:00:00,253000.0,Disbursed,2025-11-30 00:00:00,2025-12-07 00:00:00,16.16,12,140807.62,600-699
L000771,C002781,B009,Personal,2025-06-15 00:00:00,894500.0,Rejected,,,14.85,180,0.0,700-749
L000772,C004014,B019,Personal,2024-09-02 00:00:00,258500.0,Rejected,,,15.68,36,0.0,750+
L000773,C004485,B002,Vehicle,2025-09-07 00:00:00,190400.0,Disbursed,2025-09-11 00:00:00,2025-09-19 00:00:00,10.32,180,157194.8,750+
L000774,C001721,B028,Personal,2025-06-28 00:00:00,210300.0,Rejected,,,13.52,180,0.0,<600
L000775,C004284,B012,Home,2025-02-13 00:00:00,1345700.0,Closed,2025-02-19 00:00:00,2025-02-22 00:00:00,13.91,48,0.0,750+
L000776,C004401,B015,Education,2023-11-09 00:00:00,447100.0,Rejected,,,16.32,12,0.0,700-749
L000777,C004449,B012,Education,2024-08-02 00:00:00,650400.0,Disbursed,2024-08-04 00:00:00,2024-08-12 00:00:00,11.28,12,459004.94,700-749
L000778,C004735,B030,Home,2025-09-02 00:00:00,1787700.0,Disbursed,2025-09-10 00:00:00,2025-09-15 00:00:00,9.48,24,841855.92,700-749
L000779,C000881,B027,Personal,2025-11-20 00:00:00,970100.0,Rejected,,,16.51,48,0.0,<600
L000780,C003371,B013,Personal,2023-05-23 00:00:00,497100.0,Disbursed,2023-06-05 00:00:00,2023-06-08 00:00:00,8.74,240,364572.48,600-699
L000781,C003940,B027,Personal,2023-01-07 00:00:00,208500.0,Disbursed,2023-01-13 00:00:00,2023-01-15 00:00:00,11.54,120,89587.56,750+
L000782,C004911,B011,Home,2024-01-15 00:00:00,160400.0,Disbursed,2024-01-24 00:00:00,2024-01-25 00:00:00,17.26,48,94040.36,700-749
L000783,C001008,B016,Vehicle,2023-08-08 00:00:00,975800.0,Rejected,,,13.71,24,0.0,750+
L000784,C000901,B030,Vehicle,2024-11-28 00:00:00,691200.0,Rejected,,,10.04,240,0.0,600-699
L000785,C002918,B023,Vehicle,2024-07-17 00:00:00,666900.0,Rejected,,,14.09,36,0.0,700-749
L000786,C001044,B024,Personal,2024-04-25 00:00:00,1071700.0,Disbursed,2024-05-07 00:00:00,2024-05-11 00:00:00,12.32,120,480183.7,700-749
L000787,C001646,B009,Vehicle,2024-06-08 00:00:00,367800.0,Rejected,,,10.12,24,0.0,700-749
L000788,C000344,B011,Home,2026-02-16 00:00:00,228300.0,Approved,2026-02-21 00:00:00,,10.97,12,0.0,750+
L000789,C003684,B004,Business,2024-06-03 00:00:00,144000.0,Disbursed,2024-06-10 00:00:00,2024-06-16 00:00:00,15.65,60,74140.85,600-699
L000790,C004365,B008,Education,2025-07-10 00:00:00,349700.0,Disbursed,2025-07-18 00:00:00,2025-07-25 00:00:00,9.59,48,112012.35,700-749
L000791,C001553,B022,Personal,2026-06-26 00:00:00,924900.0,Disbursed,2026-07-05 00:00:00,2026-07-11 00:00:00,14.77,24,593134.99,700-749
L000792,C001159,B028,Home,2023-08-22 00:00:00,4097400.0,Disbursed,2023-08-25 00:00:00,2023-08-29 00:00:00,17.55,24,2545827.81,750+
L000793,C002108,B024,Vehicle,2024-01-08 00:00:00,344100.0,Disbursed,2024-01-18 00:00:00,2024-01-19 00:00:00,11.95,180,111156.72,600-699
L000794,C004307,B026,Vehicle,2025-12-31 00:00:00,1493600.0,Disbursed,2026-01-10 00:00:00,2026-01-17 00:00:00,9.4,180,1333088.21,600-699
L000795,C001387,B006,Business,2023-05-14 00:00:00,1163800.0,Disbursed,2023-05-28 00:00:00,2023-06-03 00:00:00,9.38,240,431186.78,750+
L000796,C003148,B001,Home,2025-02-05 00:00:00,2353200.0,Closed,2025-02-16 00:00:00,2025-02-17 00:00:00,9.17,36,0.0,750+
L000797,C002700,B020,Home,2026-05-30 00:00:00,3322600.0,Approved,2026-06-03 00:00:00,,16.1,36,0.0,600-699
L000798,C002241,B002,Personal,2024-11-27 00:00:00,540000.0,Disbursed,2024-12-05 00:00:00,2024-12-09 00:00:00,8.41,12,195381.85,750+
L000799,C000270,B002,Personal,2024-03-21 00:00:00,745300.0,Disbursed,2024-03-22 00:00:00,2024-03-24 00:00:00,11.68,60,240949.59,750+
L000800,C000751,B019,Home,2026-04-20 00:00:00,172300.0,Disbursed,2026-04-28 00:00:00,2026-05-03 00:00:00,10.18,24,79285.08,700-749
L000801,C001038,B010,Personal,2023-05-22 00:00:00,3021900.0,Disbursed,2023-05-29 00:00:00,2023-05-31 00:00:00,17.38,12,2606653.89,750+
L000802,C003480,B015,Business,2025-10-12 00:00:00,1082600.0,Disbursed,2025-10-18 00:00:00,2025-10-25 00:00:00,7.14,36,497663.36,700-749
L000803,C001497,B010,Business,2024-11-19 00:00:00,542500.0,Disbursed,2024-11-29 00:00:00,2024-12-08 00:00:00,7.53,36,451926.93,700-749
L000804,C001236,B026,Vehicle,2024-07-04 00:00:00,1025600.0,Approved,2024-07-10 00:00:00,,7.16,60,0.0,600-699
L000805,C000524,B019,Education,2024-08-25 00:00:00,335100.0,Disbursed,2024-08-30 00:00:00,2024-09-01 00:00:00,7.95,48,269552.93,750+
L000806,C001850,B026,Vehicle,2025-07-16 00:00:00,2406700.0,Approved,2025-07-20 00:00:00,,16.2,48,0.0,750+
L000807,C002991,B017,Home,2024-04-15 00:00:00,413500.0,Disbursed,2024-04-21 00:00:00,2024-04-29 00:00:00,10.14,240,332037.28,700-749
L000808,C004732,B012,Vehicle,2023-01-11 00:00:00,124600.0,Approved,2023-01-24 00:00:00,,9.75,60,0.0,600-699
L000809,C002001,B025,Vehicle,2024-12-03 00:00:00,317700.0,Disbursed,2024-12-11 00:00:00,2024-12-17 00:00:00,13.71,48,230736.41,700-749
L000810,C002440,B014,Personal,2024-09-28 00:00:00,248500.0,Closed,2024-10-06 00:00:00,2024-10-11 00:00:00,14.67,180,0.0,750+
L000811,C001631,B015,Business,2025-03-24 00:00:00,129000.0,Disbursed,2025-04-03 00:00:00,2025-04-10 00:00:00,15.35,12,113583.32,700-749
L000812,C003157,B024,Personal,2025-09-22 00:00:00,1007900.0,Approved,2025-09-26 00:00:00,,14.02,48,0.0,600-699
L000813,C000936,B019,Education,2024-11-23 00:00:00,292100.0,Approved,2024-11-30 00:00:00,,8.29,120,0.0,600-699
L000814,C004379,B006,Home,2023-02-12 00:00:00,377000.0,Approved,2023-02-15 00:00:00,,12.17,24,0.0,700-749
L000815,C000797,B016,Personal,2025-03-21 00:00:00,1592100.0,Disbursed,2025-03-24 00:00:00,2025-03-30 00:00:00,13.97,60,1216071.96,700-749
L000816,C003647,B005,Home,2025-01-25 00:00:00,23900.0,Disbursed,2025-02-03 00:00:00,2025-02-09 00:00:00,7.08,180,20151.28,600-699
L000817,C004295,B014,Personal,2024-01-06 00:00:00,467600.0,Disbursed,2024-01-17 00:00:00,2024-01-22 00:00:00,8.95,60,254232.0,750+
L000818,C001572,B017,Personal,2023-03-01 00:00:00,811600.0,Disbursed,2023-03-08 00:00:00,2023-03-10 00:00:00,16.23,12,409557.28,600-699
L000819,C003626,B016,Business,2026-05-12 00:00:00,805500.0,Disbursed,2026-05-20 00:00:00,2026-05-28 00:00:00,15.34,120,744640.36,600-699
L000820,C004633,B009,Personal,2023-09-12 00:00:00,918700.0,Disbursed,2023-09-20 00:00:00,2023-09-26 00:00:00,16.13,12,694896.61,700-749
L000821,C002446,B002,Business,2025-12-02 00:00:00,36200.0,Disbursed,2025-12-12 00:00:00,2025-12-15 00:00:00,11.02,36,17885.14,700-749
L000822,C000350,B017,Business,2026-06-22 00:00:00,403700.0,Approved,2026-06-27 00:00:00,,15.59,60,0.0,700-749
L000823,C004962,B028,Personal,2023-11-28 00:00:00,316500.0,Rejected,,,11.24,180,0.0,700-749
L000824,C002924,B023,Education,2023-03-14 00:00:00,264100.0,Disbursed,2023-03-19 00:00:00,2023-03-26 00:00:00,12.27,24,98866.88,600-699
L000825,C003253,B009,Business,2026-01-13 00:00:00,610100.0,Rejected,,,10.07,120,0.0,700-749
L000826,C002524,B029,Vehicle,2024-01-30 00:00:00,406100.0,Disbursed,2024-02-11 00:00:00,2024-02-20 00:00:00,7.77,48,113749.93,<600
L000827,C000433,B006,Home,2024-12-02 00:00:00,558500.0,Approved,2024-12-03 00:00:00,,9.03,36,0.0,600-699
L000828,C003780,B019,Vehicle,2024-10-09 00:00:00,153100.0,Disbursed,2024-10-16 00:00:00,2024-10-22 00:00:00,10.22,12,136626.07,750+
L000829,C003577,B012,Personal,2023-02-01 00:00:00,492700.0,Disbursed,2023-02-10 00:00:00,2023-02-17 00:00:00,8.49,120,171063.04,700-749
L000830,C004499,B005,Personal,2025-12-06 00:00:00,1087000.0,Disbursed,2025-12-08 00:00:00,2025-12-09 00:00:00,8.72,36,820020.92,700-749
L000831,C002531,B002,Vehicle,2025-08-09 00:00:00,243800.0,Approved,2025-08-18 00:00:00,,14.81,180,0.0,600-699
L000832,C004583,B001,Vehicle,2024-02-05 00:00:00,329500.0,Disbursed,2024-02-16 00:00:00,2024-02-24 00:00:00,11.66,36,165937.94,600-699
L000833,C003688,B012,Personal,2023-12-05 00:00:00,37100.0,Disbursed,2023-12-12 00:00:00,2023-12-19 00:00:00,13.87,180,23055.6,600-699
L000834,C003125,B004,Home,2025-07-21 00:00:00,972500.0,Approved,2025-07-27 00:00:00,,14.17,48,0.0,750+
L000835,C002771,B006,Personal,2025-01-15 00:00:00,711800.0,Disbursed,2025-01-19 00:00:00,2025-01-25 00:00:00,9.3,36,394083.19,<600
L000836,C003985,B015,Home,2024-10-26 00:00:00,1085500.0,Approved,2024-10-27 00:00:00,,17.68,60,0.0,700-749
L000837,C002144,B016,Personal,2023-03-07 00:00:00,1036100.0,Rejected,,,13.26,120,0.0,600-699
L000838,C001011,B011,Home,2024-10-10 00:00:00,966500.0,Disbursed,2024-10-12 00:00:00,2024-10-13 00:00:00,13.37,120,544833.94,750+
L000839,C004680,B004,Education,2024-08-16 00:00:00,999300.0,Rejected,,,15.92,120,0.0,700-749
L000840,C000056,B020,Business,2024-04-19 00:00:00,90800.0,Disbursed,2024-04-23 00:00:00,2024-04-25 00:00:00,9.02,60,77308.09,600-699
L000841,C004418,B021,Vehicle,2025-06-18 00:00:00,115500.0,Disbursed,2025-07-01 00:00:00,2025-07-04 00:00:00,13.12,12,83124.31,600-699
L000842,C002267,B017,Personal,2024-07-31 00:00:00,4372100.0,Disbursed,2024-08-01 00:00:00,2024-08-05 00:00:00,15.87,180,1874153.49,750+
L000843,C001641,B029,Vehicle,2026-02-02 00:00:00,862600.0,Disbursed,2026-02-12 00:00:00,2026-02-16 00:00:00,12.64,60,375111.89,750+
L000844,C001455,B004,Personal,2023-07-19 00:00:00,91500.0,Approved,2023-07-27 00:00:00,,11.49,180,0.0,700-749
L000845,C003042,B020,Vehicle,2025-06-10 00:00:00,391700.0,Rejected,,,9.91,48,0.0,600-699
L000846,C001242,B023,Business,2023-08-08 00:00:00,718800.0,Closed,2023-08-10 00:00:00,2023-08-13 00:00:00,13.54,180,0.0,700-749
L000847,C003627,B014,Personal,2024-05-17 00:00:00,93700.0,Disbursed,2024-05-31 00:00:00,2024-06-07 00:00:00,11.19,240,74329.7,700-749
L000848,C004035,B008,Personal,2025-02-20 00:00:00,83700.0,Closed,2025-03-01 00:00:00,2025-03-07 00:00:00,14.73,120,0.0,700-749
L000849,C000421,B022,Home,2025-07-13 00:00:00,141500.0,Disbursed,2025-07-15 00:00:00,2025-07-22 00:00:00,11.09,24,89090.71,750+
L000850,C003527,B024,Personal,2025-12-15 00:00:00,1026300.0,Disbursed,2025-12-19 00:00:00,2025-12-28 00:00:00,12.75,120,623369.22,600-699
L000851,C002188,B020,Personal,2025-05-10 00:00:00,138300.0,Disbursed,2025-05-12 00:00:00,2025-05-19 00:00:00,15.45,12,42655.82,<600
L000852,C003218,B029,Business,2024-04-14 00:00:00,813900.0,Disbursed,2024-04-23 00:00:00,2024-04-29 00:00:00,15.56,12,521257.68,700-749
L000853,C000758,B006,Education,2024-01-12 00:00:00,762700.0,Disbursed,2024-01-15 00:00:00,2024-01-19 00:00:00,8.49,12,370852.02,600-699
L000854,C004405,B014,Business,2024-04-29 00:00:00,1057400.0,Disbursed,2024-05-12 00:00:00,2024-05-14 00:00:00,15.01,24,499020.8,750+
L000855,C000517,B015,Vehicle,2026-04-30 00:00:00,87000.0,Disbursed,2026-05-05 00:00:00,2026-05-08 00:00:00,12.68,24,40746.54,750+
L000856,C000411,B006,Home,2025-09-14 00:00:00,457500.0,Disbursed,2025-09-25 00:00:00,2025-10-02 00:00:00,14.9,48,283153.78,700-749
L000857,C001334,B013,Personal,2024-10-13 00:00:00,356000.0,Approved,2024-10-25 00:00:00,,7.41,180,0.0,600-699
L000858,C000508,B016,Home,2024-05-04 00:00:00,264500.0,Approved,2024-05-15 00:00:00,,16.69,120,0.0,700-749
L000859,C000634,B021,Personal,2024-03-05 00:00:00,168600.0,Rejected,,,7.4,120,0.0,750+
L000860,C003793,B025,Personal,2024-09-19 00:00:00,711600.0,Disbursed,2024-09-26 00:00:00,2024-09-30 00:00:00,17.56,48,500014.73,750+
L000861,C002457,B006,Personal,2024-03-23 00:00:00,108000.0,Disbursed,2024-03-28 00:00:00,2024-04-05 00:00:00,10.72,60,46327.2,750+
L000862,C003686,B026,Vehicle,2023-03-15 00:00:00,255900.0,Closed,2023-03-23 00:00:00,2023-03-27 00:00:00,7.85,240,0.0,750+
L000863,C001188,B030,Vehicle,2023-02-18 00:00:00,616600.0,Disbursed,2023-02-22 00:00:00,2023-02-25 00:00:00,12.02,36,254765.41,750+
L000864,C001484,B002,Personal,2026-01-07 00:00:00,374200.0,Approved,2026-01-12 00:00:00,,11.93,240,0.0,750+
L000865,C000539,B008,Personal,2023-07-26 00:00:00,152500.0,Disbursed,2023-08-07 00:00:00,2023-08-13 00:00:00,17.3,120,52337.91,750+
L000866,C003264,B010,Vehicle,2026-06-02 00:00:00,87400.0,Disbursed,2026-06-13 00:00:00,2026-06-19 00:00:00,17.39,240,75867.43,700-749
L000867,C000949,B023,Business,2025-02-18 00:00:00,676900.0,Disbursed,2025-03-04 00:00:00,2025-03-11 00:00:00,8.78,36,320043.41,600-699
L000868,C003058,B017,Business,2024-10-04 00:00:00,810800.0,Closed,2024-10-14 00:00:00,2024-10-17 00:00:00,14.44,24,0.0,700-749
L000869,C003917,B011,Personal,2025-10-15 00:00:00,448800.0,Closed,2025-10-26 00:00:00,2025-10-30 00:00:00,14.93,24,0.0,750+
L000870,C004462,B027,Business,2026-01-30 00:00:00,706500.0,Approved,2026-02-10 00:00:00,,13.57,60,0.0,<600
L000871,C002800,B004,Education,2023-11-13 00:00:00,211000.0,Disbursed,2023-11-21 00:00:00,2023-11-27 00:00:00,12.7,180,73387.39,600-699
L000872,C002844,B029,Business,2023-12-05 00:00:00,1085700.0,Approved,2023-12-09 00:00:00,,11.3,180,0.0,700-749
L000873,C003373,B022,Education,2024-05-11 00:00:00,566200.0,Disbursed,2024-05-16 00:00:00,2024-05-21 00:00:00,11.69,36,395999.77,750+
L000874,C004505,B017,Business,2025-09-07 00:00:00,62900.0,Rejected,,,12.98,60,0.0,600-699
L000875,C003947,B019,Vehicle,2024-07-31 00:00:00,2911700.0,Rejected,,,17.8,12,0.0,600-699
L000876,C002118,B013,Business,2025-02-22 00:00:00,743800.0,Disbursed,2025-02-24 00:00:00,2025-03-05 00:00:00,10.64,240,369559.46,750+
L000877,C003417,B005,Business,2025-03-13 00:00:00,1727400.0,Disbursed,2025-03-14 00:00:00,2025-03-19 00:00:00,11.12,12,1304754.5,750+
L000878,C003644,B005,Personal,2024-02-02 00:00:00,690400.0,Disbursed,2024-02-08 00:00:00,2024-02-12 00:00:00,11.58,120,363853.55,700-749
L000879,C000615,B007,Personal,2024-08-30 00:00:00,992700.0,Closed,2024-09-06 00:00:00,2024-09-09 00:00:00,9.33,180,0.0,600-699
L000880,C004131,B020,Personal,2023-04-09 00:00:00,404900.0,Rejected,,,13.28,180,0.0,750+
L000881,C003173,B022,Vehicle,2025-10-09 00:00:00,954900.0,Disbursed,2025-10-18 00:00:00,2025-10-23 00:00:00,17.89,12,668009.08,700-749
L000882,C001322,B011,Home,2024-10-04 00:00:00,390200.0,Disbursed,2024-10-17 00:00:00,2024-10-19 00:00:00,16.27,240,200801.54,600-699
L000883,C001774,B014,Education,2024-08-02 00:00:00,145300.0,Disbursed,2024-08-03 00:00:00,2024-08-05 00:00:00,7.02,180,45552.72,750+
L000884,C002956,B006,Vehicle,2025-01-08 00:00:00,289200.0,Closed,2025-01-14 00:00:00,2025-01-20 00:00:00,13.1,120,0.0,750+
L000885,C002568,B012,Personal,2025-01-14 00:00:00,271400.0,Disbursed,2025-01-15 00:00:00,2025-01-24 00:00:00,14.0,48,100447.15,750+
L000886,C002786,B029,Personal,2026-01-20 00:00:00,494000.0,Disbursed,2026-01-25 00:00:00,2026-02-03 00:00:00,17.29,48,253984.65,700-749
L000887,C003267,B022,Education,2025-11-24 00:00:00,800500.0,Approved,2025-12-02 00:00:00,,16.63,60,0.0,750+
L000888,C001194,B020,Personal,2026-02-23 00:00:00,3873000.0,Disbursed,2026-02-24 00:00:00,2026-02-27 00:00:00,13.44,48,1778662.27,750+
L000889,C003262,B008,Home,2023-07-13 00:00:00,350000.0,Approved,2023-07-26 00:00:00,,13.89,60,0.0,600-699
L000890,C003563,B020,Vehicle,2023-07-27 00:00:00,440700.0,Rejected,,,8.21,120,0.0,700-749
L000891,C003526,B022,Home,2026-04-19 00:00:00,258600.0,Disbursed,2026-05-03 00:00:00,2026-05-08 00:00:00,12.58,120,157374.1,600-699
L000892,C002505,B029,Personal,2024-06-13 00:00:00,578300.0,Disbursed,2024-06-19 00:00:00,2024-06-23 00:00:00,7.66,240,334830.59,750+
L000893,C003744,B011,Personal,2026-02-05 00:00:00,477000.0,Disbursed,2026-02-19 00:00:00,2026-02-27 00:00:00,15.95,36,396313.81,600-699
L000894,C001902,B013,Business,2025-12-21 00:00:00,554300.0,Disbursed,2025-12-26 00:00:00,2025-12-29 00:00:00,17.84,24,202134.52,750+
L000895,C004077,B016,Education,2023-06-22 00:00:00,645000.0,Rejected,,,7.27,24,0.0,750+
L000896,C001691,B021,Vehicle,2024-05-24 00:00:00,209100.0,Disbursed,2024-05-28 00:00:00,2024-05-30 00:00:00,10.24,120,175056.25,750+
L000897,C000600,B022,Vehicle,2024-08-19 00:00:00,278600.0,Disbursed,2024-08-26 00:00:00,2024-09-02 00:00:00,16.08,60,240271.99,600-699
L000898,C003772,B025,Home,2026-04-14 00:00:00,656000.0,Approved,2026-04-24 00:00:00,,15.5,36,0.0,700-749
L000899,C001257,B025,Business,2024-07-14 00:00:00,5447800.0,Closed,2024-07-16 00:00:00,2024-07-18 00:00:00,9.11,120,0.0,600-699
L000900,C003046,B024,Education,2025-07-01 00:00:00,237200.0,Disbursed,2025-07-12 00:00:00,2025-07-13 00:00:00,8.82,120,155660.13,750+
L000901,C000752,B023,Vehicle,2024-02-09 00:00:00,161700.0,Rejected,,,13.76,240,0.0,600-699
L000902,C001326,B010,Home,2026-03-08 00:00:00,381400.0,Rejected,,,16.93,36,0.0,750+
L000903,C000971,B002,Personal,2024-08-14 00:00:00,489800.0,Disbursed,2024-08-25 00:00:00,2024-08-26 00:00:00,10.88,60,384364.75,750+
L000904,C001937,B015,Home,2025-08-06 00:00:00,762900.0,Approved,2025-08-11 00:00:00,,12.39,36,0.0,750+
L000905,C003433,B025,Home,2025-03-23 00:00:00,515500.0,Rejected,,,11.08,24,0.0,<600
L000906,C002248,B014,Personal,2025-12-23 00:00:00,1507600.0,Closed,2026-01-05 00:00:00,2026-01-14 00:00:00,9.81,180,0.0,750+
L000907,C004298,B027,Home,2026-01-11 00:00:00,692300.0,Rejected,,,14.53,36,0.0,600-699
L000908,C001340,B026,Personal,2025-05-28 00:00:00,111900.0,Disbursed,2025-06-09 00:00:00,2025-06-15 00:00:00,12.08,120,100086.06,600-699
L000909,C000276,B021,Home,2026-01-18 00:00:00,1255000.0,Approved,2026-02-01 00:00:00,,14.2,180,0.0,600-699
L000910,C003643,B011,Business,2024-07-05 00:00:00,502500.0,Disbursed,2024-07-06 00:00:00,2024-07-14 00:00:00,11.99,24,413292.03,750+
L000911,C000409,B015,Vehicle,2026-06-13 00:00:00,678500.0,Disbursed,2026-06-14 00:00:00,2026-06-16 00:00:00,12.22,120,395534.4,750+
L000912,C004599,B014,Home,2024-03-15 00:00:00,1563900.0,Closed,2024-03-20 00:00:00,2024-03-23 00:00:00,17.41,24,0.0,700-749
L000913,C004348,B004,Personal,2023-09-23 00:00:00,423700.0,Disbursed,2023-09-28 00:00:00,2023-09-30 00:00:00,7.4,48,189003.13,<600
L000914,C004223,B017,Business,2025-10-30 00:00:00,166200.0,Disbursed,2025-11-03 00:00:00,2025-11-08 00:00:00,11.08,60,87217.26,700-749
L000915,C000735,B008,Business,2023-01-11 00:00:00,446500.0,Rejected,,,17.3,180,0.0,750+
L000916,C000605,B026,Personal,2025-01-08 00:00:00,81500.0,Approved,2025-01-11 00:00:00,,13.26,36,0.0,700-749
L000917,C004841,B023,Personal,2023-12-31 00:00:00,338900.0,Rejected,,,7.83,12,0.0,<600
L000918,C000902,B026,Home,2024-05-27 00:00:00,1902800.0,Disbursed,2024-06-04 00:00:00,2024-06-12 00:00:00,15.76,48,1508342.16,700-749
L000919,C002507,B008,Personal,2024-04-30 00:00:00,3121800.0,Disbursed,2024-05-02 00:00:00,2024-05-04 00:00:00,7.78,240,1518832.84,750+
L000920,C001349,B004,Education,2023-05-19 00:00:00,148200.0,Closed,2023-05-27 00:00:00,2023-06-02 00:00:00,10.98,12,0.0,700-749
L000921,C001760,B010,Personal,2023-12-04 00:00:00,741900.0,Disbursed,2023-12-09 00:00:00,2023-12-12 00:00:00,13.21,48,524916.13,750+
L000922,C004066,B007,Personal,2024-10-25 00:00:00,571100.0,Approved,2024-10-26 00:00:00,,13.44,12,0.0,700-749
L000923,C001719,B021,Home,2025-11-12 00:00:00,1020100.0,Disbursed,2025-11-15 00:00:00,2025-11-21 00:00:00,7.72,36,818550.89,700-749
L000924,C003770,B005,Home,2023-05-29 00:00:00,702000.0,Disbursed,2023-06-10 00:00:00,2023-06-18 00:00:00,17.85,36,275775.4,600-699
L000925,C004300,B025,Home,2023-05-29 00:00:00,729100.0,Disbursed,2023-06-06 00:00:00,2023-06-14 00:00:00,14.06,48,540940.4,600-699
L000926,C003933,B009,Home,2024-06-16 00:00:00,485000.0,Disbursed,2024-06-23 00:00:00,2024-06-30 00:00:00,11.02,24,368585.84,700-749
L000927,C003165,B005,Home,2025-07-09 00:00:00,319800.0,Approved,2025-07-21 00:00:00,,17.76,180,0.0,700-749
L000928,C004667,B015,Business,2023-09-28 00:00:00,366900.0,Disbursed,2023-10-06 00:00:00,2023-10-14 00:00:00,11.54,36,149306.99,750+
L000929,C003436,B024,Vehicle,2023-05-14 00:00:00,377600.0,Rejected,,,8.3,36,0.0,750+
L000930,C000812,B006,Home,2023-06-03 00:00:00,51600.0,Approved,2023-06-06 00:00:00,,17.11,60,0.0,750+
L000931,C002124,B014,Personal,2023-03-01 00:00:00,256600.0,Rejected,,,14.51,60,0.0,750+
L000932,C003141,B025,Personal,2023-06-16 00:00:00,4660500.0,Rejected,,,9.13,36,0.0,750+
L000933,C001795,B023,Business,2025-04-28 00:00:00,1508700.0,Rejected,,,8.01,48,0.0,600-699
L000934,C002879,B018,Vehicle,2025-07-12 00:00:00,3847800.0,Disbursed,2025-07-17 00:00:00,2025-07-19 00:00:00,17.83,60,2978723.15,<600
L000935,C003682,B019,Personal,2024-11-02 00:00:00,1827100.0,Disbursed,2024-11-12 00:00:00,2024-11-16 00:00:00,13.14,60,474756.33,700-749
L000936,C004603,B026,Business,2023-01-23 00:00:00,365200.0,Disbursed,2023-01-30 00:00:00,2023-02-04 00:00:00,17.39,240,139410.64,750+
L000937,C003328,B003,Home,2025-03-16 00:00:00,235700.0,Approved,2025-03-28 00:00:00,,12.6,24,0.0,700-749
L000938,C000399,B029,Personal,2023-12-12 00:00:00,914200.0,Approved,2023-12-21 00:00:00,,16.12,24,0.0,750+
L000939,C004330,B017,Business,2026-03-03 00:00:00,2241300.0,Rejected,,,14.32,48,0.0,750+
L000940,C000621,B025,Business,2026-04-02 00:00:00,716900.0,Rejected,,,17.68,36,0.0,<600
L000941,C002593,B013,Personal,2025-03-16 00:00:00,1928600.0,Rejected,,,11.01,60,0.0,600-699
L000942,C001764,B026,Personal,2026-03-05 00:00:00,368800.0,Disbursed,2026-03-06 00:00:00,2026-03-10 00:00:00,13.73,12,157310.3,700-749
L000943,C004463,B015,Personal,2024-04-04 00:00:00,238200.0,Disbursed,2024-04-15 00:00:00,2024-04-21 00:00:00,15.37,12,161098.48,600-699
L000944,C003158,B028,Personal,2025-05-24 00:00:00,2460500.0,Disbursed,2025-05-25 00:00:00,2025-05-29 00:00:00,13.17,120,1510623.03,700-749
L000945,C003746,B008,Business,2025-02-15 00:00:00,687100.0,Disbursed,2025-02-16 00:00:00,2025-02-23 00:00:00,15.7,60,290937.86,600-699
L000946,C002818,B004,Vehicle,2024-04-20 00:00:00,499400.0,Disbursed,2024-04-26 00:00:00,2024-04-30 00:00:00,10.93,36,363337.22,700-749
L000947,C002936,B020,Education,2024-08-08 00:00:00,949700.0,Disbursed,2024-08-21 00:00:00,2024-08-30 00:00:00,17.64,240,867276.71,700-749
L000948,C002238,B027,Business,2024-10-28 00:00:00,1385800.0,Disbursed,2024-11-01 00:00:00,2024-11-06 00:00:00,8.47,48,890074.97,<600
L000949,C003900,B009,Home,2024-06-28 00:00:00,387300.0,Rejected,,,14.05,24,0.0,700-749
L000950,C000014,B012,Personal,2023-11-06 00:00:00,1018500.0,Disbursed,2023-11-15 00:00:00,2023-11-20 00:00:00,8.16,60,466871.67,700-749
L000951,C004042,B023,Business,2025-02-16 00:00:00,394700.0,Approved,2025-02-20 00:00:00,,16.0,240,0.0,<600
L000952,C002710,B005,Education,2023-10-24 00:00:00,1701500.0,Closed,2023-11-01 00:00:00,2023-11-07 00:00:00,7.74,36,0.0,600-699
L000953,C003965,B016,Business,2024-02-12 00:00:00,469200.0,Closed,2024-02-22 00:00:00,2024-02-24 00:00:00,8.3,48,0.0,600-699
L000954,C004714,B020,Business,2024-11-13 00:00:00,127300.0,Disbursed,2024-11-20 00:00:00,2024-11-21 00:00:00,11.54,24,61493.89,600-699
L000955,C002136,B006,Business,2023-02-12 00:00:00,93900.0,Disbursed,2023-02-25 00:00:00,2023-03-04 00:00:00,12.55,36,54900.88,700-749
L000956,C003273,B007,Vehicle,2025-09-29 00:00:00,429200.0,Rejected,,,11.99,240,0.0,600-699
L000957,C001899,B005,Personal,2025-08-07 00:00:00,131300.0,Disbursed,2025-08-09 00:00:00,2025-08-15 00:00:00,11.95,240,52606.91,750+
L000958,C004391,B020,Personal,2024-12-12 00:00:00,410900.0,Disbursed,2024-12-19 00:00:00,2024-12-20 00:00:00,9.47,120,135908.73,600-699
L000959,C001794,B008,Personal,2023-03-26 00:00:00,516400.0,Rejected,,,16.09,120,0.0,750+
L000960,C000298,B020,Personal,2026-02-16 00:00:00,268800.0,Disbursed,2026-02-22 00:00:00,2026-02-23 00:00:00,9.93,36,158516.97,700-749
L000961,C003763,B022,Home,2024-03-13 00:00:00,778400.0,Disbursed,2024-03-14 00:00:00,2024-03-22 00:00:00,13.36,36,581352.49,700-749
L000962,C004769,B005,Home,2025-11-16 00:00:00,889500.0,Disbursed,2025-11-30 00:00:00,2025-12-02 00:00:00,7.47,36,631248.05,600-699
L000963,C003032,B015,Personal,2025-07-21 00:00:00,167500.0,Disbursed,2025-08-03 00:00:00,2025-08-05 00:00:00,10.1,180,136778.27,750+
L000964,C002569,B014,Home,2025-05-12 00:00:00,159000.0,Closed,2025-05-26 00:00:00,2025-06-01 00:00:00,13.39,24,0.0,600-699
L000965,C001137,B019,Personal,2024-07-21 00:00:00,1570100.0,Disbursed,2024-08-03 00:00:00,2024-08-07 00:00:00,7.51,180,835487.14,700-749
L000966,C002715,B009,Home,2026-03-27 00:00:00,1014400.0,Disbursed,2026-04-06 00:00:00,2026-04-10 00:00:00,17.8,36,568561.72,600-699
L000967,C001747,B002,Business,2023-10-03 00:00:00,863700.0,Disbursed,2023-10-16 00:00:00,2023-10-24 00:00:00,16.8,48,739733.88,600-699
L000968,C000025,B027,Personal,2024-06-01 00:00:00,159100.0,Disbursed,2024-06-03 00:00:00,2024-06-07 00:00:00,7.66,60,40391.16,700-749
L000969,C000718,B028,Education,2025-06-17 00:00:00,1204000.0,Disbursed,2025-06-24 00:00:00,2025-07-02 00:00:00,11.92,180,382246.18,700-749
L000970,C004894,B006,Business,2025-07-07 00:00:00,136600.0,Disbursed,2025-07-16 00:00:00,2025-07-25 00:00:00,13.39,120,111543.57,700-749
L000971,C000809,B008,Home,2024-01-30 00:00:00,33300.0,Disbursed,2024-02-02 00:00:00,2024-02-03 00:00:00,16.84,120,20964.57,600-699
L000972,C002031,B007,Education,2025-10-31 00:00:00,725700.0,Disbursed,2025-11-07 00:00:00,2025-11-09 00:00:00,11.8,180,358640.4,<600
L000973,C000579,B020,Personal,2025-02-09 00:00:00,637900.0,Disbursed,2025-02-18 00:00:00,2025-02-25 00:00:00,10.66,60,374166.82,750+
L000974,C002580,B029,Vehicle,2025-05-12 00:00:00,1759200.0,Approved,2025-05-26 00:00:00,,10.31,24,0.0,700-749
L000975,C002765,B011,Vehicle,2023-07-19 00:00:00,974500.0,Disbursed,2023-07-28 00:00:00,2023-07-30 00:00:00,15.73,48,251557.56,700-749
L000976,C002970,B019,Personal,2025-10-08 00:00:00,462500.0,Rejected,,,13.61,60,0.0,700-749
L000977,C001960,B020,Education,2025-11-21 00:00:00,743400.0,Rejected,,,16.56,12,0.0,700-749
L000978,C001709,B008,Home,2024-01-27 00:00:00,791600.0,Disbursed,2024-02-01 00:00:00,2024-02-03 00:00:00,14.04,120,477768.4,750+
L000979,C002062,B012,Vehicle,2024-05-08 00:00:00,147500.0,Rejected,,,14.45,24,0.0,700-749
L000980,C001209,B006,Vehicle,2025-09-15 00:00:00,371200.0,Disbursed,2025-09-16 00:00:00,2025-09-23 00:00:00,9.16,180,280053.52,700-749
L000981,C000075,B016,Vehicle,2025-08-21 00:00:00,373400.0,Approved,2025-09-02 00:00:00,,16.98,180,0.0,750+
L000982,C003400,B027,Personal,2026-03-22 00:00:00,337700.0,Disbursed,2026-03-26 00:00:00,2026-03-29 00:00:00,17.0,36,209559.74,<600
L000983,C001663,B008,Home,2024-06-26 00:00:00,731700.0,Rejected,,,10.0,240,0.0,700-749
L000984,C004908,B013,Personal,2024-01-18 00:00:00,296000.0,Disbursed,2024-01-22 00:00:00,2024-01-25 00:00:00,17.93,120,113419.85,700-749
L000985,C000142,B005,Business,2024-07-01 00:00:00,93800.0,Approved,2024-07-07 00:00:00,,10.2,120,0.0,700-749
L000986,C003106,B027,Personal,2026-02-21 00:00:00,258300.0,Rejected,,,7.37,60,0.0,700-749
L000987,C004103,B001,Home,2023-09-14 00:00:00,66200.0,Disbursed,2023-09-17 00:00:00,2023-09-22 00:00:00,15.19,12,47944.09,<600
L000988,C000814,B009,Personal,2023-09-19 00:00:00,417100.0,Disbursed,2023-09-27 00:00:00,2023-10-03 00:00:00,17.43,60,366393.0,750+
L000989,C003662,B020,Vehicle,2024-11-17 00:00:00,46100.0,Disbursed,2024-11-27 00:00:00,2024-11-29 00:00:00,7.69,60,16606.87,750+
L000990,C003718,B020,Home,2024-07-18 00:00:00,142300.0,Disbursed,2024-07-26 00:00:00,2024-07-27 00:00:00,10.03,180,57873.18,700-749
L000991,C002099,B030,Education,2024-02-03 00:00:00,454300.0,Disbursed,2024-02-07 00:00:00,2024-02-13 00:00:00,13.33,36,188549.05,750+
L000992,C002309,B021,Home,2026-06-09 00:00:00,406500.0,Disbursed,2026-06-19 00:00:00,2026-06-25 00:00:00,7.59,36,130739.51,600-699
L000993,C000382,B011,Home,2024-12-30 00:00:00,795900.0,Approved,2025-01-12 00:00:00,,8.53,240,0.0,700-749
L000994,C001238,B017,Business,2023-04-02 00:00:00,249100.0,Rejected,,,10.6,12,0.0,700-749
L000995,C003892,B019,Vehicle,2026-06-12 00:00:00,1148200.0,Disbursed,2026-06-21 00:00:00,2026-06-27 00:00:00,17.18,120,913144.87,700-749
L000996,C004722,B029,Business,2024-09-19 00:00:00,566100.0,Disbursed,2024-10-01 00:00:00,2024-10-03 00:00:00,8.17,180,492803.03,700-749
L000997,C003562,B015,Vehicle,2024-05-12 00:00:00,1318500.0,Rejected,,,10.8,12,0.0,700-749
L000998,C000909,B003,Personal,2023-03-19 00:00:00,891700.0,Approved,2023-03-30 00:00:00,,11.69,120,0.0,600-699
L000999,C001538,B003,Personal,2024-03-04 00:00:00,439500.0,Closed,2024-03-09 00:00:00,2024-03-10 00:00:00,17.58,60,0.0,750+
L001000,C001294,B023,Personal,2023-06-21 00:00:00,413100.0,Approved,2023-07-04 00:00:00,,13.9,12,0.0,<600
L001001,C003962,B007,Business,2025-05-02 00:00:00,163400.0,Disbursed,2025-05-06 00:00:00,2025-05-11 00:00:00,17.33,60,43839.24,600-699
L001002,C002927,B022,Personal,2024-03-11 00:00:00,254100.0,Disbursed,2024-03-19 00:00:00,2024-03-20 00:00:00,16.54,12,182378.63,750+
L001003,C000286,B013,Education,2025-09-09 00:00:00,231900.0,Rejected,,,11.99,60,0.0,750+
L001004,C003765,B012,Vehicle,2025-01-26 00:00:00,91900.0,Approved,2025-01-28 00:00:00,,16.38,60,0.0,700-749
L001005,C002515,B003,Personal,2025-07-12 00:00:00,773300.0,Disbursed,2025-07-17 00:00:00,2025-07-19 00:00:00,15.74,24,660490.93,600-699
L001006,C003140,B010,Home,2025-02-16 00:00:00,492200.0,Disbursed,2025-02-26 00:00:00,2025-03-04 00:00:00,12.06,12,380758.69,750+
L001007,C002949,B015,Business,2023-01-30 00:00:00,169500.0,Disbursed,2023-02-02 00:00:00,2023-02-07 00:00:00,10.19,240,105107.51,700-749
L001008,C000146,B009,Home,2024-03-18 00:00:00,160600.0,Closed,2024-03-28 00:00:00,2024-03-29 00:00:00,14.33,12,0.0,750+
L001009,C002549,B022,Business,2025-01-09 00:00:00,59400.0,Rejected,,,14.55,36,0.0,600-699
L001010,C002775,B011,Business,2024-05-01 00:00:00,506800.0,Disbursed,2024-05-13 00:00:00,2024-05-15 00:00:00,8.42,24,200192.55,600-699
L001011,C004936,B017,Vehicle,2023-01-15 00:00:00,226500.0,Rejected,,,11.03,240,0.0,750+
L001012,C003311,B013,Home,2023-05-14 00:00:00,63000.0,Disbursed,2023-05-24 00:00:00,2023-05-29 00:00:00,8.75,180,26706.7,700-749
L001013,C002304,B006,Home,2026-06-16 00:00:00,481800.0,Closed,2026-06-18 00:00:00,2026-06-27 00:00:00,14.92,180,0.0,700-749
L001014,C000161,B019,Vehicle,2023-12-01 00:00:00,266500.0,Closed,2023-12-11 00:00:00,2023-12-17 00:00:00,9.6,48,0.0,750+
L001015,C001507,B024,Personal,2025-05-16 00:00:00,120000.0,Rejected,,,17.46,12,0.0,600-699
L001016,C002996,B013,Vehicle,2026-05-07 00:00:00,185600.0,Approved,2026-05-18 00:00:00,,9.38,12,0.0,750+
L001017,C002608,B020,Home,2026-05-23 00:00:00,1079800.0,Disbursed,2026-06-03 00:00:00,2026-06-08 00:00:00,17.88,24,872679.68,700-749
L001018,C003235,B028,Personal,2025-04-29 00:00:00,376900.0,Approved,2025-05-12 00:00:00,,10.79,48,0.0,600-699
L001019,C001131,B006,Business,2026-05-13 00:00:00,610900.0,Rejected,,,14.93,36,0.0,600-699
L001020,C001652,B013,Personal,2026-01-31 00:00:00,945500.0,Rejected,,,15.2,240,0.0,600-699
L001021,C004137,B010,Personal,2025-11-05 00:00:00,473400.0,Disbursed,2025-11-15 00:00:00,2025-11-22 00:00:00,11.49,180,213972.01,750+
L001022,C004185,B023,Business,2025-08-03 00:00:00,451800.0,Closed,2025-08-10 00:00:00,2025-08-15 00:00:00,12.48,240,0.0,700-749
L001023,C000134,B013,Home,2026-02-15 00:00:00,450800.0,Disbursed,2026-02-26 00:00:00,2026-03-07 00:00:00,13.08,120,120609.2,600-699
L001024,C001479,B014,Personal,2025-08-08 00:00:00,130100.0,Rejected,,,7.54,24,0.0,700-749
L001025,C001649,B029,Home,2023-02-14 00:00:00,115400.0,Disbursed,2023-02-25 00:00:00,2023-03-05 00:00:00,11.75,36,77199.67,750+
L001026,C004331,B018,Vehicle,2024-02-12 00:00:00,4262200.0,Disbursed,2024-02-17 00:00:00,2024-02-25 00:00:00,16.32,240,3756816.5,<600
L001027,C001918,B011,Education,2024-01-07 00:00:00,105500.0,Approved,2024-01-11 00:00:00,,7.87,60,0.0,700-749
L001028,C002880,B029,Vehicle,2025-09-14 00:00:00,1004500.0,Disbursed,2025-09-20 00:00:00,2025-09-26 00:00:00,13.76,180,260624.63,750+
L001029,C000850,B001,Personal,2026-03-08 00:00:00,1218600.0,Closed,2026-03-18 00:00:00,2026-03-24 00:00:00,15.6,36,0.0,700-749
L001030,C000721,B011,Vehicle,2023-06-09 00:00:00,262800.0,Disbursed,2023-06-22 00:00:00,2023-06-26 00:00:00,10.88,240,165049.98,<600
L001031,C000054,B004,Personal,2025-03-25 00:00:00,608800.0,Rejected,,,15.81,120,0.0,600-699
L001032,C000707,B028,Business,2024-04-24 00:00:00,710500.0,Disbursed,2024-04-26 00:00:00,2024-05-04 00:00:00,8.61,48,665197.54,700-749
L001033,C001909,B014,Home,2024-06-29 00:00:00,575900.0,Disbursed,2024-07-12 00:00:00,2024-07-18 00:00:00,17.41,240,333450.12,750+
L001034,C000226,B004,Home,2024-03-10 00:00:00,766900.0,Approved,2024-03-15 00:00:00,,11.1,240,0.0,700-749
L001035,C002533,B008,Vehicle,2023-01-15 00:00:00,206800.0,Approved,2023-01-26 00:00:00,,14.2,240,0.0,750+
L001036,C001913,B023,Personal,2025-04-09 00:00:00,138600.0,Disbursed,2025-04-23 00:00:00,2025-04-27 00:00:00,10.84,12,77248.15,750+
L001037,C004910,B028,Personal,2024-01-29 00:00:00,5528700.0,Disbursed,2024-02-03 00:00:00,2024-02-04 00:00:00,8.45,120,3585087.44,600-699
L001038,C004123,B004,Home,2023-10-17 00:00:00,199700.0,Disbursed,2023-10-19 00:00:00,2023-10-25 00:00:00,11.75,48,147240.04,600-699
L001039,C003998,B002,Education,2024-09-14 00:00:00,347500.0,Disbursed,2024-09-18 00:00:00,2024-09-21 00:00:00,14.13,24,197459.58,750+
L001040,C001512,B006,Personal,2025-11-17 00:00:00,1630200.0,Disbursed,2025-11-22 00:00:00,2025-12-01 00:00:00,15.9,60,1404211.91,750+
L001041,C001799,B017,Home,2025-05-23 00:00:00,255800.0,Approved,2025-05-31 00:00:00,,13.66,120,0.0,700-749
L001042,C002114,B011,Personal,2023-03-27 00:00:00,589300.0,Disbursed,2023-04-06 00:00:00,2023-04-10 00:00:00,18.0,180,287056.79,600-699
L001043,C002828,B014,Vehicle,2024-12-25 00:00:00,428100.0,Closed,2024-12-27 00:00:00,2024-12-28 00:00:00,12.31,24,0.0,600-699
L001044,C004761,B010,Home,2025-09-09 00:00:00,287300.0,Disbursed,2025-09-15 00:00:00,2025-09-21 00:00:00,9.29,12,256702.75,700-749
L001045,C000892,B001,Home,2023-03-28 00:00:00,107500.0,Closed,2023-04-05 00:00:00,2023-04-11 00:00:00,15.84,180,0.0,750+
L001046,C002430,B010,Business,2026-05-28 00:00:00,215900.0,Rejected,,,14.54,24,0.0,700-749
L001047,C001862,B019,Vehicle,2023-11-01 00:00:00,2222900.0,Disbursed,2023-11-09 00:00:00,2023-11-16 00:00:00,12.67,60,1991519.66,750+
L001048,C002975,B025,Personal,2025-07-30 00:00:00,238400.0,Disbursed,2025-08-08 00:00:00,2025-08-10 00:00:00,16.61,120,155006.52,600-699
L001049,C004671,B003,Vehicle,2026-04-07 00:00:00,236000.0,Disbursed,2026-04-20 00:00:00,2026-04-28 00:00:00,10.83,48,100664.61,700-749
L001050,C002643,B025,Education,2025-07-25 00:00:00,2776600.0,Disbursed,2025-08-03 00:00:00,2025-08-10 00:00:00,17.41,240,947254.42,<600
L001051,C002546,B022,Home,2026-01-03 00:00:00,157000.0,Disbursed,2026-01-11 00:00:00,2026-01-13 00:00:00,8.9,12,73207.2,700-749
L001052,C002599,B010,Personal,2024-06-08 00:00:00,863400.0,Disbursed,2024-06-15 00:00:00,2024-06-20 00:00:00,9.0,240,510889.37,750+
L001053,C004156,B021,Personal,2025-11-16 00:00:00,596600.0,Disbursed,2025-11-23 00:00:00,2025-11-25 00:00:00,15.4,60,180033.73,750+
L001054,C004450,B024,Vehicle,2023-08-09 00:00:00,101500.0,Closed,2023-08-22 00:00:00,2023-08-30 00:00:00,17.3,24,0.0,600-699
L001055,C004249,B022,Education,2023-09-24 00:00:00,196000.0,Approved,2023-10-07 00:00:00,,11.44,180,0.0,600-699
L001056,C002697,B014,Business,2025-07-08 00:00:00,760200.0,Disbursed,2025-07-14 00:00:00,2025-07-23 00:00:00,14.99,240,547288.27,700-749
L001057,C000162,B005,Vehicle,2024-10-11 00:00:00,707400.0,Disbursed,2024-10-20 00:00:00,2024-10-23 00:00:00,7.76,36,365013.17,750+
L001058,C001273,B022,Personal,2023-06-19 00:00:00,167600.0,Disbursed,2023-06-24 00:00:00,2023-07-03 00:00:00,11.62,36,73296.9,<600
L001059,C001587,B005,Home,2024-04-21 00:00:00,64600.0,Disbursed,2024-04-23 00:00:00,2024-04-25 00:00:00,8.21,240,26804.52,700-749
L001060,C004775,B022,Personal,2025-08-24 00:00:00,468900.0,Disbursed,2025-09-02 00:00:00,2025-09-10 00:00:00,14.02,36,442740.06,750+
L001061,C002809,B018,Home,2023-01-05 00:00:00,553200.0,Disbursed,2023-01-14 00:00:00,2023-01-22 00:00:00,17.18,180,204392.96,700-749
L001062,C003189,B022,Education,2025-05-04 00:00:00,367800.0,Disbursed,2025-05-12 00:00:00,2025-05-20 00:00:00,16.96,24,288709.67,750+
L001063,C004030,B007,Vehicle,2024-01-14 00:00:00,170400.0,Disbursed,2024-01-15 00:00:00,2024-01-24 00:00:00,10.24,60,82651.84,750+
L001064,C001632,B010,Home,2023-09-04 00:00:00,236600.0,Rejected,,,12.25,60,0.0,<600
L001065,C004189,B025,Education,2024-05-20 00:00:00,1492200.0,Disbursed,2024-05-31 00:00:00,2024-06-05 00:00:00,15.09,12,508892.86,750+
L001066,C001548,B016,Home,2026-02-06 00:00:00,488500.0,Approved,2026-02-07 00:00:00,,15.33,240,0.0,750+
L001067,C003472,B003,Personal,2025-01-13 00:00:00,1069500.0,Rejected,,,12.17,48,0.0,600-699
L001068,C004040,B016,Personal,2025-10-28 00:00:00,952800.0,Disbursed,2025-11-02 00:00:00,2025-11-04 00:00:00,8.51,180,836340.24,600-699
L001069,C004716,B025,Vehicle,2025-11-30 00:00:00,1439700.0,Disbursed,2025-12-10 00:00:00,2025-12-11 00:00:00,16.09,48,1026998.49,600-699
L001070,C003198,B001,Vehicle,2026-06-23 00:00:00,2373700.0,Disbursed,2026-07-06 00:00:00,2026-07-14 00:00:00,17.66,12,691452.61,600-699
L001071,C002916,B004,Home,2024-02-24 00:00:00,847000.0,Disbursed,2024-03-03 00:00:00,2024-03-06 00:00:00,15.61,24,485688.51,700-749
L001072,C000405,B028,Vehicle,2023-10-07 00:00:00,632500.0,Rejected,,,8.41,60,0.0,700-749
L001073,C000503,B024,Home,2025-11-26 00:00:00,3138300.0,Approved,2025-11-28 00:00:00,,10.86,180,0.0,700-749
L001074,C002264,B030,Home,2025-01-10 00:00:00,448100.0,Disbursed,2025-01-18 00:00:00,2025-01-20 00:00:00,14.55,36,292379.17,600-699
L001075,C000018,B011,Business,2025-05-23 00:00:00,297800.0,Disbursed,2025-05-24 00:00:00,2025-05-27 00:00:00,14.06,180,85290.25,750+
L001076,C002297,B009,Personal,2024-08-31 00:00:00,791500.0,Disbursed,2024-09-05 00:00:00,2024-09-13 00:00:00,11.92,36,750128.15,700-749
L001077,C002763,B008,Personal,2025-01-11 00:00:00,102200.0,Disbursed,2025-01-14 00:00:00,2025-01-23 00:00:00,10.89,180,31247.6,<600
L001078,C001367,B005,Education,2024-04-20 00:00:00,646600.0,Closed,2024-04-21 00:00:00,2024-04-27 00:00:00,7.11,48,0.0,700-749
L001079,C000354,B006,Education,2023-10-28 00:00:00,213000.0,Closed,2023-10-31 00:00:00,2023-11-01 00:00:00,13.42,240,0.0,600-699
L001080,C002519,B011,Vehicle,2023-04-20 00:00:00,2960400.0,Approved,2023-05-03 00:00:00,,11.78,180,0.0,<600
L001081,C002717,B014,Home,2023-11-15 00:00:00,335400.0,Disbursed,2023-11-22 00:00:00,2023-11-23 00:00:00,10.51,24,98036.99,600-699
L001082,C004950,B006,Personal,2024-09-27 00:00:00,1694800.0,Disbursed,2024-10-04 00:00:00,2024-10-12 00:00:00,8.63,36,880667.34,700-749
L001083,C000085,B006,Personal,2024-01-25 00:00:00,307700.0,Disbursed,2024-01-27 00:00:00,2024-01-28 00:00:00,11.71,12,121433.9,750+
L001084,C000853,B002,Home,2024-01-26 00:00:00,6749200.0,Disbursed,2024-01-29 00:00:00,2024-02-01 00:00:00,7.11,240,3854455.56,<600
L001085,C002478,B005,Personal,2024-12-25 00:00:00,924700.0,Disbursed,2025-01-03 00:00:00,2025-01-11 00:00:00,17.73,240,370658.86,700-749
L001086,C003899,B018,Home,2023-05-26 00:00:00,543700.0,Disbursed,2023-05-31 00:00:00,2023-06-02 00:00:00,14.28,12,453659.53,750+
L001087,C001664,B001,Home,2024-12-17 00:00:00,379500.0,Disbursed,2024-12-30 00:00:00,2025-01-04 00:00:00,9.48,240,338056.64,750+
L001088,C001274,B027,Personal,2023-11-20 00:00:00,670700.0,Closed,2023-11-21 00:00:00,2023-11-23 00:00:00,11.59,180,0.0,600-699
L001089,C002116,B021,Personal,2024-12-05 00:00:00,497300.0,Rejected,,,7.79,60,0.0,<600
L001090,C003502,B015,Home,2025-05-16 00:00:00,1358100.0,Disbursed,2025-05-20 00:00:00,2025-05-21 00:00:00,12.65,24,549106.38,600-699
L001091,C003263,B022,Personal,2025-12-30 00:00:00,412700.0,Disbursed,2026-01-02 00:00:00,2026-01-07 00:00:00,11.11,120,301586.05,750+
L001092,C003532,B025,Home,2023-06-08 00:00:00,949700.0,Disbursed,2023-06-15 00:00:00,2023-06-23 00:00:00,10.12,120,694806.56,750+
L001093,C002548,B001,Business,2024-11-02 00:00:00,2703500.0,Disbursed,2024-11-16 00:00:00,2024-11-21 00:00:00,13.63,120,1689203.59,600-699
L001094,C003660,B008,Vehicle,2025-04-28 00:00:00,1929000.0,Disbursed,2025-05-02 00:00:00,2025-05-09 00:00:00,11.43,60,946161.04,700-749
L001095,C000376,B025,Vehicle,2023-11-22 00:00:00,502600.0,Disbursed,2023-12-06 00:00:00,2023-12-13 00:00:00,17.24,120,315367.07,600-699
L001096,C001612,B020,Home,2025-10-14 00:00:00,296200.0,Disbursed,2025-10-17 00:00:00,2025-10-24 00:00:00,12.67,12,149646.11,<600
L001097,C001167,B006,Personal,2023-06-07 00:00:00,183800.0,Disbursed,2023-06-21 00:00:00,2023-06-24 00:00:00,15.01,24,104639.02,600-699
L001098,C004620,B022,Home,2026-05-13 00:00:00,938400.0,Disbursed,2026-05-16 00:00:00,2026-05-25 00:00:00,12.15,48,256862.92,750+
L001099,C000410,B025,Personal,2024-08-23 00:00:00,311500.0,Approved,2024-08-29 00:00:00,,11.59,60,0.0,700-749
L001100,C000351,B017,Personal,2023-02-01 00:00:00,320900.0,Disbursed,2023-02-06 00:00:00,2023-02-12 00:00:00,12.37,24,183738.87,600-699
L001101,C000278,B014,Personal,2024-09-08 00:00:00,1348700.0,Closed,2024-09-13 00:00:00,2024-09-17 00:00:00,13.51,180,0.0,700-749
L001102,C004631,B012,Vehicle,2023-10-27 00:00:00,229300.0,Disbursed,2023-10-30 00:00:00,2023-11-05 00:00:00,15.42,36,60502.62,600-699
L001103,C002375,B018,Business,2023-08-02 00:00:00,45700.0,Disbursed,2023-08-06 00:00:00,2023-08-13 00:00:00,7.65,48,32986.3,600-699
L001104,C002113,B030,Personal,2025-02-26 00:00:00,521500.0,Rejected,,,13.37,12,0.0,600-699
L001105,C003283,B028,Business,2023-04-01 00:00:00,653200.0,Disbursed,2023-04-13 00:00:00,2023-04-16 00:00:00,9.5,12,431562.73,750+
L001106,C003792,B022,Personal,2026-01-24 00:00:00,786300.0,Disbursed,2026-01-26 00:00:00,2026-01-27 00:00:00,10.87,120,714127.84,750+
L001107,C004643,B013,Education,2025-08-11 00:00:00,538800.0,Rejected,,,14.32,24,0.0,750+
L001108,C003926,B012,Home,2023-04-30 00:00:00,113100.0,Disbursed,2023-05-05 00:00:00,2023-05-08 00:00:00,12.93,120,74881.58,600-699
L001109,C004987,B022,Personal,2026-01-27 00:00:00,394900.0,Closed,2026-02-06 00:00:00,2026-02-09 00:00:00,9.96,240,0.0,700-749
L001110,C002131,B016,Business,2024-11-07 00:00:00,524100.0,Disbursed,2024-11-17 00:00:00,2024-11-20 00:00:00,7.04,120,472181.65,700-749
L001111,C004205,B006,Business,2023-09-21 00:00:00,147000.0,Disbursed,2023-10-05 00:00:00,2023-10-13 00:00:00,14.4,240,104005.77,600-699
L001112,C001419,B001,Vehicle,2024-08-09 00:00:00,257700.0,Disbursed,2024-08-11 00:00:00,2024-08-20 00:00:00,8.81,48,228925.42,700-749
L001113,C002274,B010,Home,2025-08-22 00:00:00,3719800.0,Approved,2025-08-25 00:00:00,,9.31,60,0.0,600-699
L001114,C004082,B025,Home,2026-03-08 00:00:00,660200.0,Disbursed,2026-03-20 00:00:00,2026-03-21 00:00:00,16.79,48,478311.93,700-749
L001115,C002401,B010,Personal,2025-09-20 00:00:00,233200.0,Disbursed,2025-09-24 00:00:00,2025-10-01 00:00:00,11.75,48,122925.65,<600
L001116,C002679,B027,Personal,2025-09-26 00:00:00,397900.0,Disbursed,2025-10-02 00:00:00,2025-10-06 00:00:00,12.66,240,201099.19,700-749
L001117,C002065,B010,Home,2026-01-29 00:00:00,25851800.0,Rejected,,,13.59,240,0.0,700-749
L001118,C001780,B030,Personal,2024-11-28 00:00:00,428400.0,Closed,2024-12-03 00:00:00,2024-12-05 00:00:00,17.73,60,0.0,750+
L001119,C002791,B017,Personal,2026-03-12 00:00:00,216900.0,Rejected,,,16.52,60,0.0,750+
L001120,C003374,B027,Home,2025-05-29 00:00:00,357600.0,Approved,2025-06-04 00:00:00,,12.28,180,0.0,600-699
L001121,C004781,B027,Business,2025-04-29 00:00:00,851300.0,Disbursed,2025-05-02 00:00:00,2025-05-08 00:00:00,15.27,60,414515.6,600-699
L001122,C004816,B016,Business,2025-12-07 00:00:00,360900.0,Closed,2025-12-08 00:00:00,2025-12-11 00:00:00,10.79,180,0.0,600-699
L001123,C001736,B017,Personal,2023-02-28 00:00:00,250200.0,Disbursed,2023-03-12 00:00:00,2023-03-20 00:00:00,7.49,24,180107.51,700-749
L001124,C002436,B012,Home,2026-03-08 00:00:00,152600.0,Disbursed,2026-03-19 00:00:00,2026-03-21 00:00:00,13.69,60,78424.65,600-699
L001125,C003270,B029,Personal,2025-07-09 00:00:00,1530500.0,Disbursed,2025-07-15 00:00:00,2025-07-16 00:00:00,8.71,60,864342.02,600-699
L001126,C002439,B002,Personal,2024-08-12 00:00:00,947300.0,Rejected,,,14.07,240,0.0,700-749
L001127,C001221,B017,Business,2023-02-15 00:00:00,486200.0,Approved,2023-02-19 00:00:00,,8.0,36,0.0,750+
L001128,C001363,B022,Education,2024-08-18 00:00:00,187800.0,Disbursed,2024-08-21 00:00:00,2024-08-30 00:00:00,13.59,60,143805.89,700-749
L001129,C003489,B018,Business,2023-04-17 00:00:00,45100.0,Closed,2023-04-24 00:00:00,2023-05-02 00:00:00,8.35,36,0.0,700-749
L001130,C002308,B025,Education,2023-11-27 00:00:00,419100.0,Closed,2023-12-11 00:00:00,2023-12-15 00:00:00,11.22,48,0.0,750+
L001131,C003160,B023,Personal,2024-04-21 00:00:00,256300.0,Disbursed,2024-05-03 00:00:00,2024-05-06 00:00:00,12.22,48,82394.65,600-699
L001132,C000245,B018,Home,2025-05-19 00:00:00,546800.0,Approved,2025-05-27 00:00:00,,10.58,12,0.0,750+
L001133,C000067,B006,Personal,2023-10-12 00:00:00,423500.0,Rejected,,,10.59,120,0.0,750+
L001134,C001299,B027,Home,2023-04-23 00:00:00,331200.0,Disbursed,2023-05-01 00:00:00,2023-05-10 00:00:00,9.88,240,198239.54,750+
L001135,C003617,B027,Personal,2024-11-25 00:00:00,121000.0,Approved,2024-12-07 00:00:00,,14.3,48,0.0,700-749
L001136,C000475,B012,Vehicle,2025-11-03 00:00:00,177100.0,Closed,2025-11-17 00:00:00,2025-11-18 00:00:00,13.97,60,0.0,<600
L001137,C003139,B002,Home,2026-05-28 00:00:00,585600.0,Closed,2026-05-30 00:00:00,2026-06-07 00:00:00,7.33,12,0.0,700-749
L001138,C000838,B021,Vehicle,2024-03-08 00:00:00,363000.0,Disbursed,2024-03-15 00:00:00,2024-03-21 00:00:00,7.53,24,179404.29,750+
L001139,C002638,B013,Education,2026-04-02 00:00:00,261000.0,Disbursed,2026-04-13 00:00:00,2026-04-22 00:00:00,10.39,240,170725.95,600-699
L001140,C000666,B029,Vehicle,2023-05-21 00:00:00,1023200.0,Approved,2023-06-04 00:00:00,,9.73,180,0.0,700-749
L001141,C000943,B024,Personal,2024-02-14 00:00:00,36700.0,Disbursed,2024-02-28 00:00:00,2024-03-02 00:00:00,7.26,48,23685.59,700-749
L001142,C003667,B017,Home,2026-03-27 00:00:00,106600.0,Rejected,,,15.12,36,0.0,750+
L001143,C002655,B003,Home,2025-12-03 00:00:00,696700.0,Closed,2025-12-11 00:00:00,2025-12-15 00:00:00,7.71,120,0.0,700-749
L001144,C000082,B013,Home,2024-09-07 00:00:00,179100.0,Disbursed,2024-09-08 00:00:00,2024-09-17 00:00:00,15.15,60,49620.03,600-699
L001145,C002385,B002,Education,2024-04-06 00:00:00,2695200.0,Disbursed,2024-04-14 00:00:00,2024-04-19 00:00:00,17.24,48,710353.31,700-749
L001146,C004823,B014,Education,2026-01-25 00:00:00,116900.0,Disbursed,2026-02-07 00:00:00,2026-02-15 00:00:00,7.69,180,106105.58,750+
L001147,C004907,B018,Business,2025-01-25 00:00:00,181600.0,Disbursed,2025-01-29 00:00:00,2025-02-03 00:00:00,13.9,120,88699.85,700-749
L001148,C001941,B007,Personal,2023-03-27 00:00:00,331100.0,Disbursed,2023-04-06 00:00:00,2023-04-14 00:00:00,11.44,12,90593.92,750+
L001149,C003226,B017,Vehicle,2023-08-20 00:00:00,274400.0,Disbursed,2023-08-30 00:00:00,2023-09-01 00:00:00,12.69,12,80091.04,600-699
L001150,C001645,B023,Vehicle,2024-10-01 00:00:00,764600.0,Rejected,,,14.2,24,0.0,750+
L001151,C002957,B030,Business,2025-01-29 00:00:00,832700.0,Approved,2025-01-30 00:00:00,,12.46,180,0.0,600-699
L001152,C000336,B027,Business,2024-10-07 00:00:00,253500.0,Approved,2024-10-18 00:00:00,,7.5,120,0.0,750+
L001153,C004437,B002,Home,2025-06-29 00:00:00,1028800.0,Approved,2025-07-03 00:00:00,,9.23,24,0.0,600-699
L001154,C003261,B004,Personal,2023-05-15 00:00:00,657400.0,Disbursed,2023-05-25 00:00:00,2023-05-31 00:00:00,12.9,240,497628.85,700-749
L001155,C001112,B002,Home,2023-11-27 00:00:00,187900.0,Disbursed,2023-12-05 00:00:00,2023-12-14 00:00:00,11.05,60,120302.5,600-699
L001156,C002833,B022,Business,2023-02-02 00:00:00,551100.0,Disbursed,2023-02-12 00:00:00,2023-02-17 00:00:00,12.51,12,490490.17,750+
L001157,C004154,B012,Business,2025-02-17 00:00:00,105200.0,Disbursed,2025-03-01 00:00:00,2025-03-04 00:00:00,16.09,180,45204.31,750+
L001158,C001982,B030,Home,2024-01-03 00:00:00,641900.0,Rejected,,,17.88,12,0.0,700-749
L001159,C000609,B011,Education,2025-06-06 00:00:00,543700.0,Disbursed,2025-06-09 00:00:00,2025-06-12 00:00:00,11.55,120,230833.2,700-749
L001160,C000895,B016,Business,2024-05-11 00:00:00,1343300.0,Disbursed,2024-05-22 00:00:00,2024-05-28 00:00:00,7.37,120,1046293.59,600-699
L001161,C001849,B001,Home,2026-04-08 00:00:00,428300.0,Rejected,,,11.61,24,0.0,750+
L001162,C003586,B001,Home,2025-09-04 00:00:00,198100.0,Approved,2025-09-09 00:00:00,,14.08,120,0.0,750+
L001163,C000498,B020,Home,2024-10-27 00:00:00,139800.0,Rejected,,,10.25,240,0.0,600-699
L001164,C002275,B021,Personal,2023-05-16 00:00:00,378900.0,Disbursed,2023-05-24 00:00:00,2023-05-27 00:00:00,11.22,48,329864.96,600-699
L001165,C000557,B001,Vehicle,2024-05-08 00:00:00,276200.0,Closed,2024-05-20 00:00:00,2024-05-22 00:00:00,15.52,48,0.0,<600
L001166,C002032,B020,Home,2026-01-19 00:00:00,622700.0,Disbursed,2026-01-31 00:00:00,2026-02-08 00:00:00,7.94,12,315485.56,600-699
L001167,C003830,B003,Business,2024-05-12 00:00:00,280400.0,Approved,2024-05-17 00:00:00,,13.02,180,0.0,700-749
L001168,C001608,B014,Vehicle,2023-04-03 00:00:00,476300.0,Disbursed,2023-04-12 00:00:00,2023-04-16 00:00:00,12.87,24,142847.49,600-699
L001169,C004901,B025,Personal,2025-05-24 00:00:00,571300.0,Disbursed,2025-06-07 00:00:00,2025-06-13 00:00:00,8.38,240,276299.89,<600
L001170,C002004,B014,Education,2024-10-25 00:00:00,277700.0,Rejected,,,17.44,120,0.0,600-699
L001171,C001858,B029,Personal,2024-11-23 00:00:00,70600.0,Rejected,,,11.5,120,0.0,700-749
L001172,C002488,B016,Home,2023-01-31 00:00:00,387400.0,Rejected,,,11.52,240,0.0,<600
L001173,C003456,B014,Personal,2025-06-17 00:00:00,807200.0,Disbursed,2025-06-26 00:00:00,2025-06-27 00:00:00,8.38,120,280447.73,700-749
L001174,C001015,B029,Home,2025-10-05 00:00:00,106800.0,Approved,2025-10-08 00:00:00,,15.53,24,0.0,750+
L001175,C002606,B030,Business,2024-06-12 00:00:00,474100.0,Approved,2024-06-23 00:00:00,,10.37,240,0.0,700-749
L001176,C000589,B009,Vehicle,2023-03-04 00:00:00,112900.0,Disbursed,2023-03-14 00:00:00,2023-03-17 00:00:00,16.67,36,51394.38,750+
L001177,C001697,B023,Vehicle,2026-04-04 00:00:00,541200.0,Approved,2026-04-08 00:00:00,,13.13,60,0.0,600-699
L001178,C002166,B029,Personal,2025-11-28 00:00:00,5961600.0,Rejected,,,14.73,120,0.0,<600
L001179,C000139,B030,Home,2024-07-07 00:00:00,785200.0,Disbursed,2024-07-21 00:00:00,2024-07-24 00:00:00,7.89,24,744154.95,750+
L001180,C003886,B012,Business,2024-09-01 00:00:00,994800.0,Disbursed,2024-09-12 00:00:00,2024-09-17 00:00:00,13.61,60,803102.37,700-749
L001181,C002034,B012,Home,2023-04-07 00:00:00,1381200.0,Disbursed,2023-04-12 00:00:00,2023-04-21 00:00:00,17.21,12,938764.11,700-749
L001182,C004810,B027,Home,2025-04-15 00:00:00,191000.0,Rejected,,,10.92,60,0.0,600-699
L001183,C001153,B026,Home,2025-08-04 00:00:00,441600.0,Rejected,,,11.63,36,0.0,700-749
L001184,C001596,B021,Home,2023-09-18 00:00:00,303600.0,Disbursed,2023-09-28 00:00:00,2023-09-29 00:00:00,16.58,120,269921.8,700-749
L001185,C001184,B005,Home,2023-02-04 00:00:00,364200.0,Disbursed,2023-02-18 00:00:00,2023-02-25 00:00:00,10.9,180,161380.37,700-749
L001186,C003835,B017,Home,2025-09-25 00:00:00,365100.0,Disbursed,2025-09-29 00:00:00,2025-10-06 00:00:00,7.29,180,128605.47,700-749
L001187,C004410,B030,Personal,2024-03-15 00:00:00,300000.0,Closed,2024-03-19 00:00:00,2024-03-23 00:00:00,14.31,48,0.0,750+
L001188,C004658,B006,Vehicle,2024-05-08 00:00:00,330600.0,Disbursed,2024-05-13 00:00:00,2024-05-19 00:00:00,14.37,24,292202.61,750+
L001189,C004559,B027,Vehicle,2024-12-06 00:00:00,129400.0,Approved,2024-12-15 00:00:00,,12.77,48,0.0,700-749
L001190,C003959,B001,Personal,2023-08-25 00:00:00,618100.0,Approved,2023-09-06 00:00:00,,7.17,24,0.0,700-749
L001191,C002893,B021,Home,2025-10-31 00:00:00,394800.0,Closed,2025-11-08 00:00:00,2025-11-15 00:00:00,17.34,60,0.0,700-749
L001192,C002429,B006,Vehicle,2025-10-08 00:00:00,923700.0,Approved,2025-10-16 00:00:00,,8.91,240,0.0,750+
L001193,C002705,B017,Personal,2024-01-24 00:00:00,890100.0,Disbursed,2024-02-02 00:00:00,2024-02-09 00:00:00,9.09,180,433232.43,700-749
L001194,C003381,B004,Personal,2024-09-29 00:00:00,357900.0,Disbursed,2024-10-06 00:00:00,2024-10-15 00:00:00,13.1,240,177893.65,750+
L001195,C003506,B016,Home,2025-10-09 00:00:00,74700.0,Approved,2025-10-19 00:00:00,,16.26,24,0.0,750+
L001196,C001169,B028,Home,2026-04-20 00:00:00,632700.0,Approved,2026-04-22 00:00:00,,14.93,24,0.0,600-699
L001197,C000522,B016,Vehicle,2024-08-22 00:00:00,1716500.0,Disbursed,2024-08-23 00:00:00,2024-08-31 00:00:00,9.36,12,1444385.79,<600
L001198,C002334,B027,Personal,2023-06-03 00:00:00,1256500.0,Disbursed,2023-06-14 00:00:00,2023-06-20 00:00:00,10.82,120,974518.62,<600
L001199,C003347,B026,Business,2024-09-13 00:00:00,445600.0,Disbursed,2024-09-14 00:00:00,2024-09-23 00:00:00,16.1,12,272289.61,750+
L001200,C003230,B007,Personal,2023-06-02 00:00:00,171700.0,Disbursed,2023-06-03 00:00:00,2023-06-05 00:00:00,15.32,48,100778.78,750+
L001201,C002490,B027,Business,2024-02-24 00:00:00,1041200.0,Disbursed,2024-03-03 00:00:00,2024-03-12 00:00:00,17.97,120,890083.67,700-749
L001202,C001377,B007,Home,2024-05-02 00:00:00,602400.0,Disbursed,2024-05-16 00:00:00,2024-05-21 00:00:00,14.35,60,201268.34,600-699
L001203,C004097,B011,Education,2023-11-29 00:00:00,789800.0,Disbursed,2023-12-13 00:00:00,2023-12-14 00:00:00,9.39,36,553360.59,600-699
L001204,C003935,B018,Home,2025-04-25 00:00:00,1471900.0,Closed,2025-05-07 00:00:00,2025-05-16 00:00:00,12.78,24,0.0,600-699
L001205,C003217,B027,Vehicle,2024-02-19 00:00:00,713400.0,Approved,2024-03-01 00:00:00,,16.69,48,0.0,750+
L001206,C003343,B026,Personal,2026-05-19 00:00:00,235000.0,Disbursed,2026-05-25 00:00:00,2026-06-01 00:00:00,15.03,120,171125.68,700-749
L001207,C003564,B022,Home,2025-09-02 00:00:00,455300.0,Disbursed,2025-09-15 00:00:00,2025-09-19 00:00:00,14.44,48,379674.09,750+
L001208,C000704,B004,Business,2025-05-01 00:00:00,117000.0,Disbursed,2025-05-10 00:00:00,2025-05-19 00:00:00,17.98,36,63994.61,750+
L001209,C000951,B004,Home,2024-01-15 00:00:00,256000.0,Disbursed,2024-01-26 00:00:00,2024-01-28 00:00:00,16.6,12,231059.75,<600
L001210,C003838,B023,Home,2023-10-19 00:00:00,322900.0,Disbursed,2023-10-24 00:00:00,2023-11-01 00:00:00,13.51,24,98640.24,750+
L001211,C002407,B008,Home,2023-01-20 00:00:00,919000.0,Disbursed,2023-01-24 00:00:00,2023-02-01 00:00:00,10.01,48,861645.5,<600
L001212,C004947,B018,Vehicle,2026-05-20 00:00:00,455300.0,Disbursed,2026-05-24 00:00:00,2026-05-31 00:00:00,11.37,240,196967.52,600-699
L001213,C004832,B007,Business,2024-12-15 00:00:00,251800.0,Disbursed,2024-12-28 00:00:00,2025-01-05 00:00:00,11.39,36,101992.01,700-749
L001214,C000889,B026,Personal,2024-10-09 00:00:00,580300.0,Rejected,,,11.63,48,0.0,750+
L001215,C001163,B026,Home,2025-08-19 00:00:00,310000.0,Disbursed,2025-08-21 00:00:00,2025-08-24 00:00:00,12.93,48,97830.36,600-699
L001216,C004119,B021,Business,2025-10-10 00:00:00,203500.0,Disbursed,2025-10-23 00:00:00,2025-10-29 00:00:00,10.77,48,171497.5,700-749
L001217,C001979,B011,Vehicle,2026-06-18 00:00:00,236100.0,Disbursed,2026-06-23 00:00:00,2026-06-29 00:00:00,7.67,48,154395.93,700-749
L001218,C002172,B006,Personal,2025-04-06 00:00:00,661500.0,Rejected,,,17.51,36,0.0,600-699
L001219,C002995,B013,Home,2023-10-01 00:00:00,1415500.0,Rejected,,,8.55,12,0.0,600-699
L001220,C001133,B008,Business,2024-02-09 00:00:00,497200.0,Disbursed,2024-02-11 00:00:00,2024-02-20 00:00:00,16.78,180,406881.23,750+
L001221,C001493,B019,Personal,2025-09-06 00:00:00,202900.0,Approved,2025-09-17 00:00:00,,8.28,120,0.0,750+
L001222,C004880,B024,Vehicle,2024-09-27 00:00:00,72700.0,Disbursed,2024-10-02 00:00:00,2024-10-03 00:00:00,10.54,48,21770.8,700-749
L001223,C004704,B019,Personal,2025-05-13 00:00:00,899700.0,Disbursed,2025-05-27 00:00:00,2025-06-02 00:00:00,13.11,180,408629.29,600-699
L001224,C004842,B010,Home,2023-06-17 00:00:00,551400.0,Disbursed,2023-06-22 00:00:00,2023-06-29 00:00:00,14.36,120,157359.13,700-749
L001225,C001327,B002,Personal,2024-10-17 00:00:00,2342600.0,Disbursed,2024-10-20 00:00:00,2024-10-22 00:00:00,8.99,120,780644.09,600-699
L001226,C002358,B027,Personal,2023-05-09 00:00:00,221500.0,Disbursed,2023-05-17 00:00:00,2023-05-26 00:00:00,15.96,120,170357.47,700-749
L001227,C004465,B008,Personal,2026-04-24 00:00:00,218900.0,Disbursed,2026-05-04 00:00:00,2026-05-06 00:00:00,13.92,180,131913.23,600-699
L001228,C000016,B030,Vehicle,2024-07-17 00:00:00,310800.0,Disbursed,2024-07-27 00:00:00,2024-08-04 00:00:00,14.34,120,98658.38,600-699
L001229,C000695,B003,Vehicle,2023-06-30 00:00:00,128300.0,Approved,2023-07-05 00:00:00,,8.24,60,0.0,750+
L001230,C000939,B006,Personal,2025-09-16 00:00:00,1247600.0,Approved,2025-09-17 00:00:00,,12.22,180,0.0,600-699
L001231,C002838,B001,Vehicle,2023-04-19 00:00:00,446300.0,Rejected,,,15.34,48,0.0,700-749
L001232,C002888,B030,Personal,2024-09-09 00:00:00,331300.0,Disbursed,2024-09-17 00:00:00,2024-09-21 00:00:00,11.97,12,92521.12,600-699
L001233,C003622,B022,Vehicle,2024-11-11 00:00:00,730700.0,Disbursed,2024-11-24 00:00:00,2024-12-02 00:00:00,12.21,180,413550.61,750+
L001234,C004502,B011,Home,2026-02-10 00:00:00,126100.0,Disbursed,2026-02-15 00:00:00,2026-02-17 00:00:00,8.99,48,110128.82,700-749
L001235,C003384,B002,Vehicle,2024-11-02 00:00:00,1114400.0,Disbursed,2024-11-13 00:00:00,2024-11-15 00:00:00,13.38,48,1003195.35,<600
L001236,C000696,B029,Personal,2025-05-22 00:00:00,669300.0,Disbursed,2025-06-03 00:00:00,2025-06-09 00:00:00,15.99,24,175676.23,700-749
L001237,C000582,B028,Education,2025-03-22 00:00:00,3120200.0,Rejected,,,7.26,36,0.0,600-699
L001238,C004363,B030,Business,2025-07-16 00:00:00,2440100.0,Rejected,,,14.9,240,0.0,600-699
L001239,C004158,B015,Personal,2023-12-01 00:00:00,1845500.0,Disbursed,2023-12-15 00:00:00,2023-12-23 00:00:00,13.55,180,1719041.97,750+
L001240,C001767,B025,Home,2024-06-28 00:00:00,1140400.0,Disbursed,2024-07-08 00:00:00,2024-07-13 00:00:00,7.99,24,582962.28,700-749
L001241,C004678,B027,Personal,2023-10-31 00:00:00,70500.0,Disbursed,2023-11-13 00:00:00,2023-11-18 00:00:00,16.14,240,33936.52,750+
L001242,C002415,B003,Vehicle,2025-06-13 00:00:00,808300.0,Approved,2025-06-15 00:00:00,,11.32,36,0.0,700-749
L001243,C004733,B022,Personal,2023-03-04 00:00:00,1433300.0,Disbursed,2023-03-12 00:00:00,2023-03-19 00:00:00,12.41,12,414988.5,700-749
L001244,C001761,B001,Business,2023-06-29 00:00:00,632000.0,Disbursed,2023-07-01 00:00:00,2023-07-05 00:00:00,11.43,120,204545.06,600-699
L001245,C001269,B014,Personal,2024-08-12 00:00:00,1214400.0,Rejected,,,15.68,60,0.0,600-699
L001246,C003024,B008,Personal,2025-08-18 00:00:00,1213300.0,Closed,2025-08-31 00:00:00,2025-09-03 00:00:00,10.41,24,0.0,700-749
L001247,C003687,B029,Vehicle,2023-03-30 00:00:00,149100.0,Rejected,,,16.79,36,0.0,<600
L001248,C002527,B028,Vehicle,2023-01-31 00:00:00,801500.0,Disbursed,2023-02-14 00:00:00,2023-02-22 00:00:00,12.5,12,396441.84,600-699
L001249,C003355,B021,Vehicle,2025-04-05 00:00:00,143800.0,Disbursed,2025-04-13 00:00:00,2025-04-19 00:00:00,15.09,24,84572.82,<600
L001250,C000466,B025,Vehicle,2025-05-31 00:00:00,1178500.0,Approved,2025-06-06 00:00:00,,11.19,12,0.0,750+
L001251,C002796,B020,Personal,2025-05-19 00:00:00,309600.0,Disbursed,2025-05-23 00:00:00,2025-05-30 00:00:00,14.68,36,228236.1,700-749
L001252,C004755,B026,Home,2023-05-08 00:00:00,730700.0,Disbursed,2023-05-11 00:00:00,2023-05-14 00:00:00,12.31,24,638579.92,700-749
L001253,C000368,B023,Education,2024-07-01 00:00:00,184900.0,Disbursed,2024-07-02 00:00:00,2024-07-07 00:00:00,11.83,48,83814.79,750+
L001254,C003874,B029,Education,2025-11-09 00:00:00,814000.0,Disbursed,2025-11-10 00:00:00,2025-11-17 00:00:00,8.82,12,771198.54,700-749
L001255,C004690,B013,Education,2025-07-11 00:00:00,1764700.0,Disbursed,2025-07-25 00:00:00,2025-08-03 00:00:00,8.67,180,1044696.44,700-749
L001256,C000923,B016,Vehicle,2025-01-14 00:00:00,711000.0,Closed,2025-01-22 00:00:00,2025-01-25 00:00:00,17.67,24,0.0,700-749
L001257,C002856,B002,Vehicle,2023-03-19 00:00:00,1010500.0,Disbursed,2023-03-27 00:00:00,2023-03-28 00:00:00,14.0,60,471287.24,700-749
L001258,C002539,B005,Business,2023-02-26 00:00:00,115900.0,Disbursed,2023-03-08 00:00:00,2023-03-14 00:00:00,15.25,12,100859.88,600-699
L001259,C004828,B009,Personal,2023-08-15 00:00:00,156900.0,Disbursed,2023-08-26 00:00:00,2023-09-02 00:00:00,10.67,60,58777.94,750+
L001260,C001840,B027,Vehicle,2025-05-05 00:00:00,289000.0,Disbursed,2025-05-11 00:00:00,2025-05-14 00:00:00,12.03,12,151146.18,700-749
L001261,C003552,B025,Personal,2023-06-16 00:00:00,614200.0,Disbursed,2023-06-21 00:00:00,2023-06-28 00:00:00,13.31,12,282803.73,750+
L001262,C002012,B016,Business,2026-02-22 00:00:00,203400.0,Disbursed,2026-03-07 00:00:00,2026-03-12 00:00:00,11.7,60,151476.91,600-699
L001263,C001190,B030,Personal,2025-10-26 00:00:00,441000.0,Rejected,,,12.54,180,0.0,750+
L001264,C002125,B017,Education,2026-03-07 00:00:00,279200.0,Rejected,,,7.04,24,0.0,<600
L001265,C002288,B011,Home,2026-01-12 00:00:00,627100.0,Rejected,,,17.67,240,0.0,600-699
L001266,C002323,B006,Vehicle,2024-02-04 00:00:00,67700.0,Disbursed,2024-02-08 00:00:00,2024-02-09 00:00:00,12.12,48,50679.04,750+
L001267,C004250,B015,Home,2023-01-31 00:00:00,112100.0,Closed,2023-02-09 00:00:00,2023-02-12 00:00:00,9.13,48,0.0,700-749
L001268,C000542,B001,Personal,2024-02-07 00:00:00,376300.0,Approved,2024-02-08 00:00:00,,15.67,48,0.0,<600
L001269,C001403,B012,Home,2024-10-16 00:00:00,468600.0,Disbursed,2024-10-27 00:00:00,2024-10-29 00:00:00,13.25,240,225935.57,700-749
L001270,C000064,B011,Home,2025-09-04 00:00:00,86000.0,Disbursed,2025-09-14 00:00:00,2025-09-15 00:00:00,16.23,180,21598.46,700-749
L001271,C001315,B019,Personal,2024-07-25 00:00:00,567300.0,Disbursed,2024-07-27 00:00:00,2024-07-28 00:00:00,8.0,180,334899.85,700-749
L001272,C000223,B001,Vehicle,2026-01-26 00:00:00,766700.0,Disbursed,2026-01-28 00:00:00,2026-02-04 00:00:00,16.27,240,527590.91,700-749
L001273,C001671,B005,Business,2025-01-14 00:00:00,808700.0,Approved,2025-01-15 00:00:00,,16.46,48,0.0,750+
L001274,C004817,B028,Home,2023-12-21 00:00:00,480700.0,Disbursed,2023-12-27 00:00:00,2023-12-28 00:00:00,8.34,24,369067.59,600-699
L001275,C002811,B019,Vehicle,2024-08-19 00:00:00,231100.0,Rejected,,,17.44,60,0.0,600-699
L001276,C002046,B003,Personal,2023-01-11 00:00:00,799000.0,Approved,2023-01-25 00:00:00,,9.17,120,0.0,600-699
L001277,C003151,B010,Vehicle,2023-08-11 00:00:00,278000.0,Disbursed,2023-08-17 00:00:00,2023-08-23 00:00:00,10.75,36,244213.59,700-749
L001278,C003806,B019,Vehicle,2024-06-27 00:00:00,497100.0,Disbursed,2024-06-28 00:00:00,2024-07-03 00:00:00,15.82,24,268305.15,750+
L001279,C003831,B015,Personal,2023-06-28 00:00:00,198700.0,Disbursed,2023-07-02 00:00:00,2023-07-03 00:00:00,9.25,180,127299.47,600-699
L001280,C002669,B021,Home,2024-03-24 00:00:00,263500.0,Disbursed,2024-03-27 00:00:00,2024-04-03 00:00:00,12.11,60,232746.51,700-749
L001281,C004337,B020,Personal,2025-10-06 00:00:00,242800.0,Closed,2025-10-11 00:00:00,2025-10-20 00:00:00,11.94,12,0.0,700-749
L001282,C000538,B022,Home,2024-10-11 00:00:00,907500.0,Rejected,,,16.38,48,0.0,<600
L001283,C000002,B013,Personal,2023-07-17 00:00:00,916800.0,Closed,2023-07-25 00:00:00,2023-08-02 00:00:00,12.45,12,0.0,600-699
L001284,C003817,B016,Education,2024-03-30 00:00:00,102900.0,Disbursed,2024-04-02 00:00:00,2024-04-09 00:00:00,11.4,240,68550.25,750+
L001285,C004052,B013,Personal,2023-12-21 00:00:00,944000.0,Rejected,,,11.47,48,0.0,700-749
L001286,C002310,B030,Vehicle,2023-06-15 00:00:00,120500.0,Rejected,,,10.36,120,0.0,750+
L001287,C000041,B013,Education,2025-05-08 00:00:00,266400.0,Disbursed,2025-05-14 00:00:00,2025-05-22 00:00:00,8.5,240,93664.65,750+
L001288,C001407,B013,Home,2023-09-13 00:00:00,1094000.0,Rejected,,,17.8,240,0.0,600-699
L001289,C004849,B025,Home,2025-07-03 00:00:00,60300.0,Approved,2025-07-15 00:00:00,,15.06,60,0.0,600-699
L001290,C003499,B022,Personal,2023-10-13 00:00:00,204200.0,Disbursed,2023-10-25 00:00:00,2023-11-02 00:00:00,16.06,12,129472.84,750+
L001291,C000567,B009,Home,2024-11-12 00:00:00,751500.0,Rejected,,,13.36,36,0.0,700-749
L001292,C002492,B012,Business,2025-03-23 00:00:00,145000.0,Disbursed,2025-03-24 00:00:00,2025-03-28 00:00:00,12.0,120,67479.36,750+
L001293,C003619,B030,Education,2024-12-19 00:00:00,1755000.0,Disbursed,2024-12-30 00:00:00,2025-01-06 00:00:00,15.39,240,1060292.89,750+
L001294,C001967,B019,Business,2023-08-30 00:00:00,115100.0,Disbursed,2023-09-04 00:00:00,2023-09-08 00:00:00,9.42,12,34277.99,750+
L001295,C000836,B018,Education,2025-05-16 00:00:00,239600.0,Disbursed,2025-05-29 00:00:00,2025-06-06 00:00:00,10.08,240,134965.54,600-699
L001296,C004513,B006,Home,2026-03-28 00:00:00,250400.0,Closed,2026-04-04 00:00:00,2026-04-10 00:00:00,10.88,240,0.0,600-699
L001297,C001041,B003,Home,2025-03-05 00:00:00,342200.0,Closed,2025-03-17 00:00:00,2025-03-22 00:00:00,17.31,48,0.0,750+
L001298,C001060,B028,Personal,2026-04-03 00:00:00,685600.0,Disbursed,2026-04-07 00:00:00,2026-04-10 00:00:00,10.47,36,413578.85,600-699
L001299,C003324,B020,Home,2024-12-14 00:00:00,940800.0,Rejected,,,13.3,120,0.0,<600
L001300,C001354,B024,Vehicle,2024-12-29 00:00:00,300300.0,Disbursed,2025-01-03 00:00:00,2025-01-09 00:00:00,8.97,24,246931.77,750+
L001301,C000394,B001,Home,2023-03-27 00:00:00,1234800.0,Disbursed,2023-04-05 00:00:00,2023-04-12 00:00:00,13.77,240,883170.36,700-749
L001302,C003082,B019,Business,2024-08-03 00:00:00,371600.0,Disbursed,2024-08-15 00:00:00,2024-08-16 00:00:00,15.55,36,110823.79,700-749
L001303,C002769,B009,Home,2024-01-04 00:00:00,478700.0,Rejected,,,11.97,12,0.0,700-749
L001304,C001381,B003,Vehicle,2023-06-05 00:00:00,1223500.0,Disbursed,2023-06-07 00:00:00,2023-06-10 00:00:00,8.17,180,556758.98,700-749
L001305,C003698,B025,Business,2023-03-21 00:00:00,596400.0,Disbursed,2023-03-22 00:00:00,2023-03-26 00:00:00,16.92,240,305406.71,750+
L001306,C000249,B003,Vehicle,2025-12-29 00:00:00,209400.0,Disbursed,2025-12-30 00:00:00,2026-01-04 00:00:00,12.97,48,169680.59,750+
L001307,C000424,B025,Vehicle,2024-10-02 00:00:00,318000.0,Closed,2024-10-15 00:00:00,2024-10-23 00:00:00,15.59,48,0.0,700-749
L001308,C004836,B004,Education,2023-07-29 00:00:00,643700.0,Disbursed,2023-08-08 00:00:00,2023-08-12 00:00:00,14.48,24,573737.2,600-699
L001309,C004611,B008,Personal,2026-02-22 00:00:00,801400.0,Approved,2026-03-08 00:00:00,,12.35,240,0.0,750+
L001310,C002798,B007,Vehicle,2026-02-19 00:00:00,131200.0,Disbursed,2026-02-24 00:00:00,2026-02-27 00:00:00,12.63,60,45557.41,750+
L001311,C002120,B006,Home,2025-03-10 00:00:00,289000.0,Disbursed,2025-03-20 00:00:00,2025-03-28 00:00:00,14.96,240,130105.69,750+
L001312,C004105,B013,Personal,2024-07-26 00:00:00,279600.0,Rejected,,,9.43,120,0.0,600-699
L001313,C000864,B004,Personal,2023-01-07 00:00:00,140000.0,Rejected,,,8.55,120,0.0,600-699
L001314,C004952,B011,Home,2025-06-12 00:00:00,585500.0,Disbursed,2025-06-26 00:00:00,2025-07-02 00:00:00,8.8,36,157142.23,700-749
L001315,C001931,B010,Business,2024-05-23 00:00:00,2025200.0,Closed,2024-05-27 00:00:00,2024-05-29 00:00:00,11.15,48,0.0,600-699
L001316,C001701,B020,Home,2023-03-27 00:00:00,2670500.0,Disbursed,2023-04-04 00:00:00,2023-04-06 00:00:00,8.9,36,1698004.42,750+
L001317,C000994,B030,Personal,2024-03-18 00:00:00,192400.0,Approved,2024-03-29 00:00:00,,15.3,180,0.0,<600
L001318,C004147,B024,Home,2024-05-25 00:00:00,79400.0,Disbursed,2024-05-26 00:00:00,2024-05-30 00:00:00,10.22,120,21501.74,750+
L001319,C001577,B017,Vehicle,2023-12-22 00:00:00,237000.0,Disbursed,2023-12-25 00:00:00,2023-12-31 00:00:00,8.96,240,192752.06,700-749
L001320,C000470,B006,Home,2024-07-14 00:00:00,567500.0,Disbursed,2024-07-27 00:00:00,2024-08-01 00:00:00,9.76,12,223583.72,700-749
L001321,C000658,B023,Home,2023-02-26 00:00:00,171800.0,Disbursed,2023-03-12 00:00:00,2023-03-17 00:00:00,12.53,240,148795.17,750+
L001322,C000893,B018,Home,2024-09-22 00:00:00,1493800.0,Disbursed,2024-10-05 00:00:00,2024-10-13 00:00:00,10.41,120,1132896.8,700-749
L001323,C002909,B004,Education,2025-11-28 00:00:00,148300.0,Rejected,,,17.49,180,0.0,750+
L001324,C004138,B019,Vehicle,2025-03-12 00:00:00,677100.0,Disbursed,2025-03-22 00:00:00,2025-03-28 00:00:00,7.56,24,261400.72,600-699
L001325,C004743,B009,Vehicle,2023-03-24 00:00:00,1436400.0,Rejected,,,16.26,120,0.0,750+
L001326,C000144,B011,Education,2024-02-15 00:00:00,159700.0,Disbursed,2024-02-22 00:00:00,2024-02-23 00:00:00,7.94,60,111930.93,750+
L001327,C000254,B008,Personal,2024-09-18 00:00:00,392200.0,Approved,2024-09-20 00:00:00,,10.95,24,0.0,700-749
L001328,C001405,B028,Home,2024-01-23 00:00:00,314400.0,Closed,2024-02-06 00:00:00,2024-02-12 00:00:00,15.37,48,0.0,750+
L001329,C000029,B008,Home,2026-02-12 00:00:00,278600.0,Approved,2026-02-18 00:00:00,,15.5,12,0.0,700-749
L001330,C001464,B016,Business,2025-07-30 00:00:00,130600.0,Disbursed,2025-08-02 00:00:00,2025-08-09 00:00:00,16.49,60,63477.04,700-749
L001331,C002480,B015,Education,2023-08-21 00:00:00,916300.0,Closed,2023-09-01 00:00:00,2023-09-06 00:00:00,12.71,120,0.0,750+
L001332,C000311,B010,Personal,2023-06-09 00:00:00,178900.0,Approved,2023-06-10 00:00:00,,9.02,180,0.0,700-749
L001333,C000805,B012,Home,2024-08-14 00:00:00,221600.0,Disbursed,2024-08-21 00:00:00,2024-08-30 00:00:00,12.16,240,92830.51,600-699
L001334,C001920,B014,Personal,2026-06-22 00:00:00,613800.0,Approved,2026-07-02 00:00:00,,9.67,12,0.0,750+
L001335,C003240,B025,Business,2023-07-24 00:00:00,109900.0,Approved,2023-07-27 00:00:00,,9.32,12,0.0,700-749
L001336,C004477,B014,Business,2025-10-27 00:00:00,203400.0,Disbursed,2025-11-08 00:00:00,2025-11-15 00:00:00,12.58,12,87602.82,750+
L001337,C002790,B029,Business,2025-09-25 00:00:00,325300.0,Disbursed,2025-09-26 00:00:00,2025-10-02 00:00:00,16.23,240,87598.47,750+
L001338,C003307,B029,Home,2024-05-23 00:00:00,512900.0,Rejected,,,15.83,24,0.0,750+
L001339,C000555,B021,Education,2025-12-02 00:00:00,92700.0,Approved,2025-12-05 00:00:00,,15.08,120,0.0,700-749
L001340,C002686,B021,Vehicle,2026-06-12 00:00:00,1312500.0,Disbursed,2026-06-23 00:00:00,2026-06-29 00:00:00,17.99,36,594907.9,750+
L001341,C001683,B013,Personal,2024-01-16 00:00:00,83700.0,Disbursed,2024-01-28 00:00:00,2024-02-06 00:00:00,12.84,36,29291.21,750+
L001342,C004707,B030,Personal,2024-04-05 00:00:00,588200.0,Disbursed,2024-04-12 00:00:00,2024-04-14 00:00:00,15.76,120,241756.91,750+
L001343,C001766,B030,Vehicle,2025-06-23 00:00:00,1587000.0,Disbursed,2025-06-27 00:00:00,2025-07-06 00:00:00,9.02,12,709670.13,700-749
L001344,C003791,B002,Personal,2025-10-13 00:00:00,1752600.0,Disbursed,2025-10-24 00:00:00,2025-10-26 00:00:00,10.81,12,1097929.53,700-749
L001345,C004335,B026,Education,2023-11-28 00:00:00,1799100.0,Disbursed,2023-12-07 00:00:00,2023-12-12 00:00:00,12.15,48,755674.1,750+
L001346,C002298,B019,Personal,2025-12-17 00:00:00,273500.0,Approved,2025-12-22 00:00:00,,14.35,12,0.0,700-749
L001347,C004979,B011,Education,2026-06-24 00:00:00,76200.0,Closed,2026-07-01 00:00:00,2026-07-10 00:00:00,12.92,60,0.0,600-699
L001348,C004629,B030,Personal,2024-07-16 00:00:00,167200.0,Closed,2024-07-27 00:00:00,2024-08-05 00:00:00,16.71,240,0.0,750+
L001349,C004627,B021,Home,2024-12-18 00:00:00,873900.0,Disbursed,2024-12-28 00:00:00,2024-12-29 00:00:00,14.32,120,371335.3,750+
L001350,C002597,B015,Personal,2025-08-05 00:00:00,292300.0,Disbursed,2025-08-14 00:00:00,2025-08-17 00:00:00,17.27,120,275637.36,700-749
L001351,C001066,B026,Business,2024-05-19 00:00:00,13500.0,Disbursed,2024-05-24 00:00:00,2024-05-27 00:00:00,10.13,48,4770.8,750+
L001352,C004370,B029,Personal,2024-01-30 00:00:00,870000.0,Closed,2024-02-11 00:00:00,2024-02-17 00:00:00,9.86,24,0.0,750+
L001353,C000406,B025,Vehicle,2024-05-13 00:00:00,708400.0,Rejected,,,15.32,60,0.0,700-749
L001354,C003009,B002,Personal,2025-12-06 00:00:00,49400.0,Disbursed,2025-12-19 00:00:00,2025-12-27 00:00:00,8.16,24,31824.77,600-699
L001355,C003974,B008,Personal,2025-12-07 00:00:00,1671600.0,Disbursed,2025-12-09 00:00:00,2025-12-14 00:00:00,14.58,36,1483921.13,700-749
L001356,C004085,B027,Home,2025-03-17 00:00:00,821800.0,Closed,2025-03-31 00:00:00,2025-04-05 00:00:00,11.39,120,0.0,750+
L001357,C002882,B001,Personal,2025-09-21 00:00:00,344300.0,Disbursed,2025-09-28 00:00:00,2025-10-01 00:00:00,14.13,120,214790.25,750+
L001358,C002644,B020,Personal,2023-10-29 00:00:00,311900.0,Disbursed,2023-10-30 00:00:00,2023-11-05 00:00:00,13.51,12,285398.21,<600
L001359,C003121,B008,Business,2025-07-15 00:00:00,398500.0,Disbursed,2025-07-16 00:00:00,2025-07-21 00:00:00,14.52,240,115478.62,700-749
L001360,C001809,B001,Home,2023-09-11 00:00:00,527900.0,Disbursed,2023-09-24 00:00:00,2023-09-28 00:00:00,14.58,12,450060.19,700-749
L001361,C004527,B003,Vehicle,2025-07-10 00:00:00,306500.0,Rejected,,,17.05,60,0.0,750+
L001362,C000565,B004,Personal,2026-04-23 00:00:00,1086900.0,Disbursed,2026-05-03 00:00:00,2026-05-11 00:00:00,13.34,180,639698.66,700-749
L001363,C004152,B007,Business,2023-12-24 00:00:00,249500.0,Rejected,,,17.38,48,0.0,700-749
L001364,C004969,B027,Personal,2025-02-25 00:00:00,1101100.0,Rejected,,,8.8,12,0.0,600-699
L001365,C000078,B024,Personal,2023-11-22 00:00:00,797000.0,Disbursed,2023-12-04 00:00:00,2023-12-13 00:00:00,10.92,180,474151.02,600-699
L001366,C004996,B015,Personal,2025-07-24 00:00:00,314700.0,Disbursed,2025-07-31 00:00:00,2025-08-03 00:00:00,9.28,60,212111.21,600-699
L001367,C003911,B002,Home,2024-06-06 00:00:00,830500.0,Disbursed,2024-06-20 00:00:00,2024-06-24 00:00:00,7.63,12,365962.1,600-699
L001368,C003442,B018,Home,2025-06-06 00:00:00,451100.0,Disbursed,2025-06-13 00:00:00,2025-06-18 00:00:00,13.08,24,394201.65,750+
L001369,C003136,B011,Home,2023-05-30 00:00:00,1256000.0,Disbursed,2023-06-10 00:00:00,2023-06-16 00:00:00,9.03,24,1004285.78,<600
L001370,C000267,B008,Business,2023-01-26 00:00:00,9900.0,Disbursed,2023-01-30 00:00:00,2023-02-01 00:00:00,10.95,120,2906.7,600-699
L001371,C003836,B013,Vehicle,2024-04-04 00:00:00,872700.0,Rejected,,,15.63,60,0.0,600-699
L001372,C000262,B002,Business,2024-12-18 00:00:00,274400.0,Rejected,,,12.09,180,0.0,600-699
L001373,C002501,B026,Personal,2025-07-14 00:00:00,883900.0,Rejected,,,10.3,48,0.0,700-749
L001374,C004518,B019,Education,2023-03-08 00:00:00,206900.0,Approved,2023-03-14 00:00:00,,15.01,36,0.0,700-749
L001375,C000215,B017,Home,2024-12-10 00:00:00,384600.0,Disbursed,2024-12-13 00:00:00,2024-12-20 00:00:00,16.41,60,322378.95,750+
L001376,C002842,B006,Business,2025-03-10 00:00:00,116400.0,Approved,2025-03-22 00:00:00,,14.56,240,0.0,700-749
L001377,C004608,B001,Education,2025-05-23 00:00:00,862800.0,Disbursed,2025-05-29 00:00:00,2025-05-30 00:00:00,10.46,24,701349.93,750+
L001378,C001593,B011,Home,2025-02-14 00:00:00,225300.0,Disbursed,2025-02-28 00:00:00,2025-03-09 00:00:00,17.35,48,184645.55,600-699
L001379,C004549,B017,Vehicle,2026-01-10 00:00:00,68000.0,Disbursed,2026-01-15 00:00:00,2026-01-24 00:00:00,13.85,60,58036.2,750+
L001380,C004489,B008,Personal,2023-11-29 00:00:00,188400.0,Closed,2023-12-09 00:00:00,2023-12-11 00:00:00,14.6,240,0.0,600-699
L001381,C003561,B019,Home,2024-10-12 00:00:00,1291500.0,Rejected,,,15.72,36,0.0,700-749
L001382,C004329,B022,Personal,2025-08-10 00:00:00,194100.0,Disbursed,2025-08-18 00:00:00,2025-08-19 00:00:00,15.93,48,105419.17,750+
L001383,C001339,B026,Vehicle,2024-02-22 00:00:00,1035700.0,Disbursed,2024-02-24 00:00:00,2024-03-01 00:00:00,9.76,36,319151.58,<600
L001384,C000712,B008,Home,2023-04-28 00:00:00,307400.0,Disbursed,2023-05-11 00:00:00,2023-05-17 00:00:00,14.01,120,154258.22,<600
L001385,C003503,B005,Business,2024-08-12 00:00:00,546700.0,Disbursed,2024-08-20 00:00:00,2024-08-27 00:00:00,15.81,36,348182.79,700-749
L001386,C004534,B022,Personal,2025-02-15 00:00:00,842700.0,Approved,2025-02-20 00:00:00,,14.08,36,0.0,750+
L001387,C000147,B030,Personal,2024-03-10 00:00:00,908300.0,Disbursed,2024-03-22 00:00:00,2024-03-28 00:00:00,7.55,36,246811.89,700-749
L001388,C000698,B004,Personal,2026-04-30 00:00:00,127100.0,Approved,2026-05-10 00:00:00,,11.14,180,0.0,700-749
L001389,C000403,B015,Home,2024-01-18 00:00:00,1464700.0,Disbursed,2024-01-23 00:00:00,2024-01-24 00:00:00,11.8,240,1258069.47,750+
L001390,C003440,B024,Vehicle,2023-04-29 00:00:00,153000.0,Rejected,,,8.95,180,0.0,700-749
L001391,C004818,B012,Personal,2026-04-10 00:00:00,82900.0,Rejected,,,10.22,48,0.0,700-749
L001392,C002337,B002,Personal,2023-12-30 00:00:00,288200.0,Disbursed,2024-01-06 00:00:00,2024-01-08 00:00:00,17.08,48,73353.66,700-749
L001393,C003925,B013,Personal,2024-04-17 00:00:00,1140100.0,Disbursed,2024-05-01 00:00:00,2024-05-04 00:00:00,17.33,120,913024.5,700-749
L001394,C002126,B008,Home,2026-01-07 00:00:00,496200.0,Rejected,,,16.09,36,0.0,750+
L001395,C003778,B022,Home,2025-02-06 00:00:00,681900.0,Disbursed,2025-02-16 00:00:00,2025-02-24 00:00:00,17.23,36,392630.63,750+
L001396,C002950,B010,Business,2024-07-31 00:00:00,396500.0,Rejected,,,15.65,48,0.0,700-749
L001397,C002161,B006,Vehicle,2026-01-27 00:00:00,444900.0,Disbursed,2026-02-07 00:00:00,2026-02-14 00:00:00,13.02,120,174058.91,700-749
L001398,C000034,B021,Education,2025-01-03 00:00:00,258600.0,Approved,2025-01-07 00:00:00,,11.0,120,0.0,600-699
L001399,C001244,B006,Vehicle,2024-03-29 00:00:00,2508600.0,Disbursed,2024-04-05 00:00:00,2024-04-06 00:00:00,14.84,12,1401378.44,750+
L001400,C002487,B008,Education,2025-11-07 00:00:00,543000.0,Disbursed,2025-11-14 00:00:00,2025-11-17 00:00:00,8.02,12,320413.04,750+
L001401,C001740,B017,Vehicle,2024-05-30 00:00:00,1098500.0,Rejected,,,10.68,240,0.0,600-699
L001402,C002091,B001,Business,2024-12-28 00:00:00,589100.0,Disbursed,2025-01-06 00:00:00,2025-01-11 00:00:00,9.33,240,346923.41,600-699
L001403,C003002,B018,Vehicle,2024-09-01 00:00:00,103500.0,Disbursed,2024-09-03 00:00:00,2024-09-12 00:00:00,15.27,24,58865.55,600-699
L001404,C001520,B025,Education,2023-07-27 00:00:00,315800.0,Disbursed,2023-08-07 00:00:00,2023-08-10 00:00:00,17.86,120,288033.61,750+
L001405,C000959,B030,Vehicle,2025-12-01 00:00:00,114900.0,Disbursed,2025-12-14 00:00:00,2025-12-22 00:00:00,9.71,36,59723.07,600-699
L001406,C001199,B017,Home,2023-06-20 00:00:00,177500.0,Approved,2023-07-02 00:00:00,,16.0,48,0.0,600-699
L001407,C004377,B011,Vehicle,2024-02-11 00:00:00,262100.0,Disbursed,2024-02-18 00:00:00,2024-02-20 00:00:00,13.64,36,236210.42,600-699
L001408,C001910,B030,Vehicle,2025-02-24 00:00:00,216300.0,Rejected,,,16.5,48,0.0,750+
L001409,C004805,B005,Vehicle,2023-12-23 00:00:00,261200.0,Rejected,,,9.45,24,0.0,700-749
L001410,C000197,B011,Business,2026-02-07 00:00:00,1912200.0,Disbursed,2026-02-21 00:00:00,2026-02-23 00:00:00,17.41,12,612608.5,<600
L001411,C001629,B005,Education,2025-07-19 00:00:00,237700.0,Closed,2025-07-28 00:00:00,2025-07-29 00:00:00,9.41,180,0.0,700-749
L001412,C000529,B007,Home,2025-06-11 00:00:00,356500.0,Rejected,,,14.48,180,0.0,700-749
L001413,C002153,B008,Business,2025-07-09 00:00:00,191000.0,Disbursed,2025-07-22 00:00:00,2025-07-31 00:00:00,7.54,240,154097.57,600-699
L001414,C003329,B018,Personal,2025-02-04 00:00:00,1628600.0,Closed,2025-02-11 00:00:00,2025-02-19 00:00:00,12.33,24,0.0,750+
L001415,C001260,B028,Vehicle,2023-09-09 00:00:00,1349300.0,Disbursed,2023-09-13 00:00:00,2023-09-14 00:00:00,11.88,180,1152150.93,700-749
L001416,C002030,B005,Personal,2023-06-23 00:00:00,198000.0,Disbursed,2023-07-01 00:00:00,2023-07-05 00:00:00,17.36,48,142258.52,600-699
L001417,C001121,B009,Home,2026-02-11 00:00:00,275800.0,Disbursed,2026-02-14 00:00:00,2026-02-16 00:00:00,17.4,24,219232.63,600-699
L001418,C001750,B007,Home,2025-07-10 00:00:00,60700.0,Disbursed,2025-07-24 00:00:00,2025-07-27 00:00:00,13.97,180,32029.65,700-749
L001419,C001757,B024,Personal,2024-12-04 00:00:00,261800.0,Disbursed,2024-12-16 00:00:00,2024-12-25 00:00:00,12.47,60,124983.63,600-699
L001420,C001786,B011,Vehicle,2024-04-04 00:00:00,243400.0,Closed,2024-04-16 00:00:00,2024-04-21 00:00:00,17.02,180,0.0,600-699
L001421,C003882,B013,Home,2023-11-21 00:00:00,48800.0,Disbursed,2023-11-28 00:00:00,2023-12-07 00:00:00,9.84,240,30860.93,700-749
L001422,C002087,B002,Vehicle,2026-05-16 00:00:00,643200.0,Disbursed,2026-05-23 00:00:00,2026-05-28 00:00:00,13.86,60,380692.7,750+
L001423,C002876,B024,Personal,2025-02-06 00:00:00,426900.0,Disbursed,2025-02-16 00:00:00,2025-02-25 00:00:00,13.83,36,227031.56,700-749
L001424,C002023,B009,Education,2024-06-01 00:00:00,120600.0,Rejected,,,10.84,24,0.0,600-699
L001425,C004887,B026,Personal,2023-02-08 00:00:00,1100900.0,Approved,2023-02-21 00:00:00,,9.27,180,0.0,750+
L001426,C000808,B010,Home,2025-10-27 00:00:00,258000.0,Approved,2025-11-02 00:00:00,,11.18,60,0.0,750+
L001427,C002296,B003,Personal,2023-10-30 00:00:00,95600.0,Closed,2023-11-11 00:00:00,2023-11-16 00:00:00,10.35,48,0.0,750+
L001428,C003811,B008,Business,2026-05-11 00:00:00,472300.0,Rejected,,,10.61,36,0.0,750+
L001429,C001722,B013,Home,2026-01-17 00:00:00,607900.0,Disbursed,2026-01-28 00:00:00,2026-02-03 00:00:00,9.91,36,435536.06,600-699
L001430,C002072,B013,Personal,2025-04-14 00:00:00,407700.0,Disbursed,2025-04-22 00:00:00,2025-04-28 00:00:00,15.31,180,284312.53,700-749
L001431,C001591,B007,Vehicle,2025-10-04 00:00:00,536800.0,Disbursed,2025-10-06 00:00:00,2025-10-08 00:00:00,16.57,12,425873.51,750+
L001432,C002602,B019,Personal,2023-04-17 00:00:00,1141300.0,Disbursed,2023-04-29 00:00:00,2023-05-08 00:00:00,10.45,24,943973.18,750+
L001433,C000568,B016,Personal,2025-02-09 00:00:00,755500.0,Closed,2025-02-16 00:00:00,2025-02-21 00:00:00,10.06,60,0.0,600-699
L001434,C001383,B022,Personal,2023-03-03 00:00:00,569800.0,Disbursed,2023-03-07 00:00:00,2023-03-16 00:00:00,17.6,180,401469.93,750+
L001435,C003815,B026,Personal,2023-03-28 00:00:00,49100.0,Rejected,,,17.14,36,0.0,600-699
L001436,C003600,B020,Personal,2023-01-30 00:00:00,261600.0,Closed,2023-02-12 00:00:00,2023-02-13 00:00:00,13.31,120,0.0,600-699
L001437,C004394,B021,Home,2026-01-13 00:00:00,1202200.0,Disbursed,2026-01-15 00:00:00,2026-01-19 00:00:00,7.87,180,639197.18,700-749
L001438,C004471,B030,Education,2025-06-18 00:00:00,1339100.0,Rejected,,,15.16,120,0.0,750+
L001439,C002835,B014,Vehicle,2025-09-07 00:00:00,356900.0,Closed,2025-09-16 00:00:00,2025-09-18 00:00:00,11.17,48,0.0,700-749
L001440,C001962,B015,Education,2026-03-14 00:00:00,803700.0,Closed,2026-03-28 00:00:00,2026-03-29 00:00:00,16.25,24,0.0,700-749
L001441,C003188,B007,Home,2024-12-25 00:00:00,760100.0,Closed,2025-01-06 00:00:00,2025-01-09 00:00:00,9.42,240,0.0,700-749
L001442,C002189,B029,Personal,2026-05-01 00:00:00,462600.0,Disbursed,2026-05-02 00:00:00,2026-05-09 00:00:00,7.39,12,419596.84,600-699
L001443,C003543,B030,Education,2025-04-02 00:00:00,992200.0,Approved,2025-04-11 00:00:00,,9.88,12,0.0,750+
L001444,C004017,B004,Personal,2025-06-17 00:00:00,137700.0,Disbursed,2025-06-25 00:00:00,2025-06-30 00:00:00,11.13,180,85630.79,600-699
L001445,C003860,B012,Business,2023-06-28 00:00:00,104500.0,Disbursed,2023-07-07 00:00:00,2023-07-09 00:00:00,16.27,12,71491.3,600-699
L001446,C000674,B010,Personal,2026-02-10 00:00:00,4232800.0,Approved,2026-02-12 00:00:00,,12.38,48,0.0,600-699
L001447,C002902,B029,Home,2025-02-15 00:00:00,1674600.0,Disbursed,2025-03-01 00:00:00,2025-03-10 00:00:00,16.99,12,799446.22,700-749
L001448,C000467,B020,Home,2026-03-08 00:00:00,234600.0,Approved,2026-03-19 00:00:00,,13.33,24,0.0,600-699
L001449,C001134,B029,Personal,2025-08-23 00:00:00,746500.0,Approved,2025-08-24 00:00:00,,13.07,60,0.0,<600
L001450,C003869,B009,Personal,2025-02-10 00:00:00,15950700.0,Disbursed,2025-02-20 00:00:00,2025-02-23 00:00:00,9.3,24,7506824.42,600-699
L001451,C002396,B029,Home,2024-12-02 00:00:00,2195500.0,Disbursed,2024-12-10 00:00:00,2024-12-15 00:00:00,14.75,60,1216761.61,600-699
L001452,C004087,B023,Education,2024-07-15 00:00:00,1303800.0,Disbursed,2024-07-22 00:00:00,2024-07-30 00:00:00,8.12,24,913494.39,750+
L001453,C000320,B027,Vehicle,2023-09-03 00:00:00,241200.0,Rejected,,,9.65,48,0.0,700-749
L001454,C001993,B016,Vehicle,2023-06-26 00:00:00,734900.0,Disbursed,2023-07-06 00:00:00,2023-07-07 00:00:00,8.55,60,618809.9,600-699
L001455,C003463,B025,Business,2024-11-22 00:00:00,773000.0,Disbursed,2024-12-06 00:00:00,2024-12-12 00:00:00,10.79,12,215293.08,700-749
L001456,C003894,B011,Business,2024-05-27 00:00:00,315600.0,Disbursed,2024-06-08 00:00:00,2024-06-14 00:00:00,14.75,120,123871.56,750+
L001457,C002268,B005,Education,2024-12-12 00:00:00,480500.0,Rejected,,,13.98,120,0.0,700-749
L001458,C004853,B009,Home,2026-05-23 00:00:00,5535200.0,Disbursed,2026-06-06 00:00:00,2026-06-15 00:00:00,17.45,120,2994752.78,750+
L001459,C000313,B010,Vehicle,2024-11-06 00:00:00,331300.0,Disbursed,2024-11-18 00:00:00,2024-11-24 00:00:00,11.49,120,237858.3,750+
L001460,C003312,B026,Home,2024-04-14 00:00:00,650300.0,Disbursed,2024-04-22 00:00:00,2024-04-29 00:00:00,7.18,48,494999.91,700-749
L001461,C000130,B017,Business,2025-05-10 00:00:00,103400.0,Disbursed,2025-05-15 00:00:00,2025-05-22 00:00:00,8.84,60,47661.58,700-749
L001462,C001626,B010,Personal,2025-08-09 00:00:00,822300.0,Approved,2025-08-19 00:00:00,,12.48,36,0.0,750+
L001463,C000295,B021,Personal,2025-07-08 00:00:00,1830900.0,Disbursed,2025-07-20 00:00:00,2025-07-29 00:00:00,13.59,120,1584458.0,700-749
L001464,C003739,B027,Business,2025-02-18 00:00:00,891700.0,Disbursed,2025-02-22 00:00:00,2025-02-25 00:00:00,8.55,12,512510.43,700-749
L001465,C001177,B006,Vehicle,2025-03-06 00:00:00,838400.0,Disbursed,2025-03-19 00:00:00,2025-03-24 00:00:00,10.29,180,696260.38,700-749
L001466,C002959,B007,Vehicle,2025-06-27 00:00:00,246000.0,Rejected,,,11.11,180,0.0,750+
L001467,C004861,B013,Personal,2026-05-10 00:00:00,1791000.0,Rejected,,,8.57,36,0.0,750+
L001468,C003430,B005,Education,2025-08-12 00:00:00,61300.0,Disbursed,2025-08-21 00:00:00,2025-08-27 00:00:00,16.41,180,35356.31,600-699
L001469,C003694,B025,Personal,2025-10-09 00:00:00,520600.0,Disbursed,2025-10-18 00:00:00,2025-10-19 00:00:00,7.13,180,316124.04,700-749
L001470,C004188,B021,Home,2025-01-23 00:00:00,173400.0,Disbursed,2025-02-01 00:00:00,2025-02-08 00:00:00,17.45,48,94393.97,750+
L001471,C001639,B018,Vehicle,2025-09-10 00:00:00,134900.0,Disbursed,2025-09-14 00:00:00,2025-09-19 00:00:00,12.39,180,78512.98,700-749
L001472,C002231,B002,Personal,2025-06-12 00:00:00,1378200.0,Disbursed,2025-06-25 00:00:00,2025-07-03 00:00:00,13.69,36,487185.25,600-699
L001473,C000537,B027,Vehicle,2023-08-15 00:00:00,310500.0,Disbursed,2023-08-26 00:00:00,2023-08-27 00:00:00,8.08,48,199212.27,600-699
L001474,C000325,B012,Personal,2025-06-05 00:00:00,3139700.0,Disbursed,2025-06-14 00:00:00,2025-06-15 00:00:00,15.21,180,1698007.01,600-699
L001475,C003213,B018,Home,2025-12-17 00:00:00,72300.0,Disbursed,2025-12-30 00:00:00,2026-01-01 00:00:00,13.8,120,25808.98,750+
L001476,C000681,B014,Vehicle,2023-06-11 00:00:00,811200.0,Disbursed,2023-06-19 00:00:00,2023-06-23 00:00:00,7.34,60,398186.09,700-749
L001477,C000049,B014,Business,2025-07-04 00:00:00,1549700.0,Disbursed,2025-07-05 00:00:00,2025-07-06 00:00:00,10.23,24,1008609.64,750+
L001478,C001971,B024,Personal,2023-07-14 00:00:00,324300.0,Rejected,,,16.82,12,0.0,750+
L001479,C001878,B015,Personal,2024-12-19 00:00:00,468400.0,Closed,2024-12-21 00:00:00,2024-12-26 00:00:00,12.9,48,0.0,750+
L001480,C004321,B021,Personal,2023-08-06 00:00:00,176700.0,Disbursed,2023-08-08 00:00:00,2023-08-17 00:00:00,9.77,24,151206.05,750+
L001481,C001969,B024,Vehicle,2025-04-11 00:00:00,543100.0,Rejected,,,16.6,120,0.0,750+
L001482,C002652,B012,Home,2023-02-20 00:00:00,711300.0,Approved,2023-02-28 00:00:00,,15.45,48,0.0,600-699
L001483,C001642,B019,Personal,2024-08-05 00:00:00,330600.0,Rejected,,,14.47,24,0.0,700-749
L001484,C004423,B019,Business,2025-10-05 00:00:00,219900.0,Approved,2025-10-12 00:00:00,,13.18,180,0.0,600-699
L001485,C002009,B023,Personal,2026-03-14 00:00:00,405800.0,Disbursed,2026-03-18 00:00:00,2026-03-24 00:00:00,8.14,180,312646.84,750+
L001486,C004167,B008,Home,2023-11-17 00:00:00,1467000.0,Disbursed,2023-11-22 00:00:00,2023-11-24 00:00:00,10.02,240,655353.48,700-749
L001487,C002651,B030,Vehicle,2025-02-08 00:00:00,720500.0,Closed,2025-02-18 00:00:00,2025-02-22 00:00:00,16.06,36,0.0,600-699
L001488,C002142,B009,Personal,2025-06-23 00:00:00,82500.0,Disbursed,2025-07-01 00:00:00,2025-07-09 00:00:00,9.53,48,54169.41,700-749
L001489,C003427,B029,Vehicle,2024-02-29 00:00:00,604900.0,Disbursed,2024-03-08 00:00:00,2024-03-12 00:00:00,15.78,180,571522.46,600-699
L001490,C003921,B025,Home,2023-01-26 00:00:00,699200.0,Approved,2023-02-05 00:00:00,,7.66,24,0.0,750+
L001491,C001579,B029,Personal,2025-11-17 00:00:00,815500.0,Rejected,,,16.38,12,0.0,700-749
L001492,C002135,B013,Business,2024-01-30 00:00:00,2046900.0,Disbursed,2024-02-04 00:00:00,2024-02-08 00:00:00,14.41,180,1154247.63,750+
L001493,C000329,B023,Personal,2025-10-09 00:00:00,148500.0,Disbursed,2025-10-21 00:00:00,2025-10-29 00:00:00,8.83,60,49036.19,700-749
L001494,C001264,B016,Vehicle,2024-11-20 00:00:00,359200.0,Disbursed,2024-12-01 00:00:00,2024-12-07 00:00:00,12.8,48,217131.25,700-749
L001495,C001983,B027,Personal,2025-03-02 00:00:00,323500.0,Disbursed,2025-03-09 00:00:00,2025-03-18 00:00:00,9.0,60,105537.2,700-749
L001496,C003873,B025,Personal,2024-06-18 00:00:00,363900.0,Disbursed,2024-06-28 00:00:00,2024-07-07 00:00:00,7.82,24,212082.02,600-699
L001497,C002146,B004,Personal,2024-01-23 00:00:00,425100.0,Rejected,,,17.76,48,0.0,600-699
L001498,C000837,B022,Personal,2025-09-20 00:00:00,224900.0,Disbursed,2025-09-21 00:00:00,2025-09-30 00:00:00,17.77,120,86430.18,750+
L001499,C003302,B012,Home,2026-05-17 00:00:00,122100.0,Disbursed,2026-05-30 00:00:00,2026-06-07 00:00:00,13.79,24,60700.28,600-699
L001500,C003358,B007,Education,2025-01-29 00:00:00,335700.0,Disbursed,2025-02-08 00:00:00,2025-02-12 00:00:00,13.43,240,101317.46,<600
L001501,C001459,B021,Education,2023-05-28 00:00:00,207000.0,Disbursed,2023-06-08 00:00:00,2023-06-14 00:00:00,13.53,48,144051.13,700-749
L001502,C002589,B014,Education,2024-10-07 00:00:00,311100.0,Disbursed,2024-10-17 00:00:00,2024-10-20 00:00:00,12.89,120,157021.66,700-749
L001503,C002898,B027,Personal,2023-10-10 00:00:00,1604800.0,Disbursed,2023-10-22 00:00:00,2023-10-27 00:00:00,12.19,120,757041.64,600-699
L001504,C004941,B018,Business,2025-08-06 00:00:00,573300.0,Rejected,,,16.28,12,0.0,600-699
L001505,C003037,B001,Personal,2025-06-10 00:00:00,602100.0,Disbursed,2025-06-20 00:00:00,2025-06-29 00:00:00,10.54,24,355288.57,600-699
L001506,C003448,B011,Personal,2024-10-23 00:00:00,160800.0,Closed,2024-10-26 00:00:00,2024-11-02 00:00:00,14.65,48,0.0,750+
L001507,C001417,B011,Personal,2026-01-22 00:00:00,447100.0,Disbursed,2026-01-29 00:00:00,2026-02-05 00:00:00,14.24,240,283356.16,600-699
L001508,C003512,B029,Home,2023-06-21 00:00:00,638800.0,Approved,2023-06-26 00:00:00,,17.12,240,0.0,<600
L001509,C003095,B022,Vehicle,2024-05-03 00:00:00,128200.0,Disbursed,2024-05-17 00:00:00,2024-05-20 00:00:00,15.99,240,112070.35,750+
L001510,C004713,B007,Education,2025-09-22 00:00:00,376200.0,Rejected,,,11.54,240,0.0,700-749
L001511,C004074,B019,Home,2025-11-18 00:00:00,874600.0,Approved,2025-11-20 00:00:00,,9.26,240,0.0,600-699
L001512,C001427,B010,Business,2023-08-24 00:00:00,1040200.0,Disbursed,2023-09-01 00:00:00,2023-09-09 00:00:00,9.71,48,755933.57,750+
L001513,C001397,B025,Business,2023-07-16 00:00:00,121100.0,Disbursed,2023-07-18 00:00:00,2023-07-20 00:00:00,7.41,180,63986.81,750+
L001514,C003854,B020,Personal,2026-01-20 00:00:00,67400.0,Disbursed,2026-01-23 00:00:00,2026-01-29 00:00:00,10.2,120,21179.62,600-699
L001515,C000021,B002,Education,2024-03-17 00:00:00,725200.0,Disbursed,2024-03-25 00:00:00,2024-04-02 00:00:00,10.82,12,316916.52,750+
L001516,C001530,B028,Education,2024-07-16 00:00:00,370700.0,Disbursed,2024-07-26 00:00:00,2024-07-31 00:00:00,12.57,120,304676.86,700-749
L001517,C004916,B005,Vehicle,2026-01-10 00:00:00,1106900.0,Closed,2026-01-20 00:00:00,2026-01-22 00:00:00,7.76,180,0.0,700-749
L001518,C001296,B019,Vehicle,2025-03-17 00:00:00,307500.0,Closed,2025-03-27 00:00:00,2025-03-31 00:00:00,8.51,180,0.0,750+
L001519,C000444,B004,Personal,2026-05-08 00:00:00,86900.0,Disbursed,2026-05-15 00:00:00,2026-05-17 00:00:00,9.72,48,76273.27,600-699
L001520,C003370,B004,Education,2024-04-01 00:00:00,950600.0,Disbursed,2024-04-04 00:00:00,2024-04-08 00:00:00,8.01,60,855057.88,600-699
L001521,C002253,B014,Education,2024-04-20 00:00:00,447400.0,Disbursed,2024-04-29 00:00:00,2024-05-01 00:00:00,13.16,36,133641.69,700-749
L001522,C004358,B011,Education,2025-11-29 00:00:00,272300.0,Rejected,,,17.55,120,0.0,600-699
L001523,C000027,B025,Business,2024-08-06 00:00:00,1005100.0,Disbursed,2024-08-09 00:00:00,2024-08-18 00:00:00,10.31,48,350248.03,600-699
L001524,C004277,B012,Personal,2024-07-13 00:00:00,1940300.0,Disbursed,2024-07-22 00:00:00,2024-07-29 00:00:00,7.7,24,1471883.12,<600
L001525,C002617,B030,Home,2024-02-10 00:00:00,348500.0,Disbursed,2024-02-19 00:00:00,2024-02-24 00:00:00,8.8,12,110525.75,700-749
L001526,C004931,B007,Home,2025-12-16 00:00:00,908400.0,Disbursed,2025-12-28 00:00:00,2025-12-29 00:00:00,13.15,12,531434.9,750+
L001527,C004020,B002,Personal,2025-08-25 00:00:00,1848000.0,Disbursed,2025-08-27 00:00:00,2025-08-31 00:00:00,17.77,60,945621.69,750+
L001528,C000374,B012,Home,2026-02-08 00:00:00,65200.0,Disbursed,2026-02-09 00:00:00,2026-02-15 00:00:00,15.9,48,32801.81,600-699
L001529,C002540,B013,Home,2023-11-27 00:00:00,2079300.0,Closed,2023-12-11 00:00:00,2023-12-17 00:00:00,15.3,240,0.0,750+
L001530,C001824,B016,Education,2026-04-20 00:00:00,668700.0,Approved,2026-05-04 00:00:00,,7.67,48,0.0,600-699
L001531,C000003,B021,Home,2023-05-30 00:00:00,1064200.0,Disbursed,2023-06-13 00:00:00,2023-06-18 00:00:00,16.77,36,404681.44,600-699
L001532,C003570,B019,Vehicle,2024-01-12 00:00:00,195200.0,Disbursed,2024-01-19 00:00:00,2024-01-20 00:00:00,14.17,240,135999.39,700-749
L001533,C002564,B013,Personal,2024-09-19 00:00:00,499100.0,Approved,2024-10-01 00:00:00,,9.6,36,0.0,750+
L001534,C003636,B011,Personal,2023-05-25 00:00:00,185200.0,Disbursed,2023-05-26 00:00:00,2023-06-01 00:00:00,10.68,120,166009.19,750+
L001535,C003280,B019,Home,2023-04-30 00:00:00,84000.0,Disbursed,2023-05-04 00:00:00,2023-05-07 00:00:00,17.81,24,45015.3,700-749
L001536,C004065,B022,Home,2025-02-06 00:00:00,260100.0,Closed,2025-02-19 00:00:00,2025-02-24 00:00:00,12.77,12,0.0,600-699
L001537,C004522,B007,Home,2024-12-02 00:00:00,1707300.0,Disbursed,2024-12-10 00:00:00,2024-12-15 00:00:00,16.61,48,1577139.21,750+
L001538,C002414,B020,Home,2026-02-28 00:00:00,384900.0,Approved,2026-03-06 00:00:00,,15.07,240,0.0,750+
L001539,C000294,B010,Personal,2024-07-10 00:00:00,1827500.0,Closed,2024-07-24 00:00:00,2024-07-25 00:00:00,17.59,120,0.0,750+
L001540,C001933,B003,Vehicle,2025-12-09 00:00:00,239900.0,Disbursed,2025-12-17 00:00:00,2025-12-26 00:00:00,14.62,36,175186.14,600-699
L001541,C002079,B012,Personal,2025-11-30 00:00:00,916800.0,Disbursed,2025-12-11 00:00:00,2025-12-16 00:00:00,13.97,24,434847.69,700-749
L001542,C004524,B022,Vehicle,2024-04-16 00:00:00,151700.0,Disbursed,2024-04-23 00:00:00,2024-04-27 00:00:00,16.37,180,117701.82,700-749
L001543,C001677,B004,Personal,2025-06-21 00:00:00,56300.0,Disbursed,2025-06-22 00:00:00,2025-06-25 00:00:00,7.3,60,39362.28,750+
L001544,C003703,B002,Vehicle,2024-03-18 00:00:00,167800.0,Rejected,,,11.07,180,0.0,750+
L001545,C003104,B028,Business,2023-12-12 00:00:00,372600.0,Disbursed,2023-12-21 00:00:00,2023-12-24 00:00:00,15.53,120,119113.81,700-749
L001546,C003779,B005,Vehicle,2024-04-03 00:00:00,387900.0,Rejected,,,13.61,240,0.0,600-699
L001547,C004011,B028,Home,2026-01-23 00:00:00,716600.0,Rejected,,,15.54,120,0.0,700-749
L001548,C001890,B018,Vehicle,2025-03-15 00:00:00,869500.0,Approved,2025-03-17 00:00:00,,16.73,24,0.0,750+
L001549,C001519,B024,Home,2023-11-22 00:00:00,1275400.0,Disbursed,2023-11-30 00:00:00,2023-12-03 00:00:00,13.4,36,607806.66,<600
L001550,C004766,B020,Personal,2023-04-04 00:00:00,1244400.0,Rejected,,,17.75,240,0.0,600-699
L001551,C004596,B002,Home,2024-12-12 00:00:00,1801200.0,Rejected,,,11.59,120,0.0,700-749
L001552,C002421,B001,Vehicle,2023-11-23 00:00:00,344700.0,Disbursed,2023-12-03 00:00:00,2023-12-08 00:00:00,8.28,180,156865.59,700-749
L001553,C003346,B025,Vehicle,2026-04-25 00:00:00,273900.0,Disbursed,2026-05-03 00:00:00,2026-05-11 00:00:00,10.55,240,113016.53,600-699
L001554,C000574,B005,Home,2024-04-29 00:00:00,239000.0,Disbursed,2024-05-07 00:00:00,2024-05-14 00:00:00,17.4,36,142439.72,600-699
L001555,C004670,B024,Business,2024-08-31 00:00:00,266300.0,Disbursed,2024-09-14 00:00:00,2024-09-23 00:00:00,13.18,240,143072.23,700-749
L001556,C004118,B027,Home,2026-01-09 00:00:00,414700.0,Disbursed,2026-01-19 00:00:00,2026-01-21 00:00:00,17.57,12,328629.32,600-699
L001557,C003432,B019,Education,2023-11-29 00:00:00,164700.0,Disbursed,2023-12-07 00:00:00,2023-12-10 00:00:00,10.93,48,118521.79,<600
L001558,C002826,B028,Personal,2025-05-11 00:00:00,182600.0,Rejected,,,12.9,48,0.0,750+
L001559,C003566,B016,Education,2023-03-12 00:00:00,193900.0,Rejected,,,11.75,180,0.0,750+
L001560,C002157,B012,Home,2025-09-02 00:00:00,322300.0,Disbursed,2025-09-16 00:00:00,2025-09-25 00:00:00,13.64,60,217317.74,700-749
L001561,C004924,B012,Personal,2024-08-12 00:00:00,285500.0,Disbursed,2024-08-16 00:00:00,2024-08-24 00:00:00,7.59,60,236516.87,700-749
L001562,C001022,B012,Education,2023-11-16 00:00:00,213700.0,Disbursed,2023-11-24 00:00:00,2023-11-29 00:00:00,17.95,36,93864.11,750+
L001563,C002908,B026,Education,2025-05-14 00:00:00,108400.0,Disbursed,2025-05-17 00:00:00,2025-05-26 00:00:00,7.05,48,42570.24,<600
L001564,C004094,B018,Personal,2026-03-26 00:00:00,5209700.0,Disbursed,2026-04-04 00:00:00,2026-04-06 00:00:00,8.72,240,1534042.34,750+
L001565,C002306,B018,Personal,2023-02-09 00:00:00,58300.0,Closed,2023-02-23 00:00:00,2023-02-25 00:00:00,14.98,48,0.0,700-749
L001566,C004552,B024,Personal,2025-10-16 00:00:00,337600.0,Closed,2025-10-22 00:00:00,2025-10-28 00:00:00,7.85,12,0.0,600-699
L001567,C004796,B019,Personal,2023-11-05 00:00:00,577400.0,Rejected,,,9.74,24,0.0,700-749
L001568,C001923,B004,Personal,2023-08-13 00:00:00,210900.0,Disbursed,2023-08-23 00:00:00,2023-09-01 00:00:00,8.86,48,164672.83,700-749
L001569,C002955,B013,Personal,2023-01-29 00:00:00,753200.0,Rejected,,,17.66,36,0.0,750+
L001570,C003351,B020,Home,2025-05-15 00:00:00,567500.0,Disbursed,2025-05-27 00:00:00,2025-05-30 00:00:00,16.32,180,422448.31,700-749
L001571,C001500,B028,Home,2023-04-05 00:00:00,145700.0,Approved,2023-04-13 00:00:00,,15.36,24,0.0,750+
L001572,C004867,B023,Business,2026-04-22 00:00:00,305200.0,Disbursed,2026-04-26 00:00:00,2026-05-04 00:00:00,15.43,240,211016.55,600-699
L001573,C004328,B027,Home,2025-06-06 00:00:00,317800.0,Closed,2025-06-17 00:00:00,2025-06-19 00:00:00,13.74,180,0.0,600-699
L001574,C000737,B008,Home,2023-11-29 00:00:00,1071200.0,Disbursed,2023-12-07 00:00:00,2023-12-10 00:00:00,7.76,12,350622.85,<600
L001575,C003875,B020,Vehicle,2025-05-20 00:00:00,171500.0,Disbursed,2025-05-22 00:00:00,2025-05-25 00:00:00,14.65,60,134094.87,600-699
L001576,C003787,B017,Personal,2026-04-05 00:00:00,1688800.0,Disbursed,2026-04-17 00:00:00,2026-04-24 00:00:00,12.5,180,1582996.3,<600
L001577,C004199,B012,Business,2024-07-31 00:00:00,476900.0,Disbursed,2024-08-05 00:00:00,2024-08-06 00:00:00,14.52,60,335352.47,750+
L001578,C003704,B005,Vehicle,2026-05-05 00:00:00,258300.0,Disbursed,2026-05-19 00:00:00,2026-05-24 00:00:00,14.08,180,129932.87,700-749
L001579,C000675,B010,Vehicle,2023-10-28 00:00:00,1407800.0,Disbursed,2023-11-03 00:00:00,2023-11-08 00:00:00,14.07,60,366349.79,600-699
L001580,C004306,B015,Home,2023-04-24 00:00:00,1542800.0,Rejected,,,17.49,120,0.0,700-749
L001581,C003862,B017,Vehicle,2023-07-12 00:00:00,133900.0,Disbursed,2023-07-23 00:00:00,2023-07-30 00:00:00,9.04,48,102292.72,700-749
L001582,C000754,B010,Home,2025-07-08 00:00:00,494100.0,Closed,2025-07-16 00:00:00,2025-07-20 00:00:00,10.25,180,0.0,600-699
L001583,C004316,B021,Education,2026-04-27 00:00:00,495500.0,Approved,2026-05-04 00:00:00,,8.35,240,0.0,600-699
L001584,C000477,B022,Personal,2025-09-12 00:00:00,619400.0,Closed,2025-09-17 00:00:00,2025-09-24 00:00:00,9.71,120,0.0,600-699
L001585,C004972,B008,Home,2023-05-15 00:00:00,134300.0,Closed,2023-05-25 00:00:00,2023-06-02 00:00:00,10.15,240,0.0,700-749
L001586,C002994,B003,Personal,2023-09-13 00:00:00,60500.0,Disbursed,2023-09-18 00:00:00,2023-09-25 00:00:00,8.33,24,33800.01,750+
L001587,C003565,B013,Personal,2024-02-17 00:00:00,1231400.0,Approved,2024-03-01 00:00:00,,11.67,180,0.0,700-749
L001588,C001111,B002,Personal,2024-11-28 00:00:00,1822700.0,Disbursed,2024-12-03 00:00:00,2024-12-04 00:00:00,12.59,12,1487746.54,600-699
L001589,C003641,B020,Vehicle,2025-01-21 00:00:00,588400.0,Rejected,,,14.12,36,0.0,700-749
L001590,C004275,B002,Personal,2025-11-14 00:00:00,1410700.0,Disbursed,2025-11-28 00:00:00,2025-12-06 00:00:00,17.36,60,356083.81,750+
L001591,C004474,B003,Personal,2023-02-10 00:00:00,755400.0,Disbursed,2023-02-14 00:00:00,2023-02-17 00:00:00,13.21,12,284829.65,700-749
L001592,C000349,B023,Personal,2023-09-17 00:00:00,103200.0,Rejected,,,11.59,12,0.0,750+
L001593,C001373,B003,Vehicle,2024-08-30 00:00:00,29000.0,Disbursed,2024-09-03 00:00:00,2024-09-10 00:00:00,9.31,48,9260.93,750+
L001594,C000569,B018,Home,2025-04-22 00:00:00,164800.0,Disbursed,2025-05-03 00:00:00,2025-05-11 00:00:00,9.88,180,108142.26,700-749
L001595,C002525,B025,Business,2025-04-24 00:00:00,373600.0,Disbursed,2025-05-06 00:00:00,2025-05-11 00:00:00,14.97,240,127196.37,700-749
L001596,C004251,B024,Personal,2025-09-10 00:00:00,158600.0,Closed,2025-09-18 00:00:00,2025-09-25 00:00:00,11.13,180,0.0,600-699
L001597,C002104,B009,Home,2025-09-18 00:00:00,277200.0,Disbursed,2025-09-28 00:00:00,2025-10-02 00:00:00,17.06,24,97004.41,600-699
L001598,C001807,B015,Personal,2023-09-30 00:00:00,67400.0,Disbursed,2023-10-10 00:00:00,2023-10-15 00:00:00,13.87,60,39228.33,600-699
L001599,C003504,B020,Personal,2023-10-22 00:00:00,410500.0,Disbursed,2023-10-29 00:00:00,2023-10-30 00:00:00,11.43,240,210428.43,600-699
L001600,C001202,B018,Personal,2023-03-22 00:00:00,583000.0,Disbursed,2023-03-29 00:00:00,2023-04-03 00:00:00,16.07,240,369501.33,750+
L001601,C002964,B025,Vehicle,2025-04-16 00:00:00,413400.0,Disbursed,2025-04-20 00:00:00,2025-04-22 00:00:00,11.78,48,256800.37,700-749
L001602,C001074,B009,Business,2023-09-30 00:00:00,131700.0,Disbursed,2023-10-13 00:00:00,2023-10-18 00:00:00,14.4,36,110760.74,750+
L001603,C004056,B025,Personal,2023-06-29 00:00:00,1122200.0,Closed,2023-07-05 00:00:00,2023-07-09 00:00:00,8.82,60,0.0,750+
L001604,C000315,B008,Home,2024-04-02 00:00:00,360900.0,Disbursed,2024-04-10 00:00:00,2024-04-19 00:00:00,14.69,120,196462.5,750+
L001605,C002886,B029,Personal,2025-06-30 00:00:00,827800.0,Closed,2025-07-01 00:00:00,2025-07-04 00:00:00,14.98,60,0.0,750+
L001606,C001944,B017,Home,2025-08-01 00:00:00,637000.0,Rejected,,,13.57,240,0.0,700-749
L001607,C003211,B005,Personal,2023-09-26 00:00:00,133400.0,Disbursed,2023-09-30 00:00:00,2023-10-07 00:00:00,8.27,48,111095.64,700-749
L001608,C001469,B005,Home,2025-05-30 00:00:00,1340800.0,Disbursed,2025-06-12 00:00:00,2025-06-13 00:00:00,8.41,24,790649.63,600-699
L001609,C002258,B013,Personal,2024-06-26 00:00:00,83000.0,Disbursed,2024-07-10 00:00:00,2024-07-18 00:00:00,15.73,24,59891.29,600-699
L001610,C004920,B012,Personal,2025-06-04 00:00:00,1002000.0,Disbursed,2025-06-08 00:00:00,2025-06-11 00:00:00,11.3,24,408730.43,600-699
L001611,C002474,B020,Vehicle,2023-09-27 00:00:00,2160300.0,Closed,2023-10-02 00:00:00,2023-10-07 00:00:00,17.71,120,0.0,750+
L001612,C003169,B004,Education,2024-12-01 00:00:00,847500.0,Approved,2024-12-15 00:00:00,,8.34,48,0.0,750+
L001613,C000065,B002,Personal,2024-03-23 00:00:00,513900.0,Rejected,,,17.8,120,0.0,<600
L001614,C004121,B023,Personal,2026-02-23 00:00:00,389700.0,Disbursed,2026-02-27 00:00:00,2026-03-08 00:00:00,16.63,120,159628.41,750+
L001615,C004765,B030,Education,2025-03-09 00:00:00,489500.0,Disbursed,2025-03-11 00:00:00,2025-03-16 00:00:00,16.09,60,133556.9,600-699
L001616,C002374,B001,Home,2024-09-11 00:00:00,194000.0,Approved,2024-09-19 00:00:00,,12.29,240,0.0,600-699
L001617,C000523,B002,Business,2026-02-22 00:00:00,561500.0,Rejected,,,14.78,12,0.0,700-749
L001618,C000878,B021,Vehicle,2025-11-09 00:00:00,333500.0,Rejected,,,10.14,120,0.0,750+
L001619,C002868,B001,Vehicle,2024-02-21 00:00:00,405900.0,Disbursed,2024-03-01 00:00:00,2024-03-07 00:00:00,14.92,12,293656.17,700-749
L001620,C002419,B025,Education,2024-09-01 00:00:00,328200.0,Disbursed,2024-09-13 00:00:00,2024-09-14 00:00:00,9.24,36,173787.29,600-699
L001621,C003656,B018,Personal,2025-02-07 00:00:00,684900.0,Disbursed,2025-02-12 00:00:00,2025-02-13 00:00:00,14.68,36,290480.96,750+
L001622,C000846,B015,Home,2024-12-17 00:00:00,479000.0,Closed,2024-12-20 00:00:00,2024-12-29 00:00:00,12.15,60,0.0,700-749
L001623,C000208,B018,Home,2026-02-05 00:00:00,391200.0,Approved,2026-02-17 00:00:00,,11.29,120,0.0,600-699
L001624,C002846,B025,Personal,2023-04-16 00:00:00,224600.0,Disbursed,2023-04-22 00:00:00,2023-05-01 00:00:00,11.84,120,100700.0,600-699
L001625,C002495,B011,Vehicle,2024-11-21 00:00:00,300200.0,Rejected,,,11.58,240,0.0,750+
L001626,C000620,B017,Business,2026-04-03 00:00:00,342900.0,Disbursed,2026-04-13 00:00:00,2026-04-22 00:00:00,11.77,36,284934.78,750+
L001627,C003807,B005,Home,2023-07-16 00:00:00,3517300.0,Disbursed,2023-07-20 00:00:00,2023-07-22 00:00:00,16.24,120,2986936.99,<600
L001628,C003279,B019,Personal,2024-04-19 00:00:00,776800.0,Disbursed,2024-04-20 00:00:00,2024-04-26 00:00:00,15.66,180,593136.64,700-749
L001629,C004178,B025,Personal,2024-06-19 00:00:00,704700.0,Disbursed,2024-07-02 00:00:00,2024-07-05 00:00:00,9.26,12,255173.77,700-749
L001630,C004738,B005,Vehicle,2024-07-08 00:00:00,94200.0,Disbursed,2024-07-11 00:00:00,2024-07-15 00:00:00,17.72,60,53553.47,600-699
L001631,C001347,B018,Home,2024-07-19 00:00:00,1553200.0,Disbursed,2024-07-21 00:00:00,2024-07-24 00:00:00,15.03,240,947667.34,750+
L001632,C001611,B029,Personal,2024-03-17 00:00:00,83900.0,Disbursed,2024-03-22 00:00:00,2024-03-27 00:00:00,11.53,36,22780.85,700-749
L001633,C003866,B023,Education,2024-08-08 00:00:00,301800.0,Disbursed,2024-08-09 00:00:00,2024-08-11 00:00:00,15.25,180,227236.22,600-699
L001634,C003081,B017,Vehicle,2023-02-02 00:00:00,7586500.0,Disbursed,2023-02-13 00:00:00,2023-02-17 00:00:00,15.03,24,4521944.04,750+
L001635,C000378,B002,Home,2026-03-14 00:00:00,1193300.0,Disbursed,2026-03-21 00:00:00,2026-03-23 00:00:00,17.12,180,1101410.71,750+
L001636,C002502,B005,Personal,2023-03-01 00:00:00,210900.0,Rejected,,,15.72,180,0.0,750+
L001637,C002642,B028,Education,2025-04-01 00:00:00,637700.0,Disbursed,2025-04-02 00:00:00,2025-04-11 00:00:00,8.23,120,232738.86,600-699
L001638,C004846,B006,Vehicle,2023-08-05 00:00:00,545000.0,Disbursed,2023-08-16 00:00:00,2023-08-24 00:00:00,13.53,60,462548.82,600-699
L001639,C003179,B021,Education,2025-01-31 00:00:00,1683600.0,Disbursed,2025-02-01 00:00:00,2025-02-08 00:00:00,17.56,240,1380471.24,700-749
L001640,C000849,B009,Home,2025-08-08 00:00:00,110200.0,Disbursed,2025-08-15 00:00:00,2025-08-24 00:00:00,15.44,48,64004.92,600-699
L001641,C000231,B028,Personal,2023-07-17 00:00:00,456300.0,Approved,2023-07-27 00:00:00,,8.69,24,0.0,750+
L001642,C000716,B028,Personal,2025-02-02 00:00:00,130700.0,Disbursed,2025-02-06 00:00:00,2025-02-08 00:00:00,8.89,24,124012.78,700-749
L001643,C000080,B026,Personal,2023-07-19 00:00:00,355500.0,Disbursed,2023-08-02 00:00:00,2023-08-07 00:00:00,12.13,60,137357.61,600-699
L001644,C001174,B008,Personal,2025-05-15 00:00:00,1082900.0,Rejected,,,8.46,24,0.0,600-699
L001645,C001835,B025,Home,2024-08-01 00:00:00,591000.0,Disbursed,2024-08-08 00:00:00,2024-08-12 00:00:00,16.61,48,247990.16,700-749
L001646,C000230,B003,Vehicle,2024-04-20 00:00:00,209100.0,Closed,2024-04-21 00:00:00,2024-04-23 00:00:00,17.47,12,0.0,700-749
L001647,C003145,B026,Personal,2025-12-17 00:00:00,526400.0,Disbursed,2025-12-26 00:00:00,2025-12-30 00:00:00,13.21,12,478917.77,<600
L001648,C001317,B008,Education,2023-10-04 00:00:00,721800.0,Closed,2023-10-08 00:00:00,2023-10-09 00:00:00,16.89,120,0.0,700-749
L001649,C000586,B020,Home,2023-04-30 00:00:00,1037600.0,Disbursed,2023-05-13 00:00:00,2023-05-22 00:00:00,15.72,120,924566.5,600-699
L001650,C001414,B029,Personal,2023-07-20 00:00:00,1312500.0,Approved,2023-08-02 00:00:00,,10.73,24,0.0,750+
L001651,C000318,B016,Home,2025-10-27 00:00:00,315900.0,Rejected,,,13.42,240,0.0,750+
L001652,C002516,B004,Home,2023-12-22 00:00:00,494600.0,Disbursed,2024-01-03 00:00:00,2024-01-07 00:00:00,17.75,36,124196.7,750+
L001653,C004873,B007,Vehicle,2026-04-02 00:00:00,624200.0,Rejected,,,15.06,48,0.0,750+
L001654,C003975,B012,Personal,2023-05-27 00:00:00,865600.0,Rejected,,,13.1,24,0.0,600-699
L001655,C002204,B010,Home,2024-07-20 00:00:00,380500.0,Rejected,,,7.87,12,0.0,600-699
L001656,C004055,B028,Personal,2026-01-19 00:00:00,184500.0,Disbursed,2026-01-28 00:00:00,2026-02-02 00:00:00,13.68,36,109875.49,700-749
L001657,C000610,B009,Vehicle,2025-10-31 00:00:00,253200.0,Rejected,,,11.82,36,0.0,600-699
L001658,C000128,B016,Vehicle,2026-05-06 00:00:00,147100.0,Disbursed,2026-05-20 00:00:00,2026-05-22 00:00:00,11.73,24,121458.93,750+
L001659,C004216,B014,Personal,2025-04-27 00:00:00,491800.0,Disbursed,2025-05-09 00:00:00,2025-05-15 00:00:00,9.93,60,224647.43,700-749
L001660,C001509,B005,Home,2023-03-01 00:00:00,633700.0,Disbursed,2023-03-15 00:00:00,2023-03-21 00:00:00,11.11,48,423305.72,700-749
L001661,C002485,B004,Personal,2024-11-03 00:00:00,3409100.0,Approved,2024-11-16 00:00:00,,17.0,12,0.0,700-749
L001662,C003092,B008,Personal,2023-11-24 00:00:00,2356600.0,Approved,2023-12-06 00:00:00,,13.09,48,0.0,<600
L001663,C000653,B026,Personal,2025-08-02 00:00:00,458700.0,Disbursed,2025-08-03 00:00:00,2025-08-05 00:00:00,15.29,240,190470.21,600-699
L001664,C001735,B003,Business,2024-10-03 00:00:00,728000.0,Disbursed,2024-10-15 00:00:00,2024-10-23 00:00:00,7.89,120,348501.34,600-699
L001665,C002069,B022,Home,2026-01-29 00:00:00,453200.0,Rejected,,,12.47,36,0.0,750+
L001666,C002345,B013,Home,2023-03-11 00:00:00,134800.0,Disbursed,2023-03-25 00:00:00,2023-03-31 00:00:00,8.84,12,60609.23,750+
L001667,C002750,B006,Vehicle,2026-06-05 00:00:00,905800.0,Closed,2026-06-08 00:00:00,2026-06-13 00:00:00,14.55,12,0.0,750+
L001668,C003701,B007,Personal,2023-12-23 00:00:00,359400.0,Disbursed,2024-01-01 00:00:00,2024-01-02 00:00:00,11.04,48,233498.33,700-749
L001669,C000377,B025,Business,2025-04-15 00:00:00,152600.0,Approved,2025-04-27 00:00:00,,11.37,60,0.0,700-749
L001670,C001247,B015,Home,2026-05-21 00:00:00,1049500.0,Disbursed,2026-05-31 00:00:00,2026-06-01 00:00:00,16.21,180,338113.1,600-699
L001671,C002541,B011,Personal,2023-01-23 00:00:00,66500.0,Disbursed,2023-02-03 00:00:00,2023-02-04 00:00:00,12.8,48,55968.56,700-749
L001672,C000527,B028,Vehicle,2024-10-20 00:00:00,1075900.0,Disbursed,2024-11-03 00:00:00,2024-11-09 00:00:00,12.51,24,695450.85,700-749
L001673,C004244,B016,Personal,2024-07-03 00:00:00,108900.0,Disbursed,2024-07-12 00:00:00,2024-07-20 00:00:00,12.46,60,72773.27,600-699
L001674,C000514,B009,Vehicle,2025-08-01 00:00:00,2266900.0,Disbursed,2025-08-06 00:00:00,2025-08-13 00:00:00,10.57,24,1260301.69,750+
L001675,C001973,B011,Home,2023-08-21 00:00:00,2819900.0,Rejected,,,15.63,180,0.0,600-699
L001676,C000384,B008,Home,2025-09-11 00:00:00,714400.0,Disbursed,2025-09-18 00:00:00,2025-09-20 00:00:00,8.62,60,236501.95,600-699
L001677,C003924,B029,Personal,2024-06-27 00:00:00,437500.0,Closed,2024-07-11 00:00:00,2024-07-18 00:00:00,15.77,12,0.0,750+
L001678,C002353,B027,Vehicle,2024-09-21 00:00:00,1150300.0,Disbursed,2024-09-22 00:00:00,2024-09-23 00:00:00,16.59,180,722329.87,<600
L001679,C002431,B013,Personal,2026-05-02 00:00:00,242600.0,Approved,2026-05-03 00:00:00,,13.14,60,0.0,<600
L001680,C004644,B007,Personal,2025-06-03 00:00:00,577000.0,Closed,2025-06-05 00:00:00,2025-06-13 00:00:00,7.81,60,0.0,750+
L001681,C000760,B002,Personal,2023-09-10 00:00:00,195300.0,Disbursed,2023-09-12 00:00:00,2023-09-18 00:00:00,13.47,12,120858.59,700-749
L001682,C002015,B025,Vehicle,2024-11-02 00:00:00,353500.0,Closed,2024-11-07 00:00:00,2024-11-10 00:00:00,9.11,12,0.0,600-699
L001683,C004255,B030,Personal,2026-05-28 00:00:00,743500.0,Disbursed,2026-06-03 00:00:00,2026-06-06 00:00:00,17.62,48,326862.7,750+
L001684,C003416,B014,Vehicle,2024-04-05 00:00:00,590600.0,Rejected,,,15.23,180,0.0,600-699
L001685,C003483,B012,Personal,2025-10-14 00:00:00,929900.0,Disbursed,2025-10-24 00:00:00,2025-11-01 00:00:00,13.48,120,826097.68,700-749
L001686,C003030,B005,Personal,2025-06-19 00:00:00,184800.0,Rejected,,,9.67,24,0.0,750+
L001687,C002873,B007,Home,2025-04-26 00:00:00,1638600.0,Disbursed,2025-05-06 00:00:00,2025-05-14 00:00:00,17.84,60,504310.99,700-749
L001688,C001546,B024,Home,2023-03-24 00:00:00,196300.0,Disbursed,2023-03-25 00:00:00,2023-04-03 00:00:00,15.24,36,79337.08,700-749
L001689,C001372,B029,Personal,2026-02-03 00:00:00,1017000.0,Rejected,,,10.19,240,0.0,750+
L001690,C001620,B022,Home,2026-05-18 00:00:00,936400.0,Disbursed,2026-05-24 00:00:00,2026-05-29 00:00:00,13.74,48,723373.22,700-749
L001691,C000157,B029,Home,2025-04-04 00:00:00,225900.0,Disbursed,2025-04-16 00:00:00,2025-04-25 00:00:00,10.01,60,200390.84,700-749
L001692,C001873,B015,Business,2025-05-07 00:00:00,354600.0,Disbursed,2025-05-20 00:00:00,2025-05-26 00:00:00,9.24,240,309509.09,750+
L001693,C000268,B015,Personal,2023-09-25 00:00:00,78800.0,Closed,2023-10-01 00:00:00,2023-10-06 00:00:00,12.4,12,0.0,600-699
L001694,C001734,B025,Personal,2026-06-29 00:00:00,386700.0,Disbursed,2026-07-13 00:00:00,2026-07-22 00:00:00,7.07,120,306798.01,700-749
L001695,C003902,B030,Vehicle,2025-09-02 00:00:00,1053200.0,Closed,2025-09-05 00:00:00,2025-09-07 00:00:00,14.9,12,0.0,700-749
L001696,C000371,B013,Home,2023-08-26 00:00:00,1299200.0,Rejected,,,12.74,60,0.0,600-699
L001697,C002904,B015,Home,2025-08-10 00:00:00,1560200.0,Disbursed,2025-08-19 00:00:00,2025-08-24 00:00:00,7.92,180,473990.54,700-749
L001698,C004129,B023,Home,2024-03-18 00:00:00,325500.0,Disbursed,2024-03-31 00:00:00,2024-04-06 00:00:00,10.97,240,254967.14,700-749
L001699,C001439,B001,Vehicle,2026-05-11 00:00:00,236100.0,Rejected,,,11.62,12,0.0,700-749
L001700,C000813,B021,Business,2026-06-21 00:00:00,245800.0,Disbursed,2026-07-05 00:00:00,2026-07-11 00:00:00,10.82,48,130664.07,750+
L001701,C000074,B022,Home,2025-07-25 00:00:00,922500.0,Rejected,,,10.93,180,0.0,750+
L001702,C003978,B020,Education,2023-04-06 00:00:00,579800.0,Disbursed,2023-04-15 00:00:00,2023-04-24 00:00:00,13.29,24,399055.05,750+
L001703,C000339,B008,Vehicle,2025-10-04 00:00:00,5856100.0,Closed,2025-10-05 00:00:00,2025-10-13 00:00:00,11.7,60,0.0,750+
L001704,C001384,B026,Home,2026-02-26 00:00:00,882900.0,Disbursed,2026-03-06 00:00:00,2026-03-12 00:00:00,8.62,24,577113.0,750+
L001705,C001928,B015,Vehicle,2025-05-02 00:00:00,2596200.0,Rejected,,,16.46,240,0.0,600-699
L001706,C004031,B019,Home,2023-11-30 00:00:00,679100.0,Rejected,,,14.84,60,0.0,700-749
L001707,C004224,B009,Personal,2024-04-20 00:00:00,75200.0,Disbursed,2024-04-22 00:00:00,2024-04-24 00:00:00,17.57,24,36307.98,600-699
L001708,C000702,B014,Home,2025-10-06 00:00:00,1371100.0,Disbursed,2025-10-15 00:00:00,2025-10-24 00:00:00,9.0,48,725813.12,600-699
L001709,C002271,B026,Home,2023-07-18 00:00:00,790600.0,Disbursed,2023-07-25 00:00:00,2023-07-26 00:00:00,16.11,12,697821.84,<600
L001710,C004421,B026,Home,2025-02-26 00:00:00,370700.0,Rejected,,,9.91,48,0.0,700-749
L001711,C001338,B024,Home,2024-01-31 00:00:00,127900.0,Rejected,,,7.03,12,0.0,750+
L001712,C000891,B030,Business,2023-03-01 00:00:00,1597300.0,Approved,2023-03-07 00:00:00,,16.45,12,0.0,<600
L001713,C003277,B015,Personal,2023-05-01 00:00:00,182400.0,Disbursed,2023-05-08 00:00:00,2023-05-17 00:00:00,11.73,36,160611.07,600-699
L001714,C004641,B021,Home,2024-11-21 00:00:00,129900.0,Disbursed,2024-12-04 00:00:00,2024-12-09 00:00:00,12.73,120,70664.39,750+
L001715,C002900,B030,Home,2023-07-30 00:00:00,559200.0,Rejected,,,12.15,120,0.0,600-699
L001716,C004974,B021,Personal,2025-11-23 00:00:00,89600.0,Disbursed,2025-11-27 00:00:00,2025-12-04 00:00:00,7.05,24,50017.29,600-699
L001717,C001006,B015,Personal,2023-12-09 00:00:00,679600.0,Disbursed,2023-12-18 00:00:00,2023-12-25 00:00:00,9.16,48,211145.83,750+
L001718,C001438,B006,Home,2023-08-08 00:00:00,726100.0,Disbursed,2023-08-19 00:00:00,2023-08-26 00:00:00,11.57,24,327792.52,700-749
L001719,C001346,B030,Personal,2025-06-08 00:00:00,787500.0,Rejected,,,8.14,60,0.0,700-749
L001720,C002282,B020,Personal,2024-02-15 00:00:00,368700.0,Closed,2024-02-26 00:00:00,2024-03-05 00:00:00,17.38,120,0.0,750+
L001721,C004161,B020,Personal,2024-01-25 00:00:00,77300.0,Disbursed,2024-02-04 00:00:00,2024-02-12 00:00:00,11.5,24,40581.64,750+
L001722,C001726,B004,Personal,2023-03-21 00:00:00,158700.0,Disbursed,2023-04-02 00:00:00,2023-04-11 00:00:00,9.41,36,91282.7,750+
L001723,C001091,B006,Home,2023-09-08 00:00:00,875000.0,Disbursed,2023-09-12 00:00:00,2023-09-21 00:00:00,17.18,240,350282.92,600-699
L001724,C002040,B010,Vehicle,2023-06-11 00:00:00,378400.0,Disbursed,2023-06-15 00:00:00,2023-06-23 00:00:00,17.88,180,139658.65,700-749
L001725,C002938,B023,Personal,2024-04-12 00:00:00,2211700.0,Closed,2024-04-16 00:00:00,2024-04-17 00:00:00,14.81,240,0.0,700-749
L001726,C002252,B010,Home,2023-11-15 00:00:00,1053700.0,Disbursed,2023-11-22 00:00:00,2023-12-01 00:00:00,15.22,60,631920.79,700-749
L001727,C003551,B028,Education,2025-10-16 00:00:00,1118800.0,Disbursed,2025-10-21 00:00:00,2025-10-30 00:00:00,13.59,240,1047778.05,700-749
L001728,C004063,B022,Home,2026-04-26 00:00:00,244100.0,Disbursed,2026-05-07 00:00:00,2026-05-11 00:00:00,16.26,36,132583.67,750+
L001729,C002661,B012,Home,2025-12-08 00:00:00,465000.0,Rejected,,,10.33,48,0.0,700-749
L001730,C004204,B028,Business,2024-11-14 00:00:00,444500.0,Disbursed,2024-11-24 00:00:00,2024-12-02 00:00:00,12.43,120,265121.34,700-749
L001731,C001599,B024,Vehicle,2024-10-06 00:00:00,814400.0,Disbursed,2024-10-13 00:00:00,2024-10-21 00:00:00,12.17,240,388269.09,750+
L001732,C003805,B018,Home,2024-12-31 00:00:00,1016600.0,Disbursed,2025-01-09 00:00:00,2025-01-18 00:00:00,14.4,24,468966.41,700-749
L001733,C002704,B020,Personal,2025-01-16 00:00:00,595400.0,Disbursed,2025-01-29 00:00:00,2025-02-03 00:00:00,10.99,12,261992.6,750+
L001734,C002070,B002,Personal,2023-08-03 00:00:00,1004700.0,Disbursed,2023-08-04 00:00:00,2023-08-07 00:00:00,12.72,240,893833.7,600-699
L001735,C002712,B025,Vehicle,2026-04-23 00:00:00,1039700.0,Disbursed,2026-04-24 00:00:00,2026-05-03 00:00:00,13.6,36,637035.99,700-749
L001736,C002027,B006,Vehicle,2025-02-03 00:00:00,190400.0,Approved,2025-02-04 00:00:00,,11.27,36,0.0,750+
L001737,C003979,B019,Personal,2023-02-22 00:00:00,196900.0,Disbursed,2023-03-08 00:00:00,2023-03-10 00:00:00,17.09,12,93624.41,700-749
L001738,C004486,B003,Home,2024-12-13 00:00:00,246200.0,Rejected,,,12.37,240,0.0,600-699
L001739,C003672,B024,Personal,2023-03-26 00:00:00,445700.0,Rejected,,,12.28,24,0.0,700-749
L001740,C004332,B013,Personal,2025-10-12 00:00:00,379600.0,Disbursed,2025-10-24 00:00:00,2025-10-28 00:00:00,10.26,120,98404.91,600-699
L001741,C001806,B005,Personal,2024-08-13 00:00:00,643400.0,Disbursed,2024-08-20 00:00:00,2024-08-24 00:00:00,11.86,60,336092.86,750+
L001742,C000710,B023,Home,2023-03-27 00:00:00,498000.0,Rejected,,,12.1,36,0.0,700-749
L001743,C003043,B011,Vehicle,2023-01-27 00:00:00,1241900.0,Disbursed,2023-02-07 00:00:00,2023-02-10 00:00:00,17.47,240,1165497.07,600-699
L001744,C000596,B007,Home,2023-11-14 00:00:00,2092500.0,Disbursed,2023-11-25 00:00:00,2023-11-30 00:00:00,15.17,120,962433.94,600-699
L001745,C001079,B017,Business,2024-06-18 00:00:00,1099800.0,Rejected,,,15.31,24,0.0,700-749
L001746,C003863,B022,Business,2025-06-26 00:00:00,689000.0,Disbursed,2025-07-06 00:00:00,2025-07-13 00:00:00,9.07,240,492079.19,600-699
L001747,C003076,B013,Personal,2026-06-15 00:00:00,161600.0,Rejected,,,11.97,240,0.0,600-699
L001748,C002737,B019,Home,2023-11-14 00:00:00,744300.0,Rejected,,,7.57,180,0.0,700-749
L001749,C004654,B002,Home,2025-02-06 00:00:00,358200.0,Closed,2025-02-19 00:00:00,2025-02-25 00:00:00,7.77,48,0.0,700-749
L001750,C004282,B008,Personal,2025-03-10 00:00:00,93800.0,Rejected,,,13.88,60,0.0,700-749
L001751,C000987,B003,Education,2025-03-15 00:00:00,302100.0,Disbursed,2025-03-24 00:00:00,2025-03-29 00:00:00,11.11,12,79324.81,700-749
L001752,C001482,B007,Vehicle,2023-10-01 00:00:00,1191100.0,Disbursed,2023-10-02 00:00:00,2023-10-10 00:00:00,7.24,180,898902.68,700-749
L001753,C004940,B020,Personal,2024-09-28 00:00:00,173300.0,Disbursed,2024-10-01 00:00:00,2024-10-02 00:00:00,13.26,60,79551.4,600-699
L001754,C002143,B024,Personal,2024-07-24 00:00:00,915100.0,Disbursed,2024-07-27 00:00:00,2024-07-31 00:00:00,12.92,24,541177.6,600-699
L001755,C002499,B028,Personal,2025-05-12 00:00:00,1376200.0,Disbursed,2025-05-26 00:00:00,2025-05-31 00:00:00,11.57,48,850348.45,600-699
L001756,C001832,B019,Home,2023-07-26 00:00:00,1129000.0,Approved,2023-07-31 00:00:00,,8.35,24,0.0,600-699
L001757,C002609,B020,Home,2023-11-25 00:00:00,588200.0,Disbursed,2023-12-09 00:00:00,2023-12-14 00:00:00,17.81,240,482335.55,600-699
L001758,C000645,B010,Personal,2025-05-13 00:00:00,247800.0,Disbursed,2025-05-21 00:00:00,2025-05-30 00:00:00,7.19,240,140321.66,700-749
L001759,C002190,B003,Vehicle,2025-01-12 00:00:00,410700.0,Disbursed,2025-01-16 00:00:00,2025-01-22 00:00:00,9.0,240,166548.37,750+
L001760,C002363,B028,Personal,2025-12-01 00:00:00,444500.0,Disbursed,2025-12-13 00:00:00,2025-12-20 00:00:00,15.88,12,407248.84,750+
L001761,C003022,B028,Personal,2023-07-25 00:00:00,60000.0,Disbursed,2023-08-03 00:00:00,2023-08-06 00:00:00,12.67,24,15087.33,600-699
L001762,C003239,B029,Business,2024-06-12 00:00:00,2464600.0,Closed,2024-06-19 00:00:00,2024-06-20 00:00:00,12.69,120,0.0,750+
L001763,C002497,B002,Home,2023-12-10 00:00:00,158800.0,Rejected,,,16.48,36,0.0,750+
L001764,C004382,B005,Education,2023-03-22 00:00:00,427300.0,Approved,2023-04-03 00:00:00,,11.18,24,0.0,700-749
L001765,C002128,B029,Personal,2024-10-09 00:00:00,3098500.0,Disbursed,2024-10-22 00:00:00,2024-10-26 00:00:00,17.82,48,999410.02,750+
L001766,C004290,B010,Vehicle,2023-03-29 00:00:00,213700.0,Approved,2023-03-31 00:00:00,,8.67,24,0.0,<600
L001767,C003580,B019,Vehicle,2024-12-12 00:00:00,220800.0,Disbursed,2024-12-15 00:00:00,2024-12-24 00:00:00,9.5,240,191882.22,<600
L001768,C001343,B023,Personal,2025-07-21 00:00:00,86900.0,Disbursed,2025-07-27 00:00:00,2025-08-01 00:00:00,10.24,48,59987.29,750+
L001769,C002167,B011,Personal,2026-04-16 00:00:00,679900.0,Rejected,,,16.96,12,0.0,750+
L001770,C000438,B001,Home,2024-08-07 00:00:00,237500.0,Rejected,,,15.29,180,0.0,600-699
L001771,C002089,B015,Vehicle,2026-06-06 00:00:00,379000.0,Rejected,,,17.16,48,0.0,600-699
L001772,C000626,B009,Personal,2024-07-09 00:00:00,777200.0,Rejected,,,13.01,60,0.0,600-699
L001773,C002476,B002,Education,2025-02-03 00:00:00,74400.0,Disbursed,2025-02-13 00:00:00,2025-02-16 00:00:00,11.86,180,50714.46,700-749
L001774,C003542,B014,Education,2024-02-26 00:00:00,341400.0,Approved,2024-02-29 00:00:00,,17.72,180,0.0,700-749
L001775,C004120,B017,Business,2023-03-19 00:00:00,111700.0,Disbursed,2023-03-31 00:00:00,2023-04-01 00:00:00,16.63,240,47952.81,750+
L001776,C004003,B004,Education,2026-02-14 00:00:00,1031400.0,Disbursed,2026-02-26 00:00:00,2026-03-02 00:00:00,16.41,24,767854.03,700-749
L001777,C001659,B007,Personal,2023-07-04 00:00:00,196500.0,Disbursed,2023-07-11 00:00:00,2023-07-17 00:00:00,11.77,60,66503.54,750+
L001778,C001562,B009,Education,2025-11-21 00:00:00,1267900.0,Disbursed,2025-11-26 00:00:00,2025-12-04 00:00:00,12.23,48,409287.19,600-699
L001779,C004233,B016,Personal,2024-01-23 00:00:00,187000.0,Approved,2024-02-06 00:00:00,,9.58,60,0.0,750+
L001780,C002849,B019,Home,2024-05-03 00:00:00,142100.0,Rejected,,,12.39,240,0.0,750+
L001781,C000256,B002,Personal,2024-06-27 00:00:00,875400.0,Disbursed,2024-07-11 00:00:00,2024-07-14 00:00:00,17.54,36,232580.07,750+
L001782,C002475,B025,Vehicle,2025-10-22 00:00:00,83500.0,Disbursed,2025-10-24 00:00:00,2025-10-25 00:00:00,13.33,120,28127.36,700-749
L001783,C000335,B017,Home,2026-01-27 00:00:00,103000.0,Closed,2026-02-07 00:00:00,2026-02-09 00:00:00,7.88,60,0.0,750+
L001784,C002103,B030,Personal,2025-07-25 00:00:00,417600.0,Disbursed,2025-08-05 00:00:00,2025-08-14 00:00:00,16.81,180,162975.55,750+
L001785,C001929,B027,Personal,2026-04-22 00:00:00,1444700.0,Rejected,,,12.05,36,0.0,700-749
L001786,C004978,B029,Home,2023-09-20 00:00:00,275700.0,Rejected,,,16.9,60,0.0,600-699
L001787,C002491,B023,Personal,2024-03-19 00:00:00,2730500.0,Disbursed,2024-03-27 00:00:00,2024-04-04 00:00:00,12.57,240,1701501.23,750+
L001788,C002255,B002,Personal,2025-01-10 00:00:00,781000.0,Disbursed,2025-01-22 00:00:00,2025-01-28 00:00:00,16.8,12,271835.22,600-699
L001789,C002952,B023,Personal,2023-01-10 00:00:00,362100.0,Rejected,,,13.79,60,0.0,<600
L001790,C003618,B025,Personal,2025-12-23 00:00:00,270900.0,Disbursed,2025-12-28 00:00:00,2025-12-31 00:00:00,12.97,240,203575.01,700-749
L001791,C002558,B018,Home,2025-06-18 00:00:00,331400.0,Disbursed,2025-06-20 00:00:00,2025-06-24 00:00:00,12.42,180,152698.73,700-749
L001792,C004530,B005,Vehicle,2025-02-02 00:00:00,144100.0,Disbursed,2025-02-12 00:00:00,2025-02-19 00:00:00,12.7,48,94012.78,700-749
L001793,C001812,B003,Business,2026-06-01 00:00:00,364300.0,Disbursed,2026-06-15 00:00:00,2026-06-24 00:00:00,16.33,180,202267.24,<600
L001794,C000474,B004,Personal,2025-09-16 00:00:00,418900.0,Disbursed,2025-09-26 00:00:00,2025-09-28 00:00:00,14.18,48,394829.42,700-749
L001795,C004845,B004,Personal,2025-02-27 00:00:00,848400.0,Rejected,,,17.94,24,0.0,700-749
L001796,C004551,B002,Personal,2026-04-07 00:00:00,264900.0,Disbursed,2026-04-12 00:00:00,2026-04-21 00:00:00,14.11,120,106362.76,750+
L001797,C003519,B023,Personal,2026-04-27 00:00:00,626400.0,Approved,2026-05-02 00:00:00,,16.88,120,0.0,600-699
L001798,C002111,B013,Business,2024-04-28 00:00:00,6498700.0,Rejected,,,12.82,48,0.0,600-699
L001799,C003790,B006,Home,2026-06-24 00:00:00,1077900.0,Disbursed,2026-06-26 00:00:00,2026-06-29 00:00:00,13.1,180,869974.7,700-749
L001800,C000234,B019,Personal,2023-07-29 00:00:00,473600.0,Rejected,,,8.33,60,0.0,750+
L001801,C000170,B008,Business,2024-09-16 00:00:00,201600.0,Disbursed,2024-09-18 00:00:00,2024-09-27 00:00:00,10.04,60,163371.46,<600
L001802,C001408,B004,Home,2026-01-19 00:00:00,350800.0,Closed,2026-01-29 00:00:00,2026-02-05 00:00:00,13.5,24,0.0,700-749
L001803,C002368,B029,Education,2025-12-11 00:00:00,294000.0,Disbursed,2025-12-13 00:00:00,2025-12-15 00:00:00,11.55,240,124121.92,700-749
L001804,C001076,B030,Personal,2025-01-29 00:00:00,806800.0,Rejected,,,10.52,180,0.0,700-749
L001805,C004883,B017,Personal,2025-07-03 00:00:00,307300.0,Disbursed,2025-07-14 00:00:00,2025-07-20 00:00:00,14.93,180,287199.06,750+
L001806,C000481,B002,Vehicle,2023-08-08 00:00:00,467200.0,Disbursed,2023-08-19 00:00:00,2023-08-28 00:00:00,12.09,180,308597.73,700-749
L001807,C004675,B016,Personal,2026-01-05 00:00:00,82100.0,Disbursed,2026-01-17 00:00:00,2026-01-25 00:00:00,15.22,180,65121.48,750+
L001808,C004571,B020,Business,2025-10-19 00:00:00,47400.0,Disbursed,2025-10-21 00:00:00,2025-10-30 00:00:00,11.17,24,38905.93,750+
L001809,C003405,B023,Personal,2023-01-02 00:00:00,657600.0,Disbursed,2023-01-08 00:00:00,2023-01-12 00:00:00,8.72,240,557224.96,750+
L001810,C000342,B006,Home,2025-02-06 00:00:00,683200.0,Disbursed,2025-02-09 00:00:00,2025-02-14 00:00:00,7.63,180,589201.3,600-699
L001811,C000187,B026,Vehicle,2023-09-01 00:00:00,2142300.0,Rejected,,,13.54,24,0.0,750+
L001812,C002344,B008,Education,2024-06-04 00:00:00,206100.0,Disbursed,2024-06-13 00:00:00,2024-06-19 00:00:00,10.69,180,148554.37,750+
L001813,C003943,B028,Home,2023-10-27 00:00:00,64300.0,Disbursed,2023-10-31 00:00:00,2023-11-02 00:00:00,14.89,48,27043.86,750+
L001814,C003045,B020,Business,2023-12-26 00:00:00,196800.0,Disbursed,2024-01-02 00:00:00,2024-01-06 00:00:00,11.71,60,138069.02,750+
L001815,C000593,B030,Personal,2023-11-07 00:00:00,431900.0,Disbursed,2023-11-15 00:00:00,2023-11-23 00:00:00,15.1,180,383691.22,<600
L001816,C002129,B017,Personal,2023-05-30 00:00:00,218600.0,Disbursed,2023-06-13 00:00:00,2023-06-16 00:00:00,8.59,120,119885.86,700-749
L001817,C001614,B027,Business,2026-02-18 00:00:00,253200.0,Disbursed,2026-02-27 00:00:00,2026-03-03 00:00:00,12.2,24,98427.88,750+
L001818,C000946,B011,Personal,2023-09-08 00:00:00,138200.0,Disbursed,2023-09-12 00:00:00,2023-09-14 00:00:00,14.46,36,128875.57,600-699
L001819,C001416,B023,Home,2024-02-10 00:00:00,429300.0,Disbursed,2024-02-17 00:00:00,2024-02-23 00:00:00,7.0,60,363827.28,600-699
L001820,C001098,B017,Home,2024-09-15 00:00:00,217700.0,Disbursed,2024-09-20 00:00:00,2024-09-22 00:00:00,16.22,60,142057.24,<600
L001821,C004660,B030,Vehicle,2023-10-08 00:00:00,217100.0,Disbursed,2023-10-11 00:00:00,2023-10-16 00:00:00,11.65,12,61892.0,750+
L001822,C001742,B008,Home,2025-04-09 00:00:00,266700.0,Disbursed,2025-04-14 00:00:00,2025-04-20 00:00:00,11.9,240,207595.58,700-749
L001823,C003111,B009,Business,2024-10-04 00:00:00,365100.0,Disbursed,2024-10-14 00:00:00,2024-10-21 00:00:00,15.19,120,177724.91,750+
L001824,C004808,B022,Vehicle,2023-01-23 00:00:00,126500.0,Disbursed,2023-01-24 00:00:00,2023-01-26 00:00:00,10.17,180,107459.49,600-699
L001825,C002929,B008,Home,2023-02-19 00:00:00,2278600.0,Disbursed,2023-02-21 00:00:00,2023-02-28 00:00:00,7.74,24,1987580.46,700-749
L001826,C004999,B011,Personal,2024-08-02 00:00:00,2917200.0,Rejected,,,13.76,240,0.0,700-749
L001827,C003176,B009,Personal,2025-03-24 00:00:00,579500.0,Disbursed,2025-04-03 00:00:00,2025-04-05 00:00:00,9.16,60,183124.69,600-699
L001828,C003997,B030,Home,2023-03-18 00:00:00,887100.0,Disbursed,2023-04-01 00:00:00,2023-04-02 00:00:00,10.72,240,692812.91,750+
L001829,C004151,B030,Personal,2026-03-19 00:00:00,186400.0,Disbursed,2026-03-26 00:00:00,2026-03-30 00:00:00,8.89,120,46613.94,<600
L001830,C001345,B022,Home,2023-07-15 00:00:00,479000.0,Disbursed,2023-07-19 00:00:00,2023-07-24 00:00:00,9.35,12,422208.97,<600
L001831,C000873,B012,Home,2025-06-17 00:00:00,310700.0,Disbursed,2025-06-21 00:00:00,2025-06-24 00:00:00,10.07,24,186178.01,750+
L001832,C001956,B005,Education,2023-03-23 00:00:00,953900.0,Rejected,,,14.15,36,0.0,600-699
L001833,C000186,B010,Home,2024-03-03 00:00:00,1563200.0,Approved,2024-03-07 00:00:00,,17.58,48,0.0,700-749
L001834,C002992,B016,Business,2025-11-30 00:00:00,1008000.0,Rejected,,,11.56,48,0.0,750+
L001835,C003352,B001,Vehicle,2023-07-14 00:00:00,391700.0,Disbursed,2023-07-21 00:00:00,2023-07-24 00:00:00,10.29,60,212704.97,600-699
L001836,C000975,B025,Personal,2024-07-11 00:00:00,1413600.0,Rejected,,,10.68,12,0.0,600-699
L001837,C004556,B008,Business,2026-04-12 00:00:00,1844100.0,Rejected,,,11.75,240,0.0,700-749
L001838,C004132,B006,Personal,2025-06-28 00:00:00,177700.0,Rejected,,,17.32,36,0.0,700-749
L001839,C000916,B021,Personal,2024-02-03 00:00:00,123300.0,Disbursed,2024-02-10 00:00:00,2024-02-12 00:00:00,14.76,180,48471.44,600-699
L001840,C000114,B014,Personal,2023-12-06 00:00:00,488400.0,Rejected,,,13.3,48,0.0,600-699
L001841,C003183,B024,Business,2024-07-20 00:00:00,293800.0,Rejected,,,7.18,180,0.0,750+
L001842,C003306,B014,Personal,2023-12-30 00:00:00,692300.0,Disbursed,2024-01-02 00:00:00,2024-01-10 00:00:00,15.52,12,423502.82,600-699
L001843,C002212,B010,Personal,2023-11-24 00:00:00,314600.0,Disbursed,2023-12-04 00:00:00,2023-12-10 00:00:00,11.02,36,152770.45,600-699
L001844,C002526,B028,Business,2023-03-14 00:00:00,149700.0,Rejected,,,14.87,240,0.0,700-749
L001845,C001684,B003,Education,2025-07-10 00:00:00,2044200.0,Disbursed,2025-07-24 00:00:00,2025-07-25 00:00:00,9.35,24,1414627.41,700-749
L001846,C003859,B011,Vehicle,2025-04-13 00:00:00,197400.0,Disbursed,2025-04-26 00:00:00,2025-05-04 00:00:00,11.98,240,156971.39,700-749
L001847,C003481,B005,Home,2025-03-05 00:00:00,187000.0,Disbursed,2025-03-14 00:00:00,2025-03-23 00:00:00,8.56,24,136015.74,700-749
L001848,C003161,B014,Vehicle,2024-01-02 00:00:00,111900.0,Disbursed,2024-01-09 00:00:00,2024-01-16 00:00:00,15.81,240,95487.43,600-699
L001849,C004665,B020,Home,2023-10-10 00:00:00,420700.0,Disbursed,2023-10-17 00:00:00,2023-10-21 00:00:00,9.69,36,179983.99,700-749
L001850,C001707,B018,Personal,2025-09-17 00:00:00,505800.0,Disbursed,2025-09-18 00:00:00,2025-09-22 00:00:00,14.83,180,239043.27,600-699
L001851,C002819,B004,Home,2023-10-23 00:00:00,219000.0,Disbursed,2023-11-01 00:00:00,2023-11-07 00:00:00,12.94,36,68705.62,700-749
L001852,C002920,B021,Home,2026-02-25 00:00:00,598700.0,Rejected,,,10.26,24,0.0,<600
L001853,C000749,B016,Personal,2026-01-02 00:00:00,469000.0,Disbursed,2026-01-06 00:00:00,2026-01-10 00:00:00,15.31,120,293059.9,<600
L001854,C002053,B004,Vehicle,2024-02-26 00:00:00,949100.0,Disbursed,2024-03-07 00:00:00,2024-03-16 00:00:00,13.4,180,765390.96,700-749
L001855,C004728,B017,Home,2025-07-19 00:00:00,824100.0,Disbursed,2025-07-24 00:00:00,2025-08-02 00:00:00,11.39,48,734196.98,<600
L001856,C001751,B021,Personal,2024-06-27 00:00:00,1996700.0,Disbursed,2024-07-07 00:00:00,2024-07-15 00:00:00,11.0,48,1242508.03,750+
L001857,C004930,B026,Vehicle,2023-11-20 00:00:00,437000.0,Disbursed,2023-12-01 00:00:00,2023-12-04 00:00:00,17.05,36,248410.44,700-749
L001858,C003699,B009,Home,2023-11-30 00:00:00,419000.0,Disbursed,2023-12-05 00:00:00,2023-12-14 00:00:00,16.16,24,192016.02,700-749
L001859,C000258,B018,Business,2023-10-07 00:00:00,437400.0,Disbursed,2023-10-20 00:00:00,2023-10-22 00:00:00,11.28,120,337422.98,600-699
L001860,C002303,B021,Education,2026-03-29 00:00:00,547400.0,Disbursed,2026-04-07 00:00:00,2026-04-12 00:00:00,12.9,120,504427.71,700-749
L001861,C004543,B021,Personal,2023-02-17 00:00:00,529700.0,Rejected,,,7.78,24,0.0,750+
L001862,C002767,B005,Home,2025-04-26 00:00:00,491600.0,Disbursed,2025-05-09 00:00:00,2025-05-17 00:00:00,13.93,12,311469.49,750+
L001863,C000182,B024,Personal,2023-08-29 00:00:00,695800.0,Closed,2023-09-09 00:00:00,2023-09-15 00:00:00,14.4,12,0.0,700-749
L001864,C002843,B009,Vehicle,2023-01-01 00:00:00,305100.0,Approved,2023-01-05 00:00:00,,11.99,240,0.0,700-749
L001865,C000260,B002,Personal,2024-03-06 00:00:00,549500.0,Rejected,,,14.99,48,0.0,600-699
L001866,C003403,B019,Personal,2023-03-10 00:00:00,334900.0,Disbursed,2023-03-13 00:00:00,2023-03-14 00:00:00,10.84,24,199703.04,<600
L001867,C004951,B001,Home,2024-02-01 00:00:00,600800.0,Closed,2024-02-12 00:00:00,2024-02-20 00:00:00,10.32,180,0.0,700-749
L001868,C003856,B017,Vehicle,2026-05-30 00:00:00,460900.0,Approved,2026-06-09 00:00:00,,17.24,12,0.0,750+
L001869,C004794,B011,Personal,2026-02-10 00:00:00,154000.0,Rejected,,,16.84,12,0.0,750+
L001870,C003449,B010,Personal,2023-01-17 00:00:00,705800.0,Disbursed,2023-01-27 00:00:00,2023-01-29 00:00:00,7.0,24,280917.36,600-699
L001871,C004351,B014,Vehicle,2026-06-13 00:00:00,1755600.0,Disbursed,2026-06-18 00:00:00,2026-06-23 00:00:00,8.57,24,1535699.89,600-699
L001872,C000584,B017,Business,2024-08-12 00:00:00,425800.0,Rejected,,,17.64,48,0.0,600-699
L001873,C002518,B008,Personal,2024-03-10 00:00:00,274600.0,Disbursed,2024-03-21 00:00:00,2024-03-28 00:00:00,12.13,48,211205.13,700-749
L001874,C002162,B010,Vehicle,2023-05-12 00:00:00,112900.0,Rejected,,,12.17,120,0.0,700-749
L001875,C000427,B006,Vehicle,2025-10-12 00:00:00,7497400.0,Disbursed,2025-10-24 00:00:00,2025-11-01 00:00:00,9.67,240,6173550.83,600-699
L001876,C004635,B019,Vehicle,2025-07-19 00:00:00,650900.0,Disbursed,2025-07-24 00:00:00,2025-07-26 00:00:00,13.74,60,423617.81,700-749
L001877,C003668,B030,Business,2025-10-27 00:00:00,677900.0,Disbursed,2025-11-01 00:00:00,2025-11-03 00:00:00,12.49,12,281239.89,700-749
L001878,C003108,B012,Education,2024-12-27 00:00:00,141100.0,Rejected,,,13.23,60,0.0,600-699
L001879,C004673,B006,Personal,2024-09-16 00:00:00,184100.0,Disbursed,2024-09-23 00:00:00,2024-09-28 00:00:00,17.49,120,77193.33,600-699
L001880,C003530,B026,Personal,2023-03-05 00:00:00,1299400.0,Disbursed,2023-03-19 00:00:00,2023-03-22 00:00:00,11.95,60,715328.09,<600
L001881,C003497,B030,Business,2024-06-17 00:00:00,303600.0,Approved,2024-06-26 00:00:00,,12.84,48,0.0,750+
L001882,C002276,B030,Education,2024-06-14 00:00:00,1181100.0,Disbursed,2024-06-17 00:00:00,2024-06-21 00:00:00,9.54,120,366741.59,700-749
L001883,C004018,B026,Personal,2024-09-01 00:00:00,1060000.0,Disbursed,2024-09-05 00:00:00,2024-09-14 00:00:00,10.39,36,869444.92,700-749
L001884,C003640,B002,Vehicle,2025-11-04 00:00:00,113900.0,Disbursed,2025-11-11 00:00:00,2025-11-12 00:00:00,9.49,48,39081.79,700-749
L001885,C002005,B022,Vehicle,2023-01-05 00:00:00,1517600.0,Disbursed,2023-01-09 00:00:00,2023-01-17 00:00:00,12.16,120,878164.45,600-699
L001886,C001966,B027,Vehicle,2025-04-18 00:00:00,2471400.0,Approved,2025-04-21 00:00:00,,10.01,60,0.0,600-699
L001887,C004163,B010,Personal,2025-09-21 00:00:00,543500.0,Disbursed,2025-09-22 00:00:00,2025-10-01 00:00:00,16.01,240,435086.32,750+
L001888,C001452,B008,Personal,2026-03-05 00:00:00,260500.0,Disbursed,2026-03-11 00:00:00,2026-03-19 00:00:00,10.9,36,131239.89,700-749
L001889,C002894,B001,Home,2025-04-05 00:00:00,221600.0,Disbursed,2025-04-08 00:00:00,2025-04-11 00:00:00,7.79,60,203884.33,600-699
L001890,C002542,B010,Home,2024-10-07 00:00:00,222400.0,Disbursed,2024-10-17 00:00:00,2024-10-25 00:00:00,7.49,48,194834.02,750+
L001891,C000861,B007,Home,2024-09-22 00:00:00,544100.0,Disbursed,2024-10-04 00:00:00,2024-10-08 00:00:00,8.29,180,472000.38,600-699
L001892,C003616,B030,Home,2025-08-26 00:00:00,205300.0,Approved,2025-09-06 00:00:00,,16.63,60,0.0,600-699
L001893,C003200,B027,Personal,2025-01-31 00:00:00,743400.0,Disbursed,2025-02-07 00:00:00,2025-02-11 00:00:00,9.17,12,281517.35,700-749
L001894,C004778,B029,Personal,2024-01-07 00:00:00,808300.0,Disbursed,2024-01-18 00:00:00,2024-01-23 00:00:00,7.1,60,730932.2,700-749
L001895,C001456,B024,Personal,2026-02-09 00:00:00,330000.0,Disbursed,2026-02-19 00:00:00,2026-02-22 00:00:00,11.4,24,265766.65,750+
L001896,C004475,B013,Personal,2023-12-08 00:00:00,977600.0,Closed,2023-12-19 00:00:00,2023-12-24 00:00:00,13.4,60,0.0,600-699
L001897,C000363,B015,Home,2023-05-19 00:00:00,195000.0,Disbursed,2023-05-27 00:00:00,2023-05-28 00:00:00,12.14,48,171129.42,700-749
L001898,C000657,B021,Personal,2025-01-09 00:00:00,1621300.0,Disbursed,2025-01-12 00:00:00,2025-01-16 00:00:00,10.96,36,1354077.74,600-699
L001899,C000525,B030,Home,2023-03-20 00:00:00,640100.0,Disbursed,2023-03-28 00:00:00,2023-04-01 00:00:00,14.66,120,505727.62,750+
L001900,C001977,B014,Personal,2026-06-07 00:00:00,534300.0,Approved,2026-06-13 00:00:00,,17.65,240,0.0,600-699
L001901,C003620,B014,Home,2026-04-04 00:00:00,730600.0,Disbursed,2026-04-09 00:00:00,2026-04-15 00:00:00,16.18,24,261919.21,600-699
L001902,C000257,B029,Education,2024-12-03 00:00:00,184900.0,Closed,2024-12-08 00:00:00,2024-12-09 00:00:00,14.76,48,0.0,750+
L001903,C001087,B027,Vehicle,2025-05-08 00:00:00,156600.0,Disbursed,2025-05-12 00:00:00,2025-05-19 00:00:00,9.12,36,39780.03,700-749
L001904,C003063,B002,Personal,2024-11-11 00:00:00,504300.0,Disbursed,2024-11-13 00:00:00,2024-11-16 00:00:00,14.15,180,203380.92,700-749
L001905,C004271,B005,Vehicle,2026-06-12 00:00:00,400900.0,Approved,2026-06-19 00:00:00,,13.29,12,0.0,750+
L001906,C003034,B016,Personal,2024-08-23 00:00:00,295600.0,Rejected,,,8.26,24,0.0,600-699
L001907,C000259,B016,Personal,2024-06-27 00:00:00,1272700.0,Disbursed,2024-07-05 00:00:00,2024-07-14 00:00:00,16.32,12,1176998.92,750+
L001908,C003826,B004,Personal,2025-09-06 00:00:00,387200.0,Disbursed,2025-09-11 00:00:00,2025-09-12 00:00:00,14.5,120,109622.9,750+
L001909,C000133,B022,Personal,2024-09-05 00:00:00,704800.0,Disbursed,2024-09-12 00:00:00,2024-09-13 00:00:00,10.46,240,650532.98,700-749
L001910,C003470,B012,Personal,2024-02-07 00:00:00,2225700.0,Approved,2024-02-16 00:00:00,,14.59,120,0.0,700-749
L001911,C003013,B025,Home,2025-04-20 00:00:00,595200.0,Disbursed,2025-04-25 00:00:00,2025-04-27 00:00:00,8.22,48,254514.9,600-699
L001912,C000246,B017,Home,2023-05-02 00:00:00,93500.0,Approved,2023-05-15 00:00:00,,12.18,36,0.0,750+
L001913,C004797,B026,Home,2026-04-12 00:00:00,1019100.0,Disbursed,2026-04-25 00:00:00,2026-04-29 00:00:00,9.27,180,288879.49,700-749
L001914,C004256,B011,Vehicle,2026-02-17 00:00:00,770100.0,Disbursed,2026-02-24 00:00:00,2026-02-26 00:00:00,15.83,48,523215.53,600-699
L001915,C004099,B018,Vehicle,2023-01-08 00:00:00,632000.0,Rejected,,,16.11,240,0.0,<600
L001916,C001769,B018,Personal,2024-12-26 00:00:00,411500.0,Disbursed,2025-01-02 00:00:00,2025-01-10 00:00:00,9.3,60,348813.29,750+
L001917,C004860,B012,Business,2025-09-12 00:00:00,790900.0,Disbursed,2025-09-25 00:00:00,2025-10-02 00:00:00,7.68,240,697382.34,700-749
L001918,C003379,B004,Business,2025-06-27 00:00:00,239800.0,Disbursed,2025-07-01 00:00:00,2025-07-04 00:00:00,11.01,240,113157.85,700-749
L001919,C002107,B009,Vehicle,2025-02-14 00:00:00,353200.0,Disbursed,2025-02-19 00:00:00,2025-02-21 00:00:00,7.85,48,245012.75,600-699
L001920,C004272,B007,Personal,2026-05-21 00:00:00,307800.0,Disbursed,2026-06-04 00:00:00,2026-06-06 00:00:00,13.04,180,160560.78,750+
L001921,C000194,B022,Personal,2023-02-21 00:00:00,1028000.0,Disbursed,2023-03-05 00:00:00,2023-03-10 00:00:00,9.41,48,261111.78,600-699
L001922,C002437,B012,Personal,2025-06-04 00:00:00,58900.0,Disbursed,2025-06-11 00:00:00,2025-06-18 00:00:00,8.6,180,18391.23,600-699
L001923,C004800,B004,Vehicle,2025-01-05 00:00:00,465000.0,Disbursed,2025-01-08 00:00:00,2025-01-17 00:00:00,9.95,36,164913.75,600-699
L001924,C002352,B011,Business,2023-02-14 00:00:00,507100.0,Disbursed,2023-02-15 00:00:00,2023-02-19 00:00:00,7.46,24,423914.35,750+
L001925,C002445,B005,Education,2023-01-07 00:00:00,717800.0,Closed,2023-01-19 00:00:00,2023-01-22 00:00:00,16.33,24,0.0,750+
L001926,C000356,B002,Personal,2025-09-13 00:00:00,197200.0,Disbursed,2025-09-15 00:00:00,2025-09-19 00:00:00,11.19,48,66038.04,700-749
L001927,C004487,B025,Home,2024-06-16 00:00:00,996600.0,Closed,2024-06-25 00:00:00,2024-07-01 00:00:00,13.91,48,0.0,750+
L001928,C001912,B007,Education,2023-12-03 00:00:00,162200.0,Approved,2023-12-07 00:00:00,,9.6,36,0.0,700-749
L001929,C002056,B016,Business,2024-05-16 00:00:00,211000.0,Closed,2024-05-18 00:00:00,2024-05-26 00:00:00,8.34,12,0.0,<600
L001930,C004326,B016,Vehicle,2025-08-22 00:00:00,711400.0,Closed,2025-09-01 00:00:00,2025-09-09 00:00:00,11.2,180,0.0,<600
L001931,C003492,B013,Home,2026-06-30 00:00:00,1007900.0,Closed,2026-07-07 00:00:00,2026-07-11 00:00:00,7.08,60,0.0,600-699
L001932,C003401,B013,Home,2023-07-07 00:00:00,129100.0,Disbursed,2023-07-20 00:00:00,2023-07-22 00:00:00,11.57,12,70925.88,750+
L001933,C004980,B018,Home,2023-03-27 00:00:00,254500.0,Approved,2023-04-09 00:00:00,,10.73,120,0.0,750+
L001934,C001872,B029,Vehicle,2026-02-24 00:00:00,4672500.0,Rejected,,,9.75,60,0.0,600-699
L001935,C002513,B021,Vehicle,2024-11-20 00:00:00,34000.0,Disbursed,2024-11-24 00:00:00,2024-12-03 00:00:00,9.37,60,14933.49,700-749
L001936,C002218,B021,Business,2024-04-16 00:00:00,252300.0,Disbursed,2024-04-19 00:00:00,2024-04-28 00:00:00,15.93,60,91894.48,600-699
L001937,C003671,B011,Personal,2025-05-23 00:00:00,2221300.0,Closed,2025-06-05 00:00:00,2025-06-08 00:00:00,7.97,24,0.0,<600
L001938,C004067,B019,Home,2024-08-19 00:00:00,102700.0,Rejected,,,16.94,48,0.0,<600
L001939,C000300,B025,Vehicle,2025-05-13 00:00:00,4000400.0,Disbursed,2025-05-22 00:00:00,2025-05-26 00:00:00,13.77,36,1552227.72,700-749
L001940,C004512,B029,Personal,2024-08-22 00:00:00,1357400.0,Disbursed,2024-09-03 00:00:00,2024-09-12 00:00:00,16.71,12,1046636.84,750+
L001941,C002090,B013,Home,2026-01-17 00:00:00,314700.0,Rejected,,,7.81,12,0.0,750+
L001942,C001250,B026,Personal,2025-07-12 00:00:00,89400.0,Disbursed,2025-07-14 00:00:00,2025-07-22 00:00:00,10.03,12,42504.67,<600
L001943,C003298,B011,Home,2023-02-04 00:00:00,318800.0,Rejected,,,14.44,120,0.0,750+
L001944,C002150,B002,Vehicle,2023-10-03 00:00:00,245300.0,Disbursed,2023-10-09 00:00:00,2023-10-13 00:00:00,13.03,48,210659.7,700-749
L001945,C000528,B029,Personal,2023-08-06 00:00:00,337900.0,Rejected,,,15.92,60,0.0,750+
L001946,C000120,B025,Home,2026-05-30 00:00:00,1218200.0,Closed,2026-06-11 00:00:00,2026-06-20 00:00:00,11.77,12,0.0,700-749
L001947,C000297,B010,Personal,2025-05-03 00:00:00,360100.0,Disbursed,2025-05-06 00:00:00,2025-05-08 00:00:00,17.79,60,146695.64,700-749
L001948,C004900,B022,Vehicle,2024-08-19 00:00:00,2621700.0,Disbursed,2024-08-31 00:00:00,2024-09-08 00:00:00,15.49,60,1685970.0,600-699
L001949,C004655,B011,Vehicle,2024-05-27 00:00:00,672600.0,Disbursed,2024-06-04 00:00:00,2024-06-07 00:00:00,11.31,240,532001.48,750+
L001950,C003738,B008,Personal,2024-05-04 00:00:00,404900.0,Disbursed,2024-05-05 00:00:00,2024-05-11 00:00:00,17.24,240,112821.5,700-749
L001951,C002598,B018,Home,2023-05-02 00:00:00,205600.0,Approved,2023-05-14 00:00:00,,17.9,12,0.0,750+
L001952,C003598,B025,Home,2024-10-19 00:00:00,401200.0,Disbursed,2024-10-20 00:00:00,2024-10-29 00:00:00,10.02,48,229329.84,<600
L001953,C004325,B009,Home,2024-12-04 00:00:00,252400.0,Disbursed,2024-12-07 00:00:00,2024-12-09 00:00:00,9.88,180,226465.34,600-699
L001954,C003986,B019,Vehicle,2025-10-17 00:00:00,1125900.0,Disbursed,2025-10-18 00:00:00,2025-10-27 00:00:00,10.89,180,725036.0,750+
L001955,C001171,B005,Personal,2024-04-03 00:00:00,326900.0,Disbursed,2024-04-04 00:00:00,2024-04-11 00:00:00,13.53,120,187181.01,<600
L001956,C001528,B001,Home,2025-10-04 00:00:00,288600.0,Disbursed,2025-10-11 00:00:00,2025-10-12 00:00:00,14.01,180,187086.84,750+
L001957,C000967,B013,Business,2023-02-10 00:00:00,1883700.0,Disbursed,2023-02-12 00:00:00,2023-02-13 00:00:00,12.19,240,1483324.06,750+
L001958,C001936,B030,Vehicle,2024-05-16 00:00:00,1329300.0,Disbursed,2024-05-30 00:00:00,2024-06-08 00:00:00,11.04,24,1196263.94,600-699
L001959,C003736,B017,Education,2025-11-15 00:00:00,116200.0,Disbursed,2025-11-29 00:00:00,2025-12-06 00:00:00,15.67,24,102431.29,750+
L001960,C001441,B003,Home,2025-09-22 00:00:00,197900.0,Rejected,,,16.16,36,0.0,700-749
L001961,C000560,B010,Personal,2023-10-24 00:00:00,1535200.0,Disbursed,2023-11-04 00:00:00,2023-11-07 00:00:00,11.41,36,1411584.17,<600
L001962,C003023,B028,Personal,2025-06-24 00:00:00,169200.0,Disbursed,2025-07-02 00:00:00,2025-07-03 00:00:00,12.98,12,63137.09,750+
L001963,C002412,B026,Education,2023-07-23 00:00:00,345400.0,Disbursed,2023-08-01 00:00:00,2023-08-10 00:00:00,16.43,60,207830.24,600-699
L001964,C001266,B016,Personal,2025-05-25 00:00:00,131900.0,Disbursed,2025-06-05 00:00:00,2025-06-07 00:00:00,17.04,48,50352.71,750+
L001965,C000945,B005,Education,2025-04-25 00:00:00,396100.0,Rejected,,,16.33,12,0.0,600-699
L001966,C000202,B007,Vehicle,2023-02-06 00:00:00,644200.0,Rejected,,,13.01,36,0.0,700-749
L001967,C001687,B010,Vehicle,2023-04-01 00:00:00,120900.0,Rejected,,,12.19,240,0.0,700-749
L001968,C004346,B001,Home,2023-01-01 00:00:00,454400.0,Rejected,,,15.8,120,0.0,750+
L001969,C000691,B005,Personal,2024-06-05 00:00:00,1932400.0,Rejected,,,12.75,180,0.0,600-699
L001970,C003367,B008,Home,2025-09-11 00:00:00,459000.0,Disbursed,2025-09-22 00:00:00,2025-09-27 00:00:00,8.12,12,182608.37,600-699
L001971,C004955,B020,Home,2024-08-01 00:00:00,421000.0,Rejected,,,8.84,60,0.0,700-749
L001972,C002678,B010,Personal,2023-07-31 00:00:00,944800.0,Disbursed,2023-08-02 00:00:00,2023-08-10 00:00:00,12.28,48,547094.99,750+
L001973,C003101,B028,Personal,2023-02-20 00:00:00,442300.0,Disbursed,2023-02-21 00:00:00,2023-02-26 00:00:00,15.94,120,297666.32,<600
L001974,C000925,B004,Business,2023-07-27 00:00:00,794800.0,Approved,2023-07-29 00:00:00,,17.5,240,0.0,750+
L001975,C002080,B021,Vehicle,2026-06-06 00:00:00,1317500.0,Closed,2026-06-17 00:00:00,2026-06-20 00:00:00,15.27,60,0.0,750+
L001976,C000774,B007,Business,2023-05-26 00:00:00,271700.0,Disbursed,2023-06-08 00:00:00,2023-06-09 00:00:00,10.68,180,163344.28,700-749
L001977,C000914,B016,Vehicle,2025-02-28 00:00:00,991700.0,Disbursed,2025-03-10 00:00:00,2025-03-15 00:00:00,15.09,24,394197.82,700-749
L001978,C004072,B004,Education,2023-01-12 00:00:00,119100.0,Disbursed,2023-01-26 00:00:00,2023-02-01 00:00:00,9.57,24,62210.03,750+
L001979,C004830,B015,Business,2023-10-09 00:00:00,1341900.0,Approved,2023-10-11 00:00:00,,11.43,24,0.0,700-749
L001980,C002377,B002,Personal,2023-03-22 00:00:00,658300.0,Closed,2023-03-23 00:00:00,2023-04-01 00:00:00,9.32,240,0.0,600-699
L001981,C004124,B026,Business,2024-03-20 00:00:00,58300.0,Approved,2024-04-03 00:00:00,,10.49,60,0.0,700-749
L001982,C003457,B004,Personal,2024-04-05 00:00:00,282800.0,Disbursed,2024-04-13 00:00:00,2024-04-20 00:00:00,10.37,120,173158.27,<600
L001983,C000151,B027,Home,2024-09-03 00:00:00,500900.0,Closed,2024-09-08 00:00:00,2024-09-11 00:00:00,9.27,240,0.0,<600
L001984,C001515,B019,Personal,2025-08-26 00:00:00,244900.0,Closed,2025-09-06 00:00:00,2025-09-07 00:00:00,8.94,36,0.0,600-699
L001985,C000577,B017,Personal,2025-10-21 00:00:00,247900.0,Disbursed,2025-11-03 00:00:00,2025-11-11 00:00:00,7.94,48,224631.13,700-749
L001986,C001778,B024,Business,2024-04-20 00:00:00,113900.0,Rejected,,,12.75,36,0.0,600-699
L001987,C002851,B030,Home,2025-12-02 00:00:00,256300.0,Disbursed,2025-12-16 00:00:00,2025-12-20 00:00:00,7.45,24,128894.66,750+
L001988,C002320,B014,Vehicle,2025-01-13 00:00:00,553700.0,Disbursed,2025-01-26 00:00:00,2025-01-29 00:00:00,11.78,240,520009.08,750+
L001989,C000937,B020,Personal,2025-09-28 00:00:00,275500.0,Rejected,,,10.56,120,0.0,750+
L001990,C003418,B027,Vehicle,2024-09-03 00:00:00,1762000.0,Disbursed,2024-09-14 00:00:00,2024-09-21 00:00:00,11.95,240,1102153.67,600-699
L001991,C003702,B009,Home,2023-06-26 00:00:00,464800.0,Disbursed,2023-06-30 00:00:00,2023-07-09 00:00:00,14.66,180,118075.58,600-699
L001992,C000726,B004,Business,2025-01-04 00:00:00,220500.0,Disbursed,2025-01-15 00:00:00,2025-01-23 00:00:00,16.41,36,206304.51,600-699
L001993,C004590,B021,Vehicle,2025-03-02 00:00:00,1332000.0,Disbursed,2025-03-03 00:00:00,2025-03-11 00:00:00,7.17,24,406450.8,750+
L001994,C003000,B030,Business,2024-12-13 00:00:00,426100.0,Disbursed,2024-12-20 00:00:00,2024-12-21 00:00:00,12.04,120,133766.66,750+
L001995,C001025,B023,Personal,2023-02-28 00:00:00,70900.0,Disbursed,2023-03-03 00:00:00,2023-03-05 00:00:00,17.78,240,61552.91,<600
L001996,C003120,B016,Home,2023-11-02 00:00:00,1512000.0,Closed,2023-11-05 00:00:00,2023-11-14 00:00:00,13.03,120,0.0,600-699
L001997,C000169,B013,Home,2025-02-14 00:00:00,1516300.0,Rejected,,,8.63,24,0.0,700-749
L001998,C002422,B023,Education,2025-09-23 00:00:00,466000.0,Disbursed,2025-09-28 00:00:00,2025-09-30 00:00:00,8.08,120,395118.34,600-699
L001999,C004386,B016,Personal,2025-03-12 00:00:00,636700.0,Closed,2025-03-14 00:00:00,2025-03-20 00:00:00,16.48,60,0.0,700-749
L002000,C002077,B021,Vehicle,2026-03-09 00:00:00,231100.0,Closed,2026-03-10 00:00:00,2026-03-14 00:00:00,17.34,36,0.0,750+
L002001,C000832,B005,Education,2023-02-04 00:00:00,782500.0,Approved,2023-02-15 00:00:00,,16.16,36,0.0,750+
L002002,C000183,B004,Personal,2023-09-30 00:00:00,97800.0,Disbursed,2023-10-13 00:00:00,2023-10-17 00:00:00,8.21,48,34923.13,600-699
L002003,C000314,B027,Home,2024-10-16 00:00:00,51200.0,Rejected,,,17.08,240,0.0,750+
L002004,C003769,B006,Home,2023-02-20 00:00:00,552400.0,Disbursed,2023-02-26 00:00:00,2023-03-04 00:00:00,8.39,240,342939.43,<600
L002005,C000414,B023,Personal,2025-08-26 00:00:00,517400.0,Disbursed,2025-08-27 00:00:00,2025-08-30 00:00:00,15.89,24,314969.28,700-749
L002006,C003458,B018,Vehicle,2023-02-05 00:00:00,253400.0,Approved,2023-02-12 00:00:00,,7.18,240,0.0,700-749
L002007,C002402,B023,Vehicle,2024-10-16 00:00:00,1038500.0,Closed,2024-10-23 00:00:00,2024-10-28 00:00:00,15.85,180,0.0,700-749
L002008,C001211,B027,Home,2025-06-23 00:00:00,724800.0,Disbursed,2025-06-30 00:00:00,2025-07-09 00:00:00,10.13,12,428075.55,<600
L002009,C001985,B012,Personal,2024-02-16 00:00:00,148700.0,Disbursed,2024-02-25 00:00:00,2024-03-02 00:00:00,16.59,12,105444.88,600-699
L002010,C002591,B010,Home,2024-05-12 00:00:00,666000.0,Disbursed,2024-05-18 00:00:00,2024-05-23 00:00:00,8.43,180,187346.7,600-699
L002011,C002183,B006,Personal,2026-02-01 00:00:00,1163600.0,Disbursed,2026-02-13 00:00:00,2026-02-22 00:00:00,9.93,24,418382.28,600-699
L002012,C000111,B019,Education,2026-05-10 00:00:00,42500.0,Disbursed,2026-05-17 00:00:00,2026-05-21 00:00:00,16.44,36,34345.06,750+
L002013,C002615,B030,Vehicle,2024-08-02 00:00:00,356200.0,Rejected,,,10.41,36,0.0,700-749
L002014,C002815,B004,Home,2026-05-23 00:00:00,164100.0,Approved,2026-05-29 00:00:00,,9.15,240,0.0,700-749
L002015,C003613,B024,Home,2023-03-23 00:00:00,1125800.0,Disbursed,2023-04-01 00:00:00,2023-04-04 00:00:00,17.94,36,398910.56,700-749
L002016,C001549,B009,Vehicle,2023-09-27 00:00:00,148500.0,Approved,2023-10-09 00:00:00,,15.41,120,0.0,700-749
L002017,C002074,B024,Home,2025-05-01 00:00:00,915500.0,Disbursed,2025-05-13 00:00:00,2025-05-19 00:00:00,10.9,36,798426.63,750+
L002018,C002083,B012,Education,2025-03-10 00:00:00,592700.0,Approved,2025-03-22 00:00:00,,7.94,60,0.0,750+
L002019,C003190,B018,Education,2023-11-28 00:00:00,69300.0,Closed,2023-12-03 00:00:00,2023-12-11 00:00:00,10.05,240,0.0,750+
L002020,C004523,B012,Business,2025-10-12 00:00:00,301600.0,Disbursed,2025-10-16 00:00:00,2025-10-21 00:00:00,7.62,240,79969.78,700-749
L002021,C002093,B005,Home,2023-08-30 00:00:00,1697300.0,Rejected,,,8.71,180,0.0,750+
L002022,C004008,B021,Vehicle,2025-04-13 00:00:00,347000.0,Rejected,,,13.91,120,0.0,750+
L002023,C001958,B008,Vehicle,2023-04-01 00:00:00,386800.0,Disbursed,2023-04-13 00:00:00,2023-04-16 00:00:00,10.54,12,183194.74,700-749
L002024,C000896,B010,Home,2026-03-20 00:00:00,1784100.0,Rejected,,,8.19,48,0.0,600-699
L002025,C003714,B006,Education,2023-09-17 00:00:00,487000.0,Disbursed,2023-09-27 00:00:00,2023-10-01 00:00:00,7.01,60,175409.31,700-749
L002026,C004904,B005,Education,2023-08-16 00:00:00,160700.0,Disbursed,2023-08-29 00:00:00,2023-09-04 00:00:00,9.0,240,92998.82,600-699
L002027,C003722,B025,Personal,2026-03-28 00:00:00,514500.0,Disbursed,2026-04-09 00:00:00,2026-04-12 00:00:00,7.34,48,358311.68,600-699
L002028,C000867,B004,Personal,2024-05-02 00:00:00,547700.0,Disbursed,2024-05-12 00:00:00,2024-05-20 00:00:00,16.75,48,217276.56,750+
L002029,C000855,B004,Vehicle,2024-04-16 00:00:00,1220700.0,Rejected,,,8.05,240,0.0,<600
L002030,C002778,B024,Vehicle,2023-11-20 00:00:00,199500.0,Disbursed,2023-11-27 00:00:00,2023-11-29 00:00:00,10.52,240,83833.46,700-749
L002031,C000203,B018,Personal,2026-06-24 00:00:00,366400.0,Disbursed,2026-06-28 00:00:00,2026-07-03 00:00:00,9.69,120,342374.01,750+
L002032,C002779,B003,Personal,2024-02-07 00:00:00,1992100.0,Rejected,,,11.95,12,0.0,750+
L002033,C003118,B023,Personal,2025-04-12 00:00:00,77900.0,Approved,2025-04-19 00:00:00,,7.81,48,0.0,750+
L002034,C000462,B030,Personal,2026-04-10 00:00:00,2093500.0,Approved,2026-04-24 00:00:00,,15.61,180,0.0,600-699
L002035,C000059,B018,Personal,2025-03-13 00:00:00,229000.0,Disbursed,2025-03-24 00:00:00,2025-03-29 00:00:00,8.55,60,79326.33,750+
L002036,C000441,B029,Personal,2023-04-16 00:00:00,350400.0,Disbursed,2023-04-30 00:00:00,2023-05-03 00:00:00,7.0,180,145857.36,600-699
L002037,C003889,B015,Business,2024-12-27 00:00:00,453400.0,Approved,2025-01-01 00:00:00,,7.48,36,0.0,750+
L002038,C001563,B029,Home,2026-01-30 00:00:00,848100.0,Disbursed,2026-02-08 00:00:00,2026-02-11 00:00:00,15.7,12,533395.52,700-749
L002039,C001065,B021,Personal,2023-04-25 00:00:00,163600.0,Closed,2023-04-30 00:00:00,2023-05-05 00:00:00,7.36,240,0.0,700-749
L002040,C000272,B014,Personal,2025-02-04 00:00:00,69400.0,Closed,2025-02-17 00:00:00,2025-02-18 00:00:00,9.34,120,0.0,700-749
L002041,C001036,B005,Home,2023-01-31 00:00:00,129600.0,Approved,2023-02-08 00:00:00,,13.6,36,0.0,600-699
L002042,C000794,B027,Personal,2023-05-18 00:00:00,1897600.0,Disbursed,2023-05-25 00:00:00,2023-06-02 00:00:00,11.8,24,1577905.03,600-699
L002043,C001754,B021,Personal,2024-04-11 00:00:00,1854800.0,Disbursed,2024-04-23 00:00:00,2024-04-24 00:00:00,10.91,12,1193284.28,<600
L002044,C001364,B010,Home,2025-01-31 00:00:00,1020500.0,Disbursed,2025-02-01 00:00:00,2025-02-06 00:00:00,12.92,240,945254.0,600-699
L002045,C002660,B030,Vehicle,2023-02-27 00:00:00,264300.0,Disbursed,2023-03-04 00:00:00,2023-03-12 00:00:00,7.63,180,79993.78,750+
L002046,C000957,B015,Vehicle,2025-03-17 00:00:00,672200.0,Disbursed,2025-03-22 00:00:00,2025-03-24 00:00:00,17.32,36,431112.34,750+
L002047,C000981,B006,Personal,2024-12-22 00:00:00,311900.0,Disbursed,2025-01-04 00:00:00,2025-01-09 00:00:00,14.06,240,197051.35,750+
L002048,C001653,B015,Personal,2023-08-19 00:00:00,1448500.0,Disbursed,2023-08-23 00:00:00,2023-08-25 00:00:00,7.41,120,533029.41,<600
L002049,C001415,B008,Personal,2024-07-23 00:00:00,349300.0,Disbursed,2024-08-01 00:00:00,2024-08-07 00:00:00,7.38,24,328193.96,600-699
L002050,C001256,B020,Business,2026-04-10 00:00:00,388400.0,Rejected,,,11.5,12,0.0,600-699
L002051,C004211,B010,Personal,2023-09-08 00:00:00,408400.0,Disbursed,2023-09-19 00:00:00,2023-09-20 00:00:00,10.16,180,263301.04,750+
L002052,C001489,B030,Personal,2025-06-03 00:00:00,2224400.0,Disbursed,2025-06-05 00:00:00,2025-06-10 00:00:00,14.37,240,1926119.58,750+
L002053,C001291,B007,Personal,2025-08-19 00:00:00,74600.0,Disbursed,2025-08-21 00:00:00,2025-08-27 00:00:00,8.96,180,43108.09,750+
L002054,C002257,B012,Education,2023-06-13 00:00:00,350000.0,Disbursed,2023-06-22 00:00:00,2023-06-27 00:00:00,8.99,120,195923.36,700-749
L002055,C001491,B027,Home,2024-07-18 00:00:00,171500.0,Disbursed,2024-07-20 00:00:00,2024-07-22 00:00:00,11.35,240,141552.52,<600
L002056,C000460,B001,Home,2026-03-11 00:00:00,623200.0,Disbursed,2026-03-15 00:00:00,2026-03-23 00:00:00,15.33,24,528228.83,<600
L002057,C002965,B013,Vehicle,2023-07-08 00:00:00,536100.0,Approved,2023-07-14 00:00:00,,12.12,12,0.0,600-699
L002058,C003127,B029,Business,2023-12-06 00:00:00,1219800.0,Disbursed,2023-12-13 00:00:00,2023-12-15 00:00:00,12.8,240,524661.37,750+
L002059,C001521,B007,Home,2023-10-05 00:00:00,388900.0,Disbursed,2023-10-10 00:00:00,2023-10-16 00:00:00,10.8,24,279678.35,700-749
L002060,C003639,B004,Personal,2023-07-27 00:00:00,734400.0,Disbursed,2023-07-28 00:00:00,2023-08-06 00:00:00,10.08,180,256984.1,750+
L002061,C000683,B023,Personal,2025-05-10 00:00:00,5084100.0,Disbursed,2025-05-17 00:00:00,2025-05-26 00:00:00,10.71,120,3296145.92,750+
L002062,C002999,B023,Personal,2025-01-22 00:00:00,551800.0,Disbursed,2025-01-28 00:00:00,2025-02-03 00:00:00,13.88,120,309985.46,750+
L002063,C003727,B002,Home,2025-05-04 00:00:00,122000.0,Approved,2025-05-09 00:00:00,,10.35,36,0.0,700-749
L002064,C000770,B006,Home,2025-01-06 00:00:00,566900.0,Approved,2025-01-16 00:00:00,,17.9,24,0.0,700-749
L002065,C003129,B019,Personal,2024-08-24 00:00:00,60300.0,Disbursed,2024-09-01 00:00:00,2024-09-04 00:00:00,8.41,240,53363.58,600-699
L002066,C004764,B016,Business,2024-12-23 00:00:00,401500.0,Closed,2024-12-27 00:00:00,2025-01-03 00:00:00,17.22,180,0.0,600-699
L002067,C003883,B012,Personal,2025-04-27 00:00:00,249400.0,Disbursed,2025-05-11 00:00:00,2025-05-15 00:00:00,16.43,240,204766.83,750+
L002068,C003813,B017,Home,2025-02-13 00:00:00,122700.0,Disbursed,2025-02-24 00:00:00,2025-02-27 00:00:00,18.0,60,87894.55,700-749
L002069,C001095,B022,Personal,2026-06-20 00:00:00,660400.0,Closed,2026-07-01 00:00:00,2026-07-03 00:00:00,9.75,60,0.0,700-749
L002070,C000724,B027,Home,2023-07-25 00:00:00,903300.0,Closed,2023-08-06 00:00:00,2023-08-07 00:00:00,16.71,24,0.0,600-699
L002071,C000171,B003,Personal,2025-08-11 00:00:00,5467700.0,Rejected,,,16.29,180,0.0,750+
L002072,C000090,B014,Personal,2023-05-17 00:00:00,226100.0,Disbursed,2023-05-21 00:00:00,2023-05-29 00:00:00,10.71,24,188913.91,750+
L002073,C001027,B002,Education,2026-04-21 00:00:00,1084900.0,Disbursed,2026-04-24 00:00:00,2026-05-03 00:00:00,16.65,24,992093.94,600-699
L002074,C003305,B018,Vehicle,2023-04-10 00:00:00,162200.0,Closed,2023-04-11 00:00:00,2023-04-16 00:00:00,14.5,60,0.0,600-699
L002075,C004470,B023,Vehicle,2023-08-20 00:00:00,231800.0,Approved,2023-08-30 00:00:00,,12.73,24,0.0,700-749
L002076,C000164,B028,Personal,2024-08-06 00:00:00,965000.0,Disbursed,2024-08-08 00:00:00,2024-08-14 00:00:00,17.32,24,367142.44,700-749
L002077,C000063,B029,Personal,2024-06-10 00:00:00,406900.0,Disbursed,2024-06-18 00:00:00,2024-06-24 00:00:00,13.59,240,304390.52,750+
L002078,C000397,B017,Education,2025-12-02 00:00:00,423700.0,Disbursed,2025-12-05 00:00:00,2025-12-14 00:00:00,10.51,48,321939.02,750+
L002079,C002702,B012,Personal,2025-11-22 00:00:00,1488800.0,Disbursed,2025-11-28 00:00:00,2025-12-06 00:00:00,8.95,240,1177845.75,600-699
L002080,C002634,B005,Business,2026-01-15 00:00:00,41400.0,Rejected,,,15.6,120,0.0,600-699
L002081,C003233,B009,Personal,2024-12-01 00:00:00,484300.0,Disbursed,2024-12-11 00:00:00,2024-12-17 00:00:00,11.39,240,441083.76,750+
L002082,C000304,B028,Home,2025-10-15 00:00:00,1830400.0,Disbursed,2025-10-29 00:00:00,2025-11-02 00:00:00,17.82,36,1505934.2,750+
L002083,C000648,B010,Home,2026-04-02 00:00:00,273500.0,Disbursed,2026-04-04 00:00:00,2026-04-09 00:00:00,9.99,240,222934.62,750+
L002084,C000641,B019,Home,2023-04-06 00:00:00,291500.0,Disbursed,2023-04-11 00:00:00,2023-04-19 00:00:00,10.56,12,226557.97,600-699
L002085,C003236,B008,Business,2023-07-31 00:00:00,1969000.0,Disbursed,2023-08-09 00:00:00,2023-08-14 00:00:00,12.2,36,1065743.29,<600
L002086,C002168,B004,Home,2024-07-29 00:00:00,220700.0,Closed,2024-08-09 00:00:00,2024-08-18 00:00:00,11.92,12,0.0,750+
L002087,C000140,B021,Education,2026-02-10 00:00:00,291700.0,Rejected,,,11.31,12,0.0,600-699
L002088,C000222,B019,Business,2025-08-24 00:00:00,916600.0,Rejected,,,12.94,12,0.0,700-749
L002089,C003181,B008,Personal,2023-02-01 00:00:00,933000.0,Approved,2023-02-14 00:00:00,,8.01,240,0.0,700-749
L002090,C000713,B027,Personal,2023-03-05 00:00:00,67300.0,Approved,2023-03-07 00:00:00,,10.19,120,0.0,750+
L002091,C000536,B027,Vehicle,2025-10-07 00:00:00,341400.0,Disbursed,2025-10-15 00:00:00,2025-10-21 00:00:00,16.78,48,127582.46,750+
L002092,C004194,B002,Personal,2024-10-26 00:00:00,868700.0,Disbursed,2024-11-08 00:00:00,2024-11-09 00:00:00,16.78,60,812755.51,600-699
L002093,C000088,B015,Home,2026-02-05 00:00:00,269000.0,Disbursed,2026-02-08 00:00:00,2026-02-14 00:00:00,17.84,12,203805.74,600-699
L002094,C000868,B009,Vehicle,2025-05-18 00:00:00,156400.0,Closed,2025-05-29 00:00:00,2025-06-02 00:00:00,14.82,12,0.0,600-699
L002095,C004536,B015,Personal,2025-12-08 00:00:00,261500.0,Approved,2025-12-11 00:00:00,,16.93,36,0.0,700-749
L002096,C003652,B011,Home,2025-12-11 00:00:00,95900.0,Rejected,,,7.15,60,0.0,700-749
L002097,C000564,B003,Home,2025-01-17 00:00:00,253600.0,Disbursed,2025-01-29 00:00:00,2025-01-31 00:00:00,16.32,120,112727.87,600-699
L002098,C002984,B021,Vehicle,2025-11-15 00:00:00,122200.0,Disbursed,2025-11-27 00:00:00,2025-12-04 00:00:00,9.15,240,49348.14,700-749
L002099,C004829,B026,Personal,2024-07-12 00:00:00,868600.0,Closed,2024-07-14 00:00:00,2024-07-19 00:00:00,7.96,240,0.0,700-749
L002100,C001526,B017,Home,2023-11-25 00:00:00,1170200.0,Disbursed,2023-12-03 00:00:00,2023-12-10 00:00:00,7.26,120,744975.46,750+
L002101,C003317,B018,Education,2023-08-24 00:00:00,375400.0,Disbursed,2023-09-01 00:00:00,2023-09-02 00:00:00,11.88,180,145594.04,700-749
L002102,C002827,B018,Home,2025-04-14 00:00:00,215400.0,Disbursed,2025-04-23 00:00:00,2025-04-27 00:00:00,16.08,60,171330.83,750+
L002103,C002156,B003,Personal,2025-03-17 00:00:00,701500.0,Approved,2025-03-29 00:00:00,,12.22,60,0.0,600-699
L002104,C004567,B006,Vehicle,2025-01-31 00:00:00,1045800.0,Disbursed,2025-02-04 00:00:00,2025-02-09 00:00:00,16.82,36,469026.12,750+
L002105,C004213,B006,Personal,2025-02-07 00:00:00,1478600.0,Rejected,,,17.73,48,0.0,700-749
L002106,C002428,B026,Vehicle,2024-10-24 00:00:00,4906000.0,Rejected,,,9.96,240,0.0,600-699
L002107,C004706,B003,Personal,2023-05-28 00:00:00,148100.0,Closed,2023-05-31 00:00:00,2023-06-01 00:00:00,17.67,12,0.0,700-749
L002108,C003333,B022,Education,2024-04-21 00:00:00,1121600.0,Closed,2024-05-04 00:00:00,2024-05-05 00:00:00,13.52,12,0.0,600-699
L002109,C004616,B021,Home,2024-07-10 00:00:00,1591700.0,Approved,2024-07-20 00:00:00,,10.6,12,0.0,750+
L002110,C001939,B005,Vehicle,2023-03-06 00:00:00,153500.0,Closed,2023-03-15 00:00:00,2023-03-20 00:00:00,8.41,120,0.0,750+
L002111,C004959,B015,Business,2023-05-25 00:00:00,182000.0,Rejected,,,17.49,24,0.0,750+
L002112,C003411,B009,Vehicle,2025-10-05 00:00:00,1066400.0,Disbursed,2025-10-06 00:00:00,2025-10-14 00:00:00,7.97,36,924478.41,600-699
L002113,C001700,B003,Education,2023-07-13 00:00:00,138400.0,Disbursed,2023-07-17 00:00:00,2023-07-22 00:00:00,9.88,12,102543.46,700-749
L002114,C001070,B017,Business,2026-06-24 00:00:00,194700.0,Disbursed,2026-07-07 00:00:00,2026-07-13 00:00:00,12.28,60,146737.85,700-749
L002115,C002472,B013,Home,2023-05-27 00:00:00,741500.0,Disbursed,2023-05-30 00:00:00,2023-06-04 00:00:00,8.3,24,457470.31,750+
L002116,C002557,B028,Education,2026-06-22 00:00:00,1345400.0,Disbursed,2026-07-05 00:00:00,2026-07-06 00:00:00,16.93,24,852483.98,600-699
L002117,C001457,B026,Personal,2023-03-28 00:00:00,360200.0,Rejected,,,14.85,120,0.0,600-699
L002118,C003061,B001,Home,2023-03-18 00:00:00,932800.0,Disbursed,2023-03-23 00:00:00,2023-03-24 00:00:00,16.85,36,417164.37,700-749
L002119,C004180,B001,Home,2023-03-02 00:00:00,65000.0,Disbursed,2023-03-08 00:00:00,2023-03-14 00:00:00,17.58,180,49407.09,700-749
L002120,C003971,B017,Business,2026-05-30 00:00:00,941000.0,Disbursed,2026-06-05 00:00:00,2026-06-12 00:00:00,7.58,180,765774.54,<600
L002121,C002406,B026,Vehicle,2025-07-03 00:00:00,451000.0,Disbursed,2025-07-13 00:00:00,2025-07-17 00:00:00,16.97,120,380601.65,700-749
L002122,C001003,B018,Personal,2024-12-31 00:00:00,668500.0,Rejected,,,17.43,120,0.0,750+
L002123,C004497,B004,Business,2025-01-03 00:00:00,30600.0,Rejected,,,7.18,240,0.0,600-699
L002124,C000327,B027,Personal,2026-03-01 00:00:00,196900.0,Disbursed,2026-03-02 00:00:00,2026-03-05 00:00:00,8.68,60,147445.54,750+
L002125,C001004,B021,Business,2024-06-02 00:00:00,2620700.0,Rejected,,,12.47,24,0.0,700-749
L002126,C003666,B006,Vehicle,2025-05-15 00:00:00,262600.0,Disbursed,2025-05-25 00:00:00,2025-05-28 00:00:00,11.4,36,194179.23,700-749
L002127,C002443,B025,Home,2024-10-13 00:00:00,578700.0,Disbursed,2024-10-23 00:00:00,2024-10-29 00:00:00,16.88,24,319633.06,700-749
L002128,C004879,B028,Personal,2026-04-22 00:00:00,156400.0,Closed,2026-04-29 00:00:00,2026-05-01 00:00:00,8.69,120,0.0,750+
L002129,C000833,B003,Education,2026-03-06 00:00:00,62700.0,Disbursed,2026-03-18 00:00:00,2026-03-24 00:00:00,10.2,180,44977.95,600-699
L002130,C002287,B022,Vehicle,2023-09-04 00:00:00,118100.0,Disbursed,2023-09-07 00:00:00,2023-09-08 00:00:00,17.33,240,91198.66,750+
L002131,C000677,B003,Personal,2025-08-14 00:00:00,174300.0,Disbursed,2025-08-23 00:00:00,2025-08-31 00:00:00,17.67,240,54860.96,600-699
L002132,C003079,B005,Vehicle,2023-06-22 00:00:00,51400.0,Closed,2023-06-26 00:00:00,2023-07-03 00:00:00,13.35,36,0.0,750+
L002133,C000697,B019,Home,2023-08-22 00:00:00,305300.0,Disbursed,2023-08-23 00:00:00,2023-08-28 00:00:00,7.55,12,132109.05,750+
L002134,C001529,B025,Personal,2025-07-07 00:00:00,686600.0,Closed,2025-07-12 00:00:00,2025-07-17 00:00:00,8.08,240,0.0,700-749
L002135,C003582,B026,Home,2024-03-16 00:00:00,2218100.0,Rejected,,,11.89,12,0.0,750+
L002136,C000968,B027,Personal,2025-08-15 00:00:00,123800.0,Disbursed,2025-08-26 00:00:00,2025-09-01 00:00:00,12.88,60,73923.36,600-699
L002137,C001136,B012,Personal,2023-06-26 00:00:00,198300.0,Disbursed,2023-06-30 00:00:00,2023-07-09 00:00:00,9.06,36,99528.61,700-749
L002138,C001385,B021,Home,2024-05-18 00:00:00,616900.0,Approved,2024-05-21 00:00:00,,10.39,12,0.0,750+
L002139,C002222,B019,Personal,2024-08-04 00:00:00,627600.0,Disbursed,2024-08-05 00:00:00,2024-08-14 00:00:00,7.25,60,290902.55,600-699
L002140,C004427,B011,Home,2024-02-09 00:00:00,1163300.0,Disbursed,2024-02-17 00:00:00,2024-02-21 00:00:00,7.01,180,767161.3,750+
L002141,C000341,B005,Vehicle,2023-08-17 00:00:00,447400.0,Disbursed,2023-08-25 00:00:00,2023-08-28 00:00:00,13.77,12,418531.45,<600
L002142,C004645,B013,Education,2023-12-17 00:00:00,965400.0,Disbursed,2023-12-31 00:00:00,2024-01-02 00:00:00,14.76,24,498378.17,600-699
L002143,C002338,B019,Vehicle,2025-07-19 00:00:00,944400.0,Disbursed,2025-07-25 00:00:00,2025-07-30 00:00:00,13.57,180,802997.93,700-749
L002144,C003533,B024,Personal,2025-03-25 00:00:00,163100.0,Closed,2025-04-07 00:00:00,2025-04-15 00:00:00,12.65,180,0.0,750+
L002145,C004494,B020,Home,2023-11-16 00:00:00,253100.0,Rejected,,,9.75,120,0.0,600-699
L002146,C001504,B006,Education,2023-02-11 00:00:00,54400.0,Rejected,,,17.5,60,0.0,600-699
L002147,C004281,B011,Home,2026-04-06 00:00:00,877700.0,Rejected,,,8.45,48,0.0,700-749
L002148,C001798,B011,Education,2024-10-10 00:00:00,1339100.0,Disbursed,2024-10-13 00:00:00,2024-10-16 00:00:00,9.5,60,1237540.73,700-749
L002149,C004012,B010,Education,2023-06-12 00:00:00,207500.0,Disbursed,2023-06-17 00:00:00,2023-06-25 00:00:00,17.06,36,87256.32,750+
L002150,C003444,B024,Home,2023-11-03 00:00:00,279900.0,Disbursed,2023-11-04 00:00:00,2023-11-06 00:00:00,10.88,60,146233.41,750+
L002151,C004454,B011,Vehicle,2026-06-17 00:00:00,303900.0,Disbursed,2026-06-25 00:00:00,2026-06-28 00:00:00,7.08,180,254758.57,750+
L002152,C000921,B025,Vehicle,2025-03-15 00:00:00,2235200.0,Disbursed,2025-03-23 00:00:00,2025-04-01 00:00:00,11.24,120,1670046.65,600-699
L002153,C003949,B015,Vehicle,2024-01-19 00:00:00,132500.0,Disbursed,2024-01-20 00:00:00,2024-01-25 00:00:00,15.65,12,111208.43,700-749
L002154,C003419,B007,Personal,2023-10-30 00:00:00,111000.0,Approved,2023-11-09 00:00:00,,10.26,240,0.0,700-749
L002155,C002741,B005,Vehicle,2026-02-09 00:00:00,160600.0,Rejected,,,11.43,240,0.0,600-699
L002156,C004811,B008,Vehicle,2023-11-02 00:00:00,293500.0,Rejected,,,12.08,240,0.0,750+
L002157,C000308,B018,Personal,2026-04-16 00:00:00,175800.0,Rejected,,,7.41,36,0.0,600-699
L002158,C004026,B029,Business,2024-02-28 00:00:00,215100.0,Disbursed,2024-03-08 00:00:00,2024-03-10 00:00:00,12.9,48,75542.13,600-699
L002159,C001067,B028,Vehicle,2025-12-02 00:00:00,231400.0,Closed,2025-12-11 00:00:00,2025-12-18 00:00:00,14.33,48,0.0,600-699
L002160,C001800,B005,Personal,2023-09-03 00:00:00,320900.0,Disbursed,2023-09-17 00:00:00,2023-09-26 00:00:00,16.9,36,143073.42,750+
L002161,C000646,B013,Home,2026-01-18 00:00:00,201900.0,Disbursed,2026-01-28 00:00:00,2026-01-29 00:00:00,12.14,120,117055.12,600-699
L002162,C001179,B024,Personal,2026-01-04 00:00:00,305200.0,Disbursed,2026-01-13 00:00:00,2026-01-20 00:00:00,12.99,24,233690.99,700-749
L002163,C002382,B005,Home,2025-08-24 00:00:00,693600.0,Disbursed,2025-09-07 00:00:00,2025-09-15 00:00:00,16.89,60,259122.25,700-749
L002164,C004245,B019,Home,2026-06-30 00:00:00,128400.0,Disbursed,2026-07-14 00:00:00,2026-07-17 00:00:00,16.64,180,106750.25,750+
L002165,C001019,B001,Business,2025-04-20 00:00:00,134500.0,Disbursed,2025-05-02 00:00:00,2025-05-07 00:00:00,8.86,120,78104.29,700-749
L002166,C000706,B005,Vehicle,2026-02-17 00:00:00,1090500.0,Disbursed,2026-03-03 00:00:00,2026-03-04 00:00:00,9.57,240,919806.48,750+
L002167,C000145,B009,Business,2024-05-20 00:00:00,694800.0,Disbursed,2024-05-28 00:00:00,2024-06-01 00:00:00,13.24,240,618914.99,750+
L002168,C003222,B002,Vehicle,2023-02-21 00:00:00,694300.0,Disbursed,2023-03-07 00:00:00,2023-03-11 00:00:00,17.7,60,571434.57,750+
L002169,C004602,B002,Vehicle,2024-03-21 00:00:00,2094000.0,Approved,2024-04-02 00:00:00,,7.45,60,0.0,700-749
L002170,C000801,B002,Home,2024-01-24 00:00:00,811600.0,Disbursed,2024-02-02 00:00:00,2024-02-05 00:00:00,13.85,60,660075.18,700-749
L002171,C004702,B005,Home,2024-08-25 00:00:00,487100.0,Approved,2024-09-03 00:00:00,,16.51,60,0.0,<600
L002172,C003846,B023,Personal,2024-03-31 00:00:00,1914500.0,Disbursed,2024-04-08 00:00:00,2024-04-16 00:00:00,7.63,48,1306122.21,750+
L002173,C000338,B014,Education,2023-11-29 00:00:00,254600.0,Rejected,,,10.02,36,0.0,600-699
L002174,C004653,B008,Education,2023-02-14 00:00:00,274300.0,Disbursed,2023-02-24 00:00:00,2023-02-27 00:00:00,14.74,240,102981.04,600-699
L002175,C004248,B022,Business,2023-12-28 00:00:00,438500.0,Disbursed,2024-01-02 00:00:00,2024-01-11 00:00:00,7.07,180,137341.49,700-749
L002176,C003425,B001,Vehicle,2023-03-04 00:00:00,318500.0,Rejected,,,15.1,240,0.0,750+
L002177,C003404,B025,Education,2025-01-06 00:00:00,374200.0,Rejected,,,9.18,60,0.0,600-699
L002178,C003723,B025,Home,2025-09-08 00:00:00,888500.0,Disbursed,2025-09-09 00:00:00,2025-09-12 00:00:00,12.73,240,349758.36,600-699
L002179,C003044,B030,Vehicle,2023-09-17 00:00:00,76200.0,Disbursed,2023-09-27 00:00:00,2023-10-04 00:00:00,13.5,60,28641.41,750+
L002180,C003272,B021,Vehicle,2024-06-12 00:00:00,206200.0,Disbursed,2024-06-17 00:00:00,2024-06-23 00:00:00,13.4,120,75849.68,600-699
L002181,C003050,B024,Home,2025-04-28 00:00:00,1402300.0,Disbursed,2025-05-08 00:00:00,2025-05-13 00:00:00,11.31,180,640061.76,750+
L002182,C002864,B014,Business,2024-01-24 00:00:00,620200.0,Disbursed,2024-01-30 00:00:00,2024-02-02 00:00:00,17.49,240,335484.46,600-699
L002183,C002973,B007,Personal,2025-02-12 00:00:00,110500.0,Disbursed,2025-02-19 00:00:00,2025-02-23 00:00:00,12.78,24,98739.48,700-749
L002184,C000037,B005,Home,2024-09-27 00:00:00,942700.0,Disbursed,2024-09-29 00:00:00,2024-10-04 00:00:00,13.06,24,299367.3,700-749
L002185,C004086,B002,Vehicle,2026-01-18 00:00:00,943800.0,Rejected,,,15.72,36,0.0,700-749
L002186,C000095,B030,Education,2024-01-18 00:00:00,791500.0,Disbursed,2024-01-24 00:00:00,2024-01-25 00:00:00,17.09,180,348630.84,750+
L002187,C004425,B026,Personal,2024-05-09 00:00:00,293900.0,Disbursed,2024-05-21 00:00:00,2024-05-22 00:00:00,16.36,60,115281.11,750+
L002188,C003864,B003,Home,2025-04-22 00:00:00,640300.0,Approved,2025-05-04 00:00:00,,8.64,240,0.0,600-699
L002189,C001210,B008,Home,2025-04-15 00:00:00,110700.0,Disbursed,2025-04-28 00:00:00,2025-05-05 00:00:00,7.83,60,45905.87,750+
L002190,C000132,B014,Personal,2024-01-31 00:00:00,170000.0,Disbursed,2024-02-02 00:00:00,2024-02-07 00:00:00,7.42,12,66087.28,750+
L002191,C002283,B019,Home,2024-04-21 00:00:00,49100.0,Disbursed,2024-04-23 00:00:00,2024-04-26 00:00:00,10.38,36,17579.3,700-749
L002192,C002220,B005,Business,2023-06-30 00:00:00,245000.0,Disbursed,2023-07-01 00:00:00,2023-07-08 00:00:00,11.98,12,228909.76,700-749
L002193,C003035,B023,Personal,2025-01-07 00:00:00,285000.0,Disbursed,2025-01-15 00:00:00,2025-01-17 00:00:00,7.38,120,201134.91,<600
L002194,C000985,B006,Personal,2025-08-30 00:00:00,1193700.0,Disbursed,2025-09-05 00:00:00,2025-09-06 00:00:00,11.79,180,801225.31,750+
L002195,C004412,B007,Business,2026-05-25 00:00:00,8199100.0,Rejected,,,10.81,120,0.0,600-699
L002196,C004166,B004,Education,2023-05-31 00:00:00,748500.0,Rejected,,,17.22,48,0.0,750+
L002197,C000640,B027,Business,2026-02-25 00:00:00,723000.0,Disbursed,2026-02-27 00:00:00,2026-03-01 00:00:00,8.62,12,530272.76,700-749
L002198,C004826,B030,Education,2025-05-09 00:00:00,542500.0,Rejected,,,12.54,36,0.0,700-749
L002199,C003545,B017,Personal,2024-12-22 00:00:00,526200.0,Approved,2024-12-27 00:00:00,,9.19,120,0.0,700-749
L002200,C003089,B008,Personal,2024-11-25 00:00:00,127600.0,Disbursed,2024-12-07 00:00:00,2024-12-08 00:00:00,9.89,36,107008.22,750+
